variable,alias
conteo::total_datos,conteo::total_datos
acceso_escalonado_trabajo-1,h1510-Sí
acceso_escalonado_trabajo-2,h1510-No
acceso_exclusivo_maestros-1,h1103o-Sí
acceso_exclusivo_maestros-2,h1103o-No
acceso_exclusivo_maestros-3,h1103o-No Sabe
accidente_atencion-1,a1107-Instituto Mexicano del Seguro Social (IMSS)
accidente_atencion-2,a1107-ISSSTE/ISSSTE Estatal
accidente_atencion-3,a1107-PEMEX
accidente_atencion-4,a1107-Defensa
accidente_atencion-5,a1107-Marina
accidente_atencion-6,a1107-Centro de salud u Hospital de la SSA
accidente_atencion-7,a1107-IMSS Bienestar (antes Oportunidades)
accidente_atencion-8,"a1107-DIF federal, estatal o municipal"
accidente_atencion-9,a1107-Cruz roja/cruz verde
accidente_atencion-10,a1107-Instituto Nacional de Salud
accidente_atencion-11,a1107-Organizaciones (ONG/OSC) que dan atención gratuita/Dispensar
accidente_atencion-12,a1107-Consultorio pertenecientes a farmacias/Farmacias con consult
accidente_atencion-13,a1107-Consultorio dentro de hospital privado
accidente_atencion-14,a1107-Área de urgencias/hospitalización dentro de hospital privado
accidente_atencion-15,a1107-Atención privada en torre de consultorios médicos o en una c
accidente_atencion-16,a1107-Consultorio en domicilio particular de médico privado
accidente_atencion-17,a1107-Atención privada en mi domicilio
accidente_atencion-18,"a1107-Atención privada vía remota (teléfono, mensajes de texto, te"
accidente_atencion-19,a1107-Médico laboral (médico de la empresa)
accidente_atencion-20,"a1107-Curandero, hierbero, naturista"
accidente_atencion-21,"a1107-Homeópata, acupunturista"
accidente_atencion-22,a1107-Otro (especifique)
accidente_atencion-23,a1107-No sabe/No recuerda
accidente_atencion-24,a1107-Ninguna
accidente_bajo_efecto-1,a1108-alcohol?
accidente_bajo_efecto-2,a1108-drogas? (especifique)
accidente_bajo_efecto-3,a1108-ambos?
accidente_bajo_efecto-8,a1108-No estaba bajo efectos de alcohol o drogas
accidente_bajo_efecto-9,a1108-NS/NR
accidente_bajo_efecto-77,a1108-Otro (especifique)
accidente_ultimo_12meses-1,a1101-Sí
accidente_ultimo_12meses-2,a1101-No
accidente_ultimo_12meses-8,a1101-No responde
accidente_ultimo_12meses-9,a1101-No sabe
accidento_brazo-1,a1106e-Contusión
accidento_brazo-2,a1106e-Moretón
accidento_brazo-3,a1106e-Esguince o torcedura
accidento_brazo-4,a1106e-Luxación
accidento_brazo-5,a1106e-Fractura
accidento_brazo-6,a1106e-Herida
accidento_brazo-7,a1106e-Laceración
accidento_brazo-8,a1106e-Lesión de nervios
accidento_brazo-9,a1106e-Amputación
accidento_brazo-10,a1106e-Aplastamiento
accidento_brazo-11,a1106e-Quemadura de primer grado
accidento_brazo-12,a1106e-Quemadura de segundo grado
accidento_brazo-13,a1106e-Quemadura de tercer grado
accidento_brazo-14,a1106e-Heridas múltiples
accidento_brazo-15,a1106e-Daño-afectación de órganos
accidento_brazo-16,a1106e-Otras/no especificadas
accidento_brazo-17,a1106e-Ninguna otra lesión
accidento_brazo-99,a1106e-NS/NR
accidento_cara-1,a1106a-Contusión
accidento_cara-2,a1106a-Moretón
accidento_cara-3,a1106a-Esguince o torcedura
accidento_cara-4,a1106a-Luxación
accidento_cara-5,a1106a-Fractura
accidento_cara-6,a1106a-Herida
accidento_cara-7,a1106a-Laceración
accidento_cara-8,a1106a-Lesión de nervios
accidento_cara-9,a1106a-Amputación
accidento_cara-10,a1106a-Aplastamiento
accidento_cara-11,a1106a-Quemadura de primer grado
accidento_cara-12,a1106a-Quemadura de segundo grado
accidento_cara-13,a1106a-Quemadura de tercer grado
accidento_cara-14,a1106a-Heridas múltiples
accidento_cara-15,a1106a-Daño-afectación de órganos
accidento_cara-16,a1106a-Otras/no especificadas
accidento_cara-17,a1106a-Ninguna otra lesión
accidento_cara-99,a1106a-NS/NR
accidento_columna-1,a1106d-Contusión
accidento_columna-2,a1106d-Moretón
accidento_columna-3,a1106d-Esguince o torcedura
accidento_columna-4,a1106d-Luxación
accidento_columna-5,a1106d-Fractura
accidento_columna-6,a1106d-Herida
accidento_columna-7,a1106d-Laceración
accidento_columna-8,a1106d-Lesión de nervios
accidento_columna-9,a1106d-Amputación
accidento_columna-10,a1106d-Aplastamiento
accidento_columna-11,a1106d-Quemadura de primer grado
accidento_columna-12,a1106d-Quemadura de segundo grado
accidento_columna-13,a1106d-Quemadura de tercer grado
accidento_columna-14,a1106d-Heridas múltiples
accidento_columna-15,a1106d-Daño-afectación de órganos
accidento_columna-16,a1106d-Otras/no especificadas
accidento_columna-17,a1106d-Ninguna otra lesión
accidento_columna-99,a1106d-NS/NR
accidento_dedos_mano-1,a1106f-Contusión
accidento_dedos_mano-2,a1106f-Moretón
accidento_dedos_mano-3,a1106f-Esguince o torcedura
accidento_dedos_mano-4,a1106f-Luxación
accidento_dedos_mano-5,a1106f-Fractura
accidento_dedos_mano-6,a1106f-Herida
accidento_dedos_mano-7,a1106f-Laceración
accidento_dedos_mano-8,a1106f-Lesión de nervios
accidento_dedos_mano-9,a1106f-Amputación
accidento_dedos_mano-10,a1106f-Aplastamiento
accidento_dedos_mano-11,a1106f-Quemadura de primer grado
accidento_dedos_mano-12,a1106f-Quemadura de segundo grado
accidento_dedos_mano-13,a1106f-Quemadura de tercer grado
accidento_dedos_mano-14,a1106f-Heridas múltiples
accidento_dedos_mano-15,a1106f-Daño-afectación de órganos
accidento_dedos_mano-16,a1106f-Otras/no especificadas
accidento_dedos_mano-17,a1106f-Ninguna otra lesión
accidento_dedos_mano-99,a1106f-NS/NR
accidento_genitales-1,a1106j-Contusión
accidento_genitales-2,a1106j-Moretón
accidento_genitales-3,a1106j-Esguince o torcedura
accidento_genitales-4,a1106j-Luxación
accidento_genitales-5,a1106j-Fractura
accidento_genitales-6,a1106j-Herida
accidento_genitales-7,a1106j-Laceración
accidento_genitales-8,a1106j-Lesión de nervios
accidento_genitales-9,a1106j-Amputación
accidento_genitales-10,a1106j-Aplastamiento
accidento_genitales-11,a1106j-Quemadura de primer grado
accidento_genitales-12,a1106j-Quemadura de segundo grado
accidento_genitales-13,a1106j-Quemadura de tercer grado
accidento_genitales-14,a1106j-Heridas múltiples
accidento_genitales-15,a1106j-Daño-afectación de órganos
accidento_genitales-16,a1106j-Otras/no especificadas
accidento_genitales-17,a1106j-Ninguna otra lesión
accidento_genitales-99,a1106j-NS/NR
accidento_otra_lesion-1,a1106la-Sí
accidento_otra_lesion-2,a1106la-No
accidento_pelvis-1,a1106c-Contusión
accidento_pelvis-2,a1106c-Moretón
accidento_pelvis-3,a1106c-Esguince o torcedura
accidento_pelvis-4,a1106c-Luxación
accidento_pelvis-5,a1106c-Fractura
accidento_pelvis-6,a1106c-Herida
accidento_pelvis-7,a1106c-Laceración
accidento_pelvis-8,a1106c-Lesión de nervios
accidento_pelvis-9,a1106c-Amputación
accidento_pelvis-10,a1106c-Aplastamiento
accidento_pelvis-11,a1106c-Quemadura de primer grado
accidento_pelvis-12,a1106c-Quemadura de segundo grado
accidento_pelvis-13,a1106c-Quemadura de tercer grado
accidento_pelvis-14,a1106c-Heridas múltiples
accidento_pelvis-15,a1106c-Daño-afectación de órganos
accidento_pelvis-16,a1106c-Otras/no especificadas
accidento_pelvis-17,a1106c-Ninguna otra lesión
accidento_pelvis-99,a1106c-NS/NR
accidento_pie-1,a1106i-Contusión
accidento_pie-2,a1106i-Moretón
accidento_pie-3,a1106i-Esguince o torcedura
accidento_pie-4,a1106i-Luxación
accidento_pie-5,a1106i-Fractura
accidento_pie-6,a1106i-Herida
accidento_pie-7,a1106i-Laceración
accidento_pie-8,a1106i-Lesión de nervios
accidento_pie-9,a1106i-Amputación
accidento_pie-10,a1106i-Aplastamiento
accidento_pie-11,a1106i-Quemadura de primer grado
accidento_pie-12,a1106i-Quemadura de segundo grado
accidento_pie-13,a1106i-Quemadura de tercer grado
accidento_pie-14,a1106i-Heridas múltiples
accidento_pie-15,a1106i-Daño-afectación de órganos
accidento_pie-16,a1106i-Otras/no especificadas
accidento_pie-17,a1106i-Ninguna otra lesión
accidento_pie-99,a1106i-NS/NR
accidento_pierna-1,a1106h-Contusión
accidento_pierna-2,a1106h-Moretón
accidento_pierna-3,a1106h-Esguince o torcedura
accidento_pierna-4,a1106h-Luxación
accidento_pierna-5,a1106h-Fractura
accidento_pierna-6,a1106h-Herida
accidento_pierna-7,a1106h-Laceración
accidento_pierna-8,a1106h-Lesión de nervios
accidento_pierna-9,a1106h-Amputación
accidento_pierna-10,a1106h-Aplastamiento
accidento_pierna-11,a1106h-Quemadura de primer grado
accidento_pierna-12,a1106h-Quemadura de segundo grado
accidento_pierna-13,a1106h-Quemadura de tercer grado
accidento_pierna-14,a1106h-Heridas múltiples
accidento_pierna-15,a1106h-Daño-afectación de órganos
accidento_pierna-16,a1106h-Otras/no especificadas
accidento_pierna-17,a1106h-Ninguna otra lesión
accidento_pierna-99,a1106h-NS/NR
accidento_torax-1,a1106b-Contusión
accidento_torax-2,a1106b-Moretón
accidento_torax-3,a1106b-Esguince o torcedura
accidento_torax-4,a1106b-Luxación
accidento_torax-5,a1106b-Fractura
accidento_torax-6,a1106b-Herida
accidento_torax-7,a1106b-Laceración
accidento_torax-8,a1106b-Lesión de nervios
accidento_torax-9,a1106b-Amputación
accidento_torax-10,a1106b-Aplastamiento
accidento_torax-11,a1106b-Quemadura de primer grado
accidento_torax-12,a1106b-Quemadura de segundo grado
accidento_torax-13,a1106b-Quemadura de tercer grado
accidento_torax-14,a1106b-Heridas múltiples
accidento_torax-15,a1106b-Daño-afectación de órganos
accidento_torax-16,a1106b-Otras/no especificadas
accidento_torax-17,a1106b-Ninguna otra lesión
accidento_torax-99,a1106b-NS/NR
accion_control_col_alto_1-1,a0605a-Medicamento.
accion_control_col_alto_1-2,a0605a-Dieta.
accion_control_col_alto_1-3,a0605a-Aumento de actividad física.
accion_control_col_alto_1-4,a0605a-Medicina Alternativa
accion_control_col_alto_1-5,a0605a-Ninguna.
accion_control_col_alto_2-1,a0605b-Medicamento.
accion_control_col_alto_2-2,a0605b-Dieta.
accion_control_col_alto_2-3,a0605b-Aumento de actividad física.
accion_control_col_alto_2-4,a0605b-Medicina Alternativa
accion_control_col_alto_2-5,a0605b-Ninguna.
accion_control_trig_alto_1-1,a0607a-Medicamento.
accion_control_trig_alto_1-2,a0607a-Dieta.
accion_control_trig_alto_1-3,a0607a-Aumento de actividad física.
accion_control_trig_alto_1-4,a0607a-Medicina Alternativa
accion_control_trig_alto_1-5,a0607a-Ninguna.
accion_control_trig_alto_2-1,a0607b-Medicamento.
accion_control_trig_alto_2-2,a0607b-Dieta.
accion_control_trig_alto_2-3,a0607b-Aumento de actividad física.
accion_control_trig_alto_2-4,a0607b-Medicina Alternativa
accion_control_trig_alto_2-5,a0607b-Ninguna.
accion_control_trig_col_alto_1-1,"a0608a-Pravastatina, atorvastatina simvastatina, rosuvastatina, pit"
accion_control_trig_col_alto_1-2,"a0608a-Bezafibrato, fenofibrato, gemfibrozil, ciprofibrato."
accion_control_trig_col_alto_1-3,a0608a-Otros.
accion_control_trig_col_alto_1-4,a0608a-Ninguna
accion_control_trig_col_alto_2-1,"a0608b-Pravastatina, atorvastatina simvastatina, rosuvastatina, pit"
accion_control_trig_col_alto_2-2,"a0608b-Bezafibrato, fenofibrato, gemfibrozil, ciprofibrato."
accion_control_trig_col_alto_2-3,a0608b-Otros.
accion_control_trig_col_alto_2-4,a0608b-Ninguna
acciones_perder_peso_1-1,a0110a-disminuir el tamaño de las porciones?
acciones_perder_peso_1-2,a0110a-aumentar la actividad física?
acciones_perder_peso_1-3,a0110a-seguir las recomendaciones de un profesional de la salud?
acciones_perder_peso_1-4,a0110a-tomar medicamentos para perder peso?
acciones_perder_peso_1-5,a0110a-eliminar el consumo de refrescos?
acciones_perder_peso_1-6,a0110a-aumentar el consumo de vegetales y alimentos ricos en fibra
acciones_perder_peso_1-7,a0110a-realizar algún tipo de ejercicio?
acciones_perder_peso_1-8,a0110a-tomar mucha agua?
acciones_perder_peso_1-9,a0110a-Otra forma (especifica).
acciones_perder_peso_2-1,a0110b-disminuir el tamaño de las porciones?
acciones_perder_peso_2-2,a0110b-aumentar la actividad física?
acciones_perder_peso_2-3,a0110b-seguir las recomendaciones de un profesional de la salud?
acciones_perder_peso_2-4,a0110b-tomar medicamentos para perder peso?
acciones_perder_peso_2-5,a0110b-eliminar el consumo de refrescos?
acciones_perder_peso_2-6,a0110b-aumentar el consumo de vegetales y alimentos ricos en fibra
acciones_perder_peso_2-7,a0110b-realizar algún tipo de ejercicio?
acciones_perder_peso_2-8,a0110b-tomar mucha agua?
acciones_perder_peso_2-9,a0110b-Otra forma (especifica).
acciones_perder_peso_3-1,a0110c-disminuir el tamaño de las porciones?
acciones_perder_peso_3-2,a0110c-aumentar la actividad física?
acciones_perder_peso_3-3,a0110c-seguir las recomendaciones de un profesional de la salud?
acciones_perder_peso_3-4,a0110c-tomar medicamentos para perder peso?
acciones_perder_peso_3-5,a0110c-eliminar el consumo de refrescos?
acciones_perder_peso_3-6,a0110c-aumentar el consumo de vegetales y alimentos ricos en fibra
acciones_perder_peso_3-7,a0110c-realizar algún tipo de ejercicio?
acciones_perder_peso_3-8,a0110c-tomar mucha agua?
acciones_perder_peso_3-9,a0110c-Otra forma (especifica).
acepta_vacunarse-1,h1608-Sí
acepta_vacunarse-2,h1608-No
acepta_vacunarse-3,h1608-Quizás (indeciso(a))
acepta_vacunarse-4,h1608-No responde
actual_fuma_tabaco-1,a1301-todos los días?
actual_fuma_tabaco-2,a1301-algunos días?
actual_fuma_tabaco-3,a1301-no fuma actualmente?
actual_fuma_tabaco-9,a1301-No responde
actualmente_embarazada-1,a0808-Sí.
actualmente_embarazada-2,a0808-No.
actualmente_embarazada-8,a0808-No sabe.
actualmente_embarazada-9,a0808-No responde.
acuben_personas_hipertencion-1,h1509-Muy frecuentemente
acuben_personas_hipertencion-2,h1509-Frecuentemente
acuben_personas_hipertencion-3,h1509-Ocasionalmente
acuben_personas_hipertencion-4,h1509-Rara vez
acuben_personas_hipertencion-5,h1509-Nunca
acude_al_trabajo-1,h1501-Sí
acude_al_trabajo-2,h1501-No
acude_al_trabajo-3,h1501-No aplica
agua_entubada_vivienda-1,h0112-dentro de la vivienda?
agua_entubada_vivienda-2,h0112-solo en el terreno?
agua_entubada_vivienda-3,h0112-no tiene agua entubada?
agua_lavar_ropa-1,h0803-Nunca (0 veces en las últimas 4 semanas)
agua_lavar_ropa-2,h0803-Raramente (1-2 veces en las últimas 4 semanas)
agua_lavar_ropa-3,h0803-A veces (3-10 veces en las últimas 4 semanas)
agua_lavar_ropa-4,h0803-Frecuentemente (11-20 veces en las últimas 4 semana)
agua_lavar_ropa-5,h0803-Siempre (Más de 20 veces en las últimas 4 semanas)
agua_lavar_ropa-88,h0803-No aplica
agua_lavar_ropa-99,h0803-No sabe
alguien_manoseo-1,"a1210-Sí, antes de los 12"
alguien_manoseo-2,"a1210-Sí, cuando tenía 12 o más años"
alguien_manoseo-3,"a1210-No, nunca"
alguien_manoseo-8,a1210-No recuerda
alguien_manoseo-9,a1210-No responde
algun_embarazo-1,a0807-Si.
algun_embarazo-2,a0807-No.
algun_embarazo-9,a0807-No responde.
alguna_calefaccion-1,h0122-Sí
alguna_calefaccion-2,h0122-No
amigos_acude_ayuda-1,a1510-Ninguno
amigos_acude_ayuda-2,a1510-1
amigos_acude_ayuda-3,a1510-2
amigos_acude_ayuda-4,a1510-3 ó 4
amigos_acude_ayuda-5,a1510-5 a 8
amigos_acude_ayuda-6,a1510-9 ó más
amigos_se_confiesa-1,a1509-Ninguno
amigos_se_confiesa-2,a1509-1
amigos_se_confiesa-3,a1509-2
amigos_se_confiesa-4,a1509-3 ó 4
amigos_se_confiesa-5,a1509-5 a 8
amigos_se_confiesa-6,a1509-9 ó más
anio_regreso_al_trabajo-2020,h1502a-2020
anio_regreso_al_trabajo-2021,h1502a-2021
anio_regreso_al_trabajo-6666,h1502a-Nunca dejó de asistir a su trabajo
anio_vacuna_primera_dosis-2020,h16041a-2020
anio_vacuna_primera_dosis-2021,h16041a-2021
anio_vacuna_primera_dosis-9999,h16041a-No recuerda
anio_vacuna_segunda_dosis-2020,h16042a-2020
anio_vacuna_segunda_dosis-2021,h16042a-2021
anio_vacuna_segunda_dosis-9999,h16042a-No recuerda
anio_vacuna_unica_dosis-2020,h1604ua-2020
anio_vacuna_unica_dosis-2021,h1604ua-2021
anio_vacuna_unica_dosis-9999,h1604ua-No recuerda
antes_fumo_tabaco-1,a1305-todos los días?
antes_fumo_tabaco-2,a1305-algunos días?
antes_fumo_tabaco-3,a1305-nunca ha fumado?
antes_fumo_tabaco-9,a1305-No responde
apoyo_asa-1,h0601n-Sí
apoyo_asa-2,h0601n-No
apoyo_asa-9,h0601n-No Sabe
apoyo_benito_juarez-1,h0601k-Sí
apoyo_benito_juarez-2,h0601k-No
apoyo_benito_juarez-9,h0601k-No Sabe
apoyo_comedor_indigena-1,h0601i-Sí
apoyo_comedor_indigena-2,h0601i-No
apoyo_comedor_indigena-9,h0601i-No Sabe
apoyo_comedor_jcf-1,h0601j-Sí
apoyo_comedor_jcf-2,h0601j-No
apoyo_comedor_jcf-9,h0601j-No Sabe
apoyo_dif_dispensas-1,h0601c-Sí
apoyo_dif_dispensas-2,h0601c-No
apoyo_dif_dispensas-9,h0601c-No Sabe
apoyo_dif_escolares-1,h0601d-Sí
apoyo_dif_escolares-2,h0601d-No
apoyo_dif_escolares-9,h0601d-No Sabe
apoyo_dif_p_escuela_nuestra-1,h0601f-Sí
apoyo_dif_p_escuela_nuestra-2,h0601f-No
apoyo_dif_p_escuela_nuestra-9,h0601f-No Sabe
apoyo_dif_pde-1,h0601e-Sí
apoyo_dif_pde-2,h0601e-No
apoyo_dif_pde-9,h0601e-No Sabe
apoyo_liconsa-1,h0601a-Sí
apoyo_liconsa-2,h0601a-No
apoyo_liconsa-9,h0601a-No Sabe
apoyo_pam-1,h0601b-Sí
apoyo_pam-2,h0601b-No
apoyo_pam-9,h0601b-No Sabe
apoyo_pension_bienestar-1,h0601l-Sí
apoyo_pension_bienestar-2,h0601l-No
apoyo_pension_bienestar-9,h0601l-No Sabe
apoyo_pension_bienestar_ninios-1,h0601m-Sí
apoyo_pension_bienestar_ninios-2,h0601m-No
apoyo_pension_bienestar_ninios-9,h0601m-No Sabe
apoyo_seguro_popular-1,h0605-Sí
apoyo_seguro_popular-2,h0605-No
apoyo_seguro_popular-9,h0605-No Sabe
apoyo_vacunas_dosis_1-1,h16041d-1
apoyo_vacunas_dosis_1-2,h16041d-2
apoyo_vacunas_dosis_1-3,h16041d-3
apoyo_vacunas_dosis_1-4,h16041d-4
apoyo_vacunas_dosis_1-5,h16041d-5
apoyo_vacunas_dosis_1-6,h16041d-6
apoyo_vacunas_dosis_1-7,h16041d-7
apoyo_vacunas_dosis_1-8,h16041d-8
apoyo_vacunas_dosis_1-9,h16041d-9
apoyo_vacunas_dosis_1-10,h16041d-10
apoyo_vacunas_dosis_1-11,h16041d-11
apoyo_vacunas_dosis_1-12,h16041d-12
apoyo_vacunas_dosis_1-13,h16041d-13
apoyo_vacunas_dosis_1-14,h16041d-14
apoyo_vacunas_dosis_1-15,h16041d-15
apoyo_vacunas_dosis_1-16,h16041d-16
apoyo_vacunas_dosis_1-17,h16041d-17
apoyo_vacunas_dosis_1-18,h16041d-18
apoyo_vacunas_dosis_1-19,h16041d-19
apoyo_vacunas_dosis_1-20,h16041d-20
apoyo_vacunas_dosis_1-21,h16041d-21
apoyo_vacunas_dosis_1-22,h16041d-22
apoyo_vacunas_dosis_1-23,h16041d-23
apoyo_vacunas_dosis_1-24,h16041d-24
apoyo_vacunas_dosis_1-25,h16041d-25
apoyo_vacunas_dosis_1-26,h16041d-26
apoyo_vacunas_dosis_1-27,h16041d-27
apoyo_vacunas_dosis_1-28,h16041d-28
apoyo_vacunas_dosis_1-29,h16041d-29
apoyo_vacunas_dosis_1-30,h16041d-30
apoyo_vacunas_dosis_1-31,h16041d-31
apoyo_vacunas_dosis_1-99,h16041d-No recuerda
asiste_escuela-1,h0313-Sí
asiste_escuela-2,h0313-No
asisten_gripe_escuela-1,h1103h-Sí
asisten_gripe_escuela-2,h1103h-No
asisten_gripe_escuela-3,h1103h-No Sabe
asistio_lugares_concurridos_1-1,h1007a-Por trabajo
asistio_lugares_concurridos_1-2,h1007a-Comprar insumos indispensables para el hogar
asistio_lugares_concurridos_1-3,h1007a-Necesidad en salud
asistio_lugares_concurridos_1-4,h1007a-No creo estar en riesgo
asistio_lugares_concurridos_1-5,h1007a-Necesidad de contacto humano
asistio_lugares_concurridos_1-6,h1007a-No creo que funcione esta medida
asistio_lugares_concurridos_1-7,h1007a-No me interesa cumplir con esa medida
asistio_lugares_concurridos_1-8,h1007a-Por hacer ejercicio en lugares cerrados (como gimnasios)
asistio_lugares_concurridos_1-9,h1007a-Otro especificar
asistio_lugares_concurridos_2-1,h1007b-Por trabajo
asistio_lugares_concurridos_2-2,h1007b-Comprar insumos indispensables para el hogar
asistio_lugares_concurridos_2-3,h1007b-Necesidad en salud
asistio_lugares_concurridos_2-4,h1007b-No creo estar en riesgo
asistio_lugares_concurridos_2-5,h1007b-Necesidad de contacto humano
asistio_lugares_concurridos_2-6,h1007b-No creo que funcione esta medida
asistio_lugares_concurridos_2-7,h1007b-No me interesa cumplir con esa medida
asistio_lugares_concurridos_2-8,h1007b-Por hacer ejercicio en lugares cerrados (como gimnasios)
asistio_lugares_concurridos_2-9,h1007b-Otro especificar
atencion_salud_requirio_1-1,h0409a-ir a consulta externa?
atencion_salud_requirio_1-2,h0409a-hospitalización (internamiento)?
atencion_salud_requirio_1-3,h0409a-ir a consulta de urgencias? (ser atendido en una área de urg
atencion_salud_requirio_1-4,"h0409a-Otros (vía remota, domicilio, etc.)"
atencion_ultimo_parto-1,a0816-Instituto Mexicano del Seguro Social (IMSS).
atencion_ultimo_parto-2,a0816-ISSSTE/ISSSTE Estatal.
atencion_ultimo_parto-3,a0816-PEMEX.
atencion_ultimo_parto-4,a0816-Defensa.
atencion_ultimo_parto-5,a0816-Marina.
atencion_ultimo_parto-6,a0816-Centro de Salud u Hospital de la SSA.
atencion_ultimo_parto-7,a0816-IMSS Bienestar (antes Oportunidades).
atencion_ultimo_parto-8,"a0816-DIF federal, estatal o municipal."
atencion_ultimo_parto-9,a0816-Cruz Roja/Cruz Verde.
atencion_ultimo_parto-10,a0816-Instituto Nacional de Salud.
atencion_ultimo_parto-11,a0816-Organizaciones (ONG/OSC) que dan atención gratuita/Dispensar
atencion_ultimo_parto-12,a0816-Consultorios pertenecientes a farmacias/Farmacias con consul
atencion_ultimo_parto-13,a0816-Consultorio dentro de hospital privado.
atencion_ultimo_parto-14,a0816-Área de urgencias/hospitalización dentro de hospital privado
atencion_ultimo_parto-15,a0816-Atención privada en torre de consultorios médicos o en una c
atencion_ultimo_parto-16,a0816-Consultorio en domicilio particular de médico privado.
atencion_ultimo_parto-17,a0816-Atención privada en mi domicilio.
atencion_ultimo_parto-18,"a0816-Atención privada vía remota (teléfono, mensajes de texto, te"
atencion_ultimo_parto-19,a0816-Médico laboral (médico de la empresa).
atencion_ultimo_parto-20,"a0816-Curandero, hierbero, naturista."
atencion_ultimo_parto-21,"a0816-Homeópata, acupunturista."
atencion_ultimo_parto-22,a0816-Casa de la partera.
atencion_ultimo_parto-23,a0816-Casa de la entrevistada.
atencion_ultimo_parto-24,a0816-Otro (especifique).
atencion_ultimo_parto-25,a0816-No sabe / No recuerda.
atencion_ultimo_parto-26,a0816-No responde.
atencion_ultimo_parto-27,a0816-Ninguna.
bajo_peso-1,bajo_peso-SÍ.
bajo_peso-0,bajo_peso-NO.
beneficio_1_recibido-1,h0607a-Acciones de detección y prevención para toda la familia
beneficio_1_recibido-2,h0607a-Medicina Ambulatoria
beneficio_1_recibido-3,h0607a-Odontología
beneficio_1_recibido-4,h0607a-Salud Reproductiva
beneficio_1_recibido-5,"h0607a-Embarazo, parto y recién nacido"
beneficio_1_recibido-6,h0607a-Rehabilitación
beneficio_1_recibido-7,h0607a-Hospitalización
beneficio_1_recibido-8,h0607a-Urgencias
beneficio_1_recibido-9,h0607a-Cirugía
beneficio_1_recibido-99,h0607a-No sabe/No responde
beneficio_2_recibido-1,h0607b-Acciones de detección y prevención para toda la familia
beneficio_2_recibido-2,h0607b-Medicina Ambulatoria
beneficio_2_recibido-3,h0607b-Odontología
beneficio_2_recibido-4,h0607b-Salud Reproductiva
beneficio_2_recibido-5,"h0607b-Embarazo, parto y recién nacido"
beneficio_2_recibido-6,h0607b-Rehabilitación
beneficio_2_recibido-7,h0607b-Hospitalización
beneficio_2_recibido-8,h0607b-Urgencias
beneficio_2_recibido-9,h0607b-Cirugía
beneficio_2_recibido-99,h0607b-No sabe/No responde
beneficio_3_recibido-1,h0607c-Acciones de detección y prevención para toda la familia
beneficio_3_recibido-2,h0607c-Medicina Ambulatoria
beneficio_3_recibido-3,h0607c-Odontología
beneficio_3_recibido-4,h0607c-Salud Reproductiva
beneficio_3_recibido-5,"h0607c-Embarazo, parto y recién nacido"
beneficio_3_recibido-6,h0607c-Rehabilitación
beneficio_3_recibido-7,h0607c-Hospitalización
beneficio_3_recibido-8,h0607c-Urgencias
beneficio_3_recibido-9,h0607c-Cirugía
beneficio_3_recibido-99,h0607c-No sabe/No responde
beneficio_4_recibido-1,h0607d-Acciones de detección y prevención para toda la familia
beneficio_4_recibido-2,h0607d-Medicina Ambulatoria
beneficio_4_recibido-3,h0607d-Odontología
beneficio_4_recibido-4,h0607d-Salud Reproductiva
beneficio_4_recibido-5,"h0607d-Embarazo, parto y recién nacido"
beneficio_4_recibido-6,h0607d-Rehabilitación
beneficio_4_recibido-7,h0607d-Hospitalización
beneficio_4_recibido-8,h0607d-Urgencias
beneficio_4_recibido-9,h0607d-Cirugía
beneficio_4_recibido-99,h0607d-No sabe/No responde
beneficio_5_recibido-1,h0607e-Acciones de detección y prevención para toda la familia
beneficio_5_recibido-2,h0607e-Medicina Ambulatoria
beneficio_5_recibido-3,h0607e-Odontología
beneficio_5_recibido-4,h0607e-Salud Reproductiva
beneficio_5_recibido-5,"h0607e-Embarazo, parto y recién nacido"
beneficio_5_recibido-6,h0607e-Rehabilitación
beneficio_5_recibido-7,h0607e-Hospitalización
beneficio_5_recibido-8,h0607e-Urgencias
beneficio_5_recibido-9,h0607e-Cirugía
beneficio_5_recibido-99,h0607e-No sabe/No responde
brazo_toma_presion-1,an29-Brazo derecho
brazo_toma_presion-2,an29-Brazo izquierdo
brazo_toma_presion-3,an29-No se tomó
busco_atencion_salud-1,h0404-Sí
busco_atencion_salud-2,h0404-No
cambio_comida_falta_agua-1,h0805-Nunca (0 veces en las últimas 4 semanas)
cambio_comida_falta_agua-2,h0805-Raramente (1-2 veces en las últimas 4 semanas)
cambio_comida_falta_agua-3,h0805-A veces (3-10 veces en las últimas 4 semanas)
cambio_comida_falta_agua-4,h0805-Frecuentemente (11-20 veces en las últimas 4 semana)
cambio_comida_falta_agua-5,h0805-Siempre (Más de 20 veces en las últimas 4 semanas)
cambio_comida_falta_agua-88,h0805-No aplica
cambio_comida_falta_agua-99,h0805-No sabe
cambio_deporte_pandemia-1,h0904-aumentó?
cambio_deporte_pandemia-2,h0904-disminuyó?
cambio_deporte_pandemia-3,h0904-fue igual?
cambio_gastos _alimentos-1,h1402-más altos?
cambio_gastos _alimentos-2,h1402-iguales?
cambio_gastos _alimentos-3,h1402-más bajos?
cambio_gastos_hogar-1,h1401-más altos?
cambio_gastos_hogar-2,h1401-iguales?
cambio_gastos_hogar-3,h1401-más bajos?
cambio_peso_pandemia-1,h0906-aumentó?
cambio_peso_pandemia-2,h0906-disminuyó?
cambio_peso_pandemia-3,h0906-fue igual?
cambio_peso_ultimo_anio-1,a0107-Ganó peso.
cambio_peso_ultimo_anio-2,a0107-Perdió peso.
cambio_peso_ultimo_anio-3,a0107-No ha experimentado cambios en su Peso.
cambio_peso_ultimo_anio-4,a0107-Ganó o perdió peso porque está embarazada.
cambio_peso_ultimo_anio-9,a0107-No sabe.
cambio_planes_falta_agua-1,h0804-Nunca (0 veces en las últimas 4 semanas)
cambio_planes_falta_agua-2,h0804-Raramente (1-2 veces en las últimas 4 semanas)
cambio_planes_falta_agua-3,h0804-A veces (3-10 veces en las últimas 4 semanas)
cambio_planes_falta_agua-4,h0804-Frecuentemente (11-20 veces en las últimas 4 semana)
cambio_planes_falta_agua-5,h0804-Siempre (Más de 20 veces en las últimas 4 semanas)
cambio_planes_falta_agua-88,h0804-No aplica
cambio_planes_falta_agua-99,h0804-No sabe
camina_solo_recreacion-1,a1414-Sí
camina_solo_recreacion-2,a1414-No
camina_solo_recreacion-88,a1414-No responde
camina_solo_recreacion-99,a1414-No sabe
camina_solo_traslado-1,a1411-Sí
camina_solo_traslado-2,a1411-No
camina_solo_traslado-88,a1411-No responde
camina_solo_traslado-99,a1411-No sabe
combustible_calefaccion-1,h0124-Gas
combustible_calefaccion-2,h0124-Electricidad
combustible_calefaccion-3,h0124-Queroseno
combustible_calefaccion-4,h0124-Carbón mineral
combustible_calefaccion-5,h0124-Carbón vegetal
combustible_calefaccion-6,h0124-Leña o madera
combustible_calefaccion-7,h0124-Residuos agrícolas o de cultivos
combustible_calefaccion-8,h0124-Estiércol animal
combustible_calefaccion-9,h0124-Matojos o hierba
combustible_calefaccion-10,h0124-Otro combustible
combustible_cocinar-1,h0109-leña?
combustible_cocinar-2,h0109-carbón?
combustible_cocinar-3,h0109-gas de cilindro o estacionario?
combustible_cocinar-4,h0109-gas natural o de tubería?
combustible_cocinar-5,h0109-electricidad?
combustible_cocinar-6,h0109-¿Otro combustible?
combustible_cocinar-7,h0109-¿No cocinan?
comio_menos_alimentos_adulto-1,h0706-Sí
comio_menos_alimentos_adulto-2,h0706-No
comio_menos_alimentos_adulto-8,h0706-No responde
comio_menos_alimentos_adulto-9,h0706-No sabe
comio_menos_alimentos_menor-1,h0713-Sí
comio_menos_alimentos_menor-2,h0713-No
comio_menos_alimentos_menor-8,h0713-No responde
comio_menos_alimentos_menor-9,h0713-No sabe
como_accidento-1,a1102-Choque entre vehiculos de 4 o más ruedas
como_accidento-2,a1102-Choque en motocicleta
como_accidento-3,a1102-Choque atropellamiento como ciclista
como_accidento-4,a1102-Atropellado como peatón
como_accidento-5,"a1102-Otros accidentes de transporte: avión, tren, lancha"
como_accidento-6,a1102-Caída a nivel de piso
como_accidento-7,"a1102-Golpe con objeto, equipo o maquinaria"
como_accidento-8,"a1102-Caída de un nivel a otro: silla, escalera, etc"
como_accidento-9,"a1102-Golpe, rasguño o mordida de persona o animal (caballo, perro"
como_accidento-10,"a1102-Exposición a corriente eléctrica, radiación"
como_accidento-11,a1102-Exposición a humo o fuego
como_accidento-12,a1102-Contacto con superficies o sustancias calientes (quemaduras)
como_accidento-13,"a1102-Exposición a fuerzas de la naturaleza: rayo, granizo"
como_accidento-14,a1102-Picadura de animal ponzoñoso o contacto con plantas venenosa
como_accidento-15,"a1102-Envenenamiento accidental: alimentos, medicamentos"
como_accidento-16,"a1102-Sumersión en depósitos de agua: alberca, cisterna"
como_accidento-17,a1102-Otros accidentes que obstruyen la respiración: objeto extrañ
como_accidento-18,a1102-Exposición accidental a otros factores
como_accidento-99,a1102-NS/NR
como_considera_peso-1,a0106-mayor al saludable?
como_considera_peso-2,a0106-saludable?
como_considera_peso-3,a0106-menor al saludable?
como_considera_peso-8,a0106-No responde.
como_considera_peso-9,a0106-No sabe
como_diagnostico-1,h1206-Con prueba
como_diagnostico-2,h1206-Con síntomas
como_diagnostico-3,h1206-Ambas
como_diagnostico-9,h1206-NS/NR
con_lentes_dificultad_ver-1,a1403a-Ninguna dificultad
con_lentes_dificultad_ver-2,a1403a-Cierta dificultad
con_lentes_dificultad_ver-3,a1403a-Mucha dificultad
con_lentes_dificultad_ver-4,a1403a-Le resulta imposible ver
con_pretesis_auditiva_dificultad_oir-1,a1404a-Ninguna dificultad
con_pretesis_auditiva_dificultad_oir-2,a1404a-Cierta dificultad
con_pretesis_auditiva_dificultad_oir-3,a1404a-Mucha dificultad
con_pretesis_auditiva_dificultad_oir-4,a1404a-Le resulta imposible oír
condicion_maternal-1,an06-Está embarazada?
condicion_maternal-2,an06-Está dando pecho?
condicion_maternal-3,an06-Está embarazada y dando pecho?
condicion_maternal-4,an06-Ninguna de las anteriores
condicion_maternal-9,an06-No sabe
conocimiento_covid-1,h1001-Enfermedad crónica
conocimiento_covid-2,h1001-Enfermedad infecciosa causada por un virus
conocimiento_covid-3,h1001-Enfermedad renal
conocimiento_covid-4,h1001-Enfermedad causada por estrés o ansiedad
conocimiento_covid-5,h1001-No existe esta enfermedad
conocimiento_covid-6,h1001-No sabe
conocimiento_covid-7,h1001-Otro (especifique)
conocimiento_covid-8,h1001-No desea responder
considera_seguras_vacunas-1,h1610-Sí
considera_seguras_vacunas-2,h1610-No
considera_seguras_vacunas-3,h1610-NS
considera_seguras_vacunas-9,h1610-NR
consumo_botanas_covid-1,h1309-Aumentó ?
consumo_botanas_covid-2,h1309-Disminuyó ?
consumo_botanas_covid-3,h1309-Fue igual ?
consumo_botanas_covid-4,h1309-No sabe/no responde
consumo_carnes_covid-1,h1304-Aumentó ?
consumo_carnes_covid-2,h1304-Disminuyó ?
consumo_carnes_covid-3,h1304-Fue igual ?
consumo_carnes_covid-4,h1304-No sabe/no responde
consumo_cigarros_electronicos-1,a1307-todos los días?
consumo_cigarros_electronicos-2,a1307-algunos días?
consumo_cigarros_electronicos-3,a1307-Actuamente no consume
consumo_cigarros_electronicos-4,a1307-No conoce el cigarro electrónico
consumo_cigarros_electronicos-9,a1307-No responde
consumo_dulces_covid-1,h1308-Aumentó ?
consumo_dulces_covid-2,h1308-Disminuyó ?
consumo_dulces_covid-3,h1308-Fue igual ?
consumo_dulces_covid-4,h1308-No sabe/no responde
consumo_frutas_covid-1,h1301-Aumentó ?
consumo_frutas_covid-2,h1301-Disminuyó ?
consumo_frutas_covid-3,h1301-Fue igual ?
consumo_frutas_covid-4,h1301-No sabe/no responde
consumo_harina_covid-1,h1307-Aumentó ?
consumo_harina_covid-2,h1307-Disminuyó ?
consumo_harina_covid-3,h1307-Fue igual ?
consumo_harina_covid-4,h1307-No sabe/no responde
consumo_leche__covid-1,h1305-Aumentó ?
consumo_leche__covid-2,h1305-Disminuyó ?
consumo_leche__covid-3,h1305-Fue igual ?
consumo_leche__covid-4,h1305-No sabe/no responde
consumo_legumbres_covid-1,h1303-Aumentó ?
consumo_legumbres_covid-2,h1303-Disminuyó ?
consumo_legumbres_covid-3,h1303-Fue igual ?
consumo_legumbres_covid-4,h1303-No sabe/no responde
consumo_pan_dulce_covid-1,h1310-Aumentó ?
consumo_pan_dulce_covid-2,h1310-Disminuyó ?
consumo_pan_dulce_covid-3,h1310-Fue igual ?
consumo_pan_dulce_covid-4,h1310-No sabe/no responde
consumo_refrescos_covid-1,h1311-Aumentó ?
consumo_refrescos_covid-2,h1311-Disminuyó ?
consumo_refrescos_covid-3,h1311-Fue igual ?
consumo_refrescos_covid-4,h1311-No sabe/no responde
consumo_tortillas_covid-1,h1306-Aumentó ?
consumo_tortillas_covid-2,h1306-Disminuyó ?
consumo_tortillas_covid-3,h1306-Fue igual ?
consumo_tortillas_covid-4,h1306-No sabe/no responde
consumo_verduras_covid-1,h1302-Aumentó ?
consumo_verduras_covid-2,h1302-Disminuyó ?
consumo_verduras_covid-3,h1302-Fue igual ?
consumo_verduras_covid-4,h1302-No sabe/no responde
contacto_con_personas-1,"h0325-Sí, soy (es) personal de salud"
contacto_con_personas-2,"h0325-Sí, soy (es) maestro, docente"
contacto_con_personas-3,"h0325-Sí, tengo (tiene) contacto con gente"
contacto_con_personas-4,h0325-No tengo (tiene) contacto con gente
covid_busco_atencion-1,h1208-Sí
covid_busco_atencion-2,h1208-No
covid_busco_atencion-9,h1208-NS/NR
covid_fue_atendido-1,h1211-Sí
covid_fue_atendido-2,h1211-No
covid_fue_atendido-9,h1211-NS/NR
covid_lugar_busco_atencion-1,h1210-Instituto Mexicano del Seguro Social (IMSS)
covid_lugar_busco_atencion-2,h1210-ISSSTE/ISSSTE Estatal
covid_lugar_busco_atencion-3,h1210-PEMEX
covid_lugar_busco_atencion-4,h1210-Defensa
covid_lugar_busco_atencion-5,h1210-Marina
covid_lugar_busco_atencion-6,h1210-Centro de Salud u Hospital de la SSA
covid_lugar_busco_atencion-7,h1210-IMSS Bienestar (antes Oportunidades)
covid_lugar_busco_atencion-8,"h1210-DIF federal, estatal o municipal"
covid_lugar_busco_atencion-9,h1210-Cruz Roja/Cruz Verde
covid_lugar_busco_atencion-10,h1210-Instituto Nacional de Salud
covid_lugar_busco_atencion-11,h1210-Organizaciones (ONG/OSC) que dan atención gratuita/Dispensar
covid_lugar_busco_atencion-12,h1210-Consultorios pertenecientes a farmacias/Farmacias con consul
covid_lugar_busco_atencion-13,h1210-Consultorio dentro de hospital privado
covid_lugar_busco_atencion-14,h1210-Área de urgencias/hospitalización dentro de hospital privado
covid_lugar_busco_atencion-15,h1210-Atención privada en torre de consultorios médicos o en una c
covid_lugar_busco_atencion-16,h1210-Consultorio en domicilio particular de médico privado
covid_lugar_busco_atencion-17,h1210-Atención privada en mi domicilio
covid_lugar_busco_atencion-18,"h1210-Atención privada vía remota (teléfono, mensajes de texto, te"
covid_lugar_busco_atencion-19,h1210-Médico laboral (médico de la empresa)
covid_lugar_busco_atencion-20,"h1210-Curandero, hierbero, naturista"
covid_lugar_busco_atencion-21,"h1210-Homeópata, partera, acupunturista"
covid_lugar_busco_atencion-22,h1210-Otro (especifique)
covid_lugar_busco_atencion-23,h1210-No sabe / No recuerda
cuantas_personas_ve-1,a1505-Ninguno
cuantas_personas_ve-2,a1505-1
cuantas_personas_ve-3,a1505-2
cuantas_personas_ve-4,a1505-3 ó 4
cuantas_personas_ve-5,a1505-5 a 8
cuantas_personas_ve-6,a1505-9 ó más
cuantos_amigos_ve-1,a1508-Ninguno
cuantos_amigos_ve-2,a1508-1
cuantos_amigos_ve-3,a1508-2
cuantos_amigos_ve-4,a1508-3 ó 4
cuantos_amigos_ve-5,a1508-5 a 8
cuantos_amigos_ve-6,a1508-9 ó más
cuenta_tiempo_lavado_manos-1,h1511-Sí
cuenta_tiempo_lavado_manos-2,h1511-No
danio_salud_x_violencia-1,a1205-Sí
danio_salud_x_violencia-2,a1205-No
danio_salud_x_violencia-9,a1205-NS/NR
deporte_en_covid-1,h0903-Sí
deporte_en_covid-2,h0903-No
deporte_en_covid-9,h0903-NS/NR
desinfectan_areas_escuela-1,h1103i-Sí
desinfectan_areas_escuela-2,h1103i-No
desinfectan_areas_escuela-3,h1103i-No Sabe
dia_nacimiento-1,h0304d-01
dia_nacimiento-2,h0304d-02
dia_nacimiento-3,h0304d-03
dia_nacimiento-4,h0304d-04
dia_nacimiento-5,h0304d-05
dia_nacimiento-6,h0304d-06
dia_nacimiento-7,h0304d-07
dia_nacimiento-8,h0304d-08
dia_nacimiento-9,h0304d-09
dia_nacimiento-10,h0304d-10
dia_nacimiento-11,h0304d-11
dia_nacimiento-12,h0304d-12
dia_nacimiento-13,h0304d-13
dia_nacimiento-14,h0304d-14
dia_nacimiento-15,h0304d-15
dia_nacimiento-16,h0304d-16
dia_nacimiento-17,h0304d-17
dia_nacimiento-18,h0304d-18
dia_nacimiento-19,h0304d-19
dia_nacimiento-20,h0304d-20
dia_nacimiento-21,h0304d-21
dia_nacimiento-22,h0304d-22
dia_nacimiento-23,h0304d-23
dia_nacimiento-24,h0304d-24
dia_nacimiento-25,h0304d-25
dia_nacimiento-26,h0304d-26
dia_nacimiento-27,h0304d-27
dia_nacimiento-28,h0304d-28
dia_nacimiento-29,h0304d-29
dia_nacimiento-30,h0304d-30
dia_nacimiento-31,h0304d-31
dia_nacimiento-99,h0304d-No sabe
dia_vacuna_segunda_dosis-1,h16042d-1
dia_vacuna_segunda_dosis-2,h16042d-2
dia_vacuna_segunda_dosis-3,h16042d-3
dia_vacuna_segunda_dosis-4,h16042d-4
dia_vacuna_segunda_dosis-5,h16042d-5
dia_vacuna_segunda_dosis-6,h16042d-6
dia_vacuna_segunda_dosis-7,h16042d-7
dia_vacuna_segunda_dosis-8,h16042d-8
dia_vacuna_segunda_dosis-9,h16042d-9
dia_vacuna_segunda_dosis-10,h16042d-10
dia_vacuna_segunda_dosis-11,h16042d-11
dia_vacuna_segunda_dosis-12,h16042d-12
dia_vacuna_segunda_dosis-13,h16042d-13
dia_vacuna_segunda_dosis-14,h16042d-14
dia_vacuna_segunda_dosis-15,h16042d-15
dia_vacuna_segunda_dosis-16,h16042d-16
dia_vacuna_segunda_dosis-17,h16042d-17
dia_vacuna_segunda_dosis-18,h16042d-18
dia_vacuna_segunda_dosis-19,h16042d-19
dia_vacuna_segunda_dosis-20,h16042d-20
dia_vacuna_segunda_dosis-21,h16042d-21
dia_vacuna_segunda_dosis-22,h16042d-22
dia_vacuna_segunda_dosis-23,h16042d-23
dia_vacuna_segunda_dosis-24,h16042d-24
dia_vacuna_segunda_dosis-25,h16042d-25
dia_vacuna_segunda_dosis-26,h16042d-26
dia_vacuna_segunda_dosis-27,h16042d-27
dia_vacuna_segunda_dosis-28,h16042d-28
dia_vacuna_segunda_dosis-29,h16042d-29
dia_vacuna_segunda_dosis-30,h16042d-30
dia_vacuna_segunda_dosis-31,h16042d-31
dia_vacuna_segunda_dosis-99,h16042d-No recuerda
dia_vacuna_unica_dosis-1,h1604ud-1
dia_vacuna_unica_dosis-2,h1604ud-2
dia_vacuna_unica_dosis-3,h1604ud-3
dia_vacuna_unica_dosis-4,h1604ud-4
dia_vacuna_unica_dosis-5,h1604ud-5
dia_vacuna_unica_dosis-6,h1604ud-6
dia_vacuna_unica_dosis-7,h1604ud-7
dia_vacuna_unica_dosis-8,h1604ud-8
dia_vacuna_unica_dosis-9,h1604ud-9
dia_vacuna_unica_dosis-10,h1604ud-10
dia_vacuna_unica_dosis-11,h1604ud-11
dia_vacuna_unica_dosis-12,h1604ud-12
dia_vacuna_unica_dosis-13,h1604ud-13
dia_vacuna_unica_dosis-14,h1604ud-14
dia_vacuna_unica_dosis-15,h1604ud-15
dia_vacuna_unica_dosis-16,h1604ud-16
dia_vacuna_unica_dosis-17,h1604ud-17
dia_vacuna_unica_dosis-18,h1604ud-18
dia_vacuna_unica_dosis-19,h1604ud-19
dia_vacuna_unica_dosis-20,h1604ud-20
dia_vacuna_unica_dosis-21,h1604ud-21
dia_vacuna_unica_dosis-22,h1604ud-22
dia_vacuna_unica_dosis-23,h1604ud-23
dia_vacuna_unica_dosis-24,h1604ud-24
dia_vacuna_unica_dosis-25,h1604ud-25
dia_vacuna_unica_dosis-26,h1604ud-26
dia_vacuna_unica_dosis-27,h1604ud-27
dia_vacuna_unica_dosis-28,h1604ud-28
dia_vacuna_unica_dosis-29,h1604ud-29
dia_vacuna_unica_dosis-30,h1604ud-30
dia_vacuna_unica_dosis-31,h1604ud-31
dia_vacuna_unica_dosis-99,h1604ud-No recuerda
dich_medico_col_alto-1,a0604-SI.
dich_medico_col_alto-2,a0604-NO.
dich_medico_padece_calculo_renal-1,a0601b-SI.
dich_medico_padece_calculo_renal-2,a0601b-NO.
dich_medico_padece_enf_renal-1,a0601a-SI.
dich_medico_padece_enf_renal-2,a0601a-NO.
dich_medico_trig_alto-1,a0606-SI.
dich_medico_trig_alto-2,a0606-NO.
dich_medico_tuvo_angina-1,a0502b-SÍ.
dich_medico_tuvo_angina-2,a0502b-NO.
dich_medico_tuvo_infarto-1,a0502a-SÍ.
dich_medico_tuvo_infarto-2,a0502a-NO.
dich_medico_tuvo_infarto_cereb-1,a0506-SÍ.
dich_medico_tuvo_infarto_cereb-2,a0506-NO.
dich_medico_tuvo_infarto_cereb-9,a0506-No sabe.
dich_medico_tuvo_insuf_card-1,a0502c-SÍ.
dich_medico_tuvo_insuf_card-2,a0502c-NO.
disminucion_acceso_agua-1,h0802-Nunca (0 veces en las últimas 4 semanas)
disminucion_acceso_agua-2,h0802-Raramente (1-2 veces en las últimas 4 semanas)
disminucion_acceso_agua-3,h0802-A veces (3-10 veces en las últimas 4 semanas)
disminucion_acceso_agua-4,h0802-Frecuentemente (11-20 veces en las últimas 4 semana)
disminucion_acceso_agua-5,h0802-Siempre (Más de 20 veces en las últimas 4 semanas)
disminucion_acceso_agua-88,h0802-No aplica
disminucion_acceso_agua-99,h0802-No sabe
disminuir_alimento_menor-1,h0714-Sí
disminuir_alimento_menor-2,h0714-No
disminuir_alimento_menor-8,h0714-No responde
disminuir_alimento_menor-9,h0714-No sabe
duermen_donde_cocinan-1,h0108-Sí
duermen_donde_cocinan-2,h0108-No
durante_embarazo_acido_folico-1,a0815k-Sí.
durante_embarazo_acido_folico-2,a0815k-No.
durante_embarazo_acido_folico-9,a0815k-NS/NR.
durante_embarazo_anticonceptivo-1,a0815n-Sí.
durante_embarazo_anticonceptivo-2,a0815n-No.
durante_embarazo_anticonceptivo-9,a0815n-NS/NR.
durante_embarazo_examen_orina-1,a0815d-Sí.
durante_embarazo_examen_orina-2,a0815d-No.
durante_embarazo_examen_orina-9,a0815d-NS/NR.
durante_embarazo_leche_materna-1,a0815o-Sí.
durante_embarazo_leche_materna-2,a0815o-No.
durante_embarazo_leche_materna-9,a0815o-NS/NR.
durante_embarazo_midieron-1,a0815a-Sí.
durante_embarazo_midieron-2,a0815a-No.
durante_embarazo_midieron-9,a0815a-NS/NR.
durante_embarazo_midieron_azucar-1,a0815f-Sí.
durante_embarazo_midieron_azucar-2,a0815f-No.
durante_embarazo_midieron_azucar-9,a0815f-NS/NR.
durante_embarazo_midieron_panza-1,a0815p-Sí.
durante_embarazo_midieron_panza-2,a0815p-No.
durante_embarazo_midieron_panza-9,a0815p-NS/NR.
durante_embarazo_midieron_presion-1,a0815c-Sí.
durante_embarazo_midieron_presion-2,a0815c-No.
durante_embarazo_midieron_presion-9,a0815c-NS/NR.
durante_embarazo_pesaron-1,a0815b-Sí.
durante_embarazo_pesaron-2,a0815b-No.
durante_embarazo_pesaron-9,a0815b-NS/NR.
durante_embarazo_prueba_vih-1,a0815h-Sí.
durante_embarazo_prueba_vih-2,a0815h-No.
durante_embarazo_prueba_vih-9,a0815h-NS/NR.
durante_embarazo_prueba_vrdl-1,a0815g-Sí.
durante_embarazo_prueba_vrdl-2,a0815g-No.
durante_embarazo_prueba_vrdl-9,a0815g-NS/NR.
durante_embarazo_quimica_sanguinea-1,a0815e-Sí.
durante_embarazo_quimica_sanguinea-2,a0815e-No.
durante_embarazo_quimica_sanguinea-9,a0815e-NS/NR.
durante_embarazo_salud_mental-1,a0815m-Sí.
durante_embarazo_salud_mental-2,a0815m-No.
durante_embarazo_salud_mental-9,a0815m-NS/NR.
durante_embarazo_sup_alimenticio-1,a0815l-Sí.
durante_embarazo_sup_alimenticio-2,a0815l-No.
durante_embarazo_sup_alimenticio-9,a0815l-NS/NR.
durante_embarazo_ultrasonido-1,a0815i-Sí.
durante_embarazo_ultrasonido-2,a0815i-No.
durante_embarazo_ultrasonido-9,a0815i-NS/NR.
durante_embarazo_vacunacion_tetanos-1,a0815j-Sí.
durante_embarazo_vacunacion_tetanos-2,a0815j-No.
durante_embarazo_vacunacion_tetanos-9,a0815j-NS/NR.
dx_presion_alta-1,a0401-SÍ.
dx_presion_alta-2,"a0401-SÍ, durante el embarazo."
dx_presion_alta-3,a0401-NO.
dx_presion_alta_embarazada-1,a0403-SÍ.
dx_presion_alta_embarazada-2,a0403-NO.
edad_hmno_infarto_1-1,a0704h-<50.
edad_hmno_infarto_1-2,a0704h->=50.
edad_hmno_infarto_1-9,a0704h-NO SABE.
edad_madre_infarto_1-1,a0704m-<50.
edad_madre_infarto_1-2,a0704m->=50.
edad_madre_infarto_1-9,a0704m-NO SABE.
edad_padre_infarto_1-1,a0704p-<50.
edad_padre_infarto_1-2,a0704p->=50.
edad_padre_infarto_1-9,a0704p-NO SABE.
elegible_vacuna-1,"h1601-Sí, soy (es) personal de salud"
elegible_vacuna-2,"h1601-Sí, tengo (tiene) más de 60 años"
elegible_vacuna-3,"h1601-Sí, tengo (tiene) entre 50 y 59 años"
elegible_vacuna-4,"h1601-Sí, tengo (tiene) entre 40 y 49 años"
elegible_vacuna-5,"h1601-Sí, soy (es) maestro/docente"
elegible_vacuna-6,"h1601-Sí, estoy (está) o estuve (estuvo) embarazada"
elegible_vacuna-7,h1601-Otro (especificar)
elegible_vacuna-8,h1601-No soy (es) elegible
elegible_vacuna-9,h1601-No sé
entidad-1,entidad-01 AGUASCALIENTES
entidad-2,entidad-02 BAJA CALIFORNIA
entidad-3,entidad-03 BAJA CALIFORNIA SUR
entidad-4,entidad-04 CAMPECHE
entidad-5,entidad-05 COAHUILA DE ZARAGOZA
entidad-6,entidad-06 COLIMA
entidad-7,entidad-07 CHIAPAS
entidad-8,entidad-08 CHIHUAHUA
entidad-9,entidad-09 CIUDAD DE MÉXICO
entidad-10,entidad-10 DURANGO
entidad-11,entidad-11 GUANAJUATO
entidad-12,entidad-12 GUERRERO
entidad-13,entidad-13 HIDALGO
entidad-14,entidad-14 JALISCO
entidad-15,entidad-15 MÉXICO
entidad-16,entidad-16 MICHOACÁN DE OCAMPO
entidad-17,entidad-17 MORELOS
entidad-18,entidad-18 NAYARIT
entidad-19,entidad-19 NUEVO LEÓN
entidad-20,entidad-20 OAXACA
entidad-21,entidad-21 PUEBLA
entidad-22,entidad-22 QUERÉTARO
entidad-23,entidad-23 QUINTANA ROO
entidad-24,entidad-24 SAN LUIS POTOSÍ
entidad-25,entidad-25 SINALOA
entidad-26,entidad-26 SONORA
entidad-27,entidad-27 TABASCO
entidad-28,entidad-28 TAMAULIPAS
entidad-29,entidad-29 TLAXCALA
entidad-30,entidad-30 VERACRUZ DE IGNACIO DE LA LLAVE
entidad-31,entidad-31 YUCATÁN
entidad-32,entidad-32 ZACATECAS
escalado_recreso_escuela-1,h1103k-Sí
escalado_recreso_escuela-2,h1103k-No
escalado_recreso_escuela-3,h1103k-No Sabe
escaldo_acceso_escuela-1,h1103j-Sí
escaldo_acceso_escuela-2,h1103j-No
escaldo_acceso_escuela-3,h1103j-No Sabe
estado_civil-1,h0319-vive con su pareja en unión libre?
estado_civil-2,h0319-está separada(o) de una union libre?
estado_civil-3,h0319-está separada(o) de un matrimonio?
estado_civil-4,h0319-está divorciada(o)?
estado_civil-5,h0319-está viuda(o)?
estado_civil-6,h0319-está casada(o) civil o religiosamente?
estado_civil-7,h0319-está soltera(o)?
estado_nacimiento-1,h0306e-01 AGUASCALIENTES
estado_nacimiento-2,h0306e-02 BAJA CALIFORNIA
estado_nacimiento-3,h0306e-03 BAJA CALIFORNIA SUR
estado_nacimiento-4,h0306e-04 CAMPECHE
estado_nacimiento-5,h0306e-05 COAHUILA DE ZARAGOZA
estado_nacimiento-6,h0306e-06 COLIMA
estado_nacimiento-7,h0306e-07 CHIAPAS
estado_nacimiento-8,h0306e-08 CHIHUAHUA
estado_nacimiento-9,h0306e-09 CIUDAD DE MÉXICO
estado_nacimiento-10,h0306e-10 DURANGO
estado_nacimiento-11,h0306e-11 GUANAJUATO
estado_nacimiento-12,h0306e-12 GUERRERO
estado_nacimiento-13,h0306e-13 HIDALGO
estado_nacimiento-14,h0306e-14 JALISCO
estado_nacimiento-15,h0306e-15 MÉXICO
estado_nacimiento-16,h0306e-16 MICHOACÁN DE OCAMPO
estado_nacimiento-17,h0306e-17 MORELOS
estado_nacimiento-18,h0306e-18 NAYARIT
estado_nacimiento-19,h0306e-19 NUEVO LEÓN
estado_nacimiento-20,h0306e-20 OAXACA
estado_nacimiento-21,h0306e-21 PUEBLA
estado_nacimiento-22,h0306e-22 QUERÉTARO
estado_nacimiento-23,h0306e-23 QUINTANA ROO
estado_nacimiento-24,h0306e-24 SAN LUIS POTOSÍ
estado_nacimiento-25,h0306e-25 SINALOA
estado_nacimiento-26,h0306e-26 SONORA
estado_nacimiento-27,h0306e-27 TABASCO
estado_nacimiento-28,h0306e-28 TAMAULIPAS
estado_nacimiento-29,h0306e-29 TLAXCALA
estado_nacimiento-30,h0306e-30 VERACRUZ DE IGNACIO DE LA LLAVE
estado_nacimiento-31,h0306e-31 YUCATÁN
estado_nacimiento-32,h0306e-32 ZACATECAS
estudiante_continuan_virtual-1,h1518-Sí
estudiante_continuan_virtual-2,h1518-No
estudiante_continuan_virtual-9,h1518-No aplica
estufa_cocinar-1,h0110-Estufa o parrilla de gas
estufa_cocinar-2,h0110-Estufa o parrilla eléctrica
estufa_cocinar-3,h0110-Fuego abierto u horno sin chimenea ni campana
estufa_cocinar-4,h0110-Fuego abierto u horno con chimenea o campana
estufa_cocinar-5,h0110-Horno cerrado con chimenea
estufa_cocinar-6,h0110-Otro
evitar_saludos_escuela-1,h1103f-Sí
evitar_saludos_escuela-2,h1103f-No
evitar_saludos_escuela-3,h1103f-No Sabe
excepciones_quedar_casa_1-1,h1005a-Por trabajo
excepciones_quedar_casa_1-2,h1005a-Comprar insumos indispensables para el hogar
excepciones_quedar_casa_1-3,h1005a-Necesidad en salud
excepciones_quedar_casa_1-4,h1005a-No creo estar en riesgo
excepciones_quedar_casa_1-5,h1005a-Necesidad de contacto humano
excepciones_quedar_casa_1-6,h1005a-No creo que funcione esta medida
excepciones_quedar_casa_1-7,h1005a-No me interesa cumplir con esa medida)
excepciones_quedar_casa_1-8,h1005a-Sale a ejercitarse
excepciones_quedar_casa_1-9,h1005a-Lleva a los niños a la escuela
excepciones_quedar_casa_1-10,h1005a-Otro especificar
excepciones_quedar_casa_2-1,h1005b-Por trabajo
excepciones_quedar_casa_2-2,h1005b-Comprar insumos indispensables para el hogar
excepciones_quedar_casa_2-3,h1005b-Necesidad en salud
excepciones_quedar_casa_2-4,h1005b-No creo estar en riesgo
excepciones_quedar_casa_2-5,h1005b-Necesidad de contacto humano
excepciones_quedar_casa_2-6,h1005b-No creo que funcione esta medida
excepciones_quedar_casa_2-7,h1005b-No me interesa cumplir con esa medida)
excepciones_quedar_casa_2-8,h1005b-Sale a ejercitarse
excepciones_quedar_casa_2-9,h1005b-Lleva a los niños a la escuela
excepciones_quedar_casa_2-10,h1005b-Otro especificar
falta_alimento_nutritivo_adultos-1,h0703-Sí
falta_alimento_nutritivo_adultos-2,h0703-No
falta_alimento_nutritivo_adultos-8,h0703-No responde
falta_alimento_nutritivo_adultos-9,h0703-No sabe
falta_alimento_nutritivo_menor-1,h0710-Sí
falta_alimento_nutritivo_menor-2,h0710-No
falta_alimento_nutritivo_menor-8,h0710-No responde
falta_alimento_nutritivo_menor-9,h0710-No sabe
falta_alimentos_adultos-1,h0701-Sí
falta_alimentos_adultos-2,h0701-No
falta_alimentos_adultos-8,h0701-No responde
falta_alimentos_adultos-9,h0701-No sabe
familiares_acude_ayuda-1,a1507-Ninguno
familiares_acude_ayuda-2,a1507-1
familiares_acude_ayuda-3,a1507-2
familiares_acude_ayuda-4,a1507-3 ó 4
familiares_acude_ayuda-5,a1507-5 a 8
familiares_acude_ayuda-6,a1507-9 ó más
familiares_se_confiesa-1,a1506-Ninguno
familiares_se_confiesa-2,a1506-1
familiares_se_confiesa-3,a1506-2
familiares_se_confiesa-4,a1506-3 ó 4
familiares_se_confiesa-5,a1506-5 a 8
familiares_se_confiesa-6,a1506-9 ó más
fines_semana_casa-1,h1515-Muy frecuentemente
fines_semana_casa-2,h1515-Frecuentemente
fines_semana_casa-3,h1515-Ocasionalmente
fines_semana_casa-4,h1515-Rara vez
fines_semana_casa-5,h1515-Nunca
frec_falta_compania-1,a1514-Casi nunca (o nunca)
frec_falta_compania-2,a1514-Algunas veces
frec_falta_compania-3,a1514-Frecuentemente
frec_pensado_suicidarse-1,a1212-Siempre o muy frecuentemente
frec_pensado_suicidarse-2,a1212-Casi siempre
frec_pensado_suicidarse-3,a1212-Algunas veces
frec_pensado_suicidarse-4,a1212-Rara vez
frec_pensado_suicidarse-9,a1212-No responde
frec_reuniones_clubes-1,a1513-Ninguno
frec_reuniones_clubes-2,a1513-1 vez
frec_reuniones_clubes-3,a1513-2 veces
frec_reuniones_clubes-4,a1513-3 veces
frec_reuniones_clubes-5,a1513-4 veces
frec_reuniones_clubes-6,a1513-5 veces
frec_reuniones_clubes-7,a1513-6 veces
frec_reuniones_clubes-8,a1513-7 veces ó más
frec_siente_aislado-1,a1516-Casi nunca (o nunca)
frec_siente_aislado-2,a1516-Algunas veces
frec_siente_aislado-3,a1516-Frecuentemente
frec_siente_excluido-1,a1515-Casi nunca (o nunca)
frec_siente_excluido-2,a1515-Algunas veces
frec_siente_excluido-3,a1515-Frecuentemente
frecuencia_uso_agua_no_potable-1,h0811-Nunca (0 veces en las últimas 4 semanas)
frecuencia_uso_agua_no_potable-2,h0811-Raramente (1-2 veces en las últimas 4 semanas)
frecuencia_uso_agua_no_potable-3,h0811-A veces (3-10 veces en las últimas 4 semanas)
frecuencia_uso_agua_no_potable-4,h0811-Frecuentemente (11-20 veces en las últimas 4 semana)
frecuencia_uso_agua_no_potable-5,h0811-Siempre (Más de 20 veces en las últimas 4 semanas)
frecuencia_uso_agua_no_potable-88,h0811-No aplica
frecuencia_uso_agua_no_potable-99,h0811-No sabe
fue_diagnosticado_covid-1,h1205-Sí
fue_diagnosticado_covid-2,h1205-No
fue_diagnosticado_covid-9,h1205-NS/NR
ha_pensado_suicidarse-1,a1211-Sí
ha_pensado_suicidarse-2,a1211-No
ha_pensado_suicidarse-9,a1211-No responde
hay_gel_trabajo-1,h1504-Muy frecuentemente
hay_gel_trabajo-2,h1504-Frecuentemente
hay_gel_trabajo-3,h1504-Ocasionalmente
hay_gel_trabajo-4,h1504-Rara vez
hay_gel_trabajo-5,h1504-Nunca
hay_jabon_trabajo-1,h1505-Muy frecuentemente
hay_jabon_trabajo-2,h1505-Frecuentemente
hay_jabon_trabajo-3,h1505-Ocasionalmente
hay_jabon_trabajo-4,h1505-Rara vez
hay_jabon_trabajo-5,h1505-Nunca
herido_proposito_suicidarse-1,"a1213-Sí, una vez"
herido_proposito_suicidarse-2,"a1213-Sí, 2 o más veces"
herido_proposito_suicidarse-3,a1213-Nunca
herido_suicidio_12meses-1,a1214-Sí
herido_suicidio_12meses-2,a1214-No
herido_suicidio_12meses-9,a1214-No responde
hmno_col_trig_alto-1,a0705h-SI.
hmno_col_trig_alto-2,a0705h-NO.
hmno_col_trig_alto-9,a0705h-NO SABE.
hmno_diab_azucar_alta-1,a0701h-SI.
hmno_diab_azucar_alta-2,a0701h-NO.
hmno_diab_azucar_alta-9,a0701h-NO SABE.
hmno_presion_alta-1,a0702h-SI.
hmno_presion_alta-2,a0702h-NO.
hmno_presion_alta-9,a0702h-NO SABE.
hmno_tuvo_infarto-1,a0703h-SI.
hmno_tuvo_infarto-2,a0703h-NO.
hmno_tuvo_infarto-9,a0703h-NO SABE.
hogar_compra_solo_uno-1,h1513-Muy frecuentemente
hogar_compra_solo_uno-2,h1513-Frecuentemente
hogar_compra_solo_uno-3,h1513-Ocasionalmente
hogar_compra_solo_uno-4,h1513-Rara vez
hogar_compra_solo_uno-5,h1513-Nunca
hogar_tiene_cocina-1,h0106-Sí
hogar_tiene_cocina-2,h0106-No
horarios_banio_escuela-1,h1103l-Sí
horarios_banio_escuela-2,h1103l-No
horarios_banio_escuela-3,h1103l-No Sabe
imc_clase-0,imc_clase-Bajo peso
imc_clase-1,imc_clase-Peso normal
imc_clase-2,imc_clase-Sobrepeso
imc_clase-3,imc_clase-Obeso
inf_estacional_dosis-1,a09121a-Sí.
inf_estacional_dosis-2,a09121a-NO.
inf_estacional_dosis_embarazada-1,a09122a-Sí.
inf_estacional_dosis_embarazada-2,a09122a-NO.
inf_estacional_dosis_institucion-1,a09121c-Seguro Social (IMSS).
inf_estacional_dosis_institucion-2,a09121c-ISSSTE.
inf_estacional_dosis_institucion-3,a09121c-ISSSTE Estatal.
inf_estacional_dosis_institucion-4,a09121c-Pemex.
inf_estacional_dosis_institucion-5,a09121c-Defensa.
inf_estacional_dosis_institucion-6,a09121c-Marina.
inf_estacional_dosis_institucion-7,a09121c-Centro de Salud u Hospital de la SSA.
inf_estacional_dosis_institucion-8,a09121c-IMSS Bienestar (antes Prospera).
inf_estacional_dosis_institucion-9,a09121c-Consultorios dependientes de farmacias.
inf_estacional_dosis_institucion-10,"a09121c-Consultorio, clínica u hospital privado."
inf_estacional_dosis_institucion-11,a09121c-Escuela.
inf_estacional_dosis_institucion-12,a09121c-Otro lugar (especifica).
inf_estacional_dosis_institucion-99,a09121c-No sabe / No recuerda.
inf_estacional_unica_dosis-1,a09241a-Sí.
inf_estacional_unica_dosis-2,a09241a-NO.
inf_estacional_unica_dosis_aplicacion-1,a09241c-Seguro Social (IMSS).
inf_estacional_unica_dosis_aplicacion-2,a09241c-ISSSTE.
inf_estacional_unica_dosis_aplicacion-3,a09241c-ISSSTE Estatal.
inf_estacional_unica_dosis_aplicacion-4,a09241c-Pemex.
inf_estacional_unica_dosis_aplicacion-5,a09241c-Defensa.
inf_estacional_unica_dosis_aplicacion-6,a09241c-Marina.
inf_estacional_unica_dosis_aplicacion-7,a09241c-Centro de Salud u Hospital de la SSA.
inf_estacional_unica_dosis_aplicacion-8,a09241c-IMSS Bienestar (antes Prospera).
inf_estacional_unica_dosis_aplicacion-9,a09241c-Consultorios dependientes de farmacias.
inf_estacional_unica_dosis_aplicacion-10,"a09241c-Consultorio, clínica u hospital privado."
inf_estacional_unica_dosis_aplicacion-11,a09241c-Escuela.
inf_estacional_unica_dosis_aplicacion-12,a09241c-Otro lugar (especifica).
inf_estacional_unica_dosis_aplicacion-99,a09241c-No sabe / No recuerda.
ingresos_totales-1,"h0327-1- 5,999 pesos"
ingresos_totales-2,"h0327-6,000-9,999 pesos"
ingresos_totales-3,"h0327-10,000-13,999 pesos"
ingresos_totales-4,"h0327-14,000-21,999 pesos"
ingresos_totales-5,"h0327-22,000 o más pesos"
ingresos_totales-6,h0327-No percibieron ingresos
ingresos_totales-8,h0327-No quiso responder
ingresos_totales-9,h0327-No sabe
institucion_atencion_violencia-1,a1206-Instituto Mexicano del Seguro Social (IMSS)
institucion_atencion_violencia-2,a1206-ISSSTE/ISSSTE Estatal
institucion_atencion_violencia-3,a1206-PEMEX
institucion_atencion_violencia-4,a1206-Defensa
institucion_atencion_violencia-5,a1206-Marina
institucion_atencion_violencia-6,a1206-Centro de salud u Hospital de la SSA
institucion_atencion_violencia-7,a1206-IMSS Bienestar (antes Oportunidades)
institucion_atencion_violencia-8,"a1206-DIF federal, estatal o municipal"
institucion_atencion_violencia-9,a1206-Cruz roja/cruz verde
institucion_atencion_violencia-10,a1206-Instituto Nacional de Salud
institucion_atencion_violencia-11,a1206-Organizaciones (ONG/OSC) que dan atención gratuita/Dispensar
institucion_atencion_violencia-12,a1206-Consultorio pertenecientes a farmacias/Farmacias con consult
institucion_atencion_violencia-13,a1206-Consultorio dentro de hospital privado
institucion_atencion_violencia-14,a1206-Área de urgencias/hospitalización dentro de hospital privado
institucion_atencion_violencia-15,a1206-Atención privada en torre de consultorios médicos o en una c
institucion_atencion_violencia-16,a1206-Consultorio en domicilio particular de médico privado
institucion_atencion_violencia-17,a1206-Atención privada en mi domicilio
institucion_atencion_violencia-18,"a1206-Atención privada vía remota (teléfono, mensajes de texto, te"
institucion_atencion_violencia-19,a1206-Médico laboral (médico de la empresa)
institucion_atencion_violencia-20,"a1206-Curandero, hierbero, naturista"
institucion_atencion_violencia-21,"a1206-Homeópata, acupunturista"
institucion_atencion_violencia-22,a1206-Otro (especifique)
institucion_atencion_violencia-23,a1206-No sabe/No recuerda
institucion_atencion_violencia-24,a1206-Ninguna
insulina_todos_dias-1,a0310-SÍ.
insulina_todos_dias-2,a0310-NO.
insulina_todos_dias-8,a0310-No responde.
jabon_lavado_manos-1,h0115-Sí
jabon_lavado_manos-2,h0115-No
jabon_lavado_manos-8,h0115-NS/NR
lavodo_manos_escuela-1,h1103g-Sí
lavodo_manos_escuela-2,h1103g-No
lavodo_manos_escuela-3,h1103g-No Sabe
leer_escribir_recado-1,h0318-Sí
leer_escribir_recado-2,h0318-No
lengua_espaniol-1,h0312-Sí
lengua_espaniol-2,h0312-No
lengua_indigena-1,h0311-Sí
lengua_indigena-2,h0311-No
lugar_atiende_presion-1,a0407-Instituto Mexicano del Seguro Social (IMSS).
lugar_atiende_presion-2,a0407-ISSSTE/ISSSTE Estatal.
lugar_atiende_presion-3,a0407-PEMEX.
lugar_atiende_presion-4,a0407-Defensa.
lugar_atiende_presion-5,a0407-Marina.
lugar_atiende_presion-6,a0407-Centro de Salud u Hospital de la SSA.
lugar_atiende_presion-7,a0407-IMSS Bienestar (antes Oportunidades).
lugar_atiende_presion-8,"a0407-DIF federal, estatal o municipal."
lugar_atiende_presion-9,a0407-Cruz Roja/Cruz Verde.
lugar_atiende_presion-10,a0407-Instituto Nacional de Salud.
lugar_atiende_presion-11,a0407-Organizaciones (ONG/OSC) que dan atención gratuita/Dispensar
lugar_atiende_presion-12,a0407-Consultorios pertenecientes a farmacias/Farmacias con consul
lugar_atiende_presion-13,a0407-Consultorio dentro de hospital privado.
lugar_atiende_presion-14,a0407-Área de urgencias/hospitalización dentro de hospital privado
lugar_atiende_presion-15,a0407-Atención privada en torre de consultorios médicos o en una c
lugar_atiende_presion-16,a0407-Consultorio en domicilio particular de médico privado.
lugar_atiende_presion-17,a0407-Atención privada en mi domicilio.
lugar_atiende_presion-18,"a0407-Atención privada vía remota (teléfono, mensajes de texto, te"
lugar_atiende_presion-19,a0407-Médico laboral (médico de la empresa).
lugar_atiende_presion-20,"a0407-Curandero, hierbero, naturista."
lugar_atiende_presion-21,"a0407-Homeópata, partera, acupunturista."
lugar_atiende_presion-22,a0407-Otro (especifique).
lugar_atiende_presion-23,a0407-No sabe / No recuerda.
lugar_atiende_presion-24,a0407-Ninguna.
lugar_cocinar_alimentos-1,h0107-en un pasillo o corredor?
lugar_cocinar_alimentos-2,h0107-en un tejabán o techito?
lugar_cocinar_alimentos-3,h0107-al aire libre?
lugar_cocinar_alimentos-4,h0107-¿No cocinan en esta vivienda?
lugar_encontraba_accidente-1,a1105-Hogar
lugar_encontraba_accidente-2,a1105-Escuela
lugar_encontraba_accidente-3,a1105-Trabajo
lugar_encontraba_accidente-4,a1105-Vía pública
lugar_encontraba_accidente-5,a1105-Campo
lugar_encontraba_accidente-6,"a1105-Antro, bar"
lugar_encontraba_accidente-7,a1105-Centro recreativo o deportivo
lugar_encontraba_accidente-8,a1105-Establecimiento comercial
lugar_encontraba_accidente-77,a1105-Otro (especifique)
lugar_encontraba_accidente-99,a1105-NS/NR
lugar_nacimiento-1,"h0306-Aquí, en este estado"
lugar_nacimiento-2,h0306-En otro estado
lugar_nacimiento-3,h0306-En Estados Unidos de América
lugar_nacimiento-4,h0306-En otro país
lugar_prueba_covid-1,h1203-Laboratorio o unidad de atención privada
lugar_prueba_covid-2,h1203-Kiosko o unidad de salud pública
lugar_prueba_covid-3,h1203-Prueba-auto-aplicada
lugar_prueba_covid-9,h1203-N/S/NR
lugar_violencia_fisica-1,a1204-Hogar
lugar_violencia_fisica-2,a1204-Escuela
lugar_violencia_fisica-3,a1204-Trabajo
lugar_violencia_fisica-4,a1204-Transporte público
lugar_violencia_fisica-5,a1204-Vía pública
lugar_violencia_fisica-6,a1204-Campo
lugar_violencia_fisica-7,a1204-Centro recreativo o deportivo
lugar_violencia_fisica-8,"a1204-Antro, bar"
lugar_violencia_fisica-9,a1204-Establecimiento comercial
lugar_violencia_fisica-77,a1204-Otro (especifique)
lugar_violencia_fisica-99,a1204-NS/NR
luz_electrica_vivienda-1,h0111-Sí
luz_electrica_vivienda-2,h0111-No
madre_col_trig_alto-1,a0705m-SI.
madre_col_trig_alto-2,a0705m-NO.
madre_col_trig_alto-9,a0705m-NO SABE.
madre_diab_azucar_alta-1,a0701m-SI.
madre_diab_azucar_alta-2,a0701m-NO.
madre_diab_azucar_alta-9,a0701m-NO SABE.
madre_presion_alta-1,a0702m-SI.
madre_presion_alta-2,a0702m-NO.
madre_presion_alta-9,a0702m-NO SABE.
madre_tuvo_infarto-1,a0703m-SI.
madre_tuvo_infarto-2,a0703m-NO.
madre_tuvo_infarto-9,a0703m-NO SABE.
materia_paredes_hogar-1,h0102-Material de desecho
materia_paredes_hogar-2,h0102-Lámina de cartón
materia_paredes_hogar-3,h0102-Lámina de asbesto o metálica
materia_paredes_hogar-4,"h0102-Carrizo, bambú o palma"
materia_paredes_hogar-5,"h0102-Embarro, bajareque o paja"
materia_paredes_hogar-6,h0102-Madera
materia_paredes_hogar-7,h0102-Adobe
materia_paredes_hogar-8,"h0102-Tabique, ladrillo,block, piedra, cantera, cemento o concreto"
material_piso_hogar-1,h0103-Tierra
material_piso_hogar-2,h0103-Cemento o firme
material_piso_hogar-3,"h0103-Madera, mosaico u otro recubrimiento"
material_techo_hogar-1,h0101-Material de desecho
material_techo_hogar-2,h0101-Lámina de cartón
material_techo_hogar-3,h0101-Lámina metálica
material_techo_hogar-4,h0101-Lámina de asbesto
material_techo_hogar-5,h0101-Palma o paja
material_techo_hogar-6,h0101-Madera o tejamanil
material_techo_hogar-7,h0101-Terrado con vigueria
material_techo_hogar-8,h0101-Teja
material_techo_hogar-9,h0101-Losa de concreto o viguetas con bovedilla
medicado_insulina_control_azucar-1,"a0307-Sí, solo insulina."
medicado_insulina_control_azucar-2,"a0307-Sí, solo pastillas."
medicado_insulina_control_azucar-3,"a0307-Sí, ambas."
medicado_insulina_control_azucar-4,a0307-Ninguno.
medicion_col_trig-1,a0603-SÍ.
medicion_col_trig-2,a0603-NO.
medicion_col_trig-9,a0603-No sabe.
medico_dicho_depresion-1,a0202-Sí
medico_dicho_depresion-2,a0202-No
medico_dicho_diabetes-1,a0301-SÍ.
medico_dicho_diabetes-2,"a0301-Sí, durante el embarazo  (solo mujeres, diabetes gestacional"
medico_dicho_diabetes-3,a0301-NO.
medidas_seguridad_escuela-1,h1103a-Sí
medidas_seguridad_escuela-2,h1103a-No
medidas_seguridad_escuela-3,h1103a-No Sabe
medio_calefaccion-1,h0123-Aparato o sistema de calefacción
medio_calefaccion-2,h0123-Calentón
medio_calefaccion-3,h0123-Resistencia
medio_calefaccion-4,h0123-Brasero
medio_calefaccion-5,h0123-Chimenea
medio_calefaccion-6,h0123-Otro
mes_diagnostico-1,h1207-Enero
mes_diagnostico-2,h1207-Febrero
mes_diagnostico-3,h1207-Marzo
mes_diagnostico-4,h1207-Abril
mes_diagnostico-5,h1207-Mayo
mes_diagnostico-6,h1207-Junio
mes_diagnostico-7,h1207-Julio
mes_diagnostico-8,h1207-Agosto
mes_diagnostico-9,h1207-Septiembre
mes_diagnostico-10,h1207-Octubre
mes_diagnostico-11,h1207-Noviembre
mes_diagnostico-12,h1207-Diciembre
mes_diagnostico-99,h1207-NS/NR
mes_nacimiento-1,h0304m-Enero
mes_nacimiento-2,h0304m-Febrero
mes_nacimiento-3,h0304m-Marzo
mes_nacimiento-4,h0304m-Abril
mes_nacimiento-5,h0304m-Mayo
mes_nacimiento-6,h0304m-Junio
mes_nacimiento-7,h0304m-Julio
mes_nacimiento-8,h0304m-Agosto
mes_nacimiento-9,h0304m-Septiembre
mes_nacimiento-10,h0304m-Octubre
mes_nacimiento-11,h0304m-Noviembre
mes_nacimiento-12,h0304m-Diciembre
mes_nacimiento-99,h0304m-No sabe
mes_regreso_al_trabajo-1,h1502m-Enero
mes_regreso_al_trabajo-2,h1502m-Febrero
mes_regreso_al_trabajo-3,h1502m-Marzo
mes_regreso_al_trabajo-4,h1502m-Abril
mes_regreso_al_trabajo-5,h1502m-Mayo
mes_regreso_al_trabajo-6,h1502m-Junio
mes_regreso_al_trabajo-7,h1502m-Julio
mes_regreso_al_trabajo-8,h1502m-Agosto
mes_regreso_al_trabajo-9,h1502m-Septiembre
mes_regreso_al_trabajo-10,h1502m-Octubre
mes_regreso_al_trabajo-11,h1502m-Noviembre
mes_regreso_al_trabajo-12,h1502m-Diciembre
mes_regreso_al_trabajo-66,h1502m-Nunca dejó de asistir a su trabajo
mes_vacuna_primera_dosis-1,h16041m-Enero
mes_vacuna_primera_dosis-2,h16041m-Febrero
mes_vacuna_primera_dosis-3,h16041m-Marzo
mes_vacuna_primera_dosis-4,h16041m-Abril
mes_vacuna_primera_dosis-5,h16041m-Mayo
mes_vacuna_primera_dosis-6,h16041m-Junio
mes_vacuna_primera_dosis-7,h16041m-Julio
mes_vacuna_primera_dosis-8,h16041m-Agosto
mes_vacuna_primera_dosis-9,h16041m-Septiembre
mes_vacuna_primera_dosis-10,h16041m-Octubre
mes_vacuna_primera_dosis-11,h16041m-Noviembre
mes_vacuna_primera_dosis-12,h16041m-Diciembre
mes_vacuna_primera_dosis-99,h16041m-No recuerda
mes_vacuna_segunda_dosis-1,h16042m-Enero
mes_vacuna_segunda_dosis-2,h16042m-Febrero
mes_vacuna_segunda_dosis-3,h16042m-Marzo
mes_vacuna_segunda_dosis-4,h16042m-Abril
mes_vacuna_segunda_dosis-5,h16042m-Mayo
mes_vacuna_segunda_dosis-6,h16042m-Junio
mes_vacuna_segunda_dosis-7,h16042m-Julio
mes_vacuna_segunda_dosis-8,h16042m-Agosto
mes_vacuna_segunda_dosis-9,h16042m-Septiembre
mes_vacuna_segunda_dosis-10,h16042m-Octubre
mes_vacuna_segunda_dosis-11,h16042m-Noviembre
mes_vacuna_segunda_dosis-12,h16042m-Diciembre
mes_vacuna_segunda_dosis-99,h16042m-No recuerda
mes_vacuna_unica_dosis-1,h1604um-Enero
mes_vacuna_unica_dosis-2,h1604um-Febrero
mes_vacuna_unica_dosis-3,h1604um-Marzo
mes_vacuna_unica_dosis-4,h1604um-Abril
mes_vacuna_unica_dosis-5,h1604um-Mayo
mes_vacuna_unica_dosis-6,h1604um-Junio
mes_vacuna_unica_dosis-7,h1604um-Julio
mes_vacuna_unica_dosis-8,h1604um-Agosto
mes_vacuna_unica_dosis-9,h1604um-Septiembre
mes_vacuna_unica_dosis-10,h1604um-Octubre
mes_vacuna_unica_dosis-11,h1604um-Noviembre
mes_vacuna_unica_dosis-12,h1604um-Diciembre
mes_vacuna_unica_dosis-99,h1604um-No recuerda
meses_embarazo-99,an07-No sabe
molestia_1_post_vacuna-1,h1606a-Dolor en el brazo
molestia_1_post_vacuna-2,h1606a-Dolor de cabeza
molestia_1_post_vacuna-3,h1606a-Fiebre
molestia_1_post_vacuna-4,h1606a-Cansancio
molestia_1_post_vacuna-5,h1606a-Dolor de cuerpo
molestia_1_post_vacuna-6,h1606a-Otro (especificar)
molestia_1_post_vacuna-7,h1606a-No tuve ninguna molestia
molestia_1_post_vacuna-8,h1606a-NS/NR
molestia_2_post_vacuna-1,h1606b-Dolor en el brazo
molestia_2_post_vacuna-2,h1606b-Dolor de cabeza
molestia_2_post_vacuna-3,h1606b-Fiebre
molestia_2_post_vacuna-4,h1606b-Cansancio
molestia_2_post_vacuna-5,h1606b-Dolor de cuerpo
molestia_2_post_vacuna-6,h1606b-Otro (especificar)
molestia_2_post_vacuna-7,h1606b-No tuve ninguna molestia
molestia_2_post_vacuna-8,h1606b-NS/NR
molestia_3_post_vacuna-1,h1606c-Dolor en el brazo
molestia_3_post_vacuna-2,h1606c-Dolor de cabeza
molestia_3_post_vacuna-3,h1606c-Fiebre
molestia_3_post_vacuna-4,h1606c-Cansancio
molestia_3_post_vacuna-5,h1606c-Dolor de cuerpo
molestia_3_post_vacuna-6,h1606c-Otro (especificar)
molestia_3_post_vacuna-7,h1606c-No tuve ninguna molestia
molestia_3_post_vacuna-8,h1606c-NS/NR
molestia_4_post_vacuna-1,h1606d-Dolor en el brazo
molestia_4_post_vacuna-2,h1606d-Dolor de cabeza
molestia_4_post_vacuna-3,h1606d-Fiebre
molestia_4_post_vacuna-4,h1606d-Cansancio
molestia_4_post_vacuna-5,h1606d-Dolor de cuerpo
molestia_4_post_vacuna-6,h1606d-Otro (especificar)
molestia_4_post_vacuna-7,h1606d-No tuve ninguna molestia
molestia_4_post_vacuna-8,h1606d-NS/NR
molestia_5_post_vacuna-1,h1606e1-Dolor en el brazo
molestia_5_post_vacuna-2,h1606e1-Dolor de cabeza
molestia_5_post_vacuna-3,h1606e1-Fiebre
molestia_5_post_vacuna-4,h1606e1-Cansancio
molestia_5_post_vacuna-5,h1606e1-Dolor de cuerpo
molestia_5_post_vacuna-6,h1606e1-Otro (especificar)
molestia_5_post_vacuna-7,h1606e1-No tuve ninguna molestia
molestia_5_post_vacuna-8,h1606e1-NS/NR
molestias_falta_agua-1,h0809-Nunca (0 veces en las últimas 4 semanas)
molestias_falta_agua-2,h0809-Raramente (1-2 veces en las últimas 4 semanas)
molestias_falta_agua-3,h0809-A veces (3-10 veces en las últimas 4 semanas)
molestias_falta_agua-4,h0809-Frecuentemente (11-20 veces en las últimas 4 semana)
molestias_falta_agua-5,h0809-Siempre (Más de 20 veces en las últimas 4 semanas)
molestias_falta_agua-88,h0809-No aplica
molestias_falta_agua-99,h0809-No sabe
mostrar_cartilla_vacunacion-1,a0914-Sí mostró la Cartilla Nacional de Salud (Adultos mayores de
mostrar_cartilla_vacunacion-2,a0914-Sí mostró documento probatorio o comprobante.
mostrar_cartilla_vacunacion-3,"a0914-Sí la tiene, pero no la mostró."
mostrar_cartilla_vacunacion-4,a0914-No tiene cartilla.
mostrar_cartilla_vacunacion-5,"a0914-Sí mostró la Cartilla, pero no tiene información."
motivo_1_no_atencion-1,h0405a-Decidió que no era necesario buscar atención porque no era t
motivo_1_no_atencion-2,h0405a-No hay dónde atenderse
motivo_1_no_atencion-3,h0405a-Está muy lejos el lugar más cercano donde se brinda atención
motivo_1_no_atencion-4,h0405a-Es caro / No tenía dinero
motivo_1_no_atencion-5,h0405a-No había servicio en el horario en que lo necesitaba
motivo_1_no_atencion-6,h0405a-No tuvo tiempo
motivo_1_no_atencion-7,h0405a-No tuvo quién lo(a) llevara o acompañara
motivo_1_no_atencion-8,h0405a-Quien brinda la atención no me inspira confianza / no es ama
motivo_1_no_atencion-9,h0405a-Los trámites son muy tardados
motivo_1_no_atencion-10,"h0405a-El tiempo de espera para pasar a consulta, por lo común, es"
motivo_1_no_atencion-11,h0405a-Miedo a contraer COVID-19/miedo a salir de casa
motivo_1_no_atencion-12,h0405a-Me reprogramaron la cita
motivo_1_no_atencion-13,h0405a-Otro (especifica)
motivo_1_no_atencion-99,h0405a-No sabe
motivo_no_mostrar_cartilla-1,a0915-No se la han dado.
motivo_no_mostrar_cartilla-2,a0915-La extravió.
motivo_no_mostrar_cartilla-3,a0915-No le han dado la reposición.
motivo_no_mostrar_cartilla-4,a0915-No la tiene disponible en este momento.
motivo_no_mostrar_cartilla-5,a0915-Vivienda afectada por sismo u otro desastre natural.
motivo_no_mostrar_cartilla-6,a0915-Otra.
motivo_no_mostrar_cartilla-9,a0915-No sabe.
motivo_no_vacunacion-1,h1607-No he (ha) sido elegible
motivo_no_vacunacion-2,h1607-Sí me (le) toca/soy (es) elegible pero no ha llegado la vacu
motivo_no_vacunacion-3,h1607-Creo(e) que la vacuna no sirve
motivo_no_vacunacion-4,h1607-Creo(e) que la vacuna tiene efectos adversos/consecuencias n
motivo_no_vacunacion-5,h1607-Me (Le) quedaba muy lejos
motivo_no_vacunacion-6,h1607-La fila era muy larga
motivo_no_vacunacion-7,"h1607-COVID no es un problema, no existe"
motivo_no_vacunacion-8,"h1607-Prefiero(e) esperar, ver cómo avanza esto"
motivo_no_vacunacion-9,"h1607-No confío(a) en el sistema, en el gobierno"
motivo_no_vacunacion-10,h1607-Porque no me(le) dejaron salir en mi(su) trabajo
motivo_no_vacunacion-11,h1607-Porque tengo (tiene) una discapacidad
motivo_no_vacunacion-12,h1607-Porque no tuve(o) quién me(le) acompañara
motivo_no_vacunacion-88,h1607-Otro (especificar)
motivo_violencia_1-1,a1203a-Robo o asalto
motivo_violencia_1-2,a1203a-Incidente de tránsito
motivo_violencia_1-3,a1203a-Riña con desconocidos
motivo_violencia_1-4,a1203a-Riña con conocidos
motivo_violencia_1-5,a1203a-Secuestro
motivo_violencia_1-6,a1203a-Detención
motivo_violencia_1-10,a1203a-Violencia familiar
motivo_violencia_1-11,a1203a-Violencia por novio/pareja/esposo
motivo_violencia_1-12,a1203a-Intento de suicidio
motivo_violencia_1-77,a1203a-Otro (especifique)
motivo_violencia_1-99,a1203a-NS/NR
muestra_jabon-1,"h0116-Sí, mostrado"
muestra_jabon-2,"h0116-No, mostrado"
municipio_aplicacion-1,h1603-En el municipio donde actualmente vivo
municipio_aplicacion-2,h1603-En otro lugar (especificar)
necesidad_atendida-1,h0406-Sí
necesidad_atendida-2,h0406-No
necesidad_salud-1,h0401-Sí
necesidad_salud-2,h0401-No
neumo_revacuna_dosis_administrada-1,a09223a-Sí.
neumo_revacuna_dosis_administrada-2,a09223a-NO.
neumo_unica_dosis-1,a09221a-Sí.
neumo_unica_dosis-2,a09221a-NO.
neumo_unica_dosis_administrada-1,a09222a-Sí.
neumo_unica_dosis_administrada-2,a09222a-NO.
neumo_unica_dosis_institucion-1,a09221c-Seguro Social (IMSS).
neumo_unica_dosis_institucion-2,a09221c-ISSSTE.
neumo_unica_dosis_institucion-3,a09221c-ISSSTE Estatal.
neumo_unica_dosis_institucion-4,a09221c-Pemex.
neumo_unica_dosis_institucion-5,a09221c-Defensa.
neumo_unica_dosis_institucion-6,a09221c-Marina.
neumo_unica_dosis_institucion-7,a09221c-Centro de Salud u Hospital de la SSA.
neumo_unica_dosis_institucion-8,a09221c-IMSS Bienestar (antes Prospera).
neumo_unica_dosis_institucion-9,a09221c-Consultorios dependientes de farmacias.
neumo_unica_dosis_institucion-10,"a09221c-Consultorio, clínica u hospital privado."
neumo_unica_dosis_institucion-11,a09221c-Escuela.
neumo_unica_dosis_institucion-12,a09221c-Otro lugar (especifica).
neumo_unica_dosis_institucion-99,a09221c-No sabe / No recuerda.
no_banio_falta_agua-1,h0807-Nunca (0 veces en las últimas 4 semanas)
no_banio_falta_agua-2,h0807-Raramente (1-2 veces en las últimas 4 semanas)
no_banio_falta_agua-3,h0807-A veces (3-10 veces en las últimas 4 semanas)
no_banio_falta_agua-4,h0807-Frecuentemente (11-20 veces en las últimas 4 semana)
no_banio_falta_agua-5,h0807-Siempre (Más de 20 veces en las últimas 4 semanas)
no_banio_falta_agua-88,h0807-No aplica
no_banio_falta_agua-99,h0807-No sabe
no_comio_alimentos_adulto-1,h0705-Sí
no_comio_alimentos_adulto-2,h0705-No
no_comio_alimentos_adulto-8,h0705-No responde
no_comio_alimentos_adulto-9,h0705-No sabe
no_comio_alimentos_menor-1,h0712-Sí
no_comio_alimentos_menor-2,h0712-No
no_comio_alimentos_menor-8,h0712-No responde
no_comio_alimentos_menor-9,h0712-No sabe
no_durmio_falta_agua-1,h0810-Nunca (0 veces en las últimas 4 semanas)
no_durmio_falta_agua-2,h0810-Raramente (1-2 veces en las últimas 4 semanas)
no_durmio_falta_agua-3,h0810-A veces (3-10 veces en las últimas 4 semanas)
no_durmio_falta_agua-4,h0810-Frecuentemente (11-20 veces en las últimas 4 semana)
no_durmio_falta_agua-5,h0810-Siempre (Más de 20 veces en las últimas 4 semanas)
no_durmio_falta_agua-88,h0810-No aplica
no_durmio_falta_agua-99,h0810-No sabe
no_lavado_manos_falta_agua-1,h0806-Nunca (0 veces en las últimas 4 semanas)
no_lavado_manos_falta_agua-2,h0806-Raramente (1-2 veces en las últimas 4 semanas)
no_lavado_manos_falta_agua-3,h0806-A veces (3-10 veces en las últimas 4 semanas)
no_lavado_manos_falta_agua-4,h0806-Frecuentemente (11-20 veces en las últimas 4 semana)
no_lavado_manos_falta_agua-5,h0806-Siempre (Más de 20 veces en las últimas 4 semanas)
no_lavado_manos_falta_agua-88,h0806-No aplica
no_lavado_manos_falta_agua-99,h0806-No sabe
no_pudo_beber_agua-1,h0808-Nunca (0 veces en las últimas 4 semanas)
no_pudo_beber_agua-2,h0808-Raramente (1-2 veces en las últimas 4 semanas)
no_pudo_beber_agua-3,h0808-A veces (3-10 veces en las últimas 4 semanas)
no_pudo_beber_agua-4,h0808-Frecuentemente (11-20 veces en las últimas 4 semana)
no_pudo_beber_agua-5,h0808-Siempre (Más de 20 veces en las últimas 4 semanas)
no_pudo_beber_agua-88,h0808-No aplica
no_pudo_beber_agua-99,h0808-No sabe
obesidad-1,obesidad-SÍ.
obesidad-0,obesidad-NO.
obtuvo_resultado_covid-1,"h1204-Sí, positivo"
obtuvo_resultado_covid-2,"h1204-Sí, negativo"
obtuvo_resultado_covid-3,h1204-No me entregaron el resultado
origen_agua_entubada-1,h0113-del servicio público de agua?
origen_agua_entubada-2,h0113-de un pozo?
origen_agua_entubada-3,h0113-de una pipa?
origen_agua_entubada-4,h0113-de otra vivienda?
origen_agua_entubada-5,h0113-de otro lugar?
otras_vacunas-1,o_vac1-Sí
otras_vacunas-2,o_vac1-No
otras_vacunas_2-1,o_vac11-Sí
otras_vacunas_2-2,o_vac11-No
otro_apoyo-1,h0601p-Sí
otro_apoyo-2,h0601p-No
otro_apoyo-9,h0601p-No Sabe
otro_origen_agua-1,h0114-la sacan o acarrean de un pozo?
otro_origen_agua-2,h0114-la acarrean de una toma o llave comunitaria?
otro_origen_agua-3,h0114-la traen de otra vivienda?
otro_origen_agua-4,h0114-la trae una pipa?
otro_origen_agua-5,"h0114-la acarrean de un río, arroyo o lago?"
otro_origen_agua-6,h0114-la captan de la lluvia?
otro_trabajo_semana_pasada-1,h0322-ayudó en un negocio familiar?
otro_trabajo_semana_pasada-2,h0322-vendió o hizo algún producto para vender?
otro_trabajo_semana_pasada-3,h0322-ayudó en las labores del campo o en la cría de animales?
otro_trabajo_semana_pasada-4,"h0322-a cambio de un pago, realizó otro tipo de actividad? (cortar"
otro_trabajo_semana_pasada-5,"h0322-tenia trabajo, pero estuvo ausente?"
otro_trabajo_semana_pasada-6,"h0322-no ayudó, ni trabajo?"
padre_col_trig_alto-1,a0705p-SI.
padre_col_trig_alto-2,a0705p-NO.
padre_col_trig_alto-9,a0705p-NO SABE.
padre_diab_azucar_alta-1,a0702p-SI.
padre_diab_azucar_alta-2,a0702p-NO.
padre_diab_azucar_alta-9,a0702p-NO SABE.
padre_presion_alta-1,a0701p-SI.
padre_presion_alta-2,a0701p-NO.
padre_presion_alta-9,a0701p-NO SABE.
padre_tuvo_infarto-1,a0703p-SI.
padre_tuvo_infarto-2,a0703p-NO.
padre_tuvo_infarto-9,a0703p-NO SABE.
parentezco-1,h0305-Jefa(e)
parentezco-2,h0305-Esposa(o) o pareja
parentezco-3,h0305-Hija(o)
parentezco-4,h0305-Nieta(o)
parentezco-5,h0305-Nuera o yerno
parentezco-6,h0305-Madre o Padre
parentezco-7,h0305-Suegra(o)
parentezco-8,h0305-Otro
parentezco-9,h0305-Sin parentesco
perdio_peso-1,an10-No ha habido pérdida de peso
perdio_peso-2,an10-Pérdida de peso entre 1 y 3 kg
perdio_peso-3,an10-Pérdida de peso mayor a 3 kg
perdio_peso-8,an10-No responde
perdio_peso-9,an10-No sabe
perdion_peso_intensional-1,a0109-SI.
perdion_peso_intensional-2,a0109-NO.
persona_que_violento-1,a1209-Pareja
persona_que_violento-2,a1209-Familiar
persona_que_violento-3,a1209-Amigo(a)
persona_que_violento-4,a1209-Novio(a)
persona_que_violento-5,a1209-Vecino(a) u otro(a) conocido(a)
persona_que_violento-6,a1209-Desconocido(a)
persona_que_violento-7,a1209-Policia
persona_que_violento-9,a1209-No responde
personas_5_menos-1,h0901b-Sí
personas_5_menos-2,h0901b-No
personas_60_mas-1,h0901a-Sí
personas_60_mas-2,h0901a-No
personas_embarazadas-1,h0901c-Sí
personas_embarazadas-2,h0901c-No
peso_normal-1,peso_normal-SÍ.
peso_normal-0,peso_normal-NO.
poca_variedad_alimentos_adulto-1,h0704-Sí
poca_variedad_alimentos_adulto-2,h0704-No
poca_variedad_alimentos_adulto-8,h0704-No responde
poca_variedad_alimentos_adulto-9,h0704-No sabe
poca_variedad_alimentos_menor-1,h0711-Sí
poca_variedad_alimentos_menor-2,h0711-No
poca_variedad_alimentos_menor-8,h0711-No responde
poca_variedad_alimentos_menor-9,h0711-No sabe
por_que_no_vacunarse-1,h1609-Creo(e) que la vacuna no sirve
por_que_no_vacunarse-2,h1609-Creo(e) que la vacuna tiene efectos adversos/consecuencias n
por_que_no_vacunarse-3,h1609-Me(Le) quedaría muy lejos el lugar donde las aplican
por_que_no_vacunarse-4,h1609-Las filas son muy largas
por_que_no_vacunarse-5,"h1609-COVID no es un problema, no existe"
por_que_no_vacunarse-6,"h1609-Prefiero(e) esperar, ver cómo avanza esto"
por_que_no_vacunarse-7,"h1609-No confío(a) en el sistema, en el gobierno"
por_que_no_vacunarse-8,h1609-Porque no me(le) dejarían salir en mi(su) trabajo
por_que_no_vacunarse-9,h1609-Porque tengo (tiene) una discapacidad
por_que_no_vacunarse-10,h1609-Porque no tengo (tiene) quién me(le) acompañe
por_que_no_vacunarse-88,h1609-Otro (especificar)
pos_parto_anticoncepcion-1,a0821h-Si.
pos_parto_anticoncepcion-2,a0821h-No.
pos_parto_anticoncepcion-9,a0821h-NS/NR.
pos_parto_anticonceptivo-1,a0822-Antes de salir del hospital.
pos_parto_anticonceptivo-2,a0822-Durante el primer mes después de haber salido del hospital.
pos_parto_anticonceptivo-3,a0822-Después del primer mes.
pos_parto_anticonceptivo-8,a0822-No recuerda en qué momento.
pos_parto_anticonceptivo-9,a0822-NS/NR.
pos_parto_coagulos-1,a0821d-Si.
pos_parto_coagulos-2,a0821d-No.
pos_parto_coagulos-9,a0821d-NS/NR.
pos_parto_cual_anticonceptivo-1,a0823-Condón o preservativo masculino.
pos_parto_cual_anticonceptivo-2,a0823-Condón femenino.
pos_parto_cual_anticonceptivo-3,a0823-Pastillas o píldoras.
pos_parto_cual_anticonceptivo-4,a0823-Inyecciones.
pos_parto_cual_anticonceptivo-5,a0823-Parche anticonceptivo.
pos_parto_cual_anticonceptivo-6,"a0823-Dispositivo, DIU o aparato."
pos_parto_cual_anticonceptivo-7,"a0823-Implantes, tubos o norplant."
pos_parto_cual_anticonceptivo-8,"a0823-Óvulos, jaleas, espuma o diafragma."
pos_parto_cual_anticonceptivo-9,"a0823-Operación femenina, OTB o ligadura de trompas."
pos_parto_cual_anticonceptivo-10,a0823-Operación masculina o vasectomía.
pos_parto_cual_anticonceptivo-77,a0823-Otro (especifique).
pos_parto_cual_anticonceptivo-88,a0823-No recuerda.
pos_parto_cual_anticonceptivo-99,a0823-NS/NR.
pos_parto_depresion-1,a0821i-Si.
pos_parto_depresion-2,a0821i-No.
pos_parto_depresion-9,a0821i-NS/NR.
pos_parto_hemorragia-1,a0821a-Si.
pos_parto_hemorragia-2,a0821a-No.
pos_parto_hemorragia-9,a0821a-NS/NR.
pos_parto_higiene_manos-1,a0821g-Si.
pos_parto_higiene_manos-2,a0821g-No.
pos_parto_higiene_manos-9,a0821g-NS/NR.
pos_parto_inf_dormir_bebe-1,a0821j-Si.
pos_parto_inf_dormir_bebe-2,a0821j-No.
pos_parto_inf_dormir_bebe-9,a0821j-NS/NR.
pos_parto_inf_lactancia-1,a0821f-Si.
pos_parto_inf_lactancia-2,a0821f-No.
pos_parto_inf_lactancia-9,a0821f-NS/NR.
pos_parto_infecciones-1,a0821c-Si.
pos_parto_infecciones-2,a0821c-No.
pos_parto_infecciones-9,a0821c-NS/NR.
pos_parto_nutricion-1,a0821e-Si.
pos_parto_nutricion-2,a0821e-No.
pos_parto_nutricion-9,a0821e-NS/NR.
pos_parto_presion_alta-1,a0821b-Si.
pos_parto_presion_alta-2,a0821b-No.
pos_parto_presion_alta-9,a0821b-NS/NR.
potencian_trabajo_distancia-1,h1507-Muy frecuentemente
potencian_trabajo_distancia-2,h1507-Frecuentemente
potencian_trabajo_distancia-3,h1507-Ocasionalmente
potencian_trabajo_distancia-4,h1507-Rara vez
potencian_trabajo_distancia-5,h1507-Nunca
pq_no_tiene_cartilla-1,a0902-No se la han dado.
pq_no_tiene_cartilla-2,a0902-La extravió.
pq_no_tiene_cartilla-3,a0902-No le han dado la reposición.
pq_no_tiene_cartilla-4,a0902-No la tiene disponible en este momento.
pq_no_tiene_cartilla-5,a0902-Vivienda afectada por sismo u otro desastre Natural.
pq_no_tiene_cartilla-6,a0902-Otra.
pq_no_tiene_cartilla-9,a0902-No  sabe.
pq_no_tiene_infor_cartilla-1,a0903-No se ha vacunado.
pq_no_tiene_infor_cartilla-2,"a0903-Se vacunó, tiene documento probatorio o comprobante, pero no"
pq_no_tiene_infor_cartilla-3,a0903-No sabe / No responde.
preocupacion_acceso_agua-1,h0801-Nunca (0 veces en las últimas 4 semanas)
preocupacion_acceso_agua-2,h0801-Raramente (1-2 veces en las últimas 4 semanas)
preocupacion_acceso_agua-3,h0801-A veces (3-10 veces en las últimas 4 semanas)
preocupacion_acceso_agua-4,h0801-Frecuentemente (11-20 veces en las últimas 4 semana)
preocupacion_acceso_agua-5,h0801-Siempre (Más de 20 veces en las últimas 4 semanas)
preocupacion_acceso_agua-88,h0801-No aplica
preocupacion_acceso_agua-99,h0801-No sabe
primera_rel_sex_evita_enf_1-1,a0803a-Condón o preservativo masculino.
primera_rel_sex_evita_enf_1-2,a0803a-Condón femenino.
primera_rel_sex_evita_enf_1-3,a0803a-Pastillas de anticoncepción de emergencia o del día siguient
primera_rel_sex_evita_enf_1-4,a0803a-Pastillas o píldoras.
primera_rel_sex_evita_enf_1-5,a0803a-Inyecciones.
primera_rel_sex_evita_enf_1-6,a0803a-Parche anticonceptivo.
primera_rel_sex_evita_enf_1-7,"a0803a-Dispositivo, DIU o aparato."
primera_rel_sex_evita_enf_1-8,"a0803a-Implantes, tubos o norplant."
primera_rel_sex_evita_enf_1-9,"a0803a-Óvulos, jaleas, espuma o diafragma."
primera_rel_sex_evita_enf_1-10,"a0803a-Ritmo, calendario, termómetro, Billings."
primera_rel_sex_evita_enf_1-11,a0803a-Retiro o coito interrumpido.
primera_rel_sex_evita_enf_1-14,a0803a-Nada.
primera_rel_sex_evita_enf_1-77,a0803a-Otro (especifique).
primera_rel_sex_evita_enf_1-88,a0803a-No recuerda.
primera_rel_sex_evita_enf_1-99,a0803a-NS/NR.
primera_rel_sex_evita_enf_2-1,a0803b-Condón o preservativo masculino.
primera_rel_sex_evita_enf_2-2,a0803b-Condón femenino.
primera_rel_sex_evita_enf_2-3,a0803b-Pastillas de anticoncepción de emergencia o del día siguient
primera_rel_sex_evita_enf_2-4,a0803b-Pastillas o píldoras.
primera_rel_sex_evita_enf_2-5,a0803b-Inyecciones.
primera_rel_sex_evita_enf_2-6,a0803b-Parche anticonceptivo.
primera_rel_sex_evita_enf_2-7,"a0803b-Dispositivo, DIU o aparato."
primera_rel_sex_evita_enf_2-8,"a0803b-Implantes, tubos o norplant."
primera_rel_sex_evita_enf_2-9,"a0803b-Óvulos, jaleas, espuma o diafragma."
primera_rel_sex_evita_enf_2-10,"a0803b-Ritmo, calendario, termómetro, Billings."
primera_rel_sex_evita_enf_2-11,a0803b-Retiro o coito interrumpido.
primera_rel_sex_evita_enf_2-14,a0803b-Nada.
primera_rel_sex_evita_enf_2-77,a0803b-Otro (especifique).
primera_rel_sex_evita_enf_2-88,a0803b-No recuerda.
primera_rel_sex_evita_enf_2-99,a0803b-NS/NR.
problema_salud_x_accidente-1,a1109-Ningún problema
problema_salud_x_accidente-2,a1109-Limitación o dificultad para moverse o caminar (o lo hace co
problema_salud_x_accidente-3,a1109-Limitación o dificultad para usar sus brazos y manos
problema_salud_x_accidente-4,a1109-Dificultad para oír
problema_salud_x_accidente-5,a1109-Dificultad para hablar
problema_salud_x_accidente-6,a1109-Dificultar para ver o ceguera
problema_salud_x_accidente-7,a1109-Otra limitación física o mental (especifique)
problema_salud_x_accidente-9,a1109-NS/NR
problema_salud_x_violencia-1,a1208-Ningún problema
problema_salud_x_violencia-2,a1208-Limitación o dificultad para moverse o caminar (o lo hace co
problema_salud_x_violencia-3,a1208-Limitación o dificultad para usar sus brazos y manos
problema_salud_x_violencia-4,a1208-Dificultad para oír
problema_salud_x_violencia-5,a1208-Dificultad para hablar
problema_salud_x_violencia-6,a1208-Dificultar para ver o ceguera
problema_salud_x_violencia-7,a1208-Otra limitación física o mental (especifique)
problema_salud_x_violencia-9,a1208-NS/NR
propietario_vivienda-1,h0125-es rentada?
propietario_vivienda-2,h0125-es prestada?
propietario_vivienda-3,h0125-es propia pero la están pagando?
propietario_vivienda-4,h0125-es propia?
propietario_vivienda-5,h0125-está intestada o en litigio?
propietario_vivienda-6,h0125-está en otra situación?
prueba_cancer-1,a1001d-Sí
prueba_cancer-2,a1001d-No
prueba_cancer_algun_sintoma-1,a1003d-Sí
prueba_cancer_algun_sintoma-2,a1003d-No
prueba_cancer_diagnostico-1,a1005d-Positivo
prueba_cancer_diagnostico-2,a1005d-Bien o Negativo
prueba_cancer_diagnostico-8,a1005d-No responde
prueba_cancer_diagnostico-9,a1005d-No sabe
prueba_cancer_institucion-1,a1002d-IMSS Prospera
prueba_cancer_institucion-2,a1002d-IMSS
prueba_cancer_institucion-3,a1002d-Secretaria de Salud
prueba_cancer_institucion-4,a1002d-Seguro Popular (SSA)
prueba_cancer_institucion-5,"a1002d-DIF, Cruz Roja, INI"
prueba_cancer_institucion-6,"a1002d-ISSSTE, ISSSTE Estatal"
prueba_cancer_institucion-7,"a1002d-Marina, Defensa, Pemex"
prueba_cancer_institucion-8,"a1002d-Consultorio, clinica u hospital privado"
prueba_cancer_institucion-9,a1002d-Hospital Civil
prueba_cancer_institucion-10,a1002d-Instituciones nacionales
prueba_cancer_institucion-11,a1002d-Consultorios dependientes de farmacias
prueba_cancer_institucion-12,a1002d-Otra institución
prueba_cancer_institucion-99,a1002d-Nos sabe
prueba_cancer_prostata-1,a1001j-Sí
prueba_cancer_prostata-2,a1001j-No
prueba_cancer_prostata_diagnostico-1,a1005j-Positivo
prueba_cancer_prostata_diagnostico-2,a1005j-Bien o Negativo
prueba_cancer_prostata_diagnostico-8,a1005j-No responde
prueba_cancer_prostata_diagnostico-9,a1005j-No sabe
prueba_cancer_prostata_institucion-1,a1002j-IMSS Prospera
prueba_cancer_prostata_institucion-2,a1002j-IMSS
prueba_cancer_prostata_institucion-3,a1002j-Secretaria de Salud
prueba_cancer_prostata_institucion-4,a1002j-Seguro Popular (SSA)
prueba_cancer_prostata_institucion-5,"a1002j-DIF, Cruz Roja, INI"
prueba_cancer_prostata_institucion-6,"a1002j-ISSSTE, ISSSTE Estatal"
prueba_cancer_prostata_institucion-7,"a1002j-Marina, Defensa, Pemex"
prueba_cancer_prostata_institucion-8,"a1002j-Consultorio, clinica u hospital privado"
prueba_cancer_prostata_institucion-9,a1002j-Hospital Civil
prueba_cancer_prostata_institucion-10,a1002j-Instituciones nacionales
prueba_cancer_prostata_institucion-11,a1002j-Consultorios dependientes de farmacias
prueba_cancer_prostata_institucion-12,a1002j-Otra institución
prueba_cancer_prostata_institucion-99,a1002j-Nos sabe
prueba_cancer_prostata_resultado-1,a1004j-Sí
prueba_cancer_prostata_resultado-2,a1004j-No
prueba_cancer_prostata_sintoma-1,a1003j-Sí
prueba_cancer_prostata_sintoma-2,a1003j-No
prueba_cancer_resultados-1,a1004d-Sí
prueba_cancer_resultados-2,a1004d-No
prueba_col_trig-1,a1001i-Sí
prueba_col_trig-2,a1001i-No
prueba_col_trig_diagnostico-1,a1005i-Positivo
prueba_col_trig_diagnostico-2,a1005i-Bien o Negativo
prueba_col_trig_diagnostico-8,a1005i-No responde
prueba_col_trig_diagnostico-9,a1005i-No sabe
prueba_col_trig_institucion-1,a1002i-IMSS Prospera
prueba_col_trig_institucion-2,a1002i-IMSS
prueba_col_trig_institucion-3,a1002i-Secretaria de Salud
prueba_col_trig_institucion-4,a1002i-Seguro Popular (SSA)
prueba_col_trig_institucion-5,"a1002i-DIF, Cruz Roja, INI"
prueba_col_trig_institucion-6,"a1002i-ISSSTE, ISSSTE Estatal"
prueba_col_trig_institucion-7,"a1002i-Marina, Defensa, Pemex"
prueba_col_trig_institucion-8,"a1002i-Consultorio, clinica u hospital privado"
prueba_col_trig_institucion-9,a1002i-Hospital Civil
prueba_col_trig_institucion-10,a1002i-Instituciones nacionales
prueba_col_trig_institucion-11,a1002i-Consultorios dependientes de farmacias
prueba_col_trig_institucion-12,a1002i-Otra institución
prueba_col_trig_institucion-99,a1002i-Nos sabe
prueba_col_trig_resultado-1,a1004i-Sí
prueba_col_trig_resultado-2,a1004i-No
prueba_col_trig_sintoma-1,a1003i-Sí
prueba_col_trig_sintoma-2,a1003i-No
prueba_diabetes-1,a1001g-Sí
prueba_diabetes-2,a1001g-No
prueba_diabetes_diagnostico-1,a1005g-Positivo
prueba_diabetes_diagnostico-2,a1005g-Bien o Negativo
prueba_diabetes_diagnostico-8,a1005g-No responde
prueba_diabetes_diagnostico-9,a1005g-No sabe
prueba_diabetes_institucion-1,a1002g-IMSS Prospera
prueba_diabetes_institucion-2,a1002g-IMSS
prueba_diabetes_institucion-3,a1002g-Secretaria de Salud
prueba_diabetes_institucion-4,a1002g-Seguro Popular (SSA)
prueba_diabetes_institucion-5,"a1002g-DIF, Cruz Roja, INI"
prueba_diabetes_institucion-6,"a1002g-ISSSTE, ISSSTE Estatal"
prueba_diabetes_institucion-7,"a1002g-Marina, Defensa, Pemex"
prueba_diabetes_institucion-8,"a1002g-Consultorio, clinica u hospital privado"
prueba_diabetes_institucion-9,a1002g-Hospital Civil
prueba_diabetes_institucion-10,a1002g-Instituciones nacionales
prueba_diabetes_institucion-11,a1002g-Consultorios dependientes de farmacias
prueba_diabetes_institucion-12,a1002g-Otra institución
prueba_diabetes_institucion-99,a1002g-Nos sabe
prueba_diabetes_intoma-1,a1003g-Sí
prueba_diabetes_intoma-2,a1003g-No
prueba_diabetes_resultado-1,a1004g-Sí
prueba_diabetes_resultado-2,a1004g-No
prueba_exploracion_clinica-1,a1001c-Sí
prueba_exploracion_clinica-2,a1001c-No
prueba_exploracion_clinica_diagnostico-1,a1005c-Positivo
prueba_exploracion_clinica_diagnostico-2,a1005c-Bien o Negativo
prueba_exploracion_clinica_diagnostico-8,a1005c-No responde
prueba_exploracion_clinica_diagnostico-9,a1005c-No sabe
prueba_exploracion_clinica_institucion-1,a1002c-IMSS Prospera
prueba_exploracion_clinica_institucion-2,a1002c-IMSS
prueba_exploracion_clinica_institucion-3,a1002c-Secretaria de Salud
prueba_exploracion_clinica_institucion-4,a1002c-Seguro Popular (SSA)
prueba_exploracion_clinica_institucion-5,"a1002c-DIF, Cruz Roja, INI"
prueba_exploracion_clinica_institucion-6,"a1002c-ISSSTE, ISSSTE Estatal"
prueba_exploracion_clinica_institucion-7,"a1002c-Marina, Defensa, Pemex"
prueba_exploracion_clinica_institucion-8,"a1002c-Consultorio, clinica u hospital privado"
prueba_exploracion_clinica_institucion-9,a1002c-Hospital Civil
prueba_exploracion_clinica_institucion-10,a1002c-Instituciones nacionales
prueba_exploracion_clinica_institucion-11,a1002c-Consultorios dependientes de farmacias
prueba_exploracion_clinica_institucion-12,a1002c-Otra institución
prueba_exploracion_clinica_institucion-99,a1002c-Nos sabe
prueba_exploracion_clinica_resultados-1,a1004c-Sí
prueba_exploracion_clinica_resultados-2,a1004c-No
prueba_exploracion_clinica_sintoma-1,a1003c-Sí
prueba_exploracion_clinica_sintoma-2,a1003c-No
prueba_hipertension-1,a1001h-Sí
prueba_hipertension-2,a1001h-No
prueba_hipertension_diagnostico-1,a1005h-Positivo
prueba_hipertension_diagnostico-2,a1005h-Bien o Negativo
prueba_hipertension_diagnostico-8,a1005h-No responde
prueba_hipertension_diagnostico-9,a1005h-No sabe
prueba_hipertension_institucion-1,a1002h-IMSS Prospera
prueba_hipertension_institucion-2,a1002h-IMSS
prueba_hipertension_institucion-3,a1002h-Secretaria de Salud
prueba_hipertension_institucion-4,a1002h-Seguro Popular (SSA)
prueba_hipertension_institucion-5,"a1002h-DIF, Cruz Roja, INI"
prueba_hipertension_institucion-6,"a1002h-ISSSTE, ISSSTE Estatal"
prueba_hipertension_institucion-7,"a1002h-Marina, Defensa, Pemex"
prueba_hipertension_institucion-8,"a1002h-Consultorio, clinica u hospital privado"
prueba_hipertension_institucion-9,a1002h-Hospital Civil
prueba_hipertension_institucion-10,a1002h-Instituciones nacionales
prueba_hipertension_institucion-11,a1002h-Consultorios dependientes de farmacias
prueba_hipertension_institucion-12,a1002h-Otra institución
prueba_hipertension_institucion-99,a1002h-Nos sabe
prueba_hipertension_resultado-1,a1004h-Sí
prueba_hipertension_resultado-2,a1004h-No
prueba_hipertension_sintoma-1,a1003h-Sí
prueba_hipertension_sintoma-2,a1003h-No
prueba_pap_algun_sintoma-1,a1003a-Sí
prueba_pap_algun_sintoma-2,a1003a-No
prueba_pap_diagnostico-1,a1005a-Positivo
prueba_pap_diagnostico-2,a1005a-Bien o Negativo
prueba_pap_diagnostico-8,a1005a-No responde
prueba_pap_diagnostico-9,a1005a-No sabe
prueba_pap_institucion-1,a1002a-IMSS Prospera
prueba_pap_institucion-2,a1002a-IMSS
prueba_pap_institucion-3,a1002a-Secretaria de Salud
prueba_pap_institucion-4,a1002a-Seguro Popular (SSA)
prueba_pap_institucion-5,"a1002a-DIF, Cruz Roja, INI"
prueba_pap_institucion-6,"a1002a-ISSSTE, ISSSTE Estatal"
prueba_pap_institucion-7,"a1002a-Marina, Defensa, Pemex"
prueba_pap_institucion-8,"a1002a-Consultorio, clinica u hospital privado"
prueba_pap_institucion-9,a1002a-Hospital Civil
prueba_pap_institucion-10,a1002a-Instituciones nacionales
prueba_pap_institucion-11,a1002a-Consultorios dependientes de farmacias
prueba_pap_institucion-12,a1002a-Otra institución
prueba_pap_institucion-99,a1002a-Nos sabe
prueba_pap_resultado-1,a1004a-Sí
prueba_pap_resultado-2,a1004a-No
prueba_papanicolaou-1,a1001a-Sí
prueba_papanicolaou-2,a1001a-No
prueba_sobrepeso_obes-1,a1001f-Sí
prueba_sobrepeso_obes-2,a1001f-No
prueba_sobrepeso_obes_diagnostico-1,a1005f-Positivo
prueba_sobrepeso_obes_diagnostico-2,a1005f-Bien o Negativo
prueba_sobrepeso_obes_diagnostico-8,a1005f-No responde
prueba_sobrepeso_obes_diagnostico-9,a1005f-No sabe
prueba_sobrepeso_obes_institucion-1,a1002f-IMSS Prospera
prueba_sobrepeso_obes_institucion-2,a1002f-IMSS
prueba_sobrepeso_obes_institucion-3,a1002f-Secretaria de Salud
prueba_sobrepeso_obes_institucion-4,a1002f-Seguro Popular (SSA)
prueba_sobrepeso_obes_institucion-5,"a1002f-DIF, Cruz Roja, INI"
prueba_sobrepeso_obes_institucion-6,"a1002f-ISSSTE, ISSSTE Estatal"
prueba_sobrepeso_obes_institucion-7,"a1002f-Marina, Defensa, Pemex"
prueba_sobrepeso_obes_institucion-8,"a1002f-Consultorio, clinica u hospital privado"
prueba_sobrepeso_obes_institucion-9,a1002f-Hospital Civil
prueba_sobrepeso_obes_institucion-10,a1002f-Instituciones nacionales
prueba_sobrepeso_obes_institucion-11,a1002f-Consultorios dependientes de farmacias
prueba_sobrepeso_obes_institucion-12,a1002f-Otra institución
prueba_sobrepeso_obes_institucion-99,a1002f-Nos sabe
prueba_sobrepeso_obes_resultado-1,a1004f-Sí
prueba_sobrepeso_obes_resultado-2,a1004f-No
prueba_sobrepeso_obes_sintoma-1,a1003f-Sí
prueba_sobrepeso_obes_sintoma-2,a1003f-No
prueba_sobrepeso_obes_tratamiento-1,a1006f-Sí
prueba_sobrepeso_obes_tratamiento-2,a1006f-No
prueba_tacto_rectal-1,a1001k-Sí
prueba_tacto_rectal-2,a1001k-No
prueba_tuberculosis-1,a1001e-Sí
prueba_tuberculosis-2,a1001e-No
prueba_tuberculosis_diagnostico-1,a1005e-Positivo
prueba_tuberculosis_diagnostico-2,a1005e-Bien o Negativo
prueba_tuberculosis_diagnostico-8,a1005e-No responde
prueba_tuberculosis_diagnostico-9,a1005e-No sabe
prueba_tuberculosis_institucion-1,a1002e-IMSS Prospera
prueba_tuberculosis_institucion-2,a1002e-IMSS
prueba_tuberculosis_institucion-3,a1002e-Secretaria de Salud
prueba_tuberculosis_institucion-4,a1002e-Seguro Popular (SSA)
prueba_tuberculosis_institucion-5,"a1002e-DIF, Cruz Roja, INI"
prueba_tuberculosis_institucion-6,"a1002e-ISSSTE, ISSSTE Estatal"
prueba_tuberculosis_institucion-7,"a1002e-Marina, Defensa, Pemex"
prueba_tuberculosis_institucion-8,"a1002e-Consultorio, clinica u hospital privado"
prueba_tuberculosis_institucion-9,a1002e-Hospital Civil
prueba_tuberculosis_institucion-10,a1002e-Instituciones nacionales
prueba_tuberculosis_institucion-11,a1002e-Consultorios dependientes de farmacias
prueba_tuberculosis_institucion-12,a1002e-Otra institución
prueba_tuberculosis_institucion-99,a1002e-Nos sabe
prueba_tuberculosis_resultado-1,a1004e-Sí
prueba_tuberculosis_resultado-2,a1004e-No
prueba_tuberculosis_sintoma-1,a1003e-Sí
prueba_tuberculosis_sintoma-2,a1003e-No
prueba_vih-1,"a0824-Sí, en los últimos 12 meses."
prueba_vih-2,"a0824-Sí, hace más de un año."
prueba_vih-8,a0824-No recuerda.
prueba_vih-9,a0824-No responde.
prueba_vph-1,a1001b-Sí
prueba_vph-2,a1001b-No
prueba_vph_algun_sintoma-1,a1003b-Sí
prueba_vph_algun_sintoma-2,a1003b-No
prueba_vph_diagnostico-1,a1005b-Positivo
prueba_vph_diagnostico-2,a1005b-Bien o Negativo
prueba_vph_diagnostico-8,a1005b-No responde
prueba_vph_diagnostico-9,a1005b-No sabe
prueba_vph_institucion-1,a1002b-IMSS Prospera
prueba_vph_institucion-2,a1002b-IMSS
prueba_vph_institucion-3,a1002b-Secretaria de Salud
prueba_vph_institucion-4,a1002b-Seguro Popular (SSA)
prueba_vph_institucion-5,"a1002b-DIF, Cruz Roja, INI"
prueba_vph_institucion-6,"a1002b-ISSSTE, ISSSTE Estatal"
prueba_vph_institucion-7,"a1002b-Marina, Defensa, Pemex"
prueba_vph_institucion-8,"a1002b-Consultorio, clinica u hospital privado"
prueba_vph_institucion-9,a1002b-Hospital Civil
prueba_vph_institucion-10,a1002b-Instituciones nacionales
prueba_vph_institucion-11,a1002b-Consultorios dependientes de farmacias
prueba_vph_institucion-12,a1002b-Otra institución
prueba_vph_institucion-99,a1002b-Nos sabe
prueba_vph_resultado-1,a1004b-Sí
prueba_vph_resultado-2,a1004b-No
puede_mostrar_cart_vacunacion-1,a0901-Sí mostró la Cartilla Nacional de Salud(Hombres o Mujeres de
puede_mostrar_cart_vacunacion-2,a0901-Tiene documento probatorio o comprobante.
puede_mostrar_cart_vacunacion-3,"a0901-Sí la tiene, pero no la mostró."
puede_mostrar_cart_vacunacion-4,a0901-No tiene cartilla.
puede_mostrar_cart_vacunacion-5,"a0901-Sí mostró la cartilla, pero no tiene información."
puesto-1,h0324-empleada(o)?
puesto-2,h0324-obrera(o)?
puesto-3,h0324-jornalera(o) o peona (ón)?
puesto-4,h0324-Trabajador(a) por su cuenta? (no contrata trabajadores)
puesto-5,h0324-patrón(a) o empleador(a)? (contrata trabajadores)
puesto-6,h0324-trabajador(a) sin pago? (en un negocio familiar o no familia
puesto-7,h0324-¿Otra situación?
quedarse_en_casa-1,h1004-Nada
quedarse_en_casa-2,h1004-Pocas veces
quedarse_en_casa-3,h1004-A veces
quedarse_en_casa-4,h1004-Casi siempre
quedarse_en_casa-5,h1004-Siempre
razon_no_asiste_clases-1,h0316-Se embarazó o tuvo un hijo
razon_no_asiste_clases-2,h0316-Se casó o unió
razon_no_asiste_clases-3,h0316-No había escuela o no había cupo
razon_no_asiste_clases-4,h0316-Problemas personales o académicos en la escuela
razon_no_asiste_clases-5,h0316-Por enfermedad y/o discapacidad
razon_no_asiste_clases-6,h0316-No tenía la edad cumplida
razon_no_asiste_clases-7,h0316-Por falta de dinero o trabajo
razon_no_asiste_clases-8,h0316-No quiso o no le gustó estudiar
razon_no_asiste_clases-9,h0316-Logró su meta educativa
razon_no_asiste_clases-10,h0316-Nunca ha ido a la escuela
razon_no_asiste_clases-11,h0316-Otro motivo
realizo_prueba_covid-1,"h1201-SÍ tuve(o) la intención, pero no fui (e) y no me (se) la hic"
realizo_prueba_covid-2,"h1201-Sí fui (e), pero no me (se) la hice (hicieron)"
realizo_prueba_covid-3,h1201-SÍ me hice la prueba
realizo_prueba_covid-4,h1201-No
realizo_prueba_covid-5,h1201-NS/NR
recibido_visita_hogar-1,h1516-Muy frecuentemente
recibido_visita_hogar-2,h1516-Frecuentemente
recibido_visita_hogar-3,h1516-Ocasionalmente
recibido_visita_hogar-4,h1516-Rara vez
recibido_visita_hogar-5,h1516-Nunca
recibio_resultado_vih-1,a0825-Sí.
recibio_resultado_vih-2,a0825-No.
recibio_resultado_vih-9,a0825-NS/NR.
recogida_basura_vivienda-1,h0121-la recoge un camión o un carrito de basura?
recogida_basura_vivienda-2,h0121-la tiran en el basurero público?
recogida_basura_vivienda-3,h0121-la tiran en un contenedor o depósito?
recogida_basura_vivienda-4,h0121-la queman?
recogida_basura_vivienda-5,h0121-la entierran?
recogida_basura_vivienda-6,h0121-la tiran en un terreno baldío o calle?
recogida_basura_vivienda-7,h0121-la tiran a la barranca o grieta?
recogida_basura_vivienda-8,"h0121-la tiran al río, lago o mar?"
region-1,region-Pacifico_Norte
region-2,region-Frontera
region-3,region-Pacifico_Centro
region-4,region-Centro_Norte
region-5,region-Centro
region-6,region-Cd México
region-7,region-EdoMéxico
region-8,region-Pácifico_Sur
region-9,region-Península
region_s-1,region_s-Pacifico_Norte
region_s-2,region_s-Frontera
region_s-3,region_s-Pacifico_Centro
region_s-4,region_s-Centro_Norte
region_s-5,region_s-Centro
region_s-6,region_s-Cd México
region_s-7,region_s-EdoMéxico
region_s-8,region_s-Pácifico_Sur
region_s-9,region_s-Península
resultado_circunferencia_brazo-1,an26-Sin problema
resultado_circunferencia_brazo-2,an26-Problema físico
resultado_circunferencia_brazo-3,an26-No cooperó
resultado_medicion_cintura-1,an09-Sin problema
resultado_medicion_cintura-2,an09-Problema físico
resultado_medicion_cintura-3,an09-No cooperó
resultado_medicion_estatura-1,an05-Sin problema
resultado_medicion_estatura-2,an05-Problema físico
resultado_medicion_estatura-3,an05-No cooperó
resultado_medicion_estatura-4,an05-Se negó
resultado_medicion_estatura-5,an05-No se encontró
resultado_medicion_estatura-6,an05-No puede mantenerse de pie
resultado_medicion_peso-1,an03-Sin problema
resultado_medicion_peso-2,an03-Problema físico
resultado_medicion_peso-3,an03-No cooperó
resultado_medicion_peso-4,an03-Se negó
resultado_medicion_peso-5,an03-No se encontró
resultado_medicion_peso-6,an03-No puede mantenerse de pie
resultado_medicion_presion-1,an30-Sin problema
resultado_medicion_presion-2,an30-Problema físico
resultado_medicion_presion-3,an30-No cooperó
resultado_medicion_presion-4,an30-Se negó
resultado_medicion_talon_rodilla-1,an18-Sin problema
resultado_medicion_talon_rodilla-2,an18-Problema físico
resultado_medicion_talon_rodilla-3,an18-No cooperó
resultado_pecho_dedo_medicion-1,an24-Sin problema
resultado_pecho_dedo_medicion-2,an24-Problema físico
resultado_pecho_dedo_medicion-3,an24-No cooperó
reusltado_medicion_circunf_pantorrilla-1,an20-Sin problema
reusltado_medicion_circunf_pantorrilla-2,an20-Problema físico
reusltado_medicion_circunf_pantorrilla-3,an20-No cooperó
ropa_puesta-1,an02-Ligera
ropa_puesta-2,an02-Gruesa
ropa_puesta-3,an02-Sin ropa
ropa_puesta-4,an02-No se pesó
salud_tiene_obesidad-1,a0101-SÍ.
salud_tiene_obesidad-2,a0101-NO.
sana_distancia_asientos_escuela-1,h1103n-Sí
sana_distancia_asientos_escuela-2,h1103n-No
sana_distancia_asientos_escuela-3,h1103n-No Sabe
sana_distancia_escuela-1,h1103m-Sí
sana_distancia_escuela-2,h1103m-No
sana_distancia_escuela-3,h1103m-No Sabe
sana_distancia_trabajo-1,h1503-Muy frecuentemente
sana_distancia_trabajo-2,h1503-Frecuentemente
sana_distancia_trabajo-3,h1503-Ocasionalmente
sana_distancia_trabajo-4,h1503-Rara vez
sana_distancia_trabajo-5,h1503-Nunca
sanitizan_compras_casa-1,h1514-Muy frecuentemente
sanitizan_compras_casa-2,h1514-Frecuentemente
sanitizan_compras_casa-3,h1514-Ocasionalmente
sanitizan_compras_casa-4,h1514-Rara vez
sanitizan_compras_casa-5,h1514-Nunca
scd_explico_medicamentos-1,a0306l-Si.
scd_explico_medicamentos-2,a0306l-No.
scd_explico_medicamentos-9,a0306l-No Sabe/No responde.
scd_medicion_glucosa-1,a0306a-Si.
scd_medicion_glucosa-2,a0306a-No.
scd_medicion_glucosa-9,a0306a-No Sabe/No responde.
scd_medicion_orina-1,a0306k-Si.
scd_medicion_orina-2,a0306k-No.
scd_medicion_orina-9,a0306k-No Sabe/No responde.
scd_medicion_peso-1,a0306c-Si.
scd_medicion_peso-2,a0306c-No.
scd_medicion_peso-9,a0306c-No Sabe/No responde.
scd_medicion_presion-1,a0306b-Si.
scd_medicion_presion-2,a0306b-No.
scd_medicion_presion-9,a0306b-No Sabe/No responde.
scd_medicion_reviso_pies-1,a0306d-Si.
scd_medicion_reviso_pies-2,a0306d-No.
scd_medicion_reviso_pies-9,a0306d-No Sabe/No responde.
scd_medicion_vista-1,a0306h-Si.
scd_medicion_vista-2,a0306h-No.
scd_medicion_vista-9,a0306h-No Sabe/No responde.
scd_quimica_sanguinea-1,a0306j-Si.
scd_quimica_sanguinea-2,a0306j-No.
scd_quimica_sanguinea-9,a0306j-No Sabe/No responde.
scd_revision_dental-1,a0306i-Si.
scd_revision_dental-2,a0306i-No.
scd_revision_dental-9,a0306i-No Sabe/No responde.
scd_sugerencia_act_fisica-1,a0306f-Si.
scd_sugerencia_act_fisica-2,a0306f-No.
scd_sugerencia_act_fisica-9,a0306f-No Sabe/No responde.
scd_sugerencia_alimentaria-1,a0306e-Si.
scd_sugerencia_alimentaria-2,a0306e-No.
scd_sugerencia_alimentaria-9,a0306e-No Sabe/No responde.
scd_sugerencia_control_diab-1,a0306g-Si.
scd_sugerencia_control_diab-2,a0306g-No.
scd_sugerencia_control_diab-9,a0306g-No Sabe/No responde.
secuela_limita_banio-1,h1216-Sí
secuela_limita_banio-2,h1216-No
secuela_limita_banio-9,h1216-NS/NR
secuela_limita_salir-1,h1217-Sí
secuela_limita_salir-2,h1217-No
secuela_limita_salir-9,h1217-NS/NR
secuelas_mantenidas-1,h1214-Sí
secuelas_mantenidas-2,h1214-No
secuelas_mantenidas-9,h1214-NS/NR
secuelas_post_covid_1-A,h1213a-Tos
secuelas_post_covid_1-B,h1213a-Fatiga
secuelas_post_covid_1-C,h1213a-Ansiedad
secuelas_post_covid_1-D,h1213a-Depresión
secuelas_post_covid_1-E,h1213a-Fiebre
secuelas_post_covid_1-F,h1213a-Dificultad para dormir
secuelas_post_covid_1-G,h1213a-Complicaciones en el riñón
secuelas_post_covid_1-H,h1213a-Falta de hambre
secuelas_post_covid_1-I,h1213a-Pérdida de peso
secuelas_post_covid_1-J,h1213a-Dolor de cabeza
secuelas_post_covid_1-K,h1213a-Mareo
secuelas_post_covid_1-L,h1213a-Dolores en músculos o articulaciones
secuelas_post_covid_1-M,h1213a-Dificultad para respirar
secuelas_post_covid_1-N,h1213a-Falta de aire
secuelas_post_covid_1-O,h1213a-Dolor en el pecho
secuelas_post_covid_1-P,h1213a-Vómito o diarrea
secuelas_post_covid_1-Q,h1213a-Pérdida o disminución del olfato
secuelas_post_covid_1-R,h1213a-Pérdida o disminución del gusto
secuelas_post_covid_1-S,h1213a-Dificultad para pensar o concentrarse
secuelas_post_covid_1-T,h1213a-Otro (especifique)
secuelas_post_covid_1-U,h1213a-No tuve síntomas / secuelas
secuelas_post_covid_1-X,h1213a-NS/NR
secuelas_post_covid_2-A,h1213b-Tos
secuelas_post_covid_2-B,h1213b-Fatiga
secuelas_post_covid_2-C,h1213b-Ansiedad
secuelas_post_covid_2-D,h1213b-Depresión
secuelas_post_covid_2-E,h1213b-Fiebre
secuelas_post_covid_2-F,h1213b-Dificultad para dormir
secuelas_post_covid_2-G,h1213b-Complicaciones en el riñón
secuelas_post_covid_2-H,h1213b-Falta de hambre
secuelas_post_covid_2-I,h1213b-Pérdida de peso
secuelas_post_covid_2-J,h1213b-Dolor de cabeza
secuelas_post_covid_2-K,h1213b-Mareo
secuelas_post_covid_2-L,h1213b-Dolores en músculos o articulaciones
secuelas_post_covid_2-M,h1213b-Dificultad para respirar
secuelas_post_covid_2-N,h1213b-Falta de aire
secuelas_post_covid_2-O,h1213b-Dolor en el pecho
secuelas_post_covid_2-P,h1213b-Vómito o diarrea
secuelas_post_covid_2-Q,h1213b-Pérdida o disminución del olfato
secuelas_post_covid_2-R,h1213b-Pérdida o disminución del gusto
secuelas_post_covid_2-S,h1213b-Dificultad para pensar o concentrarse
secuelas_post_covid_2-T,h1213b-Otro (especifique)
secuelas_post_covid_2-U,h1213b-No tuve síntomas / secuelas
secuelas_post_covid_2-X,h1213b-NS/NR
secuelas_post_covid_3-A,h1213c-Tos
secuelas_post_covid_3-B,h1213c-Fatiga
secuelas_post_covid_3-C,h1213c-Ansiedad
secuelas_post_covid_3-D,h1213c-Depresión
secuelas_post_covid_3-E,h1213c-Fiebre
secuelas_post_covid_3-F,h1213c-Dificultad para dormir
secuelas_post_covid_3-G,h1213c-Complicaciones en el riñón
secuelas_post_covid_3-H,h1213c-Falta de hambre
secuelas_post_covid_3-I,h1213c-Pérdida de peso
secuelas_post_covid_3-J,h1213c-Dolor de cabeza
secuelas_post_covid_3-K,h1213c-Mareo
secuelas_post_covid_3-L,h1213c-Dolores en músculos o articulaciones
secuelas_post_covid_3-M,h1213c-Dificultad para respirar
secuelas_post_covid_3-N,h1213c-Falta de aire
secuelas_post_covid_3-O,h1213c-Dolor en el pecho
secuelas_post_covid_3-P,h1213c-Vómito o diarrea
secuelas_post_covid_3-Q,h1213c-Pérdida o disminución del olfato
secuelas_post_covid_3-R,h1213c-Pérdida o disminución del gusto
secuelas_post_covid_3-S,h1213c-Dificultad para pensar o concentrarse
secuelas_post_covid_3-T,h1213c-Otro (especifique)
secuelas_post_covid_3-U,h1213c-No tuve síntomas / secuelas
secuelas_post_covid_3-X,h1213c-NS/NR
semana_pasada_hizo-1,h0323-busco trabajo?
semana_pasada_hizo-2,h0323-se dedicó a los quehaceres del hogar?
semana_pasada_hizo-3,h0323-es estudiante?
semana_pasada_hizo-4,h0323-es pensionada(o) o jubilada(o)?
semana_pasada_hizo-5,h0323-tiene discapacidad permenente que le impida trabajar?
semana_pasada_hizo-6,h0323-¿Otra situación?
servicio_control_diabetes-1,a0305-Instituto Mexicano del Seguro Social (IMSS).
servicio_control_diabetes-2,a0305-ISSSTE/ISSSTE Estatal.
servicio_control_diabetes-3,a0305-PEMEX.
servicio_control_diabetes-4,a0305-Defensa.
servicio_control_diabetes-5,a0305-Marina.
servicio_control_diabetes-6,a0305-Centro de Salud u Hospital de la SSA.
servicio_control_diabetes-7,a0305-IMSS Bienestar (antes Oportunidades).
servicio_control_diabetes-8,"a0305-DIF federal, estatal o municipal."
servicio_control_diabetes-9,a0305-Cruz Roja/Cruz Verde.
servicio_control_diabetes-10,a0305-Instituto Nacional de Salud.
servicio_control_diabetes-11,a0305-Organizaciones (ONG/OSC) que dan atención gratuita/Dispensar
servicio_control_diabetes-12,a0305-Consultorios pertenecientes a farmacias/Farmacias con consul
servicio_control_diabetes-13,a0305-Consultorio dentro de hospital privado.
servicio_control_diabetes-14,a0305-Área de urgencias/hospitalización dentro de hospital privado
servicio_control_diabetes-15,a0305-Atención privada en torre de consultorios médicos o en una c
servicio_control_diabetes-16,a0305-Consultorio en domicilio particular de médico privado.
servicio_control_diabetes-17,a0305-Atención privada en mi domicilio.
servicio_control_diabetes-18,"a0305-Atención privada vía remota (teléfono, mensajes de texto, te"
servicio_control_diabetes-19,a0305-Médico laboral (médico de la empresa).
servicio_control_diabetes-20,"a0305-Curandero, hierbero, naturista."
servicio_control_diabetes-21,"a0305-Homeópata, partera, acupunturista."
servicio_control_diabetes-22,a0305-Otro (especifique).
servicio_control_diabetes-23,a0305-No sabe / No recuerda.
servicio_control_diabetes-24,a0305-Ninguna.
servicio_salud-1,h0309-Instituto Mexicano del Seguro Social (IMSS)
servicio_salud-2,h0309-ISSSTE/ ISSSTE Estatal
servicio_salud-3,h0309-PEMEX
servicio_salud-4,h0309-Defensa
servicio_salud-5,h0309-Marina
servicio_salud-6,h0309-Centros de Salud u Hospital de la SSA
servicio_salud-7,h0309-IMSS BIENESTAR (antes Oportunidades)
servicio_salud-8,"h0309-DIF federal, estatal o municipal"
servicio_salud-9,h0309-Cruz Roja/ Cruz Verde
servicio_salud-10,h0309-Instituto Nacional de Salud
servicio_salud-11,h0309-Organizaciones (ONG/OSC) que dan atención gratuita/Dispensar
servicio_salud-12,h0309-Consultorios pertenecientes a farmacias/Farmacias con consul
servicio_salud-13,h0309-Consultorio dentro de hospital privado
servicio_salud-14,h0309-Área de urgencias/hospitalización dentro de hospital privado
servicio_salud-15,h0309-Atención privada en torre de consultorios médicos o en una c
servicio_salud-16,h0309-Consultorio en domicilio particular de médico privado
servicio_salud-17,h0309-Atención privada en mi domicilio
servicio_salud-18,"h0309-Atención privada vía remota (teléfono, mensajes de texto, te"
servicio_salud-19,h0309-Médico laboral (médico de la empresa)
servicio_salud-20,"h0309-Curandero, hierbero, naturista"
servicio_salud-21,"h0309-Homeópata, partera, acupunturista"
servicio_salud-22,h0309-Otro (especifique)
servicio_salud-23,h0309-No sabe / No recuerda
servicio_salud_1-1,h0310a-del Seguro Social (IMSS)?
servicio_salud_1-2,h0310a-del  ISSSTE?
servicio_salud_1-3,h0310a-del ISSSTE Estatal?
servicio_salud_1-4,h0310a-de Pemex?
servicio_salud_1-5,h0310a-de Defensa?
servicio_salud_1-6,h0310a-de Marina?
servicio_salud_1-7,h0310a-de IMSS BIENESTAR (antes Oportunidades)?
servicio_salud_1-8,h0310a-de un seguro privado de gastos médicos?
servicio_salud_1-9,h0310a-de otra institución? (especifique)
servicio_salud_1-10,h0310a-No está afiliado o inscrito  a servicios médicos? (Incluya I
servicio_salud_1-11,h0310a-Tenía Seguro Popular durante el 2018
servicio_salud_1-99,h0310a-NS/NR
servicio_salud_2-1,h0310b-del Seguro Social (IMSS)?
servicio_salud_2-2,h0310b-del  ISSSTE?
servicio_salud_2-3,h0310b-del ISSSTE Estatal?
servicio_salud_2-4,h0310b-de Pemex?
servicio_salud_2-5,h0310b-de Defensa?
servicio_salud_2-6,h0310b-de Marina?
servicio_salud_2-7,h0310b-de IMSS BIENESTAR (antes Oportunidades)?
servicio_salud_2-8,h0310b-de un seguro privado de gastos médicos?
servicio_salud_2-9,h0310b-de otra institución? (especifique)
servicio_salud_2-10,h0310b-No está afiliado o inscrito  a servicios médicos? (Incluya I
servicio_salud_2-11,h0310b-Tenía Seguro Popular durante el 2018
servicio_salud_2-99,h0310b-NS/NR
servicio_salud_acudio-1,h0408-Instituto Mexicano del Seguro Social (IMSS)
servicio_salud_acudio-2,h0408-ISSSTE/ISSSTE Estatal
servicio_salud_acudio-3,h0408-PEMEX
servicio_salud_acudio-4,h0408-Defensa
servicio_salud_acudio-5,h0408-Marina
servicio_salud_acudio-6,h0408-Centro de salud u Hospital de la SSA
servicio_salud_acudio-7,h0408-IMSS Bienestar (antes Oportunidades)?
servicio_salud_acudio-8,"h0408-DIF federal, estatal o municipal"
servicio_salud_acudio-9,h0408-Cruz Roja / Cruz Verde
servicio_salud_acudio-10,h0408-Instituto Nacional de Salud
servicio_salud_acudio-11,h0408-Organizaciones (ONG/OSC) que dan atención gratuita/Dispensar
servicio_salud_acudio-12,h0408-Consultorios pertenecientes a farmacias / Farmacia con consu
servicio_salud_acudio-13,h0408-Consultorio dentro de hospital privado
servicio_salud_acudio-14,h0408-Área de urgencias/hospitalización dentro de hospital privado
servicio_salud_acudio-15,h0408-Atención privada en torre de consultorios médicos o en una c
servicio_salud_acudio-16,h0408-Consultorio en domicilio particular de médico privado
servicio_salud_acudio-17,h0408-Atención privada en mi domicilio
servicio_salud_acudio-18,"h0408-Atención privada vía remota (teléfono, mensajes de texto, te"
servicio_salud_acudio-19,h0408-Médico laboral (médico de la empresa)
servicio_salud_acudio-20,"h0408-Curandero, hierbero, naturista"
servicio_salud_acudio-21,"h0408-Homeópata, partera, acupunturista"
servicio_salud_acudio-22,h0408-Otro (especifique)
servicio_salud_acudio-23,h0408-No sabe / No recuerda
servicio_sanitario-1,h0119-tiene descarga directa de agua?
servicio_sanitario-2,h0119-le echan agua con cubeta?
servicio_sanitario-3,h0119-no se le puede echar agua?
servicio_sanitario-4,h0119-no tiene servicio sanitario?
servicio_sanitario_compartido-1,h0120-Sí
servicio_sanitario_compartido-2,h0120-No
sexo-1,h0302-Hombre
sexo-2,h0302-Mujer
sin_alimentos_adultos-1,h0702-Sí
sin_alimentos_adultos-2,h0702-No
sin_alimentos_adultos-8,h0702-No responde
sin_alimentos_adultos-9,h0702-No sabe
sintio_hambre_adulto-1,h0707-Sí
sintio_hambre_adulto-2,h0707-No
sintio_hambre_adulto-8,h0707-No responde
sintio_hambre_adulto-9,h0707-No sabe
sintio_hambre_menor-1,h0715-Sí
sintio_hambre_menor-2,h0715-No
sintio_hambre_menor-8,h0715-No responde
sintio_hambre_menor-9,h0715-No sabe
sintio_vergüenza_falta_agua-1,h0812-Nunca (0 veces en las últimas 4 semanas)
sintio_vergüenza_falta_agua-2,h0812-Raramente (1-2 veces en las últimas 4 semanas)
sintio_vergüenza_falta_agua-3,h0812-A veces (3-10 veces en las últimas 4 semanas)
sintio_vergüenza_falta_agua-4,h0812-Frecuentemente (11-20 veces en las últimas 4 semana)
sintio_vergüenza_falta_agua-5,h0812-Siempre (Más de 20 veces en las últimas 4 semanas)
sintio_vergüenza_falta_agua-88,h0812-No aplica
sintio_vergüenza_falta_agua-99,h0812-No sabe
sobrepeso-1,sobrepeso-SÍ.
sobrepeso-0,sobrepeso-NO.
sr_primera_dosis-1,a09091a-Sí.
sr_primera_dosis-2,a09091a-NO.
sr_primera_dosis_institucion-1,a09091c-Seguro Social (IMSS).
sr_primera_dosis_institucion-2,a09091c-ISSSTE.
sr_primera_dosis_institucion-3,a09091c-ISSSTE Estatal.
sr_primera_dosis_institucion-4,a09091c-Pemex.
sr_primera_dosis_institucion-5,a09091c-Defensa.
sr_primera_dosis_institucion-6,a09091c-Marina.
sr_primera_dosis_institucion-7,a09091c-Centro de Salud u Hospital de la SSA.
sr_primera_dosis_institucion-8,a09091c-IMSS Bienestar (antes Prospera).
sr_primera_dosis_institucion-9,a09091c-Consultorios dependientes de farmacias.
sr_primera_dosis_institucion-10,"a09091c-Consultorio, clínica u hospital privado."
sr_primera_dosis_institucion-11,a09091c-Escuela.
sr_primera_dosis_institucion-12,a09091c-Otro lugar (especifica).
sr_primera_dosis_institucion-99,a09091c-No sabe / No recuerda.
sr_segunda_dosis-1,a09092a-Sí.
sr_segunda_dosis-2,a09092a-NO.
sr_tercera_dosis-1,a09093a-Sí.
sr_tercera_dosis-2,a09093a-NO.
td_primera_dosis-1,a09102a-Sí.
td_primera_dosis-2,a09102a-NO.
td_primera_dosis_2-1,a09232a-Sí.
td_primera_dosis_2-2,a09232a-NO.
td_primera_dosis_2_institucion-1,a09232c-Seguro Social (IMSS).
td_primera_dosis_2_institucion-2,a09232c-ISSSTE.
td_primera_dosis_2_institucion-3,a09232c-ISSSTE Estatal.
td_primera_dosis_2_institucion-4,a09232c-Pemex.
td_primera_dosis_2_institucion-5,a09232c-Defensa.
td_primera_dosis_2_institucion-6,a09232c-Marina.
td_primera_dosis_2_institucion-7,a09232c-Centro de Salud u Hospital de la SSA.
td_primera_dosis_2_institucion-8,a09232c-IMSS Bienestar (antes Prospera).
td_primera_dosis_2_institucion-9,a09232c-Consultorios dependientes de farmacias.
td_primera_dosis_2_institucion-10,"a09232c-Consultorio, clínica u hospital privado."
td_primera_dosis_2_institucion-11,a09232c-Escuela.
td_primera_dosis_2_institucion-12,a09232c-Otro lugar (especifica).
td_primera_dosis_2_institucion-99,a09232c-No sabe / No recuerda.
td_primera_dosis_institucion-1,a09102c-Seguro Social (IMSS).
td_primera_dosis_institucion-2,a09102c-ISSSTE.
td_primera_dosis_institucion-3,a09102c-ISSSTE Estatal.
td_primera_dosis_institucion-4,a09102c-Pemex.
td_primera_dosis_institucion-5,a09102c-Defensa.
td_primera_dosis_institucion-6,a09102c-Marina.
td_primera_dosis_institucion-7,a09102c-Centro de Salud u Hospital de la SSA.
td_primera_dosis_institucion-8,a09102c-IMSS Bienestar (antes Prospera).
td_primera_dosis_institucion-9,a09102c-Consultorios dependientes de farmacias.
td_primera_dosis_institucion-10,"a09102c-Consultorio, clínica u hospital privado."
td_primera_dosis_institucion-11,a09102c-Escuela.
td_primera_dosis_institucion-12,a09102c-Otro lugar (especifica).
td_primera_dosis_institucion-99,a09102c-No sabe / No recuerda.
td_refuerzo-1,a09101a-Sí.
td_refuerzo-2,a09101a-NO.
td_refuerzo_dosis-1,a09231a-Sí.
td_refuerzo_dosis-2,a09231a-NO.
td_refuerzo_dosis_institucion-1,a09231c-Seguro Social (IMSS).
td_refuerzo_dosis_institucion-2,a09231c-ISSSTE.
td_refuerzo_dosis_institucion-3,a09231c-ISSSTE Estatal.
td_refuerzo_dosis_institucion-4,a09231c-Pemex.
td_refuerzo_dosis_institucion-5,a09231c-Defensa.
td_refuerzo_dosis_institucion-6,a09231c-Marina.
td_refuerzo_dosis_institucion-7,a09231c-Centro de Salud u Hospital de la SSA.
td_refuerzo_dosis_institucion-8,a09231c-IMSS Bienestar (antes Prospera).
td_refuerzo_dosis_institucion-9,a09231c-Consultorios dependientes de farmacias.
td_refuerzo_dosis_institucion-10,"a09231c-Consultorio, clínica u hospital privado."
td_refuerzo_dosis_institucion-11,a09231c-Escuela.
td_refuerzo_dosis_institucion-12,a09231c-Otro lugar (especifica).
td_refuerzo_dosis_institucion-99,a09231c-No sabe / No recuerda.
td_refuerzo_institucion-1,a09101c-Seguro Social (IMSS).
td_refuerzo_institucion-2,a09101c-ISSSTE.
td_refuerzo_institucion-3,a09101c-ISSSTE Estatal.
td_refuerzo_institucion-4,a09101c-Pemex.
td_refuerzo_institucion-5,a09101c-Defensa.
td_refuerzo_institucion-6,a09101c-Marina.
td_refuerzo_institucion-7,a09101c-Centro de Salud u Hospital de la SSA.
td_refuerzo_institucion-8,a09101c-IMSS Bienestar (antes Prospera).
td_refuerzo_institucion-9,a09101c-Consultorios dependientes de farmacias.
td_refuerzo_institucion-10,"a09101c-Consultorio, clínica u hospital privado."
td_refuerzo_institucion-11,a09101c-Escuela.
td_refuerzo_institucion-12,a09101c-Otro lugar (especifica).
td_refuerzo_institucion-99,a09101c-No sabe / No recuerda.
td_segunda_dosis-1,a09103a-Sí.
td_segunda_dosis-2,a09103a-NO.
td_segunda_dosis_2-1,a09233a-Sí.
td_segunda_dosis_2-2,a09233a-NO.
td_segunda_dosis_aplicacion-1,a09103c-Seguro Social (IMSS).
td_segunda_dosis_aplicacion-2,a09103c-ISSSTE.
td_segunda_dosis_aplicacion-3,a09103c-ISSSTE Estatal.
td_segunda_dosis_aplicacion-4,a09103c-Pemex.
td_segunda_dosis_aplicacion-5,a09103c-Defensa.
td_segunda_dosis_aplicacion-6,a09103c-Marina.
td_segunda_dosis_aplicacion-7,a09103c-Centro de Salud u Hospital de la SSA.
td_segunda_dosis_aplicacion-8,a09103c-IMSS Bienestar (antes Prospera).
td_segunda_dosis_aplicacion-9,a09103c-Consultorios dependientes de farmacias.
td_segunda_dosis_aplicacion-10,"a09103c-Consultorio, clínica u hospital privado."
td_segunda_dosis_aplicacion-11,a09103c-Escuela.
td_segunda_dosis_aplicacion-12,a09103c-Otro lugar (especifica).
td_segunda_dosis_aplicacion-99,a09103c-No sabe / No recuerda.
td_tercera_dosis-1,a09104a-Sí.
td_tercera_dosis-2,a09104a-NO.
td_tercera_dosis_2-1,a09234a-Sí.
td_tercera_dosis_2-2,a09234a-NO.
td_tercera_dosis_institucion-1,a09104c-Seguro Social (IMSS).
td_tercera_dosis_institucion-2,a09104c-ISSSTE.
td_tercera_dosis_institucion-3,a09104c-ISSSTE Estatal.
td_tercera_dosis_institucion-4,a09104c-Pemex.
td_tercera_dosis_institucion-5,a09104c-Defensa.
td_tercera_dosis_institucion-6,a09104c-Marina.
td_tercera_dosis_institucion-7,a09104c-Centro de Salud u Hospital de la SSA.
td_tercera_dosis_institucion-8,a09104c-IMSS Bienestar (antes Prospera).
td_tercera_dosis_institucion-9,a09104c-Consultorios dependientes de farmacias.
td_tercera_dosis_institucion-10,"a09104c-Consultorio, clínica u hospital privado."
td_tercera_dosis_institucion-11,a09104c-Escuela.
td_tercera_dosis_institucion-12,a09104c-Otro lugar (especifica).
td_tercera_dosis_institucion-99,a09104c-No sabe / No recuerda.
tdpa_unica_dosis-1,a09111a-Sí.
tdpa_unica_dosis-2,a09111a-NO.
tenido_reuniones_externos-1,h1517-Muy frecuentemente
tenido_reuniones_externos-2,h1517-Frecuentemente
tenido_reuniones_externos-3,h1517-Ocasionalmente
tenido_reuniones_externos-4,h1517-Rara vez
tenido_reuniones_externos-5,h1517-Nunca
tiempo_alguien_no_vive-1,a1511-Ninguno
tiempo_alguien_no_vive-2,a1511-1 vez
tiempo_alguien_no_vive-3,a1511-2 veces
tiempo_alguien_no_vive-4,a1511-3 veces
tiempo_alguien_no_vive-5,a1511-4 veces
tiempo_alguien_no_vive-6,a1511-5 veces
tiempo_alguien_no_vive-7,a1511-6 veces
tiempo_alguien_no_vive-8,a1511-7 veces ó más
tiempo_dejo_fumar_periodo-1,a1306p-Años
tiempo_dejo_fumar_periodo-2,a1306p-Meses
tiempo_dejo_fumar_periodo-3,a1306p-Semanas
tiempo_dejo_fumar_periodo-4,a1306p-Días
tiempo_dejo_fumar_periodo-5,a1306p-Menos de un día
tiempo_dejo_fumar_periodo-9,a1306p-No responde
tiempo_sintomas_post_covid-1,h1215-Menos de un mes
tiempo_sintomas_post_covid-2,h1215-De uno a tres meses
tiempo_sintomas_post_covid-3,h1215-Tres a seis meses
tiempo_sintomas_post_covid-4,h1215-Más de 6 meses
tiene_amputacion-1,"an11-Sí, de extremidades superiores y camina"
tiene_amputacion-2,"an11-Sí, de extremidades superiores y no camina"
tiene_amputacion-3,"an11-Sí, de extremidades inferiores"
tiene_amputacion-4,an11-No y puede mantenerse de pie
tiene_amputacion-5,an11-No y solo puede mantenerse sentado
tiene_amputacion-6,an11-No y está confinado a una cama
tiene_automovil-1,h0127b-Sí
tiene_automovil-2,h0127b-No
tiene_camioneta-1,h0127c-Sí
tiene_camioneta-2,h0127c-No
tiene_dificultad_caminar-1,a1405-Ninguna dificultad
tiene_dificultad_caminar-2,a1405-Cierta dificultad
tiene_dificultad_caminar-3,a1405-Mucha dificultad
tiene_dificultad_caminar-4,a1405-Le resulta imposible caminar o subir escalones
tiene_dificultad_comunicarse-1,a1408-Ninguna dificultad
tiene_dificultad_comunicarse-2,a1408-Cierta dificultad
tiene_dificultad_comunicarse-3,a1408-Mucha dificultad
tiene_dificultad_concentrarse-1,a1406-Ninguna dificultad
tiene_dificultad_concentrarse-2,a1406-Cierta dificultad
tiene_dificultad_concentrarse-3,a1406-Mucha dificultad
tiene_dificultad_concentrarse-4,a1406-Le resulta imposible recordar o concentrarse
tiene_dificultad_cuidado_propio-1,a1407-Ninguna dificultad
tiene_dificultad_cuidado_propio-2,a1407-Cierta dificultad
tiene_dificultad_cuidado_propio-3,a1407-Mucha dificultad
tiene_dificultad_cuidado_propio-4,a1407-Le resulta imposible encargarse de su autocuidado
tiene_dificultad_oir-1,a1404b-Ninguna dificultad
tiene_dificultad_oir-2,a1404b-Cierta dificultad
tiene_dificultad_oir-3,a1404b-Mucha dificultad
tiene_dificultad_oir-4,a1404b-Le resulta imposible oír
tiene_dificultad_ver-1,a1403b-Ninguna dificultad
tiene_dificultad_ver-2,a1403b-Cierta dificultad
tiene_dificultad_ver-3,a1403b-Mucha dificultad
tiene_dificultad_ver-4,a1403b-Le resulta imposible ver
tiene_lancha-1,h0127e-Sí
tiene_lancha-2,h0127e-No
tiene_motocicleta-1,h0127d-Sí
tiene_motocicleta-2,h0127d-No
tiene_otra_propiedad-1,h0127a-Sí
tiene_otra_propiedad-2,h0127a-No
tiene_tuvo_hermanos-1,a07her-SI
tiene_tuvo_hermanos-2,a07her-NO
tienen_celular-1,h0501f-Sí
tienen_celular-2,h0501f-No
tienen_computadora-1,h0501e-Sí
tienen_computadora-2,h0501e-No
tienen_estufa_no_gas-1,h0501m-Sí
tienen_estufa_no_gas-2,h0501m-No
tienen_gas-1,h0501l-Sí
tienen_gas-2,h0501l-No
tienen_horno_microondas-1,h0501o-Sí
tienen_horno_microondas-2,h0501o-No
tienen_internet-1,h0501g-Sí
tienen_internet-2,h0501g-No
tienen_lavadora-1,h0501n-Sí
tienen_lavadora-2,h0501n-No
tienen_licuadora-1,h0501j-Sí
tienen_licuadora-2,h0501j-No
tienen_plancha-1,h0501i-Sí
tienen_plancha-2,h0501i-No
tienen_radio-1,h0501c-Sí
tienen_radio-2,h0501c-No
tienen_refrigerador-1,h0501k-Sí
tienen_refrigerador-2,h0501k-No
tienen_stereo-1,h0501d-Sí
tienen_stereo-2,h0501d-No
tienen_telefono_fijo-1,h0501h-Sí
tienen_telefono_fijo-2,h0501h-No
tienen_television-1,h0501a-Sí
tienen_television-2,h0501a-No
tienen_television_paga-1,h0501b-Sí
tienen_television_paga-2,h0501b-No
tipo_escuela-1,h0314-pública?
tipo_escuela-2,h0314-privada?
tipo_jabon_1-1,h0117a-Jabón en pastilla
tipo_jabon_1-2,h0117a-Detergente (en polvo / liquido / en pasta)
tipo_jabon_1-3,h0117a-Jabón liquido
tipo_jabon_1-4,"h0117a-Ceniza, barro o arena"
tipo_jabon_2-1,h0117b-Jabón en pastilla
tipo_jabon_2-2,h0117b-Detergente (en polvo / liquido / en pasta)
tipo_jabon_2-3,h0117b-Jabón liquido
tipo_jabon_2-4,"h0117b-Ceniza, barro o arena"
tipo_jabon_3-1,h0117c-Jabón en pastilla
tipo_jabon_3-2,h0117c-Detergente (en polvo / liquido / en pasta)
tipo_jabon_3-3,h0117c-Jabón liquido
tipo_jabon_3-4,"h0117c-Ceniza, barro o arena"
toma_medicamento_depretion-1,a0204-Sí
toma_medicamento_depretion-2,a0204-No
toma_medicamento_depretion-8,a0204-No responde
toman_temperatura_escuela-1,h1103b-Sí
toman_temperatura_escuela-2,h1103b-No
toman_temperatura_escuela-3,h1103b-No Sabe
trab_beneficio_afore-1,h0326e-Sí
trab_beneficio_afore-2,h0326e-No
trab_beneficio_afore-3,h0326e-No sabe
trab_beneficio_aguinaldo-1,h0326b-Sí
trab_beneficio_aguinaldo-2,h0326b-No
trab_beneficio_aguinaldo-3,h0326b-No sabe
trab_beneficio_cuidados-1,h0326h-Sí
trab_beneficio_cuidados-2,h0326h-No
trab_beneficio_cuidados-3,h0326h-No sabe
trab_beneficio_gmsm-1,h0326j-Sí
trab_beneficio_gmsm-2,h0326j-No
trab_beneficio_gmsm-3,h0326j-No sabe
trab_beneficio_guarderia-1,h0326g-Sí
trab_beneficio_guarderia-2,h0326g-No
trab_beneficio_guarderia-3,h0326g-No sabe
trab_beneficio_prestamos-1,h0326k-Sí
trab_beneficio_prestamos-2,h0326k-No
trab_beneficio_prestamos-3,h0326k-No sabe
trab_beneficio_prima-1,h0326d-Sí
trab_beneficio_prima-2,h0326d-No
trab_beneficio_prima-3,h0326d-No sabe
trab_beneficio_salud-1,h0326a-Sí
trab_beneficio_salud-2,h0326a-No
trab_beneficio_salud-3,h0326a-No sabe
trab_beneficio_seguro-1,h0326i-Sí
trab_beneficio_seguro-2,h0326i-No
trab_beneficio_seguro-3,h0326i-No sabe
trab_beneficio_vacaciones-1,h0326c-Sí
trab_beneficio_vacaciones-2,h0326c-No
trab_beneficio_vacaciones-3,h0326c-No sabe
trab_beneficio_vivienda-1,h0326f-Sí
trab_beneficio_vivienda-2,h0326f-No
trab_beneficio_vivienda-3,h0326f-No sabe
trabajan_personas_60_mas-1,h1508-Muy frecuentemente
trabajan_personas_60_mas-2,h1508-Frecuentemente
trabajan_personas_60_mas-3,h1508-Ocasionalmente
trabajan_personas_60_mas-4,h1508-Rara vez
trabajan_personas_60_mas-5,h1508-Nunca
trabajo_semana_anterior-1,h0321-Sí
trabajo_semana_anterior-2,h0321-No
traen_careta_hogar-1,h1104c-Sí
traen_careta_hogar-2,h1104c-No
traen_cubrebocas_hgar-1,h1104b-Sí
traen_cubrebocas_hgar-2,h1104b-No
traen_gel_hogar-1,h1104a-Sí
traen_gel_hogar-2,h1104a-No
traen_jabon_hogar-1,h1104d-Sí
traen_jabon_hogar-2,h1104d-No
turno_clases-1,h0315-Matutino
turno_clases-2,h0315-Vespertino
turno_clases-3,h0315-Turno completo o mixto
turno_clases-4,h0315-Turno sabatino o flexible
tx_adicional_control_presion_1-1,a0408a-Plan de alimentación (dieta recomendada por personal de salu
tx_adicional_control_presion_1-2,a0408a-Realiza algún ejercicio físico.
tx_adicional_control_presion_1-3,a0408a-Disminución en el consumo de sal.
tx_adicional_control_presion_1-4,a0408a-Medicina alternativa.
tx_adicional_control_presion_1-5,a0408a-Ninguno.
tx_adicional_control_presion_2-1,a0408b-Plan de alimentación (dieta recomendada por personal de salu
tx_adicional_control_presion_2-2,a0408b-Realiza algún ejercicio físico.
tx_adicional_control_presion_2-3,a0408b-Disminución en el consumo de sal.
tx_adicional_control_presion_2-4,a0408b-Medicina alternativa.
tx_adicional_control_presion_2-5,a0408b-Ninguno.
tx_control_azucar_1-1,a0103-SÍ.
tx_control_azucar_1-2,a0103-NO.
tx_control_azucar_otro_1-1,a0312a-Plan de alimentación (dieta recomendada por personal de salu
tx_control_azucar_otro_1-2,a0312a-Plan de ejercicio físico.
tx_control_azucar_otro_1-3,a0312a-Medicina alternativa.
tx_control_azucar_otro_1-4,a0312a-Otros.
tx_control_azucar_otro_1-5,a0312a-Ninguno.
tx_control_azucar_otro_2-1,a0312b-Plan de alimentación (dieta recomendada por personal de salu
tx_control_azucar_otro_2-2,a0312b-Plan de ejercicio físico.
tx_control_azucar_otro_2-3,a0312b-Medicina alternativa.
tx_control_azucar_otro_2-4,a0312b-Otros.
tx_control_azucar_otro_2-5,a0312b-Ninguno.
tx_control_presion_alta-1,a0404-SÍ.
tx_control_presion_alta-2,a0404-NO.
tx_enf_renal_dialisis-1,a0602c-SI.
tx_enf_renal_dialisis-2,a0602c-NO.
tx_enf_renal_dieta_sin_sal-1,a0602a-SI.
tx_enf_renal_dieta_sin_sal-2,a0602a-NO.
tx_enf_renal_hemodialisis-1,a0602d-SI.
tx_enf_renal_hemodialisis-2,a0602d-NO.
tx_enf_renal_medic_alterna-1,a0602e-SI.
tx_enf_renal_medic_alterna-2,a0602e-NO.
tx_enf_renal_medicamentos-1,a0602b-SI.
tx_enf_renal_medicamentos-2,a0602b-NO.
tx_enf_renal_ninguno-1,a0602g-SI.
tx_enf_renal_ninguno-2,a0602g-NO.
tx_enf_renal_otro-1,a0602f-SI.
tx_enf_renal_otro-2,a0602f-NO.
tx_para_depresion-1,a0203-Sí
tx_para_depresion-2,a0203-No
tx_para_depresion-8,a0203-No responde
tx_ultimos_6meses_suspendido-1,a0313-Sí.
tx_ultimos_6meses_suspendido-2,a0313-No.
tx_ultimos_6meses_suspendido-9,a0313-No sabe.
tx_ultimos_suspendido_causa-1,a0314-Se le olvidó tomar los medicamentos.
tx_ultimos_suspendido_causa-2,a0314-Consideró que no lo necesitaba.
tx_ultimos_suspendido_causa-3,a0314-Tuvo miedo a la hipoglucemia.
tx_ultimos_suspendido_causa-4,a0314-Tuvo temor sobre la seguridad del medicamento.
tx_ultimos_suspendido_causa-5,a0314-No le surtieron los medicamentos en la unidad  Médica.
tx_ultimos_suspendido_causa-6,a0314-No encontró el medicamento en la farmacia.
tx_ultimos_suspendido_causa-7,a0314-No tuvo dinero para comprarlo(s).
tx_ultimos_suspendido_causa-8,a0314-Otro.
ult_12meses_1_copa_alcohol-1,a1308-Diaria
ult_12meses_1_copa_alcohol-2,a1308-Semanal
ult_12meses_1_copa_alcohol-3,a1308-Mensual
ult_12meses_1_copa_alcohol-4,a1308-Anual
ult_12meses_1_copa_alcohol-5,a1308-No ha consumido en los últimos 12 meses
ult_12meses_1_copa_alcohol-6,a1308-Nunca ha consumido
ult_12meses_1_copa_alcohol-9,a1308-No responde
ult_12meses_4mas_copa_alcohol-1,a1310-Diario
ult_12meses_4mas_copa_alcohol-2,a1310-Semanal
ult_12meses_4mas_copa_alcohol-3,a1310-Mensual
ult_12meses_4mas_copa_alcohol-4,a1310-7 a 11 veces al año
ult_12meses_4mas_copa_alcohol-5,a1310-1 a 6 veces al año
ult_12meses_4mas_copa_alcohol-6,a1310-No en los últimos 12 meses
ult_12meses_4mas_copa_alcohol-9,a1310-No responde
ult_12meses_5mas_copa_alcohol-1,a1309-Diario
ult_12meses_5mas_copa_alcohol-2,a1309-Semanal
ult_12meses_5mas_copa_alcohol-3,a1309-Mensual
ult_12meses_5mas_copa_alcohol-4,a1309-7 a 11 veces al año
ult_12meses_5mas_copa_alcohol-5,a1309-1 a 6 veces al año
ult_12meses_5mas_copa_alcohol-6,a1309-No en los últimos 12 meses
ult_12meses_5mas_copa_alcohol-9,a1309-No responde
ult_anio_acido_folico-1,a0826-Sí.
ult_anio_acido_folico-2,a0826-No.
ult_anio_acido_folico-9,a0826-NS/NR
ult_anio_evitar_comp_diab_medida_1-1,a0315a-Revisión de la vista.
ult_anio_evitar_comp_diab_medida_1-2,a0315a-Toma una aspirina diaria.
ult_anio_evitar_comp_diab_medida_1-3,a0315a-Revisión de pies.
ult_anio_evitar_comp_diab_medida_1-4,a0315a-Examen general de orina.
ult_anio_evitar_comp_diab_medida_1-5,a0315a-Microalbuminuria (con recolección de orina de 24 horas).
ult_anio_evitar_comp_diab_medida_1-6,a0315a-Medición de la presión arterial.
ult_anio_evitar_comp_diab_medida_1-7,a0315a-Aplicación de vacuna contra influenza.
ult_anio_evitar_comp_diab_medida_1-8,a0315a-Aplicación de vacuna contra neumococo.
ult_anio_evitar_comp_diab_medida_1-9,a0315a-Medición del colesterol y los triglicéridos.
ult_anio_evitar_comp_diab_medida_1-10,a0315a-Toma un medicamento para disminuir la concentración de coles
ult_anio_evitar_comp_diab_medida_1-11,a0315a-Toma un medicamento para el control de su presión arterial (
ult_anio_evitar_comp_diab_medida_1-12,a0315a-Dejó de fumar.
ult_anio_evitar_comp_diab_medida_1-13,a0315a-Revisión dental.
ult_anio_evitar_comp_diab_medida_1-14,a0315a-Recibió educación sobre su enfermedad.
ult_anio_evitar_comp_diab_medida_1-15,a0315a-Electrocardiograma.
ult_anio_evitar_comp_diab_medida_1-16,a0315a-Evita calzado que pueda lesionar   sus pies.
ult_anio_evitar_comp_diab_medida_1-17,a0315a-Acude a algún grupo de ayuda mutua.
ult_anio_evitar_comp_diab_medida_1-18,a0315a-Otro (especifica).
ult_anio_evitar_comp_diab_medida_1-19,a0315a-No realiza ninguna medida preventiva.
ult_anio_evitar_comp_diab_medida_1-20,a0315a-Medición de glucosa en sangre capilar en casa.
ult_anio_evitar_comp_diab_medida_1-21,a0315a-Determinación de glucosa en sangre venosa.
ult_anio_evitar_comp_diab_medida_1-22,a0315a-Determinación de hemoglobina glucosilada.
ult_anio_evitar_comp_diab_medida_2-1,a0315b-Revisión de la vista.
ult_anio_evitar_comp_diab_medida_2-2,a0315b-Toma una aspirina diaria.
ult_anio_evitar_comp_diab_medida_2-3,a0315b-Revisión de pies.
ult_anio_evitar_comp_diab_medida_2-4,a0315b-Examen general de orina.
ult_anio_evitar_comp_diab_medida_2-5,a0315b-Microalbuminuria (con recolección de orina de 24 horas).
ult_anio_evitar_comp_diab_medida_2-6,a0315b-Medición de la presión arterial.
ult_anio_evitar_comp_diab_medida_2-7,a0315b-Aplicación de vacuna contra influenza.
ult_anio_evitar_comp_diab_medida_2-8,a0315b-Aplicación de vacuna contra neumococo.
ult_anio_evitar_comp_diab_medida_2-9,a0315b-Medición del colesterol y los triglicéridos.
ult_anio_evitar_comp_diab_medida_2-10,a0315b-Toma un medicamento para disminuir la concentración de coles
ult_anio_evitar_comp_diab_medida_2-11,a0315b-Toma un medicamento para el control de su presión arterial (
ult_anio_evitar_comp_diab_medida_2-12,a0315b-Dejó de fumar.
ult_anio_evitar_comp_diab_medida_2-13,a0315b-Revisión dental.
ult_anio_evitar_comp_diab_medida_2-14,a0315b-Recibió educación sobre su enfermedad.
ult_anio_evitar_comp_diab_medida_2-15,a0315b-Electrocardiograma.
ult_anio_evitar_comp_diab_medida_2-16,a0315b-Evita calzado que pueda lesionar   sus pies.
ult_anio_evitar_comp_diab_medida_2-17,a0315b-Acude a algún grupo de ayuda mutua.
ult_anio_evitar_comp_diab_medida_2-18,a0315b-Otro (especifica).
ult_anio_evitar_comp_diab_medida_2-19,a0315b-No realiza ninguna medida preventiva.
ult_anio_evitar_comp_diab_medida_2-20,a0315b-Medición de glucosa en sangre capilar en casa.
ult_anio_evitar_comp_diab_medida_2-21,a0315b-Determinación de glucosa en sangre venosa.
ult_anio_evitar_comp_diab_medida_2-22,a0315b-Determinación de hemoglobina glucosilada.
ult_anio_evitar_comp_diab_medida_3-1,a0315c-Revisión de la vista.
ult_anio_evitar_comp_diab_medida_3-2,a0315c-Toma una aspirina diaria.
ult_anio_evitar_comp_diab_medida_3-3,a0315c-Revisión de pies.
ult_anio_evitar_comp_diab_medida_3-4,a0315c-Examen general de orina.
ult_anio_evitar_comp_diab_medida_3-5,a0315c-Microalbuminuria (con recolección de orina de 24 horas).
ult_anio_evitar_comp_diab_medida_3-6,a0315c-Medición de la presión arterial.
ult_anio_evitar_comp_diab_medida_3-7,a0315c-Aplicación de vacuna contra influenza.
ult_anio_evitar_comp_diab_medida_3-8,a0315c-Aplicación de vacuna contra neumococo.
ult_anio_evitar_comp_diab_medida_3-9,a0315c-Medición del colesterol y los triglicéridos.
ult_anio_evitar_comp_diab_medida_3-10,a0315c-Toma un medicamento para disminuir la concentración de coles
ult_anio_evitar_comp_diab_medida_3-11,a0315c-Toma un medicamento para el control de su presión arterial (
ult_anio_evitar_comp_diab_medida_3-12,a0315c-Dejó de fumar.
ult_anio_evitar_comp_diab_medida_3-13,a0315c-Revisión dental.
ult_anio_evitar_comp_diab_medida_3-14,a0315c-Recibió educación sobre su enfermedad.
ult_anio_evitar_comp_diab_medida_3-15,a0315c-Electrocardiograma.
ult_anio_evitar_comp_diab_medida_3-16,a0315c-Evita calzado que pueda lesionar   sus pies.
ult_anio_evitar_comp_diab_medida_3-17,a0315c-Acude a algún grupo de ayuda mutua.
ult_anio_evitar_comp_diab_medida_3-18,a0315c-Otro (especifica).
ult_anio_evitar_comp_diab_medida_3-19,a0315c-No realiza ninguna medida preventiva.
ult_anio_evitar_comp_diab_medida_3-20,a0315c-Medición de glucosa en sangre capilar en casa.
ult_anio_evitar_comp_diab_medida_3-21,a0315c-Determinación de glucosa en sangre venosa.
ult_anio_evitar_comp_diab_medida_3-22,a0315c-Determinación de hemoglobina glucosilada.
ult_anio_evitar_comp_diab_medida_4-1,a0315d-Revisión de la vista.
ult_anio_evitar_comp_diab_medida_4-2,a0315d-Toma una aspirina diaria.
ult_anio_evitar_comp_diab_medida_4-3,a0315d-Revisión de pies.
ult_anio_evitar_comp_diab_medida_4-4,a0315d-Examen general de orina.
ult_anio_evitar_comp_diab_medida_4-5,a0315d-Microalbuminuria (con recolección de orina de 24 horas).
ult_anio_evitar_comp_diab_medida_4-6,a0315d-Medición de la presión arterial.
ult_anio_evitar_comp_diab_medida_4-7,a0315d-Aplicación de vacuna contra influenza.
ult_anio_evitar_comp_diab_medida_4-8,a0315d-Aplicación de vacuna contra neumococo.
ult_anio_evitar_comp_diab_medida_4-9,a0315d-Medición del colesterol y los triglicéridos.
ult_anio_evitar_comp_diab_medida_4-10,a0315d-Toma un medicamento para disminuir la concentración de coles
ult_anio_evitar_comp_diab_medida_4-11,a0315d-Toma un medicamento para el control de su presión arterial (
ult_anio_evitar_comp_diab_medida_4-12,a0315d-Dejó de fumar.
ult_anio_evitar_comp_diab_medida_4-13,a0315d-Revisión dental.
ult_anio_evitar_comp_diab_medida_4-14,a0315d-Recibió educación sobre su enfermedad.
ult_anio_evitar_comp_diab_medida_4-15,a0315d-Electrocardiograma.
ult_anio_evitar_comp_diab_medida_4-16,a0315d-Evita calzado que pueda lesionar   sus pies.
ult_anio_evitar_comp_diab_medida_4-17,a0315d-Acude a algún grupo de ayuda mutua.
ult_anio_evitar_comp_diab_medida_4-18,a0315d-Otro (especifica).
ult_anio_evitar_comp_diab_medida_4-19,a0315d-No realiza ninguna medida preventiva.
ult_anio_evitar_comp_diab_medida_4-20,a0315d-Medición de glucosa en sangre capilar en casa.
ult_anio_evitar_comp_diab_medida_4-21,a0315d-Determinación de glucosa en sangre venosa.
ult_anio_evitar_comp_diab_medida_4-22,a0315d-Determinación de hemoglobina glucosilada.
ult_anio_frec_medir_presion-1,a0409-Diario.
ult_anio_frec_medir_presion-2,a0409-Semanal.
ult_anio_frec_medir_presion-3,a0409-Mensual.
ult_anio_frec_medir_presion-4,a0409-Anual.
ult_anio_frec_medir_presion-5,a0409-No se la toman
ult_mes_4mas_copa_alcohol-1,a1312-Sí
ult_mes_4mas_copa_alcohol-2,a1312-No
ult_mes_4mas_copa_alcohol-9,a1312-No responde
ult_mes_5mas_copa_alcohol-1,a1311-Sí
ult_mes_5mas_copa_alcohol-2,a1311-No
ult_mes_5mas_copa_alcohol-9,a1311-No responde
ultima_necesidad_salud-1,"h0402-Infecciones respiratorias (gripe, catarro, dolor de garganta"
ultima_necesidad_salud-2,h0402-Diarrea o empacho (infección estomacal o intestinal por algu
ultima_necesidad_salud-3,h0402-Infecciones de vías urinarias (dolor o ardor al orinar)
ultima_necesidad_salud-4,"h0402-Infección de oído (comezón, ardor, dolor, sangrado o salida"
ultima_necesidad_salud-5,"h0402-Infección en los ojos (conjuntivitis, orzuelo-perrilla del o"
ultima_necesidad_salud-6,h0402-Infección vaginal
ultima_necesidad_salud-7,h0402-Caries
ultima_necesidad_salud-8,h0402-Otra enfermedad de la boca diferente a caries
ultima_necesidad_salud-9,h0402-Infección del riñón (dolor en riñón)
ultima_necesidad_salud-10,h0402-Neumonía (pulmonía)
ultima_necesidad_salud-11,h0402-Infección de transmisión sexual
ultima_necesidad_salud-12,h0402-Infección en genitales
ultima_necesidad_salud-13,h0402-Parasitosis intestinal (lombrices)
ultima_necesidad_salud-14,"h0402-Infecciones transmitidas por vector-insectos- (Zika, Dengue,"
ultima_necesidad_salud-15,h0402-COVID-19 (coronavirus)
ultima_necesidad_salud-16,"h0402-Control, seguimiento o diagnóstico de diabetes (azúcar alta)"
ultima_necesidad_salud-17,"h0402-Control, seguimiento o diagnóstico de hipertensión arterial"
ultima_necesidad_salud-18,"h0402-Control de peso (diagnóstico, tratamiento o control de sobre"
ultima_necesidad_salud-19,h0402-Enfermedades renales
ultima_necesidad_salud-20,"h0402-Gastritis, úlcera gástrica o duodenitis (reflujo)"
ultima_necesidad_salud-21,h0402-Piedra o cálculo en el riñón
ultima_necesidad_salud-22,h0402-Insuficiencia renal aguda o crónica (pérdida de la función d
ultima_necesidad_salud-23,h0402-Asma
ultima_necesidad_salud-24,h0402-Bronquitis o enfisema pulmonar (EPOC)
ultima_necesidad_salud-25,"h0402-Alergias (en piel, ojos o nariz)"
ultima_necesidad_salud-26,"h0402-Enfermedades reumatológicas (artritis, lupus)"
ultima_necesidad_salud-27,h0402-Cáncer o tumores
ultima_necesidad_salud-28,h0402-Vacunación
ultima_necesidad_salud-29,h0402-Planificación familiar
ultima_necesidad_salud-30,h0402-Chequeo o consulta médico
ultima_necesidad_salud-31,h0402-Chequeo o consulta dental
ultima_necesidad_salud-32,h0402-Control prenatal (embarazo)
ultima_necesidad_salud-33,h0402-Antígeno prostático y/o examen prostático (tacto rectal)
ultima_necesidad_salud-34,h0402-Mamografía o mastografía
ultima_necesidad_salud-35,h0402-Papanicolaou o colposcopía
ultima_necesidad_salud-36,h0402-Certificado médico
ultima_necesidad_salud-37,"h0402-Otro estudio médico (resonancia, tomografía, electrocardiogr"
ultima_necesidad_salud-38,"h0402-Lesión física por accidente (vehículo, fracturas,golpes, etc"
ultima_necesidad_salud-39,"h0402-Lesión física por agresión de animal, picadura de insecto a"
ultima_necesidad_salud-40,h0402-Dolor de cabeza
ultima_necesidad_salud-41,h0402-Fiebre
ultima_necesidad_salud-42,"h0402-Dolor, inflamación o infección de órganos (Páncreas, vesícul"
ultima_necesidad_salud-43,h0402-Atención de parto o cesárea
ultima_necesidad_salud-44,"h0402-Dolor de músculos, huesos y/o articulaciones"
ultima_necesidad_salud-45,"h0402-Dolor de nervios (hernia lumbar, ciática, sensación de ardor"
ultima_necesidad_salud-46,h0402-Cirugía u operación de cualquier órgano o parte del cuerpo
ultima_necesidad_salud-47,h0402-Depresión
ultima_necesidad_salud-48,h0402-Ansiedad
ultima_necesidad_salud-49,h0402-Insomnio
ultima_necesidad_salud-50,h0402-Estrés
ultima_necesidad_salud-51,h0402-Cualquier otra condición mental
ultima_necesidad_salud-52,h0402-Otra causa no enlistada en las anteriores (especifique)
ultima_necesidad_salud-99,h0402-No sabe
ultima_rel_sex_evita_enf_1-1,a0804a-Condón o preservativo masculino.
ultima_rel_sex_evita_enf_1-2,a0804a-Condón femenino.
ultima_rel_sex_evita_enf_1-3,a0804a-Pastillas de anticoncepción de emergencia o del día siguient
ultima_rel_sex_evita_enf_1-4,a0804a-Pastillas o píldoras.
ultima_rel_sex_evita_enf_1-5,a0804a-Inyecciones.
ultima_rel_sex_evita_enf_1-6,a0804a-Parche anticonceptivo.
ultima_rel_sex_evita_enf_1-7,"a0804a-Dispositivo, DIU o aparato."
ultima_rel_sex_evita_enf_1-8,"a0804a-Implantes, tubos o norplant."
ultima_rel_sex_evita_enf_1-9,"a0804a-Óvulos, jaleas, espuma o diafragma."
ultima_rel_sex_evita_enf_1-10,"a0804a-Operación femenina, OTB o ligadura de trompas"
ultima_rel_sex_evita_enf_1-11,a0804a-Operación masculina o vasectomía.
ultima_rel_sex_evita_enf_1-12,"a0804a-Ritmo, calendario, abstinencia periódica, termómetro, billin"
ultima_rel_sex_evita_enf_1-13,a0804a-Retiro o coito interrumpido.
ultima_rel_sex_evita_enf_1-14,a0804a-Nada.
ultima_rel_sex_evita_enf_1-77,a0804a-Otro (especifique).
ultima_rel_sex_evita_enf_1-88,a0804a-No recuerda.
ultima_rel_sex_evita_enf_1-99,a0804a-NS/NR.
ultima_rel_sex_evita_enf_2-1,a0804b-Condón o preservativo masculino.
ultima_rel_sex_evita_enf_2-2,a0804b-Condón femenino.
ultima_rel_sex_evita_enf_2-3,a0804b-Pastillas de anticoncepción de emergencia o del día siguient
ultima_rel_sex_evita_enf_2-4,a0804b-Pastillas o píldoras.
ultima_rel_sex_evita_enf_2-5,a0804b-Inyecciones.
ultima_rel_sex_evita_enf_2-6,a0804b-Parche anticonceptivo.
ultima_rel_sex_evita_enf_2-7,"a0804b-Dispositivo, DIU o aparato."
ultima_rel_sex_evita_enf_2-8,"a0804b-Implantes, tubos o norplant."
ultima_rel_sex_evita_enf_2-9,"a0804b-Óvulos, jaleas, espuma o diafragma."
ultima_rel_sex_evita_enf_2-10,"a0804b-Operación femenina, OTB o ligadura de trompas"
ultima_rel_sex_evita_enf_2-11,a0804b-Operación masculina o vasectomía.
ultima_rel_sex_evita_enf_2-12,"a0804b-Ritmo, calendario, abstinencia periódica, termómetro, billin"
ultima_rel_sex_evita_enf_2-13,a0804b-Retiro o coito interrumpido.
ultima_rel_sex_evita_enf_2-14,a0804b-Nada.
ultima_rel_sex_evita_enf_2-77,a0804b-Otro (especifique).
ultima_rel_sex_evita_enf_2-88,a0804b-No recuerda.
ultima_rel_sex_evita_enf_2-99,a0804b-NS/NR.
ultima_semana_concentrarse-1,a0212-Rara vez o nunca (menos de un día).
ultima_semana_concentrarse-2,a0212-Pocas veces o alguna vez (1-2 días).
ultima_semana_concentrarse-3,a0212-Un número de veces conside-rable (3-4 dias).
ultima_semana_concentrarse-4,a0212-Todo el tiempo o la mayoría del tiempo    (5-7 días).
ultima_semana_deprimido-1,a0213-Rara vez o nunca (menos de un día).
ultima_semana_deprimido-2,a0213-Pocas veces o alguna vez (1-2 días).
ultima_semana_deprimido-3,a0213-Un número de veces conside-rable (3-4 dias).
ultima_semana_deprimido-4,a0213-Todo el tiempo o la mayoría del tiempo    (5-7 días).
ultima_semana_disfrute-1,a0216-Rara vez o nunca (menos de un día).
ultima_semana_disfrute-2,a0216-Pocas veces o alguna vez (1-2 días).
ultima_semana_disfrute-3,a0216-Un número de veces conside-rable (3-4 dias).
ultima_semana_disfrute-4,a0216-Todo el tiempo o la mayoría del tiempo    (5-7 días).
ultima_semana_durmio_bien-1,a0215-Rara vez o nunca (menos de un día).
ultima_semana_durmio_bien-2,a0215-Pocas veces o alguna vez (1-2 días).
ultima_semana_durmio_bien-3,a0215-Un número de veces conside-rable (3-4 dias).
ultima_semana_durmio_bien-4,a0215-Todo el tiempo o la mayoría del tiempo    (5-7 días).
ultima_semana_esfuerzo-1,a0214-Rara vez o nunca (menos de un día).
ultima_semana_esfuerzo-2,a0214-Pocas veces o alguna vez (1-2 días).
ultima_semana_esfuerzo-3,a0214-Un número de veces conside-rable (3-4 dias).
ultima_semana_esfuerzo-4,a0214-Todo el tiempo o la mayoría del tiempo    (5-7 días).
ultima_semana_triste-1,a0217-Rara vez o nunca (menos de un día).
ultima_semana_triste-2,a0217-Pocas veces o alguna vez (1-2 días).
ultima_semana_triste-3,a0217-Un número de veces conside-rable (3-4 dias).
ultima_semana_triste-4,a0217-Todo el tiempo o la mayoría del tiempo    (5-7 días).
ultima_semana_tristeza-1,a0211-Rara vez o nunca (menos de un día).
ultima_semana_tristeza-2,a0211-Pocas veces o alguna vez (1-2 días).
ultima_semana_tristeza-3,a0211-Un número de veces conside-rable (3-4 dias).
ultima_semana_tristeza-4,a0211-Todo el tiempo o la mayoría del tiempo    (5-7 días).
ultimas_dos_semanas-1,h0403-Sí
ultimas_dos_semanas-2,h0403-No
ultimo_grado_estudios-1,h0317g-1° Grado
ultimo_grado_estudios-2,h0317g-2° Grado
ultimo_grado_estudios-3,h0317g-3° Grado
ultimo_grado_estudios-4,h0317g-4° Grado
ultimo_grado_estudios-5,h0317g-5° Grado
ultimo_grado_estudios-6,h0317g-6° Grado
ultimo_hijo_amamanto_periodo-1,a0820p-Días.
ultimo_hijo_amamanto_periodo-2,a0820p-Meses.
ultimo_hijo_amamanto_periodo-7,a0820p-Aún le da pecho.
ultimo_hijo_amamanto_periodo-8,a0820p-No recuerda.
ultimo_hijo_amamanto_periodo-9,a0820p-NS/NR.
ultimo_hijo_peso_nacer_inf-1,a0819f-De la cartilla del niño o de otro documento.
ultimo_hijo_peso_nacer_inf-2,"a0819f-Del recuerdo de su mamá, cuidadora o informante."
ultimo_hijo_peso_nacer_inf-9,a0819f-NS/NR.
ultimo_hijo_piel_c_piel-1,a0818-Sí.
ultimo_hijo_piel_c_piel-2,a0818-No.
ultimo_hijo_piel_c_piel-8,a0818-No recuerda.
ultimo_hijo_piel_c_piel-9,a0818-NS/NR.
ultimo_nivel_estudios-1,h0317a-Preescolar
ultimo_nivel_estudios-2,h0317a-Primaria
ultimo_nivel_estudios-3,h0317a-Secundaria
ultimo_nivel_estudios-4,h0317a-Preparatoria o Bachillerato
ultimo_nivel_estudios-5,h0317a-Normal básica
ultimo_nivel_estudios-6,h0317a-Estudios técnicos o comerciales con primaria terminada
ultimo_nivel_estudios-7,h0317a-Estudios técnicos o comerciales con secundaria terminada
ultimo_nivel_estudios-8,h0317a-Estudios técnicos o comerciales con preparatoria terminada
ultimo_nivel_estudios-9,h0317a-Normal de licenciatura
ultimo_nivel_estudios-10,h0317a-Licenciatura o profesional
ultimo_nivel_estudios-11,h0317a-Maestría
ultimo_nivel_estudios-12,h0317a-Doctorado
ultimo_parto-1,a0817-normal (vaginal)?
ultimo_parto-2,a0817-cesárea por urgencias?
ultimo_parto-3,a0817-cesárea programada?
ultimo_parto-9,a0817-NS/NR.
una_o no_comida_adulto-1,h0708-Sí
una_o no_comida_adulto-2,h0708-No
una_o no_comida_adulto-8,h0708-No responde
una_o no_comida_adulto-9,h0708-No sabe
una_o no_comida_menor-1,h0716-Sí
una_o no_comida_menor-2,h0716-No
una_o no_comida_menor-8,h0716-No responde
una_o no_comida_menor-9,h0716-No sabe
usa_celular-1,a1501-Siempre
usa_celular-2,a1501-A veces
usa_celular-9,a1501-Nunca
usa_computadora-1,a1502-Siempre
usa_computadora-2,a1502-A veces
usa_computadora-9,a1502-Nunca
usa_internet-1,a1503-Siempre
usa_internet-2,a1503-A veces
usa_internet-9,a1503-Nunca
usa_lentes-1,a1401-Sí
usa_lentes-2,a1401-No
usa_protesis_auditiva-1,a1402-Sí
usa_protesis_auditiva-2,a1402-No
usa_redes_sociales_1-1,a1504a-No la utilizo
usa_redes_sociales_1-2,a1504a-WhatsApp
usa_redes_sociales_1-3,a1504a-Facebook
usa_redes_sociales_1-4,a1504a-Twitter
usa_redes_sociales_1-5,a1504a-YouTube
usa_redes_sociales_1-6,a1504a-Chat
usa_redes_sociales_1-7,a1504a-Otra (especifique)
usa_redes_sociales_2-1,a1504b-No la utilizo
usa_redes_sociales_2-2,a1504b-WhatsApp
usa_redes_sociales_2-3,a1504b-Facebook
usa_redes_sociales_2-4,a1504b-Twitter
usa_redes_sociales_2-5,a1504b-YouTube
usa_redes_sociales_2-6,a1504b-Chat
usa_redes_sociales_2-7,a1504b-Otra (especifique)
usan_cubrebocas_trabajo-1,h1506-Muy frecuentemente
usan_cubrebocas_trabajo-2,h1506-Frecuentemente
usan_cubrebocas_trabajo-3,h1506-Ocasionalmente
usan_cubrebocas_trabajo-4,h1506-Rara vez
usan_cubrebocas_trabajo-5,h1506-Nunca
usan_gel_escuela-1,h1103c-Sí
usan_gel_escuela-2,h1103c-No
usan_gel_escuela-3,h1103c-No Sabe
usanron_condon_masculino-1,a0805-Sí.
usanron_condon_masculino-2,a0805-No.
usanron_condon_masculino-9,a0805-NS/NR.
uso_careta_escuela-1,h1103e-Sí
uso_careta_escuela-2,h1103e-No
uso_careta_escuela-3,h1103e-No Sabe
uso_cubrebocas-1,h1002-Nada
uso_cubrebocas-2,h1002-Pocas veces
uso_cubrebocas-3,h1002-A veces
uso_cubrebocas-4,h1002-Casi siempre
uso_cubrebocas-5,h1002-Siempre
uso_cubrebocas_escuela-1,h1103d-Sí
uso_cubrebocas_escuela-2,h1103d-No
uso_cubrebocas_escuela-3,h1103d-No Sabe
vacuna_aplicada-1,"h1602-Sí, una dosis"
vacuna_aplicada-2,"h1602-Sí, dos dosis"
vacuna_aplicada-3,"h1602-Sí, dosis única"
vacuna_aplicada-4,h1602-No
vacuna_puesta-1,h1605-Pfizer
vacuna_puesta-2,h1605-Sputnik
vacuna_puesta-3,h1605-Sinovac
vacuna_puesta-4,h1605-Astra Zeneca
vacuna_puesta-5,h1605-CanSino
vacuna_puesta-6,h1605-Otra (especificar)
vacuna_puesta-9,h1605-NS/NR
vacuna_vs_influenza-1,a0908-SÍ.
vacuna_vs_influenza-2,a0908-NO.
vacuna_vs_influenza-9,a0908-No sabe / No recuerda.
vacuna_vs_tetano_10anios-1,a0906-SÍ.
vacuna_vs_tetano_10anios-2,a0906-NO.
vacuna_vs_tetano_10anios-9,a0906-No sabe / No recuerda.
vacunado_influenza-1,a0921-SÍ.
vacunado_influenza-2,a0921-NO.
vacunado_influenza-9,a0921-No sabe / No recuerda.
vacunado_neumococo-1,a0917-SÍ.
vacunado_neumococo-2,a0917-NO.
vacunado_neumococo-9,a0917-No sabe / No recuerda.
vacunado_tet-1,a0919-SÍ.
vacunado_tet-2,a0919-NO.
vacunado_tet-9,a0919-No sabe / No recuerda.
vaucnado_sarampion_rub-1,a0904-SÍ.
vaucnado_sarampion_rub-2,a0904-NO.
vaucnado_sarampion_rub-9,a0904-No sabe / No recuerda.
veces_hablo_alguien-1,a1512-Ninguno
veces_hablo_alguien-2,a1512-1 vez
veces_hablo_alguien-3,a1512-2 veces
veces_hablo_alguien-4,a1512-3 veces
veces_hablo_alguien-5,a1512-4 veces
veces_hablo_alguien-6,a1512-5 veces
veces_hablo_alguien-7,a1512-6 veces
veces_hablo_alguien-8,a1512-7 veces ó más
violencia_bajo_efecto-1,a1207-alcohol?
violencia_bajo_efecto-2,a1207-drogas?
violencia_bajo_efecto-3,a1207-ambos?
violencia_bajo_efecto-7,a1207-Otro (especifique)
violencia_bajo_efecto-8,a1207-No estaba bajo efectos de alcohol o drogas
violencia_bajo_efecto-9,a1207-NS/NR
violencia_fisica_1-1,a1202a-Agresiones con substancias
violencia_fisica_1-2,"a1202a-Sofocación, estrangulamiento, ahogamiento"
violencia_fisica_1-3,a1202a-Herdia por arma de fuego
violencia_fisica_1-4,"a1202a-Herida por arma punzocortante (cuchillo, navaja, etc)"
violencia_fisica_1-5,a1202a-Empujón desde lugar elevado
violencia_fisica_1-6,"a1202a-Golpes, patadas, puñetazos"
violencia_fisica_1-7,a1202a-Agresión sexual
violencia_fisica_1-8,a1202a-Envenenamiento u obstrucción de las vías respiratorias por s
violencia_fisica_1-9,a1202a-Agresiones verbales
violencia_fisica_1-76,a1202a-Otras agresiones o maltrato
violencia_fisica_1-77,a1202a-Otro (especifique)
violencia_fisica_1-99,a1202a-NS/NR
violencia_fisica_ult_12meses-1,a1201-Sí
violencia_fisica_ult_12meses-2,a1201-No
violencia_fisica_ult_12meses-9,a1201-NS/NR
visita_lugares_concurridos-1,h1006-Nada
visita_lugares_concurridos-2,h1006-Pocas veces
visita_lugares_concurridos-3,h1006-A veces
visita_lugares_concurridos-4,h1006-Casi siempre
visita_lugares_concurridos-5,h1006-Siempre
visita_medico_diabetes-1,a0303cod-Ninguna.
visita_medico_diabetes-2,a0303cod-Diario.
visita_medico_diabetes-3,a0303cod-Semanal.
visita_medico_diabetes-4,a0303cod-Mensual.
visita_medico_diabetes-5,a0303cod-Anual.
vive_aqui-1,h0307-Sí
vive_aqui-2,"h0307-No, vive en otro lugar"
vive_aqui-3,"h0307-No, ya falleció"
vive_aqui-8,h0307-Matrimonio igualitario
vive_aqui-9,h0307-NS/NR
vive_aqui_padre-1,h0308-Sí
vive_aqui_padre-2,"h0308-No, vive en otro lugar"
vive_aqui_padre-3,"h0308-No, ya falleció"
vive_aqui_padre-8,h0308-Matrimonio igualitario
vive_aqui_padre-9,h0308-NS/NR
vive_con_alguien-1,int_nuevo-Sí
vive_con_alguien-2,int_nuevo-No
vive_conyuge-1,h0320-Sí
vive_conyuge-2,"h0320-No, vive en otro lugar"
vive_conyuge-3,"h0320-No, ya falleció"
vive_conyuge-8,h0320-Matrimonio igualitario
vive_conyuge-9,h0320-No sabe
viven_menores_edad-1,h0709-Sí
viven_menores_edad-2,h0709-No
vivienda_aire_acondicionado-1,h0126e-Sí
vivienda_aire_acondicionado-2,h0126e-No
vivienda_aljibe-1,h0126c-Sí
vivienda_aljibe-2,h0126c-No
vivienda_calentador_agua-1,h0126a-Sí
vivienda_calentador_agua-2,h0126a-No
vivienda_medidor_luz-1,h0126d-Sí
vivienda_medidor_luz-2,h0126d-No
vivienda_tiene_drenaje-1,h0118-la red pública?
vivienda_tiene_drenaje-2,h0118-una fosa séptica o tanque séptico (biodigestor)?
vivienda_tiene_drenaje-3,h0118-una tubería que va a dar a una barranca o grieta?
vivienda_tiene_drenaje-4,"h0118-una tubería que va a dar a un río, lago o mar?"
vivienda_tiene_drenaje-5,h0118-¿No tiene drenaje?
vivienda_tinaco-1,h0126b-Sí
vivienda_tinaco-2,h0126b-No
x_diab_amputacion-1,a0316b-SI
x_diab_amputacion-2,a0316b-NO
x_diab_coma_diabetico-1,a0316i-SI
x_diab_coma_diabetico-2,a0316i-NO
x_diab_dialisis-1,a0316e-SI
x_diab_dialisis-2,a0316e-NO
x_diab_disminuido_vision-1,a0316c-SI
x_diab_disminuido_vision-2,a0316c-NO
x_diab_episodio_diverso-1,a0316j-SI
x_diab_episodio_diverso-2,a0316j-NO
x_diab_infarto_cerebral-1,a0316g-SI
x_diab_infarto_cerebral-2,a0316g-NO
x_diab_infarto_corazon-1,a0316f-SI
x_diab_infarto_corazon-2,a0316f-NO
x_diab_perdida_vision-1,a0316d-SI
x_diab_perdida_vision-2,a0316d-NO
x_diab_pie_diabetico-1,a0316h-SI
x_diab_pie_diabetico-2,a0316h-NO
x_diab_ulceras-1,a0316a-SI
x_diab_ulceras-2,a0316a-NO
x_hpt_danio_retina-1,a04010a-SI.
x_hpt_danio_retina-2,a04010a-NO.
x_hpt_dialisis-1,a04010b-SI.
x_hpt_dialisis-2,a04010b-NO.
x_hpt_episodio_diverso-1,a0501-SÍ.
x_hpt_episodio_diverso-2,a0501-NO.
x_hpt_hospitalizado_ult_dos_anios-1,a04010f-SI.
x_hpt_hospitalizado_ult_dos_anios-2,a04010f-NO.
x_hpt_infarto_cerebral-1,a04010d-SI.
x_hpt_infarto_cerebral-2,a04010d-NO.
x_hpt_infarto_corazon-1,a04010c-SI.
x_hpt_infarto_corazon-2,a04010c-NO.
x_hpt_urgencias_ult_anio-1,a04010e-SI.
x_hpt_urgencias_ult_anio-2,a04010e-NO.
media::anio_nacimiento,media::h0304a
media::cambio_cero_ingresos,media::h1404
media::cambio_cuantos_kilos,media::a0108
media::cambio_perdida_empleo,media::h1403
media::cambio_reduccion_ingresos,media::h1405
media::cintura,media::an08_1
media::circunf_pantorrilla,media::an19
media::circunferencia_brazo,media::an25
media::clases_material_impreso,media::h1102d
media::clases_presencial,media::h1102a
media::clases_tele_radio,media::h1102c
media::clases_virtuales,media::h1102b
media::conocimiento_covid_otro,media::h1001e
media::conyuge,media::h0320q
media::cuantas_personas_5_menos,media::h0901bb
media::cuantas_personas_embarazadas,media::h0901cc
media::cuantas_veces_vacunado_sr,media::a0905
media::cuantas_veces_vacunado_tet,media::a0907
media::cuanto_camina_horas,media::a1410h
media::cuanto_camina_minutos,media::a1410m
media::cuantos_viven_hogar,media::h0204
media::cuartos_para_dormir,media::h0104
media::dx_presion_alta_anios,media::a0402a
media::dx_presion_alta_meses,media::a0402m
media::edad,media::h0303
media::edad_comenzo_fumar_todos_dias,media::a1302
media::edad_diagnostico_diabetes,media::a0302
media::edad_diagnostico_obesidad,media::a0102
media::edad_primera_menstruacion,media::a0806
media::edad_primera_rel_sexual,media::a0801
media::edad_primera_rel_sexual_pareja,media::a0802
media::elegible_vacuna_otro,media::h1601e
media::estatura,media::an04_1
media::estufa_cocinar_otra,media::h0110esp
media::excepciones_uso_cubrebocas,media::h1003
media::fallecidos_despues_primer_anio,media::a0810ae
media::fallecidos_primer_anio,media::a0810ad
media::fecha_nacimiento,media::h0304
media::folio_i,media::folio_i
media::folio_int,media::folio_int
media::frec_visita_medico_diabetes,media::a0303num
media::frecuencia_consumo_botanas,media::h1309a
media::frecuencia_consumo_carnes,media::h1304a
media::frecuencia_consumo_dulces,media::h1308a
media::frecuencia_consumo_frutas,media::h1301a
media::frecuencia_consumo_harina,media::h1307a
media::frecuencia_consumo_leche,media::h1305a
media::frecuencia_consumo_legmbres,media::h1303a
media::frecuencia_consumo_pan_dulce,media::h1310a
media::frecuencia_consumo_refrescos,media::h1311a
media::frecuencia_consumo_tortillas,media::h1306a
media::frecuencia_consumo_verduras,media::h1302a
media::frecuencia_medir_presion,media::a0409a
media::hora_toma_presion,media::an28
media::imc_calculado,media::imc_calculado
media::imformante,media::h305i
media::inf_estacional_dosis_fecha,media::a09121bd
media::inf_estacional_unica_dosis_fecha,media::a09241bd
media::insulina_veces_dia,media::a0311
media::mes_nacio_ultimo_hijo,media::a0811m
media::meses,media::meses
media::meses_embarazo_primer_revision,media::a0814
media::monto_apoyo_bj,media::h0604k
media::monto_apoyo_pam,media::h0604b
media::monto_otro_apoyo_nombre,media::h0604p
media::municipio_aplicacion_otro,media::h1603e
media::neumo_unica_dosis_fecha,media::a09221bd
media::numero_personas_60_mas,media::h0901aa
media::otra_molestia_post_vacuna,media::h1606e
media::otra_necesidad_salud,media::h0402esp
media::otro_apoyo_nombre,media::h0601pe
media::otro_motivo_no_vacunacion,media::h1607e
media::otro_parentezco,media::h0305_es
media::padecimientos,media::h0902
media::pecho_dedo_medicion,media::an23
media::persona,media::h0307q
media::persona_padre,media::h0308q
media::personas_estudan,media::h1101
media::peso,media::an01_1
media::peso_habitual,media::a0105
media::presion_diastolica,media::an27_01d
media::presion_sistolica,media::an27_01s
media::sr_primera_dosis_fecha,media::a09091bd
media::talon_rodilla_primer_medicion,media::an17_1
media::td_primera_dosis_2_fecha,media::a09232bd
media::td_primera_dosis_fecha,media::a09102bd
media::td_refuerzo_dosis_fecha,media::a09231bd
media::td_refuerzo_fecha,media::a09101bd
media::td_segunda_dosis_fecha,media::a09103bd
media::td_tercera_dosis_fecha,media::a09104bd
media::tiempo_anio_apoyo_seguro_popular,media::h0606a
media::tiempo_apoyo_benito_juarez,media::h0603k
media::tiempo_apoyo_dif_dispensas,media::h0603c
media::tiempo_apoyo_dif_escolares,media::h0603d
media::tiempo_apoyo_liconsa,media::h0603a
media::tiempo_apoyo_pam,media::h0603b
media::tiempo_camina_regularmente_horas,media::a1413h
media::tiempo_camina_regularmente_minutos,media::a1413m
media::tiempo_control_azucar_anios,media::a0308m
media::tiempo_control_azucar_meses,media::a0308a
media::tiempo_control_diabetes,media::a0304d
media::tiempo_control_diabetes_anios,media::a0304a
media::tiempo_control_diabetes_meses,media::a0304m
media::tiempo_dejo_fumar,media::a1306t
media::tiempo_lavado_manos_m,media::h1512am
media::tiempo_lavado_manos_s,media::h1512as
media::tiempo_m_apoyo_seguro_popular,media::h0606m
media::tiempo_otro_apoyo_nombre,media::h0603p
media::total_abortos,media::a0810a
media::total_cigarros_fuma_diario,media::a1303
media::total_cigarros_fuma_semana,media::a1304
media::total_cuartos_vivienda,media::h0105
media::total_embarazos,media::a0809
media::total_nacidos_muertos,media::a0810b
media::total_nacidos_vivos,media::a0810c
media::total_revisiones_ult_embarazo,media::a0812
media::tx_insulina_tiempo_anios,media::a0309a
media::tx_insulina_tiempo_meses,media::a0309m
media::tx_presion_alta_anios,media::a0405a
media::tx_presion_alta_meses,media::a0405m
media::ult_anio_evitar_comp_diab_medida_otra,media::a0315es
media::ult_anio_visita_med_control_presion,media::a0406
media::ult_semana_camino_10minutos,media::a1409
media::ult_semana_camino_10minutos_dias,media::a1412
media::ultimo_hijo_amamanto_tiempo,media::a0820t
media::ultimo_hijo_peso_nacer,media::a0819k
media::upm,media::upm
media::vacuna_puesta_otra,media::h1605e
media::veces_lavado_manos_dia,media::h1512
media::veces_vacunado_neumococo,media::a0918
media::veces_vacunado_tet,media::a0920
media::vivienda,media::vivienda
