ENTIDAD_RES,MUNICIPIO_RES,conteo::total_datos,ASMA-1,ASMA-2,ASMA-98,CARDIOVASCULAR-1,CARDIOVASCULAR-2,CARDIOVASCULAR-98,CLASIFICACION_FINAL_COVID-3,CLASIFICACION_FINAL_COVID-4,CLASIFICACION_FINAL_COVID-5,CLASIFICACION_FINAL_COVID-6,CLASIFICACION_FINAL_COVID-7,CLASIFICACION_FINAL_FLU-3,CLASIFICACION_FINAL_FLU-4,CLASIFICACION_FINAL_FLU-5,CLASIFICACION_FINAL_FLU-6,CLASIFICACION_FINAL_FLU-7,DIABETES-1,DIABETES-2,DIABETES-98,EMBARAZO-1,EMBARAZO-2,EMBARAZO-97,EMBARAZO-98,ENTIDAD_NAC-01,ENTIDAD_NAC-02,ENTIDAD_NAC-03,ENTIDAD_NAC-04,ENTIDAD_NAC-05,ENTIDAD_NAC-06,ENTIDAD_NAC-07,ENTIDAD_NAC-08,ENTIDAD_NAC-09,ENTIDAD_NAC-10,ENTIDAD_NAC-11,ENTIDAD_NAC-12,ENTIDAD_NAC-13,ENTIDAD_NAC-14,ENTIDAD_NAC-15,ENTIDAD_NAC-16,ENTIDAD_NAC-17,ENTIDAD_NAC-18,ENTIDAD_NAC-19,ENTIDAD_NAC-20,ENTIDAD_NAC-21,ENTIDAD_NAC-22,ENTIDAD_NAC-23,ENTIDAD_NAC-24,ENTIDAD_NAC-25,ENTIDAD_NAC-26,ENTIDAD_NAC-27,ENTIDAD_NAC-28,ENTIDAD_NAC-29,ENTIDAD_NAC-30,ENTIDAD_NAC-31,ENTIDAD_NAC-32,ENTIDAD_NAC-99,ENTIDAD_UM-01,ENTIDAD_UM-02,ENTIDAD_UM-03,ENTIDAD_UM-04,ENTIDAD_UM-05,ENTIDAD_UM-06,ENTIDAD_UM-07,ENTIDAD_UM-08,ENTIDAD_UM-09,ENTIDAD_UM-10,ENTIDAD_UM-11,ENTIDAD_UM-12,ENTIDAD_UM-13,ENTIDAD_UM-14,ENTIDAD_UM-15,ENTIDAD_UM-16,ENTIDAD_UM-17,ENTIDAD_UM-18,ENTIDAD_UM-19,ENTIDAD_UM-20,ENTIDAD_UM-21,ENTIDAD_UM-22,ENTIDAD_UM-23,ENTIDAD_UM-24,ENTIDAD_UM-25,ENTIDAD_UM-26,ENTIDAD_UM-27,ENTIDAD_UM-28,ENTIDAD_UM-29,ENTIDAD_UM-30,ENTIDAD_UM-31,ENTIDAD_UM-32,EPOC-1,EPOC-2,EPOC-98,HABLA_LENGUA_INDIG-1,HABLA_LENGUA_INDIG-2,HABLA_LENGUA_INDIG-99,HIPERTENSION-1,HIPERTENSION-2,HIPERTENSION-98,INDIGENA-1,INDIGENA-2,INDIGENA-99,INMUSUPR-1,INMUSUPR-2,INMUSUPR-98,INTUBADO-1,INTUBADO-2,INTUBADO-97,INTUBADO-99,MIGRANTE-1,MIGRANTE-2,MIGRANTE-99,NACIONALIDAD-1,NACIONALIDAD-2,NEUMONIA-1,NEUMONIA-2,OBESIDAD-1,OBESIDAD-2,OBESIDAD-98,ORIGEN-1,OTRA_COM-1,OTRA_COM-2,OTRA_COM-98,OTRO_CASO-1,OTRO_CASO-2,OTRO_CASO-99,RENAL_CRONICA-1,RENAL_CRONICA-2,RENAL_CRONICA-98,RESULTADO_ANTIGENO-97,RESULTADO_PCR-1,RESULTADO_PCR-10,RESULTADO_PCR-11,RESULTADO_PCR-13,RESULTADO_PCR-17,RESULTADO_PCR-2,RESULTADO_PCR-20,RESULTADO_PCR-21,RESULTADO_PCR-22,RESULTADO_PCR-23,RESULTADO_PCR-25,RESULTADO_PCR-26,RESULTADO_PCR-27,RESULTADO_PCR-28,RESULTADO_PCR-29,RESULTADO_PCR-3,RESULTADO_PCR-32,RESULTADO_PCR-34,RESULTADO_PCR-36,RESULTADO_PCR-37,RESULTADO_PCR-4,RESULTADO_PCR-5,RESULTADO_PCR-6,RESULTADO_PCR-7,RESULTADO_PCR-8,RESULTADO_PCR-9,RESULTADO_PCR-997,RESULTADO_PCR-999,RESULTADO_PCR_COINFECCION-1,RESULTADO_PCR_COINFECCION-10,RESULTADO_PCR_COINFECCION-11,RESULTADO_PCR_COINFECCION-13,RESULTADO_PCR_COINFECCION-17,RESULTADO_PCR_COINFECCION-2,RESULTADO_PCR_COINFECCION-20,RESULTADO_PCR_COINFECCION-21,RESULTADO_PCR_COINFECCION-22,RESULTADO_PCR_COINFECCION-23,RESULTADO_PCR_COINFECCION-25,RESULTADO_PCR_COINFECCION-26,RESULTADO_PCR_COINFECCION-27,RESULTADO_PCR_COINFECCION-28,RESULTADO_PCR_COINFECCION-29,RESULTADO_PCR_COINFECCION-3,RESULTADO_PCR_COINFECCION-32,RESULTADO_PCR_COINFECCION-34,RESULTADO_PCR_COINFECCION-37,RESULTADO_PCR_COINFECCION-4,RESULTADO_PCR_COINFECCION-5,RESULTADO_PCR_COINFECCION-6,RESULTADO_PCR_COINFECCION-7,RESULTADO_PCR_COINFECCION-8,RESULTADO_PCR_COINFECCION-9,RESULTADO_PCR_COINFECCION-997,RESULTADO_PCR_COINFECCION-998,RESULTADO_PCR_COINFECCION-999,SECTOR-10,SECTOR-11,SECTOR-12,SECTOR-13,SECTOR-15,SECTOR-2,SECTOR-3,SECTOR-4,SECTOR-5,SECTOR-6,SECTOR-8,SECTOR-9,SEXO-1,SEXO-2,TABAQUISMO-1,TABAQUISMO-2,TABAQUISMO-98,TIPO_PACIENTE-1,TIPO_PACIENTE-2,TOMA_MUESTRA_ANTIGENO-2,TOMA_MUESTRA_LAB-1,TOMA_MUESTRA_LAB-2,UCI-1,UCI-2,UCI-97,UCI-99,media::EDAD,mediana::EDAD
01,001,3583,141,3440,2,99,3483,1,110,3,17,1530,1923,522,3,17,1530,1511,379,3201,3,17,1900,1643,23,3285,2,0,0,9,0,6,5,47,5,13,2,1,49,26,13,0,2,1,7,5,2,1,7,1,0,1,0,0,6,0,75,12,3552,0,0,0,0,1,0,0,8,0,3,0,1,1,0,1,0,0,0,1,1,3,0,3,0,0,0,0,1,1,0,6,108,3474,1,3,3510,70,571,3011,1,3,3530,50,86,3496,1,34,1278,2271,0,3,8,3572,3571,12,327,3256,180,3400,3,3583,250,3328,5,641,2916,26,104,3478,1,3583,300,39,132,6,17,3,0,0,0,0,0,0,0,3,55,151,0,110,0,18,54,1108,3,30,22,2,1528,2,2,0,6,1,17,0,0,0,0,0,0,0,0,0,2,4,0,0,3,1,1108,3,2,2,2,1528,900,2,0,0,1411,0,7,0,1,1910,0,254,0,0,1940,1643,133,3449,1,2271,1312,3583,2055,1528,21,1291,2271,0,32.27323471950879,29.0
01,002,78,1,77,0,5,73,0,2,0,1,9,66,10,0,1,9,58,18,60,0,1,37,40,0,66,0,0,0,0,0,0,0,0,1,1,1,0,0,1,0,0,0,1,0,0,0,0,0,1,0,0,0,0,0,0,5,1,70,0,0,0,0,0,0,0,0,0,0,0,0,0,0,0,0,0,0,0,0,0,0,0,0,0,0,0,0,0,0,8,9,69,0,0,76,2,25,53,0,0,77,1,4,74,0,2,68,8,0,0,1,77,77,1,24,54,12,66,0,78,2,69,7,12,65,1,11,67,0,78,8,1,7,0,1,0,0,0,0,0,0,0,0,0,2,2,0,2,0,0,0,43,0,0,2,1,9,0,0,0,0,0,1,0,0,0,0,0,0,0,0,0,0,0,0,0,0,0,43,0,0,0,0,9,25,0,0,0,49,0,8,0,0,17,0,4,0,0,38,40,10,68,0,8,70,78,69,9,3,67,8,0,40.205128205128204,47.0
01,003,316,8,308,0,6,310,0,5,0,0,219,92,17,0,0,219,80,21,295,0,1,146,169,0,309,0,0,0,0,0,0,0,0,1,0,0,0,1,1,0,0,0,0,0,0,0,0,0,0,0,0,0,0,0,0,4,0,316,0,0,0,0,0,0,0,0,0,0,0,0,0,0,0,0,0,0,0,0,0,0,0,0,0,0,0,0,0,0,0,11,305,0,1,313,2,34,282,0,1,313,2,2,314,0,5,60,251,0,0,0,316,316,0,37,279,9,307,0,316,0,316,0,60,256,0,11,305,0,316,8,0,8,0,0,0,0,0,0,0,0,0,0,0,7,5,0,5,0,0,2,59,0,2,1,0,218,1,2,0,0,0,0,0,0,0,0,0,0,0,0,0,0,0,0,0,0,0,59,0,0,0,0,218,36,1,0,0,308,0,0,0,0,6,0,2,0,0,147,169,13,303,0,251,65,316,98,218,1,64,251,0,19.45253164556962,7.0
01,004,35,1,34,0,1,34,0,1,0,0,11,23,4,0,0,11,20,10,25,0,0,16,19,0,34,0,0,0,0,0,0,0,0,0,0,0,0,0,1,0,0,0,0,0,0,0,0,0,0,0,0,0,0,0,0,0,0,35,0,0,0,0,0,0,0,0,0,0,0,0,0,0,0,0,0,0,0,0,0,0,0,0,0,0,0,0,0,0,0,2,33,0,0,34,1,11,24,0,0,34,1,1,34,0,3,21,11,0,0,0,35,35,0,7,28,1,34,0,35,0,22,13,8,26,1,2,33,0,35,4,0,3,0,0,0,0,0,0,0,0,0,0,0,1,0,0,1,0,0,0,14,0,1,0,0,11,0,0,0,0,0,0,0,0,0,0,0,0,0,0,0,0,0,0,0,0,0,14,0,0,0,0,11,10,0,0,0,29,0,0,0,0,3,0,3,0,0,16,19,3,32,0,11,24,35,24,11,2,22,11,0,38.02857142857143,40.0
01,005,222,13,209,0,12,210,0,8,0,0,65,149,40,0,0,65,117,25,197,0,1,107,112,2,197,0,0,0,0,0,0,0,6,0,1,1,0,4,1,2,0,0,0,1,0,0,0,2,0,0,0,0,0,0,0,7,0,219,0,0,0,0,0,0,0,0,0,0,0,0,0,0,0,0,0,0,0,0,0,0,0,0,0,0,0,0,0,0,3,13,209,0,0,220,2,48,174,0,0,221,1,21,201,0,2,117,103,0,0,0,222,222,0,16,206,23,199,0,222,9,213,0,29,193,0,8,214,0,222,24,7,15,0,0,0,0,0,0,0,0,0,0,0,3,13,0,8,0,1,2,82,0,1,1,0,65,0,1,0,0,0,0,0,0,0,0,0,0,0,0,0,1,0,0,0,0,0,82,0,0,0,0,65,73,0,0,0,77,0,3,0,0,129,0,13,0,0,110,112,18,203,1,103,119,222,157,65,1,118,103,0,32.333333333333336,29.0
01,006,77,2,75,0,4,73,0,6,0,1,14,56,9,0,1,14,53,18,59,0,0,36,41,0,68,0,0,0,0,0,0,1,0,0,0,1,0,2,1,0,0,0,0,1,0,0,0,1,0,0,0,0,0,0,0,2,0,77,0,0,0,0,0,0,0,0,0,0,0,0,0,0,0,0,0,0,0,0,0,0,0,0,0,0,0,0,0,0,0,6,71,0,0,77,0,12,65,0,0,77,0,4,73,0,1,57,19,0,0,0,77,77,0,18,59,6,71,0,77,1,75,1,16,61,0,5,72,0,77,4,2,8,0,1,0,0,0,0,0,0,0,0,0,1,2,0,6,0,1,2,34,0,1,1,0,14,0,1,0,0,0,1,0,0,0,0,0,0,0,0,0,1,0,0,0,0,0,34,0,0,0,0,14,26,0,0,0,54,0,0,0,0,18,0,5,0,0,36,41,9,68,0,19,58,77,63,14,3,55,19,0,33.311688311688314,30.0
01,007,214,9,205,0,6,208,0,3,1,2,106,102,17,1,2,106,88,36,178,0,1,103,110,0,207,0,0,0,0,0,0,0,0,0,0,0,0,0,1,0,0,0,0,0,0,0,0,0,0,0,0,0,0,0,0,6,0,211,0,0,0,0,0,0,0,0,0,1,0,0,0,0,0,0,0,0,0,0,0,0,0,0,0,0,0,0,0,0,2,13,201,0,0,208,6,35,179,0,0,209,5,8,205,1,5,86,123,0,0,0,214,214,0,45,169,37,177,0,214,2,147,65,23,185,6,8,206,0,214,12,1,6,0,2,0,0,0,0,0,0,0,0,0,2,3,0,3,0,1,2,71,1,3,1,0,106,0,0,0,0,0,2,0,0,0,0,0,0,0,0,0,0,0,0,0,0,0,71,1,0,0,0,106,34,0,0,0,192,0,2,0,0,13,0,7,0,0,104,110,9,205,0,123,91,214,108,106,3,88,123,0,31.05140186915888,27.0
01,008,21,3,18,0,1,20,0,1,0,0,2,18,2,0,0,2,17,3,18,0,0,10,11,0,20,0,0,0,0,0,0,0,0,0,0,0,0,0,0,0,0,0,0,0,0,0,0,0,0,0,0,0,0,0,0,1,0,21,0,0,0,0,0,0,0,0,0,0,0,0,0,0,0,0,0,0,0,0,0,0,0,0,0,0,0,0,0,0,0,2,19,0,0,19,2,7,14,0,0,20,1,1,20,0,0,20,1,0,0,0,21,21,0,6,15,4,17,0,21,0,20,1,2,18,1,1,20,0,21,1,0,1,0,0,0,0,0,0,0,0,0,0,0,0,0,0,1,0,0,1,14,0,0,1,0,2,0,0,0,1,0,0,0,0,0,0,0,0,0,0,0,0,0,0,0,0,0,14,0,0,0,0,2,4,0,0,0,18,0,0,0,0,3,0,0,0,0,10,11,2,19,0,1,20,21,19,2,1,19,1,0,42.857142857142854,40.0
01,009,46,1,45,0,4,42,0,0,0,0,15,31,4,0,0,15,27,10,36,0,0,22,24,0,44,0,0,0,0,0,0,0,0,0,0,1,0,1,0,0,0,0,0,0,0,0,0,0,0,0,0,0,0,0,0,0,0,46,0,0,0,0,0,0,0,0,0,0,0,0,0,0,0,0,0,0,0,0,0,0,0,0,0,0,0,0,0,0,0,4,42,0,0,40,6,14,32,0,0,39,7,2,44,0,2,30,14,0,0,0,46,46,0,14,32,3,43,0,46,1,28,17,5,40,1,3,43,0,46,2,2,3,0,0,0,0,0,0,0,0,0,0,0,1,0,0,0,0,0,2,20,0,0,1,0,15,0,0,0,0,0,0,0,0,0,0,0,0,0,0,0,0,0,0,0,0,0,20,0,0,0,0,15,11,0,0,0,41,0,0,0,0,5,0,0,0,0,22,24,4,42,0,14,32,46,31,15,2,30,14,0,31.782608695652176,20.0
01,010,51,2,49,0,1,50,0,3,0,0,25,23,7,0,0,25,19,4,47,0,1,23,27,0,48,0,0,0,0,0,0,0,0,0,0,0,0,1,0,0,0,0,0,0,0,0,0,0,0,0,0,0,0,1,0,0,1,51,0,0,0,0,0,0,0,0,0,0,0,0,0,0,0,0,0,0,0,0,0,0,0,0,0,0,0,0,0,0,0,0,51,0,0,49,2,8,43,0,0,49,2,0,51,0,2,12,37,0,0,1,50,50,1,6,45,4,47,0,51,5,46,0,15,36,0,0,51,0,51,1,1,2,0,0,0,0,0,0,0,0,0,0,0,1,5,0,3,0,1,0,12,0,0,0,0,25,0,0,0,0,0,0,0,0,0,0,0,0,0,0,0,0,0,0,0,0,1,12,0,0,0,0,25,13,0,0,0,15,0,0,0,0,33,0,3,0,0,24,27,1,50,0,37,14,51,26,25,2,12,37,0,31.352941176470587,31.0
01,011,175,7,168,0,6,169,0,4,0,0,77,94,22,0,0,77,76,20,155,0,0,96,79,0,166,0,0,0,0,1,0,0,0,1,1,0,0,2,0,1,0,0,0,0,0,0,0,1,0,0,0,0,0,0,0,2,0,175,0,0,0,0,0,0,0,0,0,0,0,0,0,0,0,0,0,0,0,0,0,0,0,0,0,0,0,0,0,0,0,5,170,0,0,172,3,21,154,0,0,172,3,7,168,0,3,61,111,0,0,0,175,175,0,18,157,8,167,0,175,2,171,2,12,162,1,4,171,0,175,13,4,10,0,0,0,0,0,0,0,0,0,0,1,4,6,0,4,0,0,3,50,0,1,2,0,77,0,0,0,0,0,0,0,0,0,0,0,0,0,0,0,0,0,0,0,0,0,50,0,0,0,0,77,48,0,0,0,41,0,0,0,0,130,0,4,0,0,96,79,10,165,0,111,64,175,98,77,6,58,111,0,25.965714285714284,21.0
02,001,296,11,285,0,7,289,0,6,1,8,18,263,27,1,8,18,242,40,254,2,3,146,146,1,1,203,6,0,0,1,1,1,6,1,4,4,1,9,0,9,0,2,0,19,1,0,0,1,9,2,0,0,0,7,0,2,6,0,292,2,0,0,0,0,0,1,0,0,0,0,0,0,0,0,0,0,0,1,0,0,0,0,0,0,0,0,0,0,0,11,285,0,7,284,5,47,249,0,6,286,4,6,290,0,27,217,52,0,0,6,290,290,6,208,88,20,276,0,296,7,289,0,81,186,29,11,285,0,296,8,1,63,2,8,0,3,1,0,2,1,0,0,0,0,15,0,6,0,1,2,164,1,0,0,0,16,2,0,0,2,0,8,0,0,0,0,0,0,0,0,2,0,0,0,0,0,0,164,1,0,0,0,16,101,2,0,0,0,0,233,0,2,3,57,0,1,0,150,146,19,277,0,52,244,296,280,16,5,239,52,0,26.199324324324323,23.0
02,002,679,50,628,1,301,378,0,32,2,21,41,583,34,2,21,41,581,186,492,1,7,351,321,0,2,427,1,0,4,1,5,2,4,5,16,5,0,26,32,10,1,11,0,5,4,1,0,1,44,47,1,2,0,6,0,10,6,0,661,2,0,0,1,0,0,11,1,0,0,0,0,0,0,0,1,0,0,0,1,0,0,0,1,0,0,0,0,0,0,174,504,1,1,668,10,288,390,1,2,668,9,117,562,0,38,545,96,0,0,5,674,673,6,530,149,197,482,0,679,59,619,1,87,456,136,70,609,0,679,15,1,40,1,21,0,2,3,0,0,0,1,0,5,2,17,0,32,0,0,0,496,2,0,0,0,18,23,0,0,0,0,21,0,0,0,0,0,0,0,0,2,0,1,0,0,0,0,496,2,1,0,0,18,115,23,0,0,7,0,320,0,0,346,0,6,0,0,358,321,149,530,0,96,583,679,661,18,18,565,96,0,46.74963181148748,52.0
02,003,17,0,17,0,2,15,0,0,0,1,9,7,1,0,1,9,6,1,16,0,0,6,11,0,0,11,1,0,0,0,0,0,0,0,0,0,0,0,0,0,0,1,0,0,0,0,0,0,2,2,0,0,0,0,0,0,0,0,16,0,0,0,0,0,0,0,0,0,0,0,0,0,0,0,1,0,0,0,0,0,0,0,0,0,0,0,0,0,0,1,16,0,0,17,0,3,14,0,0,17,0,0,17,0,1,6,10,0,0,0,17,17,0,7,10,0,17,0,17,4,13,0,10,6,1,0,17,0,17,1,0,1,0,1,0,0,0,0,0,0,0,0,0,0,0,0,0,0,0,0,5,0,0,0,0,9,0,0,0,0,0,1,0,0,0,0,0,0,0,0,0,0,0,0,0,0,0,5,0,0,0,0,9,2,0,0,0,0,0,5,0,0,12,0,0,0,0,6,11,1,16,0,10,7,17,8,9,2,5,10,0,33.588235294117645,34.0
02,004,366,14,352,0,21,345,0,14,11,12,30,299,28,11,12,30,285,39,327,0,6,164,196,0,0,257,2,0,2,4,4,4,2,7,3,8,0,11,3,7,1,6,0,1,4,0,0,1,12,5,2,1,1,6,0,0,12,0,347,2,0,1,0,0,0,6,0,0,0,1,1,0,0,0,2,0,1,0,1,0,1,1,1,0,1,0,0,0,0,12,354,0,0,355,11,51,315,0,0,357,9,15,351,0,33,250,83,0,4,5,357,354,12,272,94,28,338,0,366,38,328,0,49,310,7,8,358,0,366,8,0,30,0,12,0,0,1,0,0,0,0,0,1,0,12,0,14,0,1,8,237,11,1,0,0,23,7,0,0,0,0,12,0,0,0,0,0,0,0,0,0,0,0,0,0,1,0,237,11,0,0,0,23,75,7,0,0,6,0,213,0,1,141,0,5,0,0,170,196,33,333,0,83,283,366,343,23,40,243,83,0,22.35792349726776,12.5
02,005,7,0,6,1,0,6,1,0,0,0,2,5,0,0,0,2,5,0,6,1,0,3,4,0,0,4,0,0,0,0,0,0,0,0,0,1,0,0,0,0,0,1,1,0,0,0,0,0,0,0,0,0,0,0,0,0,0,0,6,0,0,0,0,0,0,1,0,0,0,0,0,0,0,0,0,0,0,0,0,0,0,0,0,0,0,0,0,0,0,0,6,1,0,6,1,0,6,1,0,6,1,0,6,1,0,4,3,0,0,0,7,7,0,4,3,0,6,1,7,0,6,1,2,4,1,0,6,1,7,0,0,0,0,0,0,0,0,0,0,0,0,0,0,0,0,0,0,0,0,0,5,0,0,0,0,0,2,0,0,0,0,0,0,0,0,0,0,0,0,0,0,0,0,0,0,0,0,5,0,0,0,0,0,0,2,0,0,1,0,5,0,0,1,0,0,0,0,3,4,0,6,1,3,4,7,7,0,0,4,3,0,25.571428571428573,29.0
03,001,113,6,107,0,4,109,0,7,0,5,13,88,19,0,5,13,76,26,87,0,1,55,57,0,0,3,82,0,2,0,0,0,1,3,1,0,0,2,1,6,0,0,0,1,0,0,0,1,5,2,0,0,0,2,0,1,0,0,0,112,0,0,0,0,0,1,0,0,0,0,0,0,0,0,0,0,0,0,0,0,0,0,0,0,0,0,0,0,0,8,105,0,2,109,2,37,76,0,4,108,1,3,109,1,4,76,33,0,0,0,113,113,0,19,94,15,98,0,113,7,106,0,16,95,2,10,103,0,113,7,0,0,0,5,0,0,0,0,0,0,0,0,0,1,9,0,7,0,0,3,68,0,0,0,0,7,6,0,0,0,0,5,0,0,0,0,0,0,0,0,0,0,0,0,0,0,0,68,0,0,0,0,7,27,6,0,0,1,0,32,0,0,56,0,24,0,0,56,57,10,103,0,33,80,113,106,7,2,78,33,0,49.13274336283186,52.0
03,002,46,1,45,0,5,41,0,1,0,2,9,34,8,0,2,9,27,8,38,0,1,26,19,0,0,1,37,0,0,0,0,0,0,1,2,1,0,0,0,1,0,0,0,0,1,0,0,0,0,0,0,0,0,1,0,0,1,0,0,44,0,0,0,0,0,1,0,0,0,0,0,0,0,0,0,1,0,0,0,0,0,0,0,0,0,0,0,0,0,2,44,0,0,44,2,12,34,0,0,45,1,3,43,0,2,22,22,0,0,1,45,45,1,17,29,8,38,0,46,3,43,0,13,30,3,3,43,0,46,4,0,0,0,2,0,0,0,0,0,0,0,0,1,0,4,0,1,0,0,0,25,0,0,0,0,9,0,0,0,0,0,2,0,0,0,0,0,0,0,0,0,0,0,0,0,0,0,25,0,0,0,0,9,10,0,0,0,2,0,27,0,0,14,0,3,0,0,27,19,7,39,0,22,24,46,37,9,1,23,22,0,47.80434782608695,49.5
03,003,882,39,843,0,76,806,0,55,0,31,148,648,76,0,31,148,627,191,691,0,16,440,421,5,0,9,758,0,0,0,2,1,13,6,4,2,0,9,10,8,1,7,0,11,1,1,0,0,18,6,0,2,3,4,0,1,5,0,3,874,0,0,0,0,0,2,0,0,1,0,0,0,0,0,0,0,0,0,0,0,0,1,0,0,0,1,0,0,0,37,845,0,2,855,25,265,617,0,2,852,28,16,865,1,20,723,139,0,2,1,879,877,5,413,469,72,810,0,882,48,834,0,110,658,114,86,796,0,882,35,0,0,2,31,0,0,6,0,0,0,0,0,3,0,30,0,54,0,1,9,563,0,0,0,0,77,71,0,0,0,0,31,0,0,1,0,0,0,0,0,1,0,0,0,1,1,0,563,0,0,0,0,77,136,71,0,0,2,0,271,0,0,472,0,137,0,0,461,421,50,832,0,139,743,882,805,77,24,719,139,0,44.69501133786848,45.0
03,008,744,29,714,1,19,725,0,44,0,22,23,655,128,0,22,23,571,151,593,0,8,385,351,0,1,7,404,1,6,1,11,3,46,10,5,107,3,13,11,4,4,7,0,6,13,1,2,1,44,7,0,0,3,16,0,1,6,0,0,731,0,0,0,0,0,4,0,1,2,0,0,1,0,0,1,0,0,0,0,0,0,3,0,0,0,1,0,0,0,20,724,0,2,731,11,156,588,0,1,738,5,28,716,0,16,585,143,0,0,2,742,738,6,306,438,22,722,0,744,34,710,0,34,703,7,25,719,0,744,62,3,5,0,22,0,0,0,0,2,0,0,0,19,9,43,0,43,0,2,23,487,0,0,0,1,6,17,0,1,2,0,22,0,0,0,0,0,0,0,0,3,1,0,0,1,2,0,487,0,2,0,0,6,200,17,0,0,5,0,102,0,0,630,0,7,0,0,393,351,16,728,0,143,601,744,738,6,6,595,143,0,34.780913978494624,32.0
03,009,70,2,68,0,4,66,0,1,0,0,42,27,9,0,0,42,19,20,50,0,0,36,34,0,0,4,52,0,0,0,0,0,1,0,0,1,0,0,0,1,0,0,0,1,0,0,0,0,2,1,0,0,0,2,0,0,5,0,0,70,0,0,0,0,0,0,0,0,0,0,0,0,0,0,0,0,0,0,0,0,0,0,0,0,0,0,0,0,0,2,68,0,0,69,1,18,52,0,0,69,1,0,70,0,2,21,47,0,2,3,65,65,5,7,63,17,53,0,70,0,70,0,23,39,8,4,66,0,70,5,0,0,0,0,0,0,0,0,0,0,0,0,0,0,4,0,1,0,0,0,18,0,0,0,0,42,0,0,0,0,0,0,0,0,0,0,0,0,0,0,0,0,0,0,0,0,0,18,0,0,0,0,42,10,0,0,0,0,0,62,0,0,7,0,1,0,0,36,34,9,61,0,47,23,70,28,42,2,21,47,0,44.17142857142857,44.5
04,001,16,1,15,0,1,15,0,0,0,0,7,9,0,0,0,7,9,0,16,0,0,6,10,0,0,0,0,11,0,0,1,0,0,0,0,0,0,1,0,0,0,0,0,0,0,0,0,0,0,0,0,0,0,0,3,0,0,0,0,0,12,0,0,1,0,0,0,0,0,0,1,0,0,0,0,0,0,0,0,0,0,0,0,1,0,0,0,1,0,0,16,0,0,15,1,1,15,0,0,16,0,0,16,0,0,8,8,0,0,0,16,16,0,4,12,0,16,0,16,0,15,1,2,14,0,0,16,0,16,0,0,0,0,0,0,0,0,0,0,0,0,0,2,0,0,0,0,0,0,0,7,0,0,0,0,7,0,0,0,0,0,0,0,0,0,0,0,0,0,0,0,0,0,0,0,1,0,7,0,0,0,0,7,1,0,0,0,1,0,8,0,0,6,0,1,0,0,6,10,1,15,0,8,8,16,9,7,1,7,8,0,33.0,31.0
04,002,379,33,346,0,16,363,0,30,0,4,124,221,27,0,4,124,224,53,326,0,8,174,197,0,0,0,0,353,0,0,2,0,2,0,0,0,0,0,2,0,0,0,0,2,1,0,0,0,1,1,8,0,0,0,6,0,1,0,0,0,371,0,0,0,0,3,0,0,0,0,0,1,0,0,0,0,0,0,0,1,0,0,0,0,0,0,0,3,0,7,372,0,0,377,2,64,315,0,1,375,3,5,374,0,7,189,183,0,0,1,378,378,1,122,257,25,354,0,379,17,362,0,68,310,1,19,360,0,379,22,0,1,0,4,0,0,0,0,1,0,0,0,6,2,2,0,30,0,0,3,182,0,0,2,0,115,9,0,0,1,0,4,0,0,0,0,0,0,0,0,0,0,0,0,0,0,0,182,0,0,0,0,115,68,9,0,0,3,0,130,0,0,243,0,3,0,0,182,197,12,367,0,183,196,379,264,115,5,191,183,0,37.23482849604222,33.0
04,003,207,8,199,0,12,195,0,8,0,5,12,182,34,0,5,12,156,45,162,0,9,85,113,0,0,0,0,182,1,0,4,0,1,0,0,1,0,0,0,0,0,0,0,0,0,0,0,1,0,0,11,0,1,2,2,0,1,0,0,0,203,0,0,0,0,2,0,0,1,0,0,0,0,0,0,0,0,0,0,0,0,0,0,0,0,0,0,1,0,6,201,0,0,206,1,35,172,0,1,205,1,16,191,0,13,177,17,0,0,1,206,206,1,140,67,9,198,0,207,9,198,0,4,179,24,11,196,0,207,29,0,0,0,5,0,0,1,0,1,0,0,0,3,0,2,0,8,0,0,3,143,0,0,0,0,5,7,0,1,0,0,5,0,0,0,0,0,0,0,0,0,0,0,0,0,0,0,143,0,1,0,0,5,45,7,0,0,0,0,134,0,0,72,0,0,1,0,94,113,6,201,0,17,190,207,202,5,14,176,17,0,36.95169082125604,34.0
04,004,40,3,37,0,2,38,0,1,0,1,5,33,3,0,1,5,31,9,31,0,0,25,15,0,1,0,0,34,0,0,0,0,0,0,0,0,0,0,0,0,0,1,0,0,0,0,0,0,0,0,1,0,0,1,2,0,0,0,0,0,37,0,0,0,0,0,0,0,0,0,0,1,0,0,0,0,0,0,0,1,0,0,0,1,0,0,0,0,0,1,39,0,0,40,0,9,31,0,0,40,0,1,39,0,3,34,3,0,0,0,40,40,0,20,20,1,39,0,40,1,39,0,7,33,0,1,39,0,40,3,1,0,0,1,0,1,0,0,0,0,0,0,1,0,0,0,1,0,0,0,27,0,0,0,0,3,2,0,0,0,0,1,0,0,0,0,0,0,0,0,0,0,0,0,0,0,0,27,0,0,0,0,3,7,2,0,0,0,0,25,0,0,15,0,0,0,0,25,15,0,40,0,3,37,40,37,3,3,34,3,0,34.075,27.5
04,005,10,0,10,0,0,10,0,0,0,0,3,7,0,0,0,3,7,1,9,0,0,4,6,0,0,0,0,10,0,0,0,0,0,0,0,0,0,0,0,0,0,0,0,0,0,0,0,0,0,0,0,0,0,0,0,0,0,0,0,0,9,0,0,0,0,0,0,0,0,0,0,0,0,0,0,0,0,0,0,0,0,0,0,0,0,0,0,1,0,0,10,0,0,10,0,1,9,0,0,10,0,0,10,0,1,5,4,0,0,0,10,10,0,5,5,2,8,0,10,2,8,0,1,8,1,0,10,0,10,0,0,0,0,0,0,0,1,0,0,0,0,0,0,0,0,0,0,0,0,0,6,0,0,0,0,3,0,0,0,0,0,0,0,0,0,0,0,0,0,0,1,0,0,0,0,0,0,6,0,0,0,0,3,0,0,0,0,1,0,3,0,0,6,0,0,0,0,4,6,0,10,0,4,6,10,7,3,0,6,4,0,32.4,30.0
04,006,11,1,10,0,0,11,0,0,0,0,0,11,2,0,0,0,9,6,5,0,0,6,5,0,0,0,0,10,0,0,0,0,0,0,0,0,0,0,0,0,0,0,0,0,0,0,0,0,0,0,0,0,0,0,1,0,0,0,0,0,9,0,0,0,0,0,0,0,0,0,0,0,0,0,0,0,0,0,0,0,0,0,0,0,0,0,0,2,0,1,10,0,2,9,0,4,7,0,3,8,0,0,11,0,2,9,0,0,0,0,11,11,0,7,4,2,9,0,11,0,11,0,3,8,0,1,10,0,11,2,0,0,0,0,0,0,0,0,0,0,0,0,0,1,0,0,0,0,0,0,8,0,0,0,0,0,0,0,0,0,0,0,0,0,0,0,0,0,0,0,0,0,0,0,0,0,0,8,0,0,0,0,0,3,0,0,0,2,0,6,0,0,3,0,0,0,0,6,5,1,10,0,0,11,11,11,0,1,10,0,0,38.81818181818182,41.0
04,007,1,0,1,0,0,1,0,0,0,0,0,1,0,0,0,0,1,0,1,0,0,0,1,0,0,0,0,1,0,0,0,0,0,0,0,0,0,0,0,0,0,0,0,0,0,0,0,0,0,0,0,0,0,0,0,0,0,0,0,0,1,0,0,0,0,0,0,0,0,0,0,0,0,0,0,0,0,0,0,0,0,0,0,0,0,0,0,0,0,0,1,0,0,1,0,0,1,0,0,1,0,0,1,0,0,1,0,0,0,0,1,1,0,1,0,0,1,0,1,0,1,0,0,1,0,0,1,0,1,0,0,0,0,0,0,0,0,0,0,0,0,0,0,0,0,0,0,0,0,0,1,0,0,0,0,0,0,0,0,0,0,0,0,0,0,0,0,0,0,0,0,0,0,0,0,0,0,1,0,0,0,0,0,0,0,0,0,0,0,1,0,0,0,0,0,0,0,0,1,0,1,0,0,1,1,1,0,0,1,0,0,31.0,31.0
04,008,10,0,10,0,0,10,0,0,0,0,3,7,0,0,0,3,7,2,8,0,1,4,5,0,0,0,0,10,0,0,0,0,0,0,0,0,0,0,0,0,0,0,0,0,0,0,0,0,0,0,0,0,0,0,0,0,0,0,0,0,10,0,0,0,0,0,0,0,0,0,0,0,0,0,0,0,0,0,0,0,0,0,0,0,0,0,0,0,0,0,10,0,0,10,0,2,8,0,0,10,0,0,10,0,3,3,4,0,0,0,10,10,0,3,7,1,9,0,10,1,9,0,0,10,0,1,9,0,10,0,0,0,0,0,0,0,0,0,0,0,0,0,0,0,0,0,0,0,0,0,7,0,0,0,0,3,0,0,0,0,0,0,0,0,0,0,0,0,0,0,0,0,0,0,0,0,0,7,0,0,0,0,3,0,0,0,0,0,0,4,0,0,6,0,0,0,0,5,5,1,9,0,4,6,10,7,3,2,4,4,0,29.5,26.5
04,009,39,2,37,0,3,36,0,0,0,0,3,36,4,0,0,3,32,6,33,0,0,17,22,0,0,0,0,34,0,0,1,0,0,0,0,0,0,0,0,1,0,0,0,0,0,0,0,0,0,0,0,0,0,0,1,1,1,0,0,0,38,0,0,0,0,1,0,0,0,0,0,0,0,0,0,0,0,0,0,0,0,0,0,0,0,0,0,0,0,0,39,0,0,38,1,4,35,0,0,39,0,3,36,0,6,32,1,0,1,0,38,38,1,26,13,2,37,0,39,3,36,0,8,31,0,0,39,0,39,2,2,0,0,0,0,0,0,0,1,0,0,0,0,1,0,0,0,0,0,2,28,0,0,0,0,0,3,0,0,0,0,0,0,0,0,0,0,0,0,0,1,0,0,0,0,0,0,28,0,0,0,0,0,7,3,0,0,1,0,35,0,0,3,0,0,0,0,17,22,0,39,0,1,38,39,39,0,4,34,1,0,23.128205128205128,11.0
04,010,10,0,10,0,0,10,0,1,0,0,0,9,0,0,0,0,10,1,9,0,0,4,6,0,0,0,0,6,0,0,1,0,0,0,0,0,0,0,0,0,0,0,0,0,0,0,3,0,0,0,0,0,0,0,0,0,0,0,0,0,8,0,0,0,0,0,0,0,0,0,0,0,0,0,0,0,0,0,0,2,0,0,0,0,0,0,0,0,0,0,10,0,0,10,0,1,9,0,0,10,0,0,10,0,2,8,0,0,0,0,10,10,0,5,5,0,10,0,10,0,10,0,4,6,0,0,10,0,10,0,0,0,0,0,0,0,0,0,0,0,0,0,1,0,0,0,1,0,0,0,8,0,0,0,0,0,0,0,0,0,0,0,0,0,0,0,0,0,0,0,0,1,0,0,0,0,0,8,0,0,0,0,0,1,0,0,0,0,0,10,0,0,0,0,0,0,0,4,6,1,9,0,0,10,10,10,0,2,8,0,0,16.8,1.0
04,011,11,1,10,0,1,10,0,1,0,0,0,10,1,0,0,0,10,4,7,0,0,4,7,0,0,0,0,8,0,0,0,0,0,0,0,0,0,0,0,0,0,0,0,0,1,0,0,0,0,0,1,0,0,1,0,0,0,0,0,0,11,0,0,0,0,0,0,0,0,0,0,0,0,0,0,0,0,0,0,0,0,0,0,0,0,0,0,0,0,0,11,0,0,11,0,1,10,0,0,11,0,1,10,0,0,11,0,0,0,0,11,11,0,7,4,0,11,0,11,0,11,0,2,9,0,1,10,0,11,1,0,0,0,0,0,0,0,0,0,0,0,0,0,0,0,0,1,0,0,0,9,0,0,0,0,0,0,0,0,0,0,0,0,0,0,0,0,0,0,0,0,0,0,0,0,0,0,9,0,0,0,0,0,2,0,0,0,0,0,9,0,0,2,0,0,0,0,4,7,0,11,0,0,11,11,11,0,0,11,0,0,33.18181818181818,40.0
05,002,180,12,168,0,21,159,0,17,0,0,21,142,30,0,0,21,129,61,119,0,0,86,94,0,0,0,0,0,136,0,2,2,4,9,0,3,0,1,2,1,0,0,3,2,0,1,0,0,1,0,0,3,0,6,0,3,1,0,0,0,0,180,0,0,0,0,0,0,0,0,0,0,0,0,0,0,0,0,0,0,0,0,0,0,0,0,0,0,0,6,174,0,0,180,0,81,99,0,0,180,0,8,172,0,5,96,79,0,0,1,179,179,1,62,118,31,149,0,180,15,165,0,32,147,1,23,157,0,180,7,0,0,0,0,0,0,0,0,0,0,0,0,0,0,19,0,17,0,0,4,112,0,0,0,0,17,4,0,0,0,0,0,0,0,0,0,0,0,0,0,0,0,0,0,0,0,0,112,0,0,0,0,17,47,4,0,0,23,0,0,0,0,157,0,0,0,0,86,94,18,162,0,79,101,180,163,17,3,98,79,0,58.861111111111114,59.5
05,003,16,0,16,0,0,16,0,1,0,3,1,11,5,0,3,1,7,1,15,0,0,11,5,0,0,0,0,0,16,0,0,0,0,0,0,0,0,0,0,0,0,0,0,0,0,0,0,0,0,0,0,0,0,0,0,0,0,0,0,0,0,16,0,0,0,0,0,0,0,0,0,0,0,0,0,0,0,0,0,0,0,0,0,0,0,0,0,0,0,1,15,0,0,16,0,2,14,0,0,16,0,0,16,0,0,3,13,0,0,0,16,16,0,1,15,1,15,0,16,0,16,0,5,11,0,0,16,0,16,2,0,0,0,3,0,0,0,0,0,0,0,0,0,0,3,0,1,0,0,0,6,0,0,0,0,1,0,0,0,0,0,3,0,0,0,0,0,0,0,0,0,0,0,0,0,0,0,6,0,0,0,0,1,6,0,0,0,11,0,0,0,0,5,0,0,0,0,11,5,0,16,0,13,3,16,15,1,0,3,13,0,20.25,14.5
05,004,15,0,15,0,0,15,0,0,0,1,0,14,1,0,1,0,13,1,14,0,0,5,10,0,0,0,0,0,13,0,0,0,0,0,0,0,0,0,0,0,0,0,1,0,0,0,0,0,0,0,0,1,0,0,0,0,0,0,0,0,0,14,0,0,1,0,0,0,0,0,0,0,0,0,0,0,0,0,0,0,0,0,0,0,0,0,0,0,0,1,14,0,0,15,0,1,14,0,0,15,0,0,15,0,0,14,1,0,0,0,15,15,0,8,7,0,15,0,15,0,15,0,3,12,0,0,15,0,15,0,0,0,0,1,0,0,0,0,0,0,0,0,0,0,1,0,0,0,0,0,13,0,0,0,0,0,0,0,0,0,0,1,0,0,0,0,0,0,0,0,0,0,0,0,0,0,0,13,0,0,0,0,0,1,0,0,0,11,0,0,0,0,1,0,3,0,0,5,10,0,15,0,1,14,15,15,0,1,13,1,0,17.0,1.0
05,006,1,0,1,0,0,1,0,0,0,0,0,1,0,0,0,0,1,1,0,0,0,0,1,0,0,0,0,0,1,0,0,0,0,0,0,0,0,0,0,0,0,0,0,0,0,0,0,0,0,0,0,0,0,0,0,0,0,0,0,0,0,1,0,0,0,0,0,0,0,0,0,0,0,0,0,0,0,0,0,0,0,0,0,0,0,0,0,0,0,0,1,0,0,1,0,0,1,0,0,1,0,0,1,0,0,0,1,0,0,0,1,1,0,0,1,0,1,0,1,0,1,0,1,0,0,0,1,0,1,0,0,0,0,0,0,0,0,0,0,0,0,0,0,0,0,0,0,0,0,0,1,0,0,0,0,0,0,0,0,0,0,0,0,0,0,0,0,0,0,0,0,0,0,0,0,0,0,1,0,0,0,0,0,0,0,0,0,1,0,0,0,0,0,0,0,0,0,0,1,0,1,0,1,0,1,1,0,0,0,1,0,36.0,36.0
05,007,4,0,4,0,0,4,0,0,0,0,0,4,0,0,0,0,4,1,3,0,0,0,4,0,0,0,0,0,4,0,0,0,0,0,0,0,0,0,0,0,0,0,0,0,0,0,0,0,0,0,0,0,0,0,0,0,0,0,0,0,0,3,0,0,0,0,0,0,0,0,0,0,0,0,0,0,0,0,0,0,0,1,0,0,0,0,0,0,0,0,4,0,0,3,1,1,3,0,0,3,1,1,3,0,1,3,0,0,0,0,4,4,0,3,1,0,4,0,4,1,3,0,1,3,0,1,3,0,4,0,0,0,0,0,0,0,0,0,0,0,0,0,0,0,0,0,0,0,0,0,4,0,0,0,0,0,0,0,0,0,0,0,0,0,0,0,0,0,0,0,0,0,0,0,0,0,0,4,0,0,0,0,0,0,0,0,0,2,0,0,0,0,1,0,1,0,0,0,4,2,2,0,0,4,4,4,0,0,4,0,0,39.75,40.5
05,009,10,0,10,0,1,9,0,0,0,0,1,9,1,0,0,1,8,3,7,0,1,4,5,0,0,0,0,0,10,0,0,0,0,0,0,0,0,0,0,0,0,0,0,0,0,0,0,0,0,0,0,0,0,0,0,0,0,0,0,0,0,10,0,0,0,0,0,0,0,0,0,0,0,0,0,0,0,0,0,0,0,0,0,0,0,0,0,0,0,0,10,0,0,10,0,2,8,0,0,10,0,2,8,0,2,8,0,0,0,0,10,10,0,3,7,2,8,0,10,0,10,0,0,10,0,0,10,0,10,0,0,0,0,0,0,0,0,0,0,0,0,0,0,0,1,0,0,0,0,0,8,0,0,0,0,0,1,0,0,0,0,0,0,0,0,0,0,0,0,0,0,0,0,0,0,0,0,8,0,0,0,0,0,1,1,0,0,0,0,0,0,0,10,0,0,0,0,5,5,0,10,0,0,10,10,10,0,0,10,0,0,45.5,52.5
05,010,2,0,2,0,0,2,0,0,0,1,0,1,0,0,1,0,1,0,2,0,0,1,1,0,0,0,0,1,1,0,0,0,0,0,0,0,0,0,0,0,0,0,0,0,0,0,0,0,0,0,0,0,0,0,0,0,0,0,0,0,0,2,0,0,0,0,0,0,0,0,0,0,0,0,0,0,0,0,0,0,0,0,0,0,0,0,0,0,0,0,2,0,0,2,0,0,2,0,0,2,0,1,1,0,0,1,1,0,0,0,2,2,0,0,2,0,2,0,2,0,2,0,0,2,0,0,2,0,2,0,0,0,0,1,0,0,0,0,0,0,0,0,0,0,0,0,0,0,0,0,1,0,0,0,0,0,0,0,0,0,0,1,0,0,0,0,0,0,0,0,0,0,0,0,0,0,0,1,0,0,0,0,0,0,0,0,0,2,0,0,0,0,0,0,0,0,0,1,1,0,2,0,1,1,2,2,0,0,1,1,0,15.5,15.5
05,011,1,0,1,0,0,1,0,0,0,1,0,0,0,0,1,0,0,0,1,0,0,0,1,0,0,0,0,0,0,0,0,0,1,0,0,0,0,0,0,0,0,0,0,0,0,0,0,0,0,0,0,0,0,0,0,0,0,0,0,0,0,1,0,0,0,0,0,0,0,0,0,0,0,0,0,0,0,0,0,0,0,0,0,0,0,0,0,0,0,0,1,0,0,1,0,1,0,0,0,1,0,0,1,0,0,1,0,0,0,0,1,1,0,0,1,1,0,0,1,0,1,0,0,1,0,0,1,0,1,0,0,0,0,1,0,0,0,0,0,0,0,0,0,0,0,0,0,0,0,0,0,0,0,0,0,0,0,0,0,0,0,1,0,0,0,0,0,0,0,0,0,0,0,0,0,0,0,0,0,0,0,0,0,0,0,0,0,0,0,0,0,0,1,0,0,0,0,0,1,1,0,0,0,1,1,1,0,0,1,0,0,77.0,77.0
05,014,3,1,2,0,0,3,0,0,0,0,0,3,0,0,0,0,3,2,1,0,0,2,1,0,0,0,0,0,2,0,0,0,0,0,0,0,0,0,0,0,0,0,0,0,0,0,0,0,0,0,0,0,0,1,0,0,0,0,0,0,0,3,0,0,0,0,0,0,0,0,0,0,0,0,0,0,0,0,0,0,0,0,0,0,0,0,0,0,0,0,3,0,0,3,0,1,2,0,0,3,0,0,3,0,0,1,2,0,0,0,3,3,0,1,2,1,2,0,3,1,2,0,0,3,0,0,3,0,3,0,0,0,0,0,0,0,0,0,0,0,0,0,0,0,0,0,0,0,0,0,3,0,0,0,0,0,0,0,0,0,0,0,0,0,0,0,0,0,0,0,0,0,0,0,0,0,0,3,0,0,0,0,0,0,0,0,0,0,0,0,0,0,3,0,0,0,0,2,1,0,3,0,2,1,3,3,0,0,1,2,0,43.0,50.0
05,017,30,0,30,0,2,28,0,2,0,1,3,24,2,0,1,3,24,8,22,0,0,13,17,0,0,0,0,0,30,0,0,0,0,0,0,0,0,0,0,0,0,0,0,0,0,0,0,0,0,0,0,0,0,0,0,0,0,0,0,0,0,29,0,0,0,1,0,0,0,0,0,0,0,0,0,0,0,0,0,0,0,0,0,0,0,0,0,0,0,1,29,0,0,30,0,10,20,0,0,30,0,2,28,0,0,22,8,0,0,0,30,30,0,13,17,3,27,0,30,2,28,0,4,26,0,3,27,0,30,1,0,3,0,1,0,0,0,0,0,0,0,0,0,2,1,0,2,0,0,0,17,0,0,0,0,2,1,0,0,0,0,1,0,0,0,0,0,0,0,0,1,0,0,0,0,0,0,17,0,0,0,0,2,8,1,0,0,0,0,0,0,0,29,0,0,1,0,13,17,1,29,0,8,22,30,28,2,0,22,8,0,31.333333333333332,34.0
05,018,13,1,12,0,0,13,0,1,0,1,0,11,1,0,1,0,11,3,10,0,0,7,6,0,0,0,0,0,10,0,0,0,0,0,0,0,0,0,2,0,0,0,0,0,0,0,0,0,0,0,0,0,0,0,0,1,0,1,0,0,0,9,0,0,0,2,0,0,0,0,0,0,0,0,0,0,0,0,0,0,0,0,0,0,0,0,0,0,1,0,13,0,0,13,0,3,10,0,0,13,0,1,12,0,0,9,4,0,0,0,13,13,0,6,7,1,12,0,13,1,12,0,6,7,0,0,13,0,13,0,0,0,0,1,0,0,0,0,0,0,0,0,0,0,1,0,1,0,0,0,10,0,0,0,0,0,0,0,0,0,0,1,0,0,0,0,0,0,0,0,0,0,0,0,0,0,0,10,0,0,0,0,0,2,0,0,0,11,0,1,0,0,0,0,1,0,0,7,6,2,11,0,4,9,13,13,0,0,9,4,0,39.84615384615385,40.0
05,019,4,0,4,0,0,4,0,0,0,0,0,4,1,0,0,0,3,0,4,0,0,2,2,0,0,0,0,0,4,0,0,0,0,0,0,0,0,0,0,0,0,0,0,0,0,0,0,0,0,0,0,0,0,0,0,0,0,0,0,0,0,4,0,0,0,0,0,0,0,0,0,0,0,0,0,0,0,0,0,0,0,0,0,0,0,0,0,0,0,0,4,0,0,4,0,0,4,0,0,4,0,0,4,0,0,2,2,0,0,0,4,4,0,0,4,0,4,0,4,0,4,0,1,3,0,0,4,0,4,0,0,0,0,0,0,0,0,0,0,0,0,0,1,0,1,0,0,0,0,0,2,0,0,0,0,0,0,0,0,0,0,0,0,0,0,0,0,0,0,0,0,0,0,0,0,0,0,2,0,0,0,0,0,2,0,0,0,2,0,0,0,0,2,0,0,0,0,2,2,0,4,0,2,2,4,4,0,0,2,2,0,3.5,2.0
05,020,76,4,72,0,3,73,0,4,0,6,2,64,19,0,6,2,49,11,65,0,0,35,41,0,0,0,0,0,75,0,0,0,0,1,0,0,0,0,0,0,0,0,0,0,0,0,0,0,0,0,0,0,0,0,0,0,0,0,0,0,0,75,0,0,0,0,0,0,0,0,0,0,0,0,0,1,0,0,0,0,0,0,0,0,0,0,0,0,0,1,75,0,0,76,0,15,61,0,0,76,0,2,74,0,0,9,67,0,0,0,76,76,0,3,73,1,75,0,76,4,72,0,2,74,0,1,75,0,76,2,0,0,0,6,0,0,0,0,0,0,0,0,0,0,16,1,4,0,0,1,44,0,0,0,0,1,1,0,0,0,0,6,0,0,0,0,0,0,0,0,0,0,0,0,0,0,0,44,0,0,0,0,1,24,1,0,0,1,0,0,0,0,75,0,0,0,0,35,41,4,72,0,67,9,76,75,1,0,9,67,0,51.80263157894737,58.5
05,022,6,0,6,0,0,6,0,0,0,0,0,6,1,0,0,0,5,1,5,0,0,2,4,0,0,0,0,0,5,0,0,0,1,0,0,0,0,0,0,0,0,0,0,0,0,0,0,0,0,0,0,0,0,0,0,0,0,0,0,0,0,6,0,0,0,0,0,0,0,0,0,0,0,0,0,0,0,0,0,0,0,0,0,0,0,0,0,0,0,0,6,0,0,6,0,1,5,0,0,6,0,0,6,0,0,1,5,0,0,0,6,6,0,0,6,0,6,0,6,0,6,0,1,5,0,0,6,0,6,0,0,0,0,0,0,0,0,0,0,0,0,0,0,0,0,0,0,0,0,1,5,0,0,0,0,0,0,0,0,0,0,0,0,0,0,0,0,0,0,0,0,0,0,0,0,0,0,5,0,0,0,0,0,1,0,0,0,4,0,0,0,0,2,0,0,0,0,2,4,1,5,0,5,1,6,6,0,0,1,5,0,18.166666666666668,4.0
05,024,9,0,9,0,0,9,0,2,0,0,1,6,0,0,0,1,8,0,9,0,0,3,6,0,0,0,0,0,9,0,0,0,0,0,0,0,0,0,0,0,0,0,0,0,0,0,0,0,0,0,0,0,0,0,0,0,0,0,0,0,0,9,0,0,0,0,0,0,0,0,0,0,0,0,0,0,0,0,0,0,0,0,0,0,0,0,0,0,0,0,9,0,0,9,0,0,9,0,0,9,0,0,9,0,3,6,0,0,0,0,9,9,0,3,6,0,9,0,9,0,9,0,2,7,0,0,9,0,9,0,0,0,0,0,0,0,0,0,0,0,0,0,0,0,0,0,2,0,0,0,6,0,0,0,0,0,1,0,0,0,0,0,0,0,0,0,0,0,0,0,0,0,0,0,0,0,0,6,0,0,0,0,0,2,1,0,0,7,0,0,0,0,1,0,1,0,0,3,6,0,9,0,0,9,9,9,0,2,7,0,0,10.666666666666666,2.0
05,025,63,2,61,0,2,61,0,4,0,1,16,42,5,0,1,16,41,12,51,0,1,30,32,0,0,0,0,1,57,0,0,0,0,0,0,0,0,0,0,1,0,0,0,0,0,0,0,0,0,0,1,0,1,1,0,0,1,0,0,0,0,59,0,0,0,1,0,0,0,0,0,0,0,0,0,2,0,0,0,0,0,0,0,0,0,1,0,0,0,1,62,0,1,62,0,13,50,0,1,62,0,4,59,0,2,33,28,0,0,0,63,62,1,8,55,6,57,0,63,7,56,0,13,49,1,7,56,0,63,1,0,1,0,1,0,0,0,0,0,0,0,0,0,0,3,0,4,0,0,1,36,0,0,0,0,15,1,0,0,0,0,1,0,0,0,0,0,0,0,0,0,0,0,0,0,0,0,36,0,0,0,0,15,10,1,0,0,31,0,1,0,0,31,0,0,0,0,31,32,8,55,0,28,35,63,48,15,4,31,28,0,34.23809523809524,31.0
05,027,19,2,17,0,1,18,0,0,0,0,2,17,2,0,0,2,15,1,18,0,0,9,10,0,0,0,0,0,19,0,0,0,0,0,0,0,0,0,0,0,0,0,0,0,0,0,0,0,0,0,0,0,0,0,0,0,0,0,0,0,0,18,0,0,0,0,0,0,0,0,0,0,0,0,0,1,0,0,0,0,0,0,0,0,0,0,0,0,0,0,19,0,0,19,0,2,17,0,0,19,0,3,16,0,2,14,3,0,0,0,19,19,0,4,15,2,17,0,19,0,19,0,7,11,1,0,19,0,19,1,0,0,0,0,0,0,0,0,0,0,0,0,0,0,0,0,0,0,0,1,15,0,0,0,0,1,1,0,0,0,0,0,0,0,0,0,0,0,0,0,0,0,0,0,0,0,0,15,0,0,0,0,1,2,1,0,0,15,0,0,0,0,1,0,3,0,0,9,10,1,18,0,3,16,19,18,1,2,14,3,0,13.473684210526315,4.0
05,028,83,1,82,0,6,77,0,8,0,4,11,60,2,0,4,11,66,12,71,0,1,42,40,0,0,0,0,0,83,0,0,0,0,0,0,0,0,0,0,0,0,0,0,0,0,0,0,0,0,0,0,0,0,0,0,0,0,0,0,0,0,81,0,0,0,1,0,0,0,0,0,0,0,0,0,1,0,0,0,0,0,0,0,0,0,0,0,0,0,3,80,0,0,83,0,20,63,0,0,83,0,3,80,0,1,47,35,0,0,0,83,83,0,4,79,6,77,0,83,7,76,0,3,80,0,5,78,0,83,1,0,2,0,4,0,0,0,0,0,0,0,0,1,1,1,0,8,0,0,0,54,0,0,0,0,9,2,0,0,0,0,4,0,0,0,0,0,0,0,0,0,0,0,0,0,0,0,54,0,0,0,0,9,14,2,0,0,2,0,0,0,0,80,0,1,0,0,43,40,10,73,0,35,48,83,74,9,0,48,35,0,49.096385542168676,56.0
05,030,665,11,654,0,9,656,0,41,0,20,30,574,95,0,20,30,520,57,607,1,9,350,306,0,0,0,0,0,625,1,2,1,2,1,1,0,0,1,2,0,1,0,4,0,1,0,0,2,0,0,1,4,1,1,0,6,8,0,0,0,0,653,0,0,0,3,0,0,0,0,0,0,0,0,0,5,0,0,1,0,0,1,0,0,0,0,1,0,1,7,658,0,0,653,12,61,604,0,0,655,10,14,651,0,13,503,149,0,8,0,657,657,8,83,582,21,644,0,665,12,653,0,89,551,25,17,648,0,665,32,0,29,0,20,0,0,0,0,1,1,0,0,6,2,46,0,41,0,4,15,435,0,2,1,0,25,5,0,0,2,0,20,0,0,0,0,0,0,0,0,4,0,2,0,0,0,0,435,0,0,0,0,25,172,5,0,0,229,19,2,0,0,290,0,125,0,0,359,306,25,636,4,149,516,665,640,25,24,492,149,0,24.153383458646616,13.0
05,031,3,0,3,0,1,2,0,1,0,0,0,2,0,0,0,0,3,2,1,0,0,2,1,0,0,0,0,0,3,0,0,0,0,0,0,0,0,0,0,0,0,0,0,0,0,0,0,0,0,0,0,0,0,0,0,0,0,0,0,0,0,2,0,0,0,0,0,0,0,0,0,0,0,0,0,0,0,0,0,0,0,0,0,0,0,0,1,0,0,0,3,0,0,3,0,2,1,0,0,3,0,0,3,0,1,2,0,0,0,0,3,3,0,2,1,1,2,0,3,0,3,0,2,1,0,0,3,0,3,0,0,0,0,0,0,0,0,0,0,0,0,0,0,0,0,0,1,0,0,0,2,0,0,0,0,0,0,0,0,0,0,0,0,0,0,0,0,0,0,0,0,0,0,0,0,0,0,2,0,0,0,0,0,1,0,0,0,2,0,0,0,0,0,0,1,0,0,2,1,0,3,0,0,3,3,3,0,1,2,0,0,77.0,74.0
05,032,132,4,128,0,13,119,0,19,0,8,18,87,20,0,8,18,86,18,114,0,1,66,65,0,0,0,0,0,129,0,0,0,1,0,0,0,0,0,1,0,0,0,0,0,0,0,0,0,0,0,0,1,0,0,0,0,0,0,0,0,0,131,0,0,0,0,0,0,0,0,0,0,0,0,0,1,0,0,0,0,0,0,0,0,0,0,0,0,0,2,130,0,0,132,0,25,107,0,1,131,0,3,129,0,0,49,83,0,0,0,132,132,0,5,127,12,120,0,132,4,128,0,1,131,0,3,129,0,132,0,0,1,0,8,0,0,0,0,0,0,0,0,1,0,17,0,19,0,0,2,66,0,0,0,0,16,2,0,0,0,0,8,0,0,0,0,0,0,0,0,0,0,0,0,0,0,1,66,0,0,0,0,16,39,2,0,0,0,0,0,0,0,132,0,0,0,0,67,65,18,114,0,83,49,132,116,16,0,49,83,0,48.484848484848484,50.0
05,033,19,1,18,0,1,18,0,2,0,1,2,14,4,0,1,2,12,3,16,0,1,9,9,0,0,0,0,0,18,0,0,0,0,0,0,0,0,0,0,0,0,0,0,0,0,0,0,0,0,0,1,0,0,0,0,0,0,0,0,0,0,18,0,0,0,0,0,0,0,1,0,0,0,0,0,0,0,0,0,0,0,0,0,0,0,0,0,0,0,0,19,0,0,19,0,3,16,0,0,19,0,1,18,0,2,15,2,0,0,0,19,19,0,9,10,1,18,0,19,1,18,0,0,19,0,1,18,0,19,2,0,2,0,1,0,0,0,0,0,0,0,0,1,2,1,0,2,0,0,0,6,0,0,0,0,1,1,0,0,1,0,1,0,0,0,0,0,0,0,0,0,0,1,0,0,0,0,6,0,0,1,0,1,7,1,0,0,1,0,1,0,0,17,0,0,0,0,10,9,1,18,0,2,17,19,18,1,1,16,2,0,21.63157894736842,11.0
05,034,1,0,1,0,0,1,0,0,0,0,0,1,0,0,0,0,1,0,1,0,0,0,1,0,0,0,0,0,0,0,0,0,0,0,0,0,0,0,0,0,0,0,0,0,0,0,0,0,0,0,0,0,0,1,0,0,0,0,0,0,0,0,0,0,1,0,0,0,0,0,0,0,0,0,0,0,0,0,0,0,0,0,0,0,0,0,0,0,0,0,1,0,0,1,0,0,1,0,0,1,0,1,0,0,1,0,0,0,0,0,1,1,0,1,0,0,1,0,1,0,1,0,0,0,1,0,1,0,1,0,0,0,0,0,0,0,0,0,0,0,0,0,0,0,0,0,0,0,0,0,1,0,0,0,0,0,0,0,0,0,0,0,0,0,0,0,0,0,0,0,0,0,0,0,0,0,0,1,0,0,0,0,0,0,0,0,0,1,0,0,0,0,0,0,0,0,0,0,1,0,1,0,0,1,1,1,0,1,0,0,0,25.0,25.0
05,035,457,12,445,0,2,455,0,15,0,19,225,198,33,0,19,225,180,36,421,0,11,268,178,0,0,0,0,0,434,0,0,2,2,8,0,0,0,2,1,0,0,0,2,1,0,0,0,0,1,0,0,1,0,0,0,3,0,0,0,0,0,439,0,0,0,4,7,0,0,0,0,0,0,0,0,1,0,0,2,0,0,1,0,0,1,0,0,0,2,3,454,0,0,457,0,47,410,0,0,457,0,2,455,0,7,169,281,0,0,0,457,457,0,84,373,7,450,0,457,12,445,0,22,431,4,12,445,0,457,13,1,13,0,19,0,0,0,0,1,0,0,0,4,3,15,0,15,0,3,3,138,0,3,1,0,220,5,0,0,5,0,19,0,0,0,0,0,0,0,0,3,0,2,0,0,0,0,138,0,0,1,0,220,64,5,0,0,9,0,2,0,0,442,0,3,1,0,279,178,13,444,0,281,176,457,237,220,2,174,281,0,33.33698030634573,31.0
05,036,3,0,3,0,0,3,0,0,0,0,0,3,0,0,0,0,3,1,2,0,0,0,3,0,0,0,0,0,3,0,0,0,0,0,0,0,0,0,0,0,0,0,0,0,0,0,0,0,0,0,0,0,0,0,0,0,0,0,0,0,0,3,0,0,0,0,0,0,0,0,0,0,0,0,0,0,0,0,0,0,0,0,0,0,0,0,0,0,0,0,3,0,0,3,0,1,2,0,0,3,0,0,3,0,0,3,0,0,0,0,3,3,0,1,2,0,3,0,3,1,2,0,0,3,0,0,3,0,3,0,0,1,0,0,0,0,0,0,0,0,0,0,0,0,0,0,0,0,0,0,2,0,0,0,0,0,0,0,0,0,0,0,0,0,0,0,0,0,0,0,0,0,0,0,0,0,0,2,0,0,0,0,0,1,0,0,0,1,0,0,0,0,2,0,0,0,0,0,3,1,2,0,0,3,3,3,0,1,2,0,0,28.0,13.0
05,037,2,0,2,0,0,2,0,0,0,0,0,2,1,0,0,0,1,0,2,0,0,2,0,0,0,0,0,0,2,0,0,0,0,0,0,0,0,0,0,0,0,0,0,0,0,0,0,0,0,0,0,0,0,0,0,0,0,0,0,0,0,2,0,0,0,0,0,0,0,0,0,0,0,0,0,0,0,0,0,0,0,0,0,0,0,0,0,0,0,0,2,0,0,2,0,0,2,0,0,2,0,0,2,0,0,0,2,0,0,0,2,2,0,0,2,0,2,0,2,0,2,0,0,2,0,0,2,0,2,0,0,0,0,0,0,0,0,0,0,0,0,0,0,0,0,0,0,0,0,1,1,0,0,0,0,0,0,0,0,0,0,0,0,0,0,0,0,0,0,0,0,0,0,0,0,0,0,1,0,0,0,0,0,1,0,0,0,2,0,0,0,0,0,0,0,0,0,2,0,0,2,0,2,0,2,2,0,0,0,2,0,14.5,14.5
05,038,3,0,3,0,0,3,0,0,0,0,0,3,1,0,0,0,2,0,3,0,0,3,0,0,0,0,0,0,3,0,0,0,0,0,0,0,0,0,0,0,0,0,0,0,0,0,0,0,0,0,0,0,0,0,0,0,0,0,0,0,0,3,0,0,0,0,0,0,0,0,0,0,0,0,0,0,0,0,0,0,0,0,0,0,0,0,0,0,0,0,3,0,0,3,0,1,2,0,0,3,0,0,3,0,0,1,2,0,0,0,3,3,0,1,2,1,2,0,3,0,3,0,1,2,0,0,3,0,3,0,0,0,0,0,0,0,0,0,0,0,0,0,0,0,1,0,0,0,0,0,2,0,0,0,0,0,0,0,0,0,0,0,0,0,0,0,0,0,0,0,0,0,0,0,0,0,0,2,0,0,0,0,0,1,0,0,0,2,0,0,0,0,1,0,0,0,0,3,0,0,3,0,2,1,3,3,0,0,1,2,0,37.333333333333336,33.0
06,001,16,1,15,0,0,16,0,0,0,0,9,7,0,0,0,9,7,4,12,0,0,10,6,0,0,0,0,0,0,13,0,0,2,0,0,0,0,0,0,1,0,0,0,0,0,0,0,0,0,0,0,0,0,0,0,0,0,0,0,0,0,0,16,0,0,0,0,0,0,0,0,0,0,0,0,0,0,0,0,0,0,0,0,0,0,0,0,0,0,0,16,0,0,16,0,3,13,0,0,16,0,0,16,0,0,6,10,0,0,0,16,16,0,2,14,2,14,0,16,0,16,0,1,14,1,1,15,0,16,0,0,0,0,0,0,0,0,0,0,0,0,0,0,0,0,0,0,0,1,0,6,0,0,0,0,9,0,0,0,0,0,0,0,0,0,0,0,0,0,0,0,0,0,0,0,0,0,6,0,0,0,0,9,1,0,0,0,0,0,12,0,0,3,0,1,0,0,10,6,1,15,0,10,6,16,7,9,0,6,10,0,43.3125,32.0
06,002,437,17,420,0,35,402,0,20,0,3,162,252,42,0,3,162,230,124,313,0,1,240,196,0,0,0,0,0,0,343,0,0,5,1,0,0,1,52,11,18,0,1,0,0,0,0,0,0,2,0,0,0,0,2,0,0,1,1,0,0,0,0,432,0,0,0,0,0,0,2,2,0,0,0,0,0,0,0,0,0,0,0,0,0,0,0,0,0,0,26,411,0,0,428,9,163,274,0,1,429,7,14,423,0,9,225,201,2,0,1,436,436,1,114,323,42,395,0,437,33,404,0,66,368,3,51,386,0,437,35,0,2,3,3,0,0,0,0,4,0,0,0,4,4,1,0,20,0,2,3,194,0,0,0,0,158,4,0,0,0,0,3,0,0,0,0,1,0,0,0,1,1,0,0,0,1,0,194,0,0,0,0,158,74,4,0,0,0,0,102,0,0,272,0,63,0,0,241,196,40,397,0,201,236,437,279,158,4,230,201,2,50.34782608695652,55.0
06,003,28,1,27,0,2,26,0,2,0,1,12,13,1,0,1,12,14,4,24,0,0,16,12,0,0,0,0,0,0,27,0,0,0,0,0,0,0,0,1,0,0,0,0,0,0,0,0,0,0,0,0,0,0,0,0,0,0,0,0,0,0,0,28,0,0,0,0,0,0,0,0,0,0,0,0,0,0,0,0,0,0,0,0,0,0,0,0,0,0,3,25,0,0,26,2,7,21,0,0,27,1,0,28,0,0,15,13,0,0,0,28,28,0,9,19,3,25,0,28,4,24,0,0,28,0,2,26,0,28,1,0,0,0,1,0,0,0,0,0,0,0,0,0,1,0,0,2,0,0,0,11,0,0,0,0,12,0,0,0,0,0,1,0,0,0,0,0,0,0,0,0,0,0,0,0,0,0,11,0,0,0,0,12,4,0,0,0,0,0,7,0,0,18,0,3,0,0,16,12,1,27,0,13,15,28,16,12,0,15,13,0,45.67857142857143,46.0
06,004,30,2,28,0,4,26,0,3,0,0,11,16,2,0,0,11,17,11,19,0,0,16,14,0,0,0,0,0,0,23,0,0,1,0,0,0,0,4,1,1,0,0,0,0,0,0,0,0,0,0,0,0,0,0,0,0,0,0,0,0,0,0,30,0,0,0,0,0,0,0,0,0,0,0,0,0,0,0,0,0,0,0,0,0,0,0,0,0,0,2,28,0,0,29,1,12,18,0,0,29,1,1,29,0,0,17,13,0,0,0,30,30,0,8,22,1,29,0,30,2,28,0,6,24,0,5,25,0,30,2,0,0,0,0,0,0,0,1,0,0,0,0,0,0,0,0,3,0,0,0,13,0,0,0,0,11,0,0,0,0,0,0,0,0,0,0,0,0,0,0,0,0,0,0,0,0,0,13,0,0,0,0,11,6,0,0,0,0,0,11,0,0,14,0,5,0,0,16,14,1,29,0,13,17,30,19,11,0,17,13,0,46.03333333333333,48.0
06,005,43,4,39,0,5,38,0,1,0,1,12,29,1,0,1,12,29,13,30,0,0,20,23,0,0,0,0,0,0,36,0,0,0,0,0,0,0,3,2,1,0,0,0,0,0,0,0,0,1,0,0,0,0,0,0,0,0,0,0,0,0,0,43,0,0,0,0,0,0,0,0,0,0,0,0,0,0,0,0,0,0,0,0,0,0,0,0,0,0,5,38,0,0,42,1,21,22,0,0,43,0,3,40,0,0,27,15,1,0,0,43,43,0,15,28,6,37,0,43,3,40,0,3,39,1,7,36,0,43,1,0,1,0,1,0,0,0,0,0,0,0,0,0,0,0,0,1,0,0,0,26,0,1,0,0,12,0,0,0,0,0,1,0,0,0,0,0,0,0,0,0,0,0,0,0,0,0,26,0,1,0,0,12,3,0,0,0,0,0,14,0,0,22,0,7,0,0,20,23,3,40,0,15,28,43,31,12,0,27,15,1,53.906976744186046,62.0
06,006,21,2,19,0,0,21,0,1,0,0,14,6,1,0,0,14,6,7,14,0,0,14,7,0,0,0,0,0,1,16,0,0,0,0,0,0,0,2,0,2,0,0,0,0,0,0,0,0,0,0,0,0,0,0,0,0,0,0,0,0,0,0,21,0,0,0,0,0,0,0,0,0,0,0,0,0,0,0,0,0,0,0,0,0,0,0,0,0,0,5,16,0,1,20,0,6,15,0,0,21,0,0,21,0,1,6,14,0,0,0,21,21,0,4,17,4,17,0,21,0,21,0,5,16,0,2,19,0,21,1,0,0,0,0,0,0,0,0,0,0,0,0,0,0,0,0,1,0,0,0,5,0,0,0,0,13,1,0,0,0,0,0,0,0,0,0,0,0,0,0,0,0,0,0,0,0,0,5,0,0,0,0,13,2,1,0,0,0,0,17,0,0,3,0,1,0,0,14,7,0,21,0,14,7,21,8,13,0,7,14,0,52.38095238095238,60.0
06,007,368,10,358,0,4,364,0,22,0,0,272,74,19,0,0,272,77,18,350,0,4,219,143,2,2,1,0,0,0,282,0,0,6,2,0,14,0,29,5,9,0,3,0,1,1,0,0,1,0,2,0,3,1,3,0,1,2,0,0,0,0,0,366,0,0,0,0,0,0,0,1,1,0,0,0,0,0,0,0,0,0,0,0,0,0,0,0,0,0,3,365,0,0,355,13,14,354,0,0,357,11,5,363,0,0,32,336,0,0,2,366,366,2,23,345,7,361,0,368,2,365,1,48,320,0,2,366,0,368,10,0,2,1,0,0,0,0,0,0,0,0,0,2,0,4,0,22,0,0,4,51,0,0,0,0,272,0,0,0,0,0,0,0,0,0,0,0,0,0,0,1,0,0,0,0,0,0,51,0,0,0,0,272,44,0,0,0,115,0,244,0,0,8,0,1,0,0,225,143,9,359,0,336,32,368,96,272,0,32,336,0,24.63858695652174,22.0
06,008,13,1,12,0,0,13,0,0,0,1,7,5,0,0,1,7,5,4,9,0,0,8,5,0,0,0,0,0,0,9,0,0,0,0,0,0,0,1,1,2,0,0,0,0,0,0,0,0,0,0,0,0,0,0,0,0,0,0,0,0,0,0,12,0,0,0,0,0,0,0,1,0,0,0,0,0,0,0,0,0,0,0,0,0,0,0,0,0,0,1,12,0,0,13,0,4,9,0,0,13,0,0,13,0,0,8,5,0,0,0,13,13,0,3,10,2,11,0,13,2,11,0,2,11,0,1,12,0,13,0,0,0,0,1,0,0,0,0,0,0,0,0,0,1,0,0,0,0,0,0,4,0,0,0,0,5,2,0,0,0,0,1,0,0,0,0,0,0,0,0,0,0,0,0,0,0,0,4,0,0,0,0,5,1,2,0,0,1,0,0,0,0,12,0,0,0,0,8,5,0,13,0,5,8,13,8,5,0,8,5,0,47.07692307692308,74.0
06,009,96,3,93,0,2,94,0,1,0,1,63,31,4,0,1,63,28,15,81,0,0,51,45,0,0,1,0,0,0,80,2,0,0,0,1,1,1,4,2,3,0,0,0,0,0,0,0,0,1,0,0,0,0,0,0,0,0,0,0,0,0,0,94,0,0,1,0,0,0,0,1,0,0,0,0,0,0,0,0,0,0,0,0,0,0,0,0,0,0,1,95,0,0,94,2,12,84,0,0,95,1,2,94,0,5,17,73,1,0,0,96,96,0,18,78,13,83,0,96,1,94,1,5,91,0,2,94,0,96,1,1,0,1,1,0,0,0,0,0,0,0,0,0,2,2,0,1,0,1,0,23,0,0,0,0,63,0,0,0,0,0,1,0,0,0,0,1,0,0,0,1,0,0,0,0,0,0,23,0,0,0,0,63,7,0,0,0,2,0,87,0,0,5,0,2,0,0,51,45,3,93,0,73,23,96,33,63,4,18,73,1,28.416666666666668,23.0
06,010,364,38,325,1,13,350,1,25,0,3,145,191,34,0,3,145,182,90,274,0,4,199,161,0,0,0,0,0,0,277,3,0,4,0,2,0,0,48,11,9,0,1,0,1,0,0,0,0,2,1,1,0,0,2,0,0,2,1,0,0,0,0,361,0,0,1,0,0,0,0,0,0,1,0,0,0,0,0,0,0,0,0,0,0,0,0,0,0,0,28,335,1,0,356,8,111,253,0,0,360,4,9,354,1,7,174,182,1,1,0,363,362,2,94,270,36,327,1,364,26,337,1,53,304,7,38,325,1,364,24,0,1,2,3,0,0,0,2,1,0,0,0,3,3,1,1,25,0,1,6,145,0,1,0,0,137,8,1,0,0,0,3,0,0,0,0,0,0,0,0,2,0,0,0,0,0,0,145,0,0,0,0,137,68,8,0,0,1,0,62,0,0,230,0,70,1,0,203,161,28,335,1,182,182,364,227,137,4,177,182,1,47.39010989010989,44.0
07,002,2,0,2,0,0,2,0,0,0,0,0,2,1,0,0,0,1,0,2,0,0,0,2,0,0,0,0,0,0,0,2,0,0,0,0,0,0,0,0,0,0,0,0,0,0,0,0,0,0,0,0,0,0,0,0,0,0,0,0,0,0,0,0,2,0,0,0,0,0,0,0,0,0,0,0,0,0,0,0,0,0,0,0,0,0,0,0,0,0,0,2,0,1,1,0,0,2,0,1,1,0,0,2,0,0,2,0,0,0,0,2,2,0,0,2,0,2,0,2,0,2,0,0,2,0,0,2,0,2,1,0,0,0,0,0,0,0,0,0,0,0,0,0,0,0,0,0,0,0,0,1,0,0,0,0,0,0,0,0,0,0,0,0,0,0,0,0,0,0,0,0,0,0,0,0,0,0,1,0,0,0,0,0,1,0,0,0,0,0,1,0,0,1,0,0,0,0,0,2,0,2,0,0,2,2,2,0,0,2,0,0,4.0,4.0
07,003,2,1,1,0,0,2,0,0,0,0,0,2,2,0,0,0,0,0,2,0,0,2,0,0,0,0,0,0,0,0,2,0,0,0,0,0,0,0,0,0,0,0,0,0,0,0,0,0,0,0,0,0,0,0,0,0,0,0,0,0,0,0,0,1,0,0,0,0,0,0,0,0,0,0,0,0,0,1,0,0,0,0,0,0,0,0,0,0,0,0,2,0,1,1,0,1,1,0,1,1,0,0,2,0,0,2,0,0,0,0,2,2,0,1,1,0,2,0,2,0,2,0,2,0,0,0,2,0,2,1,0,0,0,0,0,0,0,0,0,0,0,0,0,0,0,0,0,0,0,1,0,0,0,0,0,0,0,0,0,0,0,0,0,0,0,0,0,0,0,0,0,0,0,0,0,0,0,0,0,0,0,0,0,2,0,0,0,0,0,0,0,0,1,0,1,0,0,2,0,0,2,0,0,2,2,2,0,0,2,0,0,38.5,38.5
07,005,5,0,5,0,0,5,0,0,0,0,1,4,0,0,0,1,4,0,5,0,0,3,2,0,0,0,0,0,0,0,5,0,0,0,0,0,0,0,0,0,0,0,0,0,0,0,0,0,0,0,0,0,0,0,0,0,0,0,0,0,0,0,0,2,0,0,0,0,0,0,0,0,0,0,0,0,0,0,0,0,0,0,0,3,0,0,0,0,0,0,5,0,0,4,1,0,5,0,1,4,0,0,5,0,2,2,1,0,0,0,5,5,0,4,1,1,4,0,5,0,5,0,3,1,1,0,5,0,5,0,0,0,0,0,0,0,0,0,0,0,0,0,0,0,0,0,0,0,0,0,4,0,0,0,0,1,0,0,0,0,0,0,0,0,0,0,0,0,0,0,0,0,0,0,0,0,0,4,0,0,0,0,1,0,0,0,0,0,0,4,0,1,0,0,0,0,0,3,2,0,5,0,1,4,5,4,1,0,4,1,0,7.6,2.0
07,006,1,0,1,0,0,1,0,0,0,0,1,0,0,0,0,1,0,0,1,0,0,0,1,0,0,0,0,0,0,0,1,0,0,0,0,0,0,0,0,0,0,0,0,0,0,0,0,0,0,0,0,0,0,0,0,0,0,0,0,0,0,0,0,1,0,0,0,0,0,0,0,0,0,0,0,0,0,0,0,0,0,0,0,0,0,0,0,0,0,0,1,0,0,1,0,0,1,0,0,1,0,0,1,0,0,0,1,0,0,0,1,1,0,0,1,0,1,0,1,0,1,0,0,1,0,0,1,0,1,0,0,0,0,0,0,0,0,0,0,0,0,0,0,0,0,0,0,0,0,0,0,0,0,0,0,1,0,0,0,0,0,0,0,0,0,0,0,0,0,0,0,0,0,0,0,0,0,0,0,0,0,0,1,0,0,0,0,0,0,1,0,0,0,0,0,0,0,0,1,0,1,0,1,0,1,0,1,0,0,1,0,0.0,0.0
07,009,544,7,537,0,3,541,0,1,0,12,484,47,3,0,12,484,45,25,518,1,5,270,269,0,0,0,0,1,0,3,530,1,0,0,0,0,0,0,1,0,0,0,1,1,1,0,0,0,0,0,0,0,0,1,0,0,4,0,0,0,0,0,0,544,0,0,0,0,0,0,0,0,0,0,0,0,0,0,0,0,0,0,0,0,0,0,0,0,0,1,543,0,2,527,15,25,519,0,2,532,10,3,541,0,0,45,499,0,4,0,540,540,4,44,500,5,539,0,544,4,540,0,10,529,5,4,540,0,544,1,0,0,1,12,0,0,0,0,0,0,0,0,1,0,0,0,1,0,0,1,43,0,0,0,0,483,1,0,0,0,0,12,0,0,0,0,0,0,0,0,0,0,0,0,0,0,0,43,0,0,0,0,483,5,1,0,0,0,0,541,0,0,3,0,0,0,0,275,269,2,542,0,499,45,544,61,483,1,44,499,0,22.125,13.0
07,012,10,1,9,0,0,10,0,2,0,0,1,7,1,0,0,1,8,0,10,0,0,3,7,0,0,0,0,0,0,0,10,0,0,0,0,0,0,0,0,0,0,0,0,0,0,0,0,0,0,0,0,0,0,0,0,0,0,0,0,0,0,0,0,10,0,0,0,0,0,0,0,0,0,0,0,0,0,0,0,0,0,0,0,0,0,0,0,0,0,0,10,0,0,10,0,1,9,0,0,10,0,0,10,0,2,8,0,0,0,0,10,10,0,6,4,0,10,0,10,4,6,0,2,8,0,1,9,0,10,1,0,0,0,0,0,0,0,0,0,0,0,0,0,0,0,0,2,0,0,0,6,0,0,0,0,0,1,0,0,0,0,0,0,0,0,0,0,0,0,0,0,0,0,0,0,0,0,6,0,0,0,0,0,3,1,0,0,0,0,0,0,0,7,1,2,0,0,3,7,0,10,0,0,10,10,10,0,0,10,0,0,15.1,9.0
07,013,1,0,1,0,0,1,0,1,0,0,0,0,0,0,0,0,1,0,1,0,0,1,0,0,0,0,0,0,0,0,1,0,0,0,0,0,0,0,0,0,0,0,0,0,0,0,0,0,0,0,0,0,0,0,0,0,0,0,0,0,0,0,0,1,0,0,0,0,0,0,0,0,0,0,0,0,0,0,0,0,0,0,0,0,0,0,0,0,0,0,1,0,0,1,0,1,0,0,0,1,0,0,1,0,0,1,0,0,0,0,1,1,0,1,0,0,1,0,1,0,1,0,0,0,1,0,1,0,1,0,0,0,0,0,0,0,0,0,0,0,0,0,0,0,0,0,1,0,0,0,0,0,0,0,0,0,0,0,0,0,0,0,0,0,0,0,0,0,0,0,0,0,0,0,0,0,0,0,0,0,0,0,0,1,0,0,0,0,0,0,0,1,0,0,0,0,0,1,0,0,1,0,0,1,1,1,0,0,1,0,0,95.0,95.0
07,015,7,0,7,0,0,7,0,2,0,1,1,3,1,0,1,1,4,1,6,0,0,3,4,0,0,0,1,0,0,0,6,0,0,0,0,0,0,0,0,0,0,0,0,0,0,0,0,0,0,0,0,0,0,0,0,0,0,0,0,0,0,0,0,7,0,0,0,0,0,0,0,0,0,0,0,0,0,0,0,0,0,0,0,0,0,0,0,0,0,0,7,0,0,7,0,2,5,0,0,7,0,0,7,0,1,5,1,0,0,0,7,7,0,5,2,1,6,0,7,1,6,0,3,4,0,0,7,0,7,1,0,0,0,1,0,0,0,0,0,0,0,0,0,0,0,0,2,0,0,0,2,0,0,0,0,1,0,0,0,0,0,1,0,0,0,0,0,0,0,0,0,0,0,0,0,0,0,2,0,0,0,0,1,3,0,0,0,5,0,0,0,0,2,0,0,0,0,3,4,0,7,0,1,6,7,6,1,0,6,1,0,24.571428571428573,6.0
07,016,1,0,1,0,0,1,0,0,0,0,0,1,0,0,0,0,1,0,1,0,0,1,0,0,0,0,0,0,0,0,0,0,0,0,0,0,0,0,0,0,0,0,0,0,0,0,0,0,0,0,1,0,0,0,0,0,0,0,0,0,0,0,0,0,0,0,0,0,0,0,0,0,0,0,0,0,0,0,0,0,0,0,0,1,0,0,0,0,0,0,1,0,0,1,0,0,1,0,0,1,0,1,0,0,0,1,0,0,0,0,1,1,0,1,0,0,1,0,1,0,1,0,1,0,0,0,1,0,1,0,0,0,0,0,0,0,0,0,0,0,0,0,0,0,0,0,0,0,0,0,1,0,0,0,0,0,0,0,0,0,0,0,0,0,0,0,0,0,0,0,0,0,0,0,0,0,0,1,0,0,0,0,0,0,0,0,0,0,0,1,0,0,0,0,0,0,0,1,0,0,1,0,0,1,1,1,0,0,1,0,0,15.0,15.0
07,017,3,1,2,0,0,3,0,0,0,0,1,2,0,0,0,1,2,1,2,0,0,0,3,0,0,0,0,0,0,0,3,0,0,0,0,0,0,0,0,0,0,0,0,0,0,0,0,0,0,0,0,0,0,0,0,0,0,0,0,0,0,0,0,3,0,0,0,0,0,0,0,0,0,0,0,0,0,0,0,0,0,0,0,0,0,0,0,0,0,0,3,0,0,3,0,1,2,0,0,3,0,0,3,0,0,2,1,0,0,0,3,3,0,1,2,0,3,0,3,0,3,0,0,3,0,0,3,0,3,0,0,0,0,0,0,0,0,0,0,0,0,0,0,0,0,0,0,0,0,0,2,0,0,0,0,1,0,0,0,0,0,0,0,0,0,0,0,0,0,0,0,0,0,0,0,0,0,2,0,0,0,0,1,0,0,0,0,0,0,1,0,0,2,0,0,0,0,0,3,1,2,0,1,2,3,2,1,0,2,1,0,26.333333333333332,9.0
07,019,296,6,290,0,1,295,0,1,0,0,274,21,5,0,0,274,17,6,290,0,1,176,119,0,0,0,0,0,0,0,292,0,0,0,0,1,0,0,0,0,0,0,0,0,0,0,0,0,1,0,1,0,0,1,0,0,0,0,0,0,0,0,0,295,0,0,0,0,0,0,0,0,0,0,0,0,0,0,0,0,0,0,0,0,0,0,0,1,0,5,291,0,0,294,2,10,286,0,0,294,2,1,295,0,1,12,283,0,0,0,296,296,0,17,279,3,293,0,296,0,296,0,27,269,0,2,294,0,296,5,0,0,0,0,0,0,0,0,0,0,0,0,0,0,0,0,1,0,0,0,16,0,0,0,0,274,0,0,0,0,0,0,0,0,0,0,0,0,0,0,0,0,0,0,0,0,0,16,0,0,0,0,274,6,0,0,0,0,0,294,0,0,1,0,1,0,0,177,119,1,295,0,283,13,296,22,274,1,12,283,0,35.88513513513514,35.0
07,020,1,0,1,0,0,1,0,0,0,0,1,0,0,0,0,1,0,1,0,0,0,1,0,0,0,0,0,0,0,0,1,0,0,0,0,0,0,0,0,0,0,0,0,0,0,0,0,0,0,0,0,0,0,0,0,0,0,0,0,0,0,0,0,1,0,0,0,0,0,0,0,0,0,0,0,0,0,0,0,0,0,0,0,0,0,0,0,0,0,0,1,0,0,1,0,0,1,0,0,1,0,0,1,0,0,0,1,0,0,0,1,1,0,0,1,0,1,0,1,0,1,0,0,1,0,0,1,0,1,0,0,0,0,0,0,0,0,0,0,0,0,0,0,0,0,0,0,0,0,0,0,0,0,0,0,1,0,0,0,0,0,0,0,0,0,0,0,0,0,0,0,0,0,0,0,0,0,0,0,0,0,0,1,0,0,0,0,0,0,1,0,0,0,0,0,0,0,1,0,0,1,0,1,0,1,0,1,0,0,1,0,67.0,67.0
07,021,2,0,2,0,0,2,0,0,0,0,1,1,0,0,0,1,1,0,2,0,0,0,2,0,0,0,0,0,0,0,2,0,0,0,0,0,0,0,0,0,0,0,0,0,0,0,0,0,0,0,0,0,0,0,0,0,0,0,0,0,0,0,0,2,0,0,0,0,0,0,0,0,0,0,0,0,0,0,0,0,0,0,0,0,0,0,0,0,0,0,2,0,0,2,0,0,2,0,0,2,0,0,2,0,0,1,1,0,0,0,2,2,0,1,1,0,2,0,2,0,2,0,1,0,1,0,2,0,2,0,0,0,0,0,0,0,0,0,0,0,0,0,0,0,0,0,0,0,0,0,1,0,0,0,0,1,0,0,0,0,0,0,0,0,0,0,0,0,0,0,0,0,0,0,0,0,0,1,0,0,0,0,1,0,0,0,0,0,0,0,0,2,0,0,0,0,0,0,2,0,2,0,1,1,2,1,1,0,1,1,0,47.0,47.0
07,022,1,0,1,0,0,1,0,0,0,0,0,1,0,0,0,0,1,0,1,0,0,1,0,0,0,0,0,0,0,0,1,0,0,0,0,0,0,0,0,0,0,0,0,0,0,0,0,0,0,0,0,0,0,0,0,0,0,0,0,0,0,0,0,1,0,0,0,0,0,0,0,0,0,0,0,0,0,0,0,0,0,0,0,0,0,0,0,0,0,0,1,0,1,0,0,0,1,0,1,0,0,0,1,0,0,0,1,0,0,0,1,1,0,0,1,0,1,0,1,0,1,0,0,1,0,0,1,0,1,0,0,0,0,0,0,0,0,0,0,0,0,0,0,0,0,0,0,0,0,0,1,0,0,0,0,0,0,0,0,0,0,0,0,0,0,0,0,0,0,0,0,0,0,0,0,0,0,1,0,0,0,0,0,0,0,0,0,0,0,1,0,0,0,0,0,0,0,1,0,0,1,0,1,0,1,1,0,0,0,1,0,4.0,4.0
07,023,1,0,1,0,0,1,0,0,0,0,0,1,0,0,0,0,1,0,1,0,0,1,0,0,0,0,0,0,0,0,1,0,0,0,0,0,0,0,0,0,0,0,0,0,0,0,0,0,0,0,0,0,0,0,0,0,0,0,0,0,0,0,0,1,0,0,0,0,0,0,0,0,0,0,0,0,0,0,0,0,0,0,0,0,0,0,0,0,0,0,1,0,1,0,0,0,1,0,1,0,0,0,1,0,0,0,1,0,0,0,1,1,0,0,1,0,1,0,1,0,1,0,1,0,0,0,1,0,1,0,0,0,0,0,0,0,0,0,0,0,0,0,0,0,0,0,0,0,0,0,1,0,0,0,0,0,0,0,0,0,0,0,0,0,0,0,0,0,0,0,0,0,0,0,0,0,0,1,0,0,0,0,0,0,0,0,0,0,0,1,0,0,0,0,0,0,0,1,0,0,1,0,1,0,1,1,0,0,0,1,0,27.0,27.0
07,027,14,0,14,0,2,12,0,0,0,1,0,13,3,0,1,0,10,5,9,0,1,8,5,0,0,0,0,0,0,0,13,0,1,0,0,0,0,0,0,0,0,0,0,0,0,0,0,0,0,0,0,0,0,0,0,0,0,0,0,0,0,0,0,13,0,1,0,0,0,0,0,0,0,0,0,0,0,0,0,0,0,0,0,0,0,0,0,0,0,0,14,0,0,14,0,3,11,0,0,14,0,0,14,0,1,11,2,0,0,0,14,14,0,2,12,3,11,0,14,0,14,0,2,11,1,2,12,0,14,3,0,0,0,1,0,0,0,0,0,0,0,0,0,0,0,0,0,0,0,0,9,0,1,0,0,0,0,0,0,0,0,1,0,0,0,0,0,0,0,0,0,0,0,0,0,0,0,9,0,0,0,0,0,4,0,0,0,0,0,0,0,1,11,0,2,0,0,9,5,0,14,0,2,12,14,14,0,0,12,2,0,34.5,29.5
07,028,1,0,1,0,0,1,0,0,0,0,0,1,0,0,0,0,1,0,1,0,0,0,1,0,0,0,0,0,0,0,1,0,0,0,0,0,0,0,0,0,0,0,0,0,0,0,0,0,0,0,0,0,0,0,0,0,0,0,0,0,0,0,0,1,0,0,0,0,0,0,0,0,0,0,0,0,0,0,0,0,0,0,0,0,0,0,0,0,0,0,1,0,0,1,0,0,1,0,0,1,0,0,1,0,0,1,0,0,0,0,1,1,0,1,0,0,1,0,1,0,1,0,0,1,0,0,1,0,1,0,0,0,0,0,0,0,0,0,0,0,0,0,1,0,0,0,0,0,0,0,0,0,0,0,0,0,0,0,0,0,0,0,0,0,0,0,0,0,0,0,0,0,0,0,0,0,0,0,0,0,0,0,0,1,0,0,0,0,0,1,0,0,0,0,0,0,0,0,1,0,1,0,0,1,1,1,0,0,1,0,0,0.0,0.0
07,029,2,0,2,0,0,2,0,1,0,0,0,1,0,0,0,0,2,0,2,0,0,1,1,0,0,0,0,0,0,0,2,0,0,0,0,0,0,0,0,0,0,0,0,0,0,0,0,0,0,0,0,0,0,0,0,0,0,0,0,0,0,0,0,2,0,0,0,0,0,0,0,0,0,0,0,0,0,0,0,0,0,0,0,0,0,0,0,0,0,0,2,0,0,2,0,0,2,0,0,2,0,0,2,0,0,2,0,0,0,0,2,2,0,1,1,0,2,0,2,0,2,0,0,2,0,0,2,0,2,0,0,0,0,0,0,0,0,0,0,0,0,0,0,0,0,0,1,0,0,0,1,0,0,0,0,0,0,0,0,0,0,0,0,0,0,0,0,0,0,0,0,0,0,0,0,0,0,1,0,0,0,0,0,1,0,0,0,0,0,0,0,0,2,0,0,0,0,1,1,0,2,0,0,2,2,2,0,0,2,0,0,33.5,33.5
07,030,3,0,3,0,0,3,0,0,0,0,2,1,1,0,0,2,0,0,3,0,0,2,1,0,0,0,0,0,0,0,3,0,0,0,0,0,0,0,0,0,0,0,0,0,0,0,0,0,0,0,0,0,0,0,0,0,0,0,0,0,0,0,0,3,0,0,0,0,0,0,0,0,0,0,0,0,0,0,0,0,0,0,0,0,0,0,0,0,0,0,3,0,0,3,0,0,3,0,0,3,0,0,3,0,0,1,2,0,0,0,3,3,0,0,3,0,3,0,3,0,3,0,1,2,0,0,3,0,3,1,0,0,0,0,0,0,0,0,0,0,0,0,0,0,0,0,0,0,0,0,0,0,0,0,0,2,0,0,0,0,0,0,0,0,0,0,0,0,0,0,0,0,0,0,0,0,0,0,0,0,0,0,2,1,0,0,0,0,0,3,0,0,0,0,0,0,0,2,1,0,3,0,2,1,3,1,2,0,1,2,0,47.333333333333336,60.0
07,034,5,0,5,0,0,5,0,0,0,0,4,1,0,0,0,4,1,1,4,0,0,2,3,0,0,0,0,0,0,0,5,0,0,0,0,0,0,0,0,0,0,0,0,0,0,0,0,0,0,0,0,0,0,0,0,0,0,0,0,0,0,0,0,5,0,0,0,0,0,0,0,0,0,0,0,0,0,0,0,0,0,0,0,0,0,0,0,0,0,0,5,0,0,5,0,1,4,0,0,5,0,0,5,0,0,1,4,0,0,0,5,5,0,0,5,0,5,0,5,0,5,0,0,5,0,0,5,0,5,0,0,0,0,0,0,0,0,0,0,0,0,0,0,0,0,0,0,0,0,0,1,0,0,0,0,4,0,0,0,0,0,0,0,0,0,0,0,0,0,0,0,0,0,0,0,0,0,1,0,0,0,0,4,0,0,0,0,0,0,5,0,0,0,0,0,0,0,2,3,0,5,0,4,1,5,1,4,0,1,4,0,51.8,55.0
07,035,2,0,2,0,0,2,0,0,0,0,0,2,1,0,0,0,1,1,1,0,0,2,0,0,0,0,0,0,0,0,2,0,0,0,0,0,0,0,0,0,0,0,0,0,0,0,0,0,0,0,0,0,0,0,0,0,0,0,0,0,0,0,0,2,0,0,0,0,0,0,0,0,0,0,0,0,0,0,0,0,0,0,0,0,0,0,0,0,0,0,2,0,0,2,0,1,1,0,0,2,0,0,2,0,0,1,1,0,0,0,2,2,0,0,2,0,2,0,2,0,2,0,1,1,0,1,1,0,2,1,0,0,0,0,0,0,0,0,0,0,0,0,0,0,0,0,0,0,0,0,1,0,0,0,0,0,0,0,0,0,0,0,0,0,0,0,0,0,0,0,0,0,0,0,0,0,0,1,0,0,0,0,0,1,0,0,0,1,0,0,0,0,1,0,0,0,0,2,0,0,2,0,1,1,2,2,0,0,1,1,0,49.0,49.0
07,036,1,0,1,0,0,1,0,0,0,0,0,1,1,0,0,0,0,0,1,0,0,0,1,0,0,0,0,0,0,0,1,0,0,0,0,0,0,0,0,0,0,0,0,0,0,0,0,0,0,0,0,0,0,0,0,0,0,0,0,0,0,0,0,0,0,1,0,0,0,0,0,0,0,0,0,0,0,0,0,0,0,0,0,0,0,0,0,0,0,0,1,0,0,1,0,0,1,0,0,1,0,0,1,0,0,1,0,0,0,0,1,1,0,1,0,0,1,0,1,0,1,0,0,0,1,0,1,0,1,1,0,0,0,0,0,0,0,0,0,0,0,0,0,0,0,0,0,0,0,0,0,0,0,0,0,0,0,0,0,0,0,0,0,0,0,0,0,0,0,0,0,0,0,0,0,0,0,0,0,0,0,0,0,1,0,0,0,1,0,0,0,0,0,0,0,0,0,0,1,0,1,0,0,1,1,1,0,0,1,0,0,1.0,1.0
07,037,2,0,2,0,0,2,0,0,0,0,0,2,0,0,0,0,2,0,2,0,1,0,1,0,0,0,0,0,0,0,2,0,0,0,0,0,0,0,0,0,0,0,0,0,0,0,0,0,0,0,0,0,0,0,0,0,0,0,0,0,0,0,0,2,0,0,0,0,0,0,0,0,0,0,0,0,0,0,0,0,0,0,0,0,0,0,0,0,0,0,1,1,0,2,0,0,2,0,0,2,0,0,1,1,0,2,0,0,0,0,2,2,0,0,2,1,1,0,2,0,1,1,1,1,0,0,2,0,2,0,0,0,0,0,0,0,0,0,0,0,0,0,0,0,0,0,0,0,0,0,2,0,0,0,0,0,0,0,0,0,0,0,0,0,0,0,0,0,0,0,0,0,0,0,0,0,0,2,0,0,0,0,0,0,0,0,0,1,0,0,0,0,1,0,0,0,0,1,1,0,2,0,0,2,2,2,0,1,1,0,0,32.0,32.0
07,041,3,0,3,0,0,3,0,0,0,0,2,1,1,0,0,2,0,0,3,0,0,2,1,0,0,0,0,0,0,0,3,0,0,0,0,0,0,0,0,0,0,0,0,0,0,0,0,0,0,0,0,0,0,0,0,0,0,0,0,0,0,0,0,3,0,0,0,0,0,0,0,0,0,0,0,0,0,0,0,0,0,0,0,0,0,0,0,0,0,0,3,0,0,3,0,0,3,0,0,3,0,0,3,0,0,0,3,0,0,0,3,3,0,1,2,0,3,0,3,0,3,0,0,3,0,0,3,0,3,0,0,0,0,0,0,0,0,0,0,0,0,0,0,0,0,0,0,0,0,1,0,0,0,0,0,2,0,0,0,0,0,0,0,0,0,0,0,0,0,0,0,0,0,0,0,0,0,0,0,0,0,0,2,1,0,0,0,0,0,3,0,0,0,0,0,0,0,2,1,0,3,0,3,0,3,1,2,0,0,3,0,25.666666666666668,34.0
07,046,27,0,27,0,0,27,0,0,0,1,20,6,0,0,1,20,6,2,25,0,0,14,13,0,0,0,0,0,0,0,26,0,0,0,0,0,0,1,0,0,0,0,0,0,0,0,0,0,0,0,0,0,0,0,0,0,0,0,0,0,0,0,0,26,0,1,0,0,0,0,0,0,0,0,0,0,0,0,0,0,0,0,0,0,0,0,0,0,0,0,27,0,1,25,1,1,26,0,1,25,1,1,26,0,0,7,20,0,0,0,27,27,0,4,23,0,27,0,27,0,27,0,1,25,1,0,27,0,27,0,0,0,0,1,0,0,0,0,0,0,0,0,0,0,0,0,0,0,0,0,6,0,0,0,0,20,0,0,0,0,0,1,0,0,0,0,0,0,0,0,0,0,0,0,0,0,0,6,0,0,0,0,20,0,0,0,0,1,0,24,0,1,1,0,0,0,0,14,13,0,27,0,20,7,27,7,20,0,7,20,0,29.333333333333332,14.0
07,048,1,0,1,0,0,1,0,0,0,0,0,1,0,0,0,0,1,0,1,0,0,0,1,0,0,0,0,0,0,0,1,0,0,0,0,0,0,0,0,0,0,0,0,0,0,0,0,0,0,0,0,0,0,0,0,0,0,0,0,0,0,0,0,0,0,0,0,0,0,0,0,0,0,0,0,0,0,0,0,0,0,0,0,1,0,0,0,0,0,0,1,0,0,0,1,0,1,0,0,0,1,0,1,0,0,1,0,0,0,0,1,1,0,1,0,0,1,0,1,0,1,0,0,1,0,0,1,0,1,0,0,0,0,0,0,0,0,0,0,0,0,0,0,0,0,0,0,0,0,0,1,0,0,0,0,0,0,0,0,0,0,0,0,0,0,0,0,0,0,0,0,0,0,0,0,0,0,1,0,0,0,0,0,0,0,0,0,0,0,1,0,0,0,0,0,0,0,0,1,0,1,0,0,1,1,1,0,0,1,0,0,3.0,3.0
07,049,1,0,1,0,0,1,0,0,0,0,0,1,0,0,0,0,1,0,1,0,0,0,1,0,0,0,0,0,0,0,1,0,0,0,0,0,0,0,0,0,0,0,0,0,0,0,0,0,0,0,0,0,0,0,0,0,0,0,0,0,0,0,0,1,0,0,0,0,0,0,0,0,0,0,0,0,0,0,0,0,0,0,0,0,0,0,0,0,0,0,1,0,0,1,0,0,1,0,1,0,0,0,1,0,1,0,0,0,0,0,1,1,0,1,0,0,1,0,1,0,1,0,0,1,0,0,1,0,1,0,0,0,0,0,0,0,0,0,0,0,0,0,0,0,0,0,0,0,0,0,1,0,0,0,0,0,0,0,0,0,0,0,0,0,0,0,0,0,0,0,0,0,0,0,0,0,0,1,0,0,0,0,0,0,0,0,0,0,0,1,0,0,0,0,0,0,0,0,1,0,1,0,0,1,1,1,0,1,0,0,0,2.0,2.0
07,051,2,0,2,0,0,2,0,0,0,0,0,2,1,0,0,0,1,1,1,0,0,2,0,0,0,0,0,0,0,0,2,0,0,0,0,0,0,0,0,0,0,0,0,0,0,0,0,0,0,0,0,0,0,0,0,0,0,0,0,0,0,0,0,2,0,0,0,0,0,0,0,0,0,0,0,0,0,0,0,0,0,0,0,0,0,0,0,0,0,0,2,0,0,2,0,1,1,0,0,2,0,0,2,0,0,1,1,0,0,0,2,2,0,0,2,1,1,0,2,0,2,0,0,2,0,1,1,0,2,1,0,0,0,0,0,0,0,0,0,0,0,0,0,0,0,0,0,0,0,0,1,0,0,0,0,0,0,0,0,0,0,0,0,0,0,0,0,0,0,0,0,0,0,0,0,0,0,1,0,0,0,0,0,1,0,0,0,1,0,0,0,0,0,0,1,0,0,2,0,0,2,0,1,1,2,2,0,0,1,1,0,51.0,51.0
07,052,25,1,24,0,1,24,0,1,0,0,15,9,1,0,0,15,9,1,24,0,0,15,10,0,0,0,0,0,0,0,25,0,0,0,0,0,0,0,0,0,0,0,0,0,0,0,0,0,0,0,0,0,0,0,0,0,0,0,0,0,0,0,0,23,0,2,0,0,0,0,0,0,0,0,0,0,0,0,0,0,0,0,0,0,0,0,0,0,0,1,24,0,10,15,0,0,25,0,10,15,0,0,25,0,0,8,17,0,0,0,25,25,0,7,18,1,24,0,25,1,24,0,2,23,0,1,24,0,25,1,0,0,0,0,0,0,0,0,0,0,0,0,0,0,0,0,1,0,0,0,8,0,0,0,0,15,0,0,0,0,0,0,0,0,0,0,0,0,0,0,0,0,0,0,0,0,0,8,0,0,0,0,15,2,0,0,0,2,0,23,0,0,0,0,0,0,0,15,10,0,25,0,17,8,25,10,15,0,8,17,0,24.24,19.0
07,053,1,0,1,0,0,1,0,0,0,0,0,1,0,0,0,0,1,0,1,0,0,0,1,0,0,0,0,0,0,0,1,0,0,0,0,0,0,0,0,0,0,0,0,0,0,0,0,0,0,0,0,0,0,0,0,0,0,0,0,0,0,0,0,1,0,0,0,0,0,0,0,0,0,0,0,0,0,0,0,0,0,0,0,0,0,0,0,0,0,0,1,0,0,1,0,0,1,0,0,1,0,0,1,0,1,0,0,0,0,0,1,1,0,1,0,0,1,0,1,0,1,0,0,1,0,0,1,0,1,0,0,0,0,0,0,0,0,0,0,0,0,0,0,0,0,0,0,0,0,0,1,0,0,0,0,0,0,0,0,0,0,0,0,0,0,0,0,0,0,0,0,0,0,0,0,0,0,1,0,0,0,0,0,0,0,0,0,1,0,0,0,0,0,0,0,0,0,0,1,0,1,0,0,1,1,1,0,0,1,0,0,2.0,2.0
07,054,4,0,4,0,0,4,0,1,0,1,0,2,1,0,1,0,2,2,2,0,1,2,1,0,0,0,0,0,0,0,3,0,0,0,0,0,0,0,0,0,0,0,0,0,0,0,0,0,0,0,0,0,1,0,0,0,0,0,0,0,0,0,0,3,0,0,0,0,0,0,0,0,0,0,0,0,0,0,0,0,0,0,0,0,0,1,0,0,0,0,4,0,0,4,0,1,3,0,0,4,0,0,4,0,0,4,0,0,0,0,4,4,0,0,4,1,3,0,4,0,4,0,1,3,0,1,3,0,4,1,0,0,0,1,0,0,0,0,0,0,0,0,0,0,0,0,1,0,0,0,1,0,0,0,0,0,0,0,0,0,0,1,0,0,0,0,0,0,0,0,0,0,0,0,0,0,0,1,0,0,0,0,0,2,0,0,0,3,0,1,0,0,0,0,0,0,0,3,1,0,4,0,0,4,4,4,0,0,4,0,0,31.25,30.5
07,055,1,0,1,0,0,1,0,0,0,0,0,1,0,0,0,0,1,0,1,0,0,1,0,0,0,0,0,0,0,0,1,0,0,0,0,0,0,0,0,0,0,0,0,0,0,0,0,0,0,0,0,0,0,0,0,0,0,0,0,0,0,0,0,1,0,0,0,0,0,0,0,0,0,0,0,0,0,0,0,0,0,0,0,0,0,0,0,0,0,0,1,0,0,1,0,0,1,0,0,1,0,0,1,0,0,1,0,0,0,0,1,1,0,0,1,0,1,0,1,0,1,0,1,0,0,0,1,0,1,0,0,0,0,0,0,0,0,0,0,0,0,0,0,0,0,0,0,0,0,0,1,0,0,0,0,0,0,0,0,0,0,0,0,0,0,0,0,0,0,0,0,0,0,0,0,0,0,1,0,0,0,0,0,0,0,0,0,1,0,0,0,0,0,0,0,0,0,1,0,0,1,0,0,1,1,1,0,0,1,0,0,1.0,1.0
07,057,4,0,4,0,0,4,0,0,0,0,1,3,0,0,0,1,3,0,4,0,0,3,1,0,0,0,0,0,0,0,4,0,0,0,0,0,0,0,0,0,0,0,0,0,0,0,0,0,0,0,0,0,0,0,0,0,0,0,0,0,0,0,0,2,0,0,0,0,0,0,0,0,0,0,0,0,2,0,0,0,0,0,0,0,0,0,0,0,0,0,4,0,0,4,0,0,4,0,0,4,0,1,3,0,0,2,2,0,0,0,4,4,0,1,3,0,4,0,4,0,4,0,3,1,0,0,4,0,4,0,0,0,0,0,0,0,0,0,0,1,0,0,0,0,0,0,0,0,0,0,2,0,0,0,0,1,0,0,0,0,0,0,0,0,0,0,0,0,0,0,0,0,0,0,0,0,0,2,0,0,0,0,1,1,0,0,0,1,0,2,0,0,1,0,0,0,0,3,1,0,4,0,2,2,4,3,1,0,2,2,0,16.0,17.0
07,059,3,0,3,0,1,2,0,0,0,1,0,2,0,0,1,0,2,0,3,0,1,2,0,0,0,0,0,0,0,0,3,0,0,0,0,0,0,0,0,0,0,0,0,0,0,0,0,0,0,0,0,0,0,0,0,0,0,0,0,0,0,0,0,3,0,0,0,0,0,0,0,0,0,0,0,0,0,0,0,0,0,0,0,0,0,0,0,0,0,0,3,0,1,2,0,1,2,0,1,2,0,0,3,0,0,3,0,0,0,0,3,3,0,0,3,0,3,0,3,1,2,0,0,3,0,0,3,0,3,0,0,0,0,1,0,0,0,0,0,0,0,0,0,0,0,0,0,0,0,0,2,0,0,0,0,0,0,0,0,0,0,1,0,0,0,0,0,0,0,0,0,0,0,0,0,0,0,2,0,0,0,0,0,0,0,0,0,0,0,2,0,0,1,0,0,0,0,3,0,0,3,0,0,3,3,3,0,0,3,0,0,13.0,3.0
07,061,7,1,6,0,0,7,0,0,0,1,5,1,0,0,1,5,1,0,7,0,0,6,1,0,0,0,0,0,0,0,7,0,0,0,0,0,0,0,0,0,0,0,0,0,0,0,0,0,0,0,0,0,0,0,0,0,0,0,0,0,0,0,0,7,0,0,0,0,0,0,0,0,0,0,0,0,0,0,0,0,0,0,0,0,0,0,0,0,0,0,7,0,0,7,0,1,6,0,0,7,0,0,7,0,1,0,6,0,0,0,7,7,0,1,6,0,7,0,7,1,6,0,0,7,0,0,7,0,7,0,0,0,0,1,0,0,0,0,0,0,0,0,0,0,0,0,0,0,0,0,1,0,0,0,0,5,0,0,0,0,0,1,0,0,0,0,0,0,0,0,0,0,0,0,0,0,0,1,0,0,0,0,5,0,0,0,0,0,0,0,0,0,1,6,0,0,0,6,1,0,7,0,6,1,7,2,5,0,1,6,0,25.428571428571427,22.0
07,065,10,1,9,0,0,10,0,1,0,1,2,6,0,0,1,2,7,3,7,0,1,6,3,0,0,0,0,0,0,0,8,0,0,0,0,0,0,0,0,0,0,0,0,0,0,0,0,0,0,0,0,0,1,0,1,0,0,0,0,0,0,0,0,6,0,0,0,0,0,0,0,0,0,0,0,0,0,0,0,0,0,0,0,3,0,0,0,1,0,0,10,0,3,6,1,2,8,0,3,6,1,0,10,0,1,8,1,0,0,0,10,10,0,6,4,1,9,0,10,0,10,0,1,9,0,0,10,0,10,0,0,0,0,1,0,0,0,0,0,0,0,0,0,0,0,0,1,0,0,0,6,0,0,0,0,1,1,0,0,0,0,1,0,0,0,0,0,0,0,0,0,0,0,0,0,0,0,6,0,0,0,0,1,1,1,0,0,1,0,8,0,0,1,0,0,0,0,7,3,0,10,0,1,9,10,9,1,1,8,1,0,33.0,35.5
07,068,2,0,2,0,1,1,0,0,0,1,0,1,0,0,1,0,1,0,2,0,0,0,2,0,0,0,0,0,0,0,2,0,0,0,0,0,0,0,0,0,0,0,0,0,0,0,0,0,0,0,0,0,0,0,0,0,0,0,0,0,0,0,0,1,0,0,0,0,0,0,0,0,0,0,0,0,0,0,0,0,0,0,0,1,0,0,0,0,0,0,2,0,0,2,0,0,2,0,0,2,0,0,2,0,0,1,1,0,0,0,2,2,0,1,1,0,2,0,2,0,2,0,0,2,0,0,2,0,2,0,0,0,0,1,0,0,0,0,0,0,0,0,0,0,0,0,0,0,0,0,1,0,0,0,0,0,0,0,0,0,0,1,0,0,0,0,0,0,0,0,0,0,0,0,0,0,0,1,0,0,0,0,0,0,0,0,0,0,0,1,0,0,1,0,0,0,0,0,2,0,2,0,1,1,2,2,0,0,1,1,0,42.5,42.5
07,069,3,0,3,0,0,3,0,0,0,0,2,1,0,0,0,2,1,0,3,0,0,1,2,0,0,0,0,0,0,0,3,0,0,0,0,0,0,0,0,0,0,0,0,0,0,0,0,0,0,0,0,0,0,0,0,0,0,0,0,0,0,0,0,2,0,1,0,0,0,0,0,0,0,0,0,0,0,0,0,0,0,0,0,0,0,0,0,0,0,0,3,0,0,2,1,0,3,0,0,2,1,0,3,0,0,1,2,0,0,0,3,3,0,1,2,0,3,0,3,0,3,0,1,2,0,0,3,0,3,0,0,0,0,0,0,0,0,0,0,0,0,0,0,0,0,0,0,0,0,0,1,0,0,0,0,1,1,0,0,0,0,0,0,0,0,0,0,0,0,0,0,0,0,0,0,0,0,1,0,0,0,0,1,0,1,0,0,1,0,2,0,0,0,0,0,0,0,1,2,0,3,0,2,1,3,2,1,0,1,2,0,35.0,40.0
07,070,1,0,1,0,0,1,0,0,0,0,0,1,0,0,0,0,1,0,1,0,0,0,1,0,0,0,0,0,0,0,0,0,0,0,0,0,0,0,1,0,0,0,0,0,0,0,0,0,0,0,0,0,0,0,0,0,0,0,0,0,0,0,0,1,0,0,0,0,0,0,0,0,0,0,0,0,0,0,0,0,0,0,0,0,0,0,0,0,0,0,1,0,0,1,0,0,1,0,0,1,0,0,1,0,1,0,0,0,0,0,1,1,0,0,1,0,1,0,1,0,1,0,0,1,0,0,1,0,1,0,0,0,0,0,0,0,0,0,0,0,0,0,0,0,0,0,0,0,0,0,1,0,0,0,0,0,0,0,0,0,0,0,0,0,0,0,0,0,0,0,0,0,0,0,0,0,0,1,0,0,0,0,0,0,0,0,0,1,0,0,0,0,0,0,0,0,0,0,1,0,1,0,0,1,1,1,0,0,1,0,0,2.0,2.0
07,071,2,0,2,0,0,2,0,1,0,0,0,1,0,0,0,0,2,0,2,0,0,0,2,0,0,0,0,0,0,0,2,0,0,0,0,0,0,0,0,0,0,0,0,0,0,0,0,0,0,0,0,0,0,0,0,0,0,0,0,0,0,0,0,2,0,0,0,0,0,0,0,0,0,0,0,0,0,0,0,0,0,0,0,0,0,0,0,0,0,0,2,0,0,2,0,0,2,0,0,2,0,0,2,0,0,2,0,0,0,0,2,2,0,1,1,0,2,0,2,0,2,0,0,2,0,0,2,0,2,0,0,0,0,0,0,0,0,0,0,0,0,0,0,0,0,0,1,0,0,0,1,0,0,0,0,0,0,0,0,0,0,0,0,0,0,0,0,0,0,0,0,0,0,0,0,0,0,1,0,0,0,0,0,1,0,0,0,2,0,0,0,0,0,0,0,0,0,0,2,0,2,0,0,2,2,2,0,0,2,0,0,2.0,2.0
07,072,1,0,1,0,0,1,0,1,0,0,0,0,0,0,0,0,1,0,1,0,0,0,1,0,0,0,0,0,0,0,1,0,0,0,0,0,0,0,0,0,0,0,0,0,0,0,0,0,0,0,0,0,0,0,0,0,0,0,0,0,0,0,0,0,0,1,0,0,0,0,0,0,0,0,0,0,0,0,0,0,0,0,0,0,0,0,0,0,0,0,1,0,0,1,0,0,1,0,0,1,0,0,1,0,0,1,0,0,0,0,1,1,0,0,1,0,1,0,1,0,1,0,0,1,0,0,1,0,1,0,0,0,0,0,0,0,0,0,0,0,0,0,0,0,0,0,1,0,0,0,0,0,0,0,0,0,0,0,0,0,0,0,0,0,0,0,0,0,0,0,0,0,0,0,0,0,0,0,0,0,0,0,0,1,0,0,0,1,0,0,0,0,0,0,0,0,0,0,1,0,1,0,0,1,1,1,0,0,1,0,0,32.0,32.0
07,074,16,0,16,0,0,16,0,0,0,0,12,4,0,0,0,12,4,0,15,1,1,6,9,0,0,0,0,0,0,0,12,0,0,0,0,0,0,0,0,0,0,0,0,0,0,0,0,0,0,0,4,0,0,0,0,0,0,0,0,0,0,0,0,12,0,0,0,0,0,0,0,0,0,0,0,0,0,0,0,0,0,0,0,4,0,0,0,0,0,0,16,0,1,7,8,1,15,0,1,13,2,0,16,0,0,4,12,0,0,0,16,16,0,3,13,0,16,0,16,0,16,0,0,14,2,1,15,0,16,0,0,0,0,0,0,0,0,0,0,0,0,0,0,0,0,0,0,0,0,0,4,0,0,0,0,12,0,0,0,0,0,0,0,0,0,0,0,0,0,0,0,0,0,0,0,0,0,4,0,0,0,0,12,0,0,0,0,0,0,13,0,0,1,0,0,2,0,7,9,0,16,0,12,4,16,4,12,0,4,12,0,46.0625,44.5
07,075,3,0,3,0,0,3,0,1,0,0,2,0,1,0,0,2,0,1,2,0,0,0,3,0,0,0,0,0,0,0,3,0,0,0,0,0,0,0,0,0,0,0,0,0,0,0,0,0,0,0,0,0,0,0,0,0,0,0,0,0,0,0,0,3,0,0,0,0,0,0,0,0,0,0,0,0,0,0,0,0,0,0,0,0,0,0,0,0,0,0,3,0,0,3,0,1,2,0,0,3,0,0,3,0,0,1,2,0,0,0,3,3,0,0,3,0,3,0,3,0,3,0,1,2,0,0,3,0,3,0,0,0,0,0,0,0,0,0,0,0,0,0,0,0,0,0,1,0,0,0,0,0,0,0,0,2,0,1,0,0,0,0,0,0,0,0,0,0,0,0,0,0,0,0,0,0,0,0,0,0,0,0,2,0,0,0,0,0,0,2,0,0,1,0,0,0,0,0,3,0,3,0,2,1,3,1,2,0,1,2,0,27.0,19.0
07,076,6,0,6,0,0,6,0,0,0,0,0,6,1,0,0,0,5,0,6,0,0,4,2,0,0,0,0,0,0,1,4,0,0,0,0,0,0,0,0,0,0,0,0,0,0,0,0,0,0,0,1,0,0,0,0,0,0,0,0,0,0,0,0,3,0,0,0,0,0,0,0,0,0,0,0,0,0,0,0,0,0,0,0,3,0,0,0,0,0,0,6,0,0,6,0,0,6,0,0,6,0,1,5,0,0,6,0,0,0,0,6,6,0,5,1,0,6,0,6,0,6,0,2,4,0,0,6,0,6,0,0,0,0,0,0,0,0,0,0,0,0,0,0,0,0,0,0,0,0,1,5,0,0,0,0,0,0,0,0,0,0,0,0,0,0,0,0,0,0,0,0,0,0,0,0,0,0,5,0,0,0,0,0,1,0,0,0,0,0,3,0,0,2,0,1,0,0,4,2,0,6,0,0,6,6,6,0,0,6,0,0,6.333333333333333,5.5
07,077,2,0,2,0,0,2,0,0,0,0,0,2,0,0,0,0,2,0,2,0,0,1,1,0,0,0,0,0,0,0,1,0,0,0,0,0,0,0,0,0,0,0,0,0,0,0,0,0,0,0,1,0,0,0,0,0,0,0,0,0,0,0,0,0,0,0,0,0,0,0,0,0,0,0,0,0,0,0,0,0,0,0,0,2,0,0,0,0,0,0,2,0,0,2,0,0,2,0,0,2,0,0,2,0,1,1,0,0,0,0,2,2,0,2,0,1,1,0,2,0,2,0,1,1,0,0,2,0,2,0,0,0,0,0,0,0,0,0,0,0,0,0,0,0,0,0,0,0,0,0,2,0,0,0,0,0,0,0,0,0,0,0,0,0,0,0,0,0,0,0,0,0,0,0,0,0,0,2,0,0,0,0,0,0,0,0,0,0,0,2,0,0,0,0,0,0,0,1,1,0,2,0,0,2,2,2,0,0,2,0,0,2.0,2.0
07,078,16,0,16,0,0,16,0,3,0,1,2,10,5,0,1,2,8,1,15,0,1,7,8,0,0,0,0,0,0,0,14,0,1,0,0,0,0,0,0,0,0,0,0,1,0,0,0,0,0,0,0,0,0,0,0,0,0,1,0,0,0,0,0,11,0,2,0,0,0,0,1,0,0,0,0,0,1,0,0,0,0,0,0,0,0,0,0,0,0,0,16,0,0,16,0,1,15,0,1,15,0,1,15,0,2,10,4,0,0,0,16,16,0,8,8,0,16,0,16,3,12,1,5,9,2,0,16,0,16,3,0,0,0,1,0,0,0,0,0,0,0,0,0,0,1,0,3,0,0,0,6,0,0,0,0,2,0,1,0,0,0,1,0,0,0,0,0,0,0,0,0,0,0,0,0,0,0,6,0,0,0,0,2,6,0,0,0,4,0,9,0,0,2,0,1,0,0,8,8,0,16,0,4,12,16,14,2,1,11,4,0,25.4375,23.5
07,079,3,0,3,0,0,3,0,0,0,0,1,2,0,0,0,1,2,1,2,0,0,1,2,0,0,0,0,0,0,0,3,0,0,0,0,0,0,0,0,0,0,0,0,0,0,0,0,0,0,0,0,0,0,0,0,0,0,0,0,0,0,0,0,3,0,0,0,0,0,0,0,0,0,0,0,0,0,0,0,0,0,0,0,0,0,0,0,0,0,0,3,0,0,3,0,1,2,0,0,3,0,1,2,0,0,2,1,0,0,0,3,3,0,2,1,0,3,0,3,0,3,0,1,2,0,1,2,0,3,0,0,0,0,0,0,0,0,0,0,0,0,0,0,0,0,0,0,0,0,0,2,0,0,0,0,1,0,0,0,0,0,0,0,0,0,0,0,0,0,0,0,0,0,0,0,0,0,2,0,0,0,0,1,0,0,0,0,0,0,0,0,1,2,0,0,0,0,1,2,1,2,0,1,2,3,2,1,0,2,1,0,21.333333333333332,2.0
07,080,1,0,1,0,0,1,0,0,0,0,0,1,0,0,0,0,1,1,0,0,0,1,0,0,0,0,0,0,0,0,1,0,0,0,0,0,0,0,0,0,0,0,0,0,0,0,0,0,0,0,0,0,0,0,0,0,0,0,0,0,0,0,0,0,0,1,0,0,0,0,0,0,0,0,0,0,0,0,0,0,0,0,0,0,0,0,0,0,0,0,1,0,0,1,0,0,1,0,0,1,0,0,1,0,0,1,0,0,0,0,1,1,0,0,1,0,1,0,1,1,0,0,1,0,0,0,1,0,1,0,0,0,0,0,0,0,0,0,0,0,0,0,0,0,0,0,0,0,0,0,1,0,0,0,0,0,0,0,0,0,0,0,0,0,0,0,0,0,0,0,0,0,0,0,0,0,0,1,0,0,0,0,0,0,0,0,0,1,0,0,0,0,0,0,0,0,0,1,0,0,1,0,0,1,1,1,0,0,1,0,0,46.0,46.0
07,081,1,0,1,0,0,1,0,0,0,0,0,1,0,0,0,0,1,0,1,0,1,0,0,0,0,0,0,0,0,0,1,0,0,0,0,0,0,0,0,0,0,0,0,0,0,0,0,0,0,0,0,0,0,0,0,0,0,0,0,0,0,0,0,1,0,0,0,0,0,0,0,0,0,0,0,0,0,0,0,0,0,0,0,0,0,0,0,0,0,0,1,0,1,0,0,0,1,0,1,0,0,0,1,0,1,0,0,0,0,0,1,1,0,1,0,0,1,0,1,1,0,0,0,1,0,0,1,0,1,0,0,0,0,0,0,0,0,0,0,0,0,0,0,0,0,0,0,0,0,0,1,0,0,0,0,0,0,0,0,0,0,0,0,0,0,0,0,0,0,0,0,0,0,0,0,0,0,1,0,0,0,0,0,0,0,0,0,0,0,1,0,0,0,0,0,0,0,1,0,0,1,0,0,1,1,1,0,1,0,0,0,36.0,36.0
07,083,3,0,3,0,0,3,0,0,0,0,2,1,0,0,0,2,1,1,2,0,0,2,1,0,0,0,0,0,0,0,3,0,0,0,0,0,0,0,0,0,0,0,0,0,0,0,0,0,0,0,0,0,0,0,0,0,0,0,0,0,0,0,0,3,0,0,0,0,0,0,0,0,0,0,0,0,0,0,0,0,0,0,0,0,0,0,0,0,0,0,3,0,0,3,0,1,2,0,0,3,0,0,3,0,0,1,2,0,0,0,3,3,0,2,1,1,2,0,3,0,3,0,1,2,0,1,2,0,3,0,0,0,0,0,0,0,0,0,0,0,0,0,0,0,0,0,0,0,0,0,1,0,0,0,0,2,0,0,0,0,0,0,0,0,0,0,0,0,0,0,0,0,0,0,0,0,0,1,0,0,0,0,2,0,0,0,0,0,0,3,0,0,0,0,0,0,0,2,1,0,3,0,2,1,3,1,2,0,1,2,0,38.0,55.0
07,084,1,0,1,0,0,1,0,0,0,0,0,1,0,0,0,0,1,0,1,0,0,0,1,0,0,0,0,0,0,0,1,0,0,0,0,0,0,0,0,0,0,0,0,0,0,0,0,0,0,0,0,0,0,0,0,0,0,0,0,0,0,0,0,0,0,0,0,0,0,0,0,0,0,0,0,0,0,0,0,0,0,0,0,1,0,0,0,0,0,0,1,0,0,1,0,0,1,0,0,0,1,0,1,0,1,0,0,0,0,0,1,1,0,1,0,0,1,0,1,0,1,0,0,1,0,0,1,0,1,0,0,0,0,0,0,0,0,0,0,0,0,0,0,0,0,0,0,0,0,0,1,0,0,0,0,0,0,0,0,0,0,0,0,0,0,0,0,0,0,0,0,0,0,0,0,0,0,1,0,0,0,0,0,0,0,0,0,0,0,1,0,0,0,0,0,0,0,0,1,0,1,0,0,1,1,1,0,0,1,0,0,1.0,1.0
07,085,2,0,2,0,0,2,0,1,0,0,0,1,0,0,0,0,2,0,2,0,0,1,1,0,0,0,0,0,0,0,2,0,0,0,0,0,0,0,0,0,0,0,0,0,0,0,0,0,0,0,0,0,0,0,0,0,0,0,0,0,0,0,0,2,0,0,0,0,0,0,0,0,0,0,0,0,0,0,0,0,0,0,0,0,0,0,0,0,0,0,2,0,0,2,0,0,2,0,0,2,0,0,2,0,1,1,0,0,0,0,2,2,0,1,1,0,2,0,2,0,2,0,1,1,0,0,2,0,2,0,0,0,0,0,0,0,0,0,0,0,0,0,0,0,0,0,1,0,0,0,1,0,0,0,0,0,0,0,0,0,0,0,0,0,0,0,0,0,0,0,0,0,0,0,0,0,0,1,0,0,0,0,0,1,0,0,0,0,0,2,0,0,0,0,0,0,0,1,1,0,2,0,0,2,2,2,0,0,2,0,0,32.5,32.5
07,086,4,0,4,0,0,4,0,1,0,0,0,3,1,0,0,0,3,1,3,0,0,2,2,0,0,0,0,0,0,0,4,0,0,0,0,0,0,0,0,0,0,0,0,0,0,0,0,0,0,0,0,0,0,0,0,0,0,0,0,0,0,0,0,4,0,0,0,0,0,0,0,0,0,0,0,0,0,0,0,0,0,0,0,0,0,0,0,0,0,0,4,0,0,4,0,0,4,0,0,4,0,0,4,0,1,3,0,0,0,0,4,4,0,3,1,0,4,0,4,0,4,0,0,4,0,0,4,0,4,1,0,0,0,0,0,0,0,0,0,0,0,0,0,0,0,0,1,0,0,0,2,0,0,0,0,0,0,0,0,0,0,0,0,0,0,0,0,0,0,0,0,0,0,0,0,0,0,2,0,0,0,0,0,2,0,0,0,0,0,2,0,2,0,0,0,0,0,2,2,0,4,0,0,4,4,4,0,0,4,0,0,20.0,11.0
07,087,2,0,2,0,0,2,0,0,0,0,0,2,0,0,0,0,2,1,1,0,0,1,1,0,0,0,0,0,0,0,1,0,0,0,0,0,0,0,0,0,0,0,0,0,0,0,0,0,0,0,0,0,0,0,0,0,1,0,0,0,0,0,0,2,0,0,0,0,0,0,0,0,0,0,0,0,0,0,0,0,0,0,0,0,0,0,0,0,0,0,2,0,0,1,1,1,1,0,0,2,0,0,2,0,1,1,0,0,1,0,1,1,1,1,1,1,1,0,2,0,2,0,0,2,0,0,2,0,2,0,0,0,0,0,0,0,0,0,0,0,0,0,0,0,0,0,0,0,0,0,2,0,0,0,0,0,0,0,0,0,0,0,0,0,0,0,0,0,0,0,0,0,0,0,0,0,0,2,0,0,0,0,0,0,0,0,0,2,0,0,0,0,0,0,0,0,0,1,1,0,2,0,0,2,2,2,0,1,1,0,0,34.0,34.0
07,089,30,2,28,0,1,29,0,1,0,1,2,26,2,0,1,2,25,4,26,0,3,13,14,0,0,0,0,0,0,1,22,0,0,0,0,0,0,0,1,0,0,0,0,0,0,0,0,0,0,0,0,0,0,0,0,0,6,0,0,0,0,0,0,29,0,0,0,0,0,1,0,0,0,0,0,0,0,0,0,0,0,0,0,0,0,0,0,0,0,0,30,0,0,29,1,3,27,0,0,29,1,0,30,0,3,24,3,0,5,0,25,24,6,9,21,2,28,0,30,4,26,0,6,23,1,2,28,0,30,1,0,0,0,1,0,0,0,0,0,0,0,0,1,0,1,0,1,0,0,0,23,0,0,0,0,2,0,0,0,0,0,1,0,0,0,0,0,0,0,0,0,0,0,0,0,0,0,23,0,0,0,0,2,4,0,0,0,10,0,0,1,1,18,0,0,0,0,16,14,2,28,0,3,27,30,28,2,1,26,3,0,31.266666666666666,23.5
07,091,2,0,2,0,0,2,0,0,0,1,0,1,0,0,1,0,1,0,2,0,0,2,0,0,0,0,0,0,0,0,2,0,0,0,0,0,0,0,0,0,0,0,0,0,0,0,0,0,0,0,0,0,0,0,0,0,0,0,0,0,0,0,0,1,0,0,0,0,0,0,0,0,0,0,0,0,0,0,0,0,0,0,0,1,0,0,0,0,0,0,2,0,0,2,0,0,2,0,0,2,0,0,2,0,1,1,0,0,0,0,2,2,0,1,1,1,1,0,2,0,2,0,1,1,0,0,2,0,2,0,0,0,0,1,0,0,0,0,0,0,0,0,0,0,0,0,0,0,0,0,1,0,0,0,0,0,0,0,0,0,0,1,0,0,0,0,0,0,0,0,0,0,0,0,0,0,0,1,0,0,0,0,0,0,0,0,0,0,0,2,0,0,0,0,0,0,0,2,0,0,2,0,0,2,2,2,0,0,2,0,0,20.0,20.0
07,094,1,0,1,0,0,1,0,0,0,0,1,0,0,0,0,1,0,0,1,0,0,1,0,0,0,0,0,0,0,0,1,0,0,0,0,0,0,0,0,0,0,0,0,0,0,0,0,0,0,0,0,0,0,0,0,0,0,0,0,0,0,0,0,1,0,0,0,0,0,0,0,0,0,0,0,0,0,0,0,0,0,0,0,0,0,0,0,0,0,0,1,0,0,1,0,0,1,0,0,1,0,0,1,0,0,0,1,0,0,0,1,1,0,0,1,0,1,0,1,0,1,0,0,1,0,0,1,0,1,0,0,0,0,0,0,0,0,0,0,0,0,0,0,0,0,0,0,0,0,0,0,0,0,0,0,1,0,0,0,0,0,0,0,0,0,0,0,0,0,0,0,0,0,0,0,0,0,0,0,0,0,0,1,0,0,0,0,0,0,1,0,0,0,0,0,0,0,1,0,0,1,0,1,0,1,0,1,0,0,1,0,34.0,34.0
07,096,6,0,6,0,0,6,0,0,0,0,1,5,0,0,0,1,5,0,6,0,0,5,1,0,0,0,0,0,0,0,4,0,0,0,0,0,0,0,0,0,0,0,0,0,0,0,0,0,0,0,2,0,0,0,0,0,0,0,0,0,0,0,0,1,0,0,0,0,0,0,0,0,0,0,0,0,0,0,0,0,0,0,0,5,0,0,0,0,0,0,6,0,0,6,0,0,6,0,1,5,0,0,6,0,3,3,0,0,0,0,6,6,0,4,2,0,6,0,6,0,6,0,0,6,0,0,6,0,6,0,0,0,0,0,0,0,0,0,0,0,0,0,0,0,0,0,0,0,0,0,5,0,0,0,0,0,1,0,0,0,0,0,0,0,0,0,0,0,0,0,0,0,0,0,0,0,0,5,0,0,0,0,0,0,1,0,0,0,0,3,0,0,3,0,0,0,0,5,1,0,6,0,0,6,6,6,0,1,5,0,0,16.0,2.0
07,097,74,0,74,0,2,72,0,2,0,4,29,39,6,0,4,29,35,10,64,0,0,32,42,0,0,0,0,0,0,0,69,0,0,0,0,0,0,0,3,0,0,0,1,1,0,0,0,0,0,0,0,0,0,0,0,0,0,0,0,0,0,0,0,73,0,1,0,0,0,0,0,0,0,0,0,0,0,0,0,0,0,0,0,0,0,0,0,0,0,1,73,0,0,64,10,4,70,0,0,71,3,3,71,0,0,9,65,0,0,0,74,74,0,10,64,3,71,0,74,2,72,0,15,57,2,3,71,0,74,5,0,0,0,4,0,0,0,0,0,0,0,0,0,0,0,0,2,0,0,1,32,0,0,1,0,29,0,0,0,0,0,4,0,0,0,0,0,0,0,0,0,0,0,0,0,0,0,32,0,0,0,0,29,9,0,0,0,0,0,70,0,1,2,0,0,1,0,32,42,3,71,0,65,9,74,45,29,0,9,65,0,28.18918918918919,25.5
07,099,22,0,22,0,0,22,0,0,0,0,20,2,1,0,0,20,1,0,22,0,0,13,9,0,0,0,0,0,0,0,22,0,0,0,0,0,0,0,0,0,0,0,0,0,0,0,0,0,0,0,0,0,0,0,0,0,0,0,0,0,0,0,0,22,0,0,0,0,0,0,0,0,0,0,0,0,0,0,0,0,0,0,0,0,0,0,0,0,0,0,22,0,1,21,0,0,22,0,1,21,0,0,22,0,0,2,20,0,0,0,22,22,0,3,19,0,22,0,22,0,22,0,2,20,0,0,22,0,22,1,0,0,0,0,0,0,0,0,0,0,0,0,0,0,0,0,0,0,0,0,1,0,0,0,0,20,0,0,0,0,0,0,0,0,0,0,0,0,0,0,0,0,0,0,0,0,0,1,0,0,0,0,20,1,0,0,0,0,0,21,0,0,1,0,0,0,0,13,9,0,22,0,20,2,22,2,20,0,2,20,0,22.772727272727273,9.5
07,100,2,0,2,0,0,2,0,0,0,0,0,2,0,0,0,0,2,0,2,0,0,0,2,0,0,0,0,0,0,0,2,0,0,0,0,0,0,0,0,0,0,0,0,0,0,0,0,0,0,0,0,0,0,0,0,0,0,0,0,0,0,0,0,0,0,0,0,0,0,0,0,0,0,0,0,0,0,0,0,0,0,0,0,2,0,0,0,0,0,0,2,0,0,0,2,0,2,0,0,2,0,1,1,0,0,2,0,0,0,0,2,2,0,2,0,0,2,0,2,0,2,0,0,2,0,0,2,0,2,0,0,0,0,0,0,0,0,0,0,0,0,0,0,0,0,0,0,0,0,0,2,0,0,0,0,0,0,0,0,0,0,0,0,0,0,0,0,0,0,0,0,0,0,0,0,0,0,2,0,0,0,0,0,0,0,0,0,0,0,2,0,0,0,0,0,0,0,0,2,0,2,0,0,2,2,2,0,0,2,0,0,15.0,15.0
07,101,190,14,176,0,9,181,0,9,0,7,67,107,27,0,7,67,89,34,156,0,4,117,69,0,0,1,0,0,1,0,180,0,1,0,0,0,0,0,1,0,0,0,0,2,1,0,0,0,0,0,1,0,0,2,0,0,0,0,0,0,0,0,0,179,0,9,0,0,0,0,0,0,0,0,0,0,1,0,0,0,0,1,0,0,0,0,0,0,0,13,177,0,1,184,5,38,152,0,1,184,5,8,182,0,21,85,84,0,0,0,190,190,0,62,128,21,169,0,190,22,168,0,35,125,30,12,178,0,190,20,2,0,1,7,0,0,0,0,0,0,0,0,3,0,0,0,9,0,0,5,75,0,0,0,1,66,1,1,0,0,0,7,0,0,0,0,0,0,0,0,0,0,0,0,0,0,0,75,0,0,0,0,66,40,1,0,0,6,0,19,0,58,72,0,35,0,0,121,69,10,179,1,84,106,190,124,66,6,100,84,0,40.410526315789475,38.0
07,102,2,0,2,0,0,2,0,0,0,0,1,1,0,0,0,1,1,0,2,0,0,2,0,0,0,0,0,0,0,0,2,0,0,0,0,0,0,0,0,0,0,0,0,0,0,0,0,0,0,0,0,0,0,0,0,0,0,0,0,0,0,0,0,2,0,0,0,0,0,0,0,0,0,0,0,0,0,0,0,0,0,0,0,0,0,0,0,0,0,0,2,0,0,2,0,0,2,0,0,2,0,0,2,0,1,0,1,0,0,0,2,2,0,1,1,0,2,0,2,0,2,0,0,2,0,0,2,0,2,0,0,0,0,0,0,0,0,0,0,0,0,0,0,0,0,0,0,0,0,0,1,0,0,0,0,1,0,0,0,0,0,0,0,0,0,0,0,0,0,0,0,0,0,0,0,0,0,1,0,0,0,0,1,0,0,0,0,1,0,1,0,0,0,0,0,0,0,2,0,0,2,0,1,1,2,1,1,0,1,1,0,17.5,17.5
07,103,1,0,1,0,0,1,0,0,0,0,0,1,0,0,0,0,1,0,1,0,0,0,1,0,0,0,0,0,0,1,0,0,0,0,0,0,0,0,0,0,0,0,0,0,0,0,0,0,0,0,0,0,0,0,0,0,0,0,0,0,0,0,0,1,0,0,0,0,0,0,0,0,0,0,0,0,0,0,0,0,0,0,0,0,0,0,0,0,0,0,1,0,0,1,0,1,0,0,0,1,0,0,1,0,0,1,0,0,0,0,1,1,0,1,0,0,1,0,1,0,1,0,0,1,0,0,1,0,1,0,0,0,0,0,0,0,0,0,0,0,0,0,0,0,0,0,0,0,0,0,1,0,0,0,0,0,0,0,0,0,0,0,0,0,0,0,0,0,0,0,0,0,0,0,0,0,0,1,0,0,0,0,0,0,0,0,0,1,0,0,0,0,0,0,0,0,0,0,1,0,1,0,0,1,1,1,0,0,1,0,0,6.0,6.0
07,104,3,0,3,0,0,3,0,0,0,0,2,1,1,0,0,2,0,0,3,0,0,2,1,0,0,0,0,0,0,0,3,0,0,0,0,0,0,0,0,0,0,0,0,0,0,0,0,0,0,0,0,0,0,0,0,0,0,0,0,0,0,0,0,3,0,0,0,0,0,0,0,0,0,0,0,0,0,0,0,0,0,0,0,0,0,0,0,0,0,0,3,0,0,3,0,0,3,0,0,3,0,0,3,0,1,0,2,0,0,0,3,3,0,1,2,1,2,0,3,0,3,0,1,2,0,0,3,0,3,1,0,0,0,0,0,0,0,0,0,0,0,0,0,0,0,0,0,0,0,0,0,0,0,0,0,2,0,0,0,0,0,0,0,0,0,0,0,0,0,0,0,0,0,0,0,0,0,0,0,0,0,0,2,1,0,0,0,0,0,3,0,0,0,0,0,0,0,2,1,0,3,0,2,1,3,1,2,0,1,2,0,28.0,40.0
07,105,2,0,2,0,0,2,0,0,0,0,0,2,1,0,0,0,1,0,2,0,0,1,1,0,0,0,0,0,0,0,2,0,0,0,0,0,0,0,0,0,0,0,0,0,0,0,0,0,0,0,0,0,0,0,0,0,0,0,0,0,0,0,0,2,0,0,0,0,0,0,0,0,0,0,0,0,0,0,0,0,0,0,0,0,0,0,0,0,0,0,2,0,0,2,0,0,2,0,0,2,0,0,2,0,0,1,1,0,0,0,2,2,0,0,2,0,2,0,2,0,2,0,1,1,0,0,2,0,2,1,0,0,0,0,0,0,0,0,0,0,0,0,0,1,0,0,0,0,0,0,0,0,0,0,0,0,0,0,0,0,0,0,0,0,0,0,0,0,0,0,0,0,0,0,0,0,0,0,0,0,0,0,0,2,0,0,0,0,0,0,0,0,2,0,0,0,0,1,1,0,2,0,1,1,2,2,0,0,1,1,0,41.0,41.0
07,106,3,0,3,0,0,3,0,0,0,0,0,3,2,0,0,0,1,0,3,0,0,1,2,0,0,0,0,0,1,0,2,0,0,0,0,0,0,0,0,0,0,0,0,0,0,0,0,0,0,0,0,0,0,0,0,0,0,0,0,0,0,0,0,3,0,0,0,0,0,0,0,0,0,0,0,0,0,0,0,0,0,0,0,0,0,0,0,0,0,0,3,0,0,3,0,1,2,0,0,3,0,0,3,0,0,3,0,0,0,0,3,3,0,1,2,0,3,0,3,1,2,0,0,2,1,0,3,0,3,2,0,0,0,0,0,0,0,0,0,0,0,0,0,0,0,0,0,0,0,0,1,0,0,0,0,0,0,0,0,0,0,0,0,0,0,0,0,0,0,0,0,0,0,0,0,0,0,1,0,0,0,0,0,2,0,0,0,0,0,0,0,1,2,0,0,0,0,1,2,0,3,0,0,3,3,3,0,0,3,0,0,23.0,9.0
07,107,1,0,1,0,0,1,0,0,0,0,0,1,0,0,0,0,1,1,0,0,0,1,0,0,0,0,0,0,0,0,1,0,0,0,0,0,0,0,0,0,0,0,0,0,0,0,0,0,0,0,0,0,0,0,0,0,0,0,0,0,0,0,0,1,0,0,0,0,0,0,0,0,0,0,0,0,0,0,0,0,0,0,0,0,0,0,0,0,0,0,1,0,0,1,0,1,0,0,0,1,0,0,1,0,0,1,0,0,0,0,1,1,0,1,0,0,1,0,1,0,1,0,0,1,0,0,1,0,1,0,0,0,0,0,0,0,0,0,0,0,0,0,0,0,0,0,0,0,0,0,1,0,0,0,0,0,0,0,0,0,0,0,0,0,0,0,0,0,0,0,0,0,0,0,0,0,0,1,0,0,0,0,0,0,0,0,0,0,0,0,0,0,0,0,1,0,0,1,0,0,1,0,0,1,1,1,0,0,1,0,0,68.0,68.0
07,108,4,0,4,0,0,4,0,0,0,0,0,4,0,0,0,0,4,0,4,0,0,2,2,0,0,0,0,0,0,0,4,0,0,0,0,0,0,0,0,0,0,0,0,0,0,0,0,0,0,0,0,0,0,0,0,0,0,0,0,0,0,0,0,4,0,0,0,0,0,0,0,0,0,0,0,0,0,0,0,0,0,0,0,0,0,0,0,0,0,0,4,0,0,4,0,1,3,0,0,4,0,1,3,0,1,3,0,0,0,0,4,4,0,3,1,0,4,0,4,1,3,0,1,3,0,0,4,0,4,0,0,0,0,0,0,0,0,0,0,0,0,0,0,0,0,0,0,0,0,0,4,0,0,0,0,0,0,0,0,0,0,0,0,0,0,0,0,0,0,0,0,0,0,0,0,0,0,4,0,0,0,0,0,0,0,0,0,0,0,1,0,0,2,0,1,0,0,2,2,0,4,0,0,4,4,4,0,1,3,0,0,49.25,61.0
07,115,1,0,1,0,0,1,0,0,0,0,1,0,0,0,0,1,0,0,1,0,0,0,1,0,0,0,0,0,0,0,1,0,0,0,0,0,0,0,0,0,0,0,0,0,0,0,0,0,0,0,0,0,0,0,0,0,0,0,0,0,0,0,0,1,0,0,0,0,0,0,0,0,0,0,0,0,0,0,0,0,0,0,0,0,0,0,0,0,0,0,1,0,1,0,0,0,1,0,1,0,0,0,1,0,0,0,1,0,0,0,1,1,0,0,1,0,1,0,1,0,1,0,0,1,0,0,1,0,1,0,0,0,0,0,0,0,0,0,0,0,0,0,0,0,0,0,0,0,0,0,0,0,0,0,0,1,0,0,0,0,0,0,0,0,0,0,0,0,0,0,0,0,0,0,0,0,0,0,0,0,0,0,1,0,0,0,0,0,0,1,0,0,0,0,0,0,0,0,1,0,1,0,1,0,1,0,1,0,0,1,0,0.0,0.0
07,120,1,0,1,0,0,1,0,0,0,0,0,1,0,0,0,0,1,0,1,0,0,0,1,0,0,0,0,0,0,0,1,0,0,0,0,0,0,0,0,0,0,0,0,0,0,0,0,0,0,0,0,0,0,0,0,0,0,0,0,0,0,0,0,0,0,1,0,0,0,0,0,0,0,0,0,0,0,0,0,0,0,0,0,0,0,0,0,0,0,0,1,0,0,1,0,0,1,0,0,1,0,1,0,0,0,1,0,0,0,0,1,1,0,0,1,0,1,0,1,0,1,0,0,1,0,0,1,0,1,0,0,0,0,0,0,0,0,0,0,0,0,0,0,0,0,0,0,0,0,0,1,0,0,0,0,0,0,0,0,0,0,0,0,0,0,0,0,0,0,0,0,0,0,0,0,0,0,1,0,0,0,0,0,0,0,0,0,1,0,0,0,0,0,0,0,0,0,0,1,0,1,0,0,1,1,1,0,0,1,0,0,35.0,35.0
07,122,1,0,1,0,0,1,0,0,0,0,0,1,0,0,0,0,1,0,1,0,0,1,0,0,0,0,0,0,0,0,1,0,0,0,0,0,0,0,0,0,0,0,0,0,0,0,0,0,0,0,0,0,0,0,0,0,0,0,0,0,0,0,0,1,0,0,0,0,0,0,0,0,0,0,0,0,0,0,0,0,0,0,0,0,0,0,0,0,0,0,1,0,0,1,0,1,0,0,0,1,0,0,1,0,0,1,0,0,0,0,1,1,0,1,0,0,1,0,1,0,1,0,0,1,0,0,1,0,1,0,0,0,0,0,0,0,0,0,0,0,0,0,0,0,0,0,0,0,0,0,1,0,0,0,0,0,0,0,0,0,0,0,0,0,0,0,0,0,0,0,0,0,0,0,0,0,0,1,0,0,0,0,0,0,0,0,0,0,0,0,0,0,0,0,1,0,0,1,0,0,1,0,0,1,1,1,0,0,1,0,0,65.0,65.0
07,124,1,0,1,0,0,1,0,0,0,0,0,1,0,0,0,0,1,1,0,0,0,1,0,0,0,0,0,0,0,0,1,0,0,0,0,0,0,0,0,0,0,0,0,0,0,0,0,0,0,0,0,0,0,0,0,0,0,0,0,0,0,0,0,1,0,0,0,0,0,0,0,0,0,0,0,0,0,0,0,0,0,0,0,0,0,0,0,0,0,0,1,0,0,1,0,0,1,0,0,1,0,0,1,0,0,1,0,0,0,0,1,1,0,0,1,0,1,0,1,0,1,0,1,0,0,0,1,0,1,0,0,0,0,0,0,0,0,0,0,0,0,0,0,0,0,0,0,0,0,0,1,0,0,0,0,0,0,0,0,0,0,0,0,0,0,0,0,0,0,0,0,0,0,0,0,0,0,1,0,0,0,0,0,0,0,0,0,0,0,1,0,0,0,0,0,0,0,1,0,0,1,0,0,1,1,1,0,1,0,0,0,17.0,17.0
08,002,9,0,9,0,0,9,0,1,0,0,0,8,1,0,0,0,8,0,9,0,0,3,6,0,0,0,0,0,0,0,0,9,0,0,0,0,0,0,0,0,0,0,0,0,0,0,0,0,0,0,0,0,0,0,0,0,0,0,0,0,0,0,0,0,9,0,0,0,0,0,0,0,0,0,0,0,0,0,0,0,0,0,0,0,0,0,0,0,0,0,9,0,0,8,1,2,7,0,1,7,1,0,9,0,2,7,0,0,0,0,9,9,0,7,2,0,9,0,9,2,7,0,1,6,2,0,9,0,9,1,0,0,0,0,0,0,0,0,0,0,0,0,0,0,0,0,1,0,0,0,7,0,0,0,0,0,0,0,0,0,0,0,0,0,0,0,0,0,0,0,0,0,0,0,0,0,0,7,0,0,0,0,0,2,0,0,0,9,0,0,0,0,0,0,0,0,0,3,6,1,8,0,0,9,9,9,0,3,6,0,0,19.77777777777778,1.0
08,003,5,0,5,0,0,5,0,0,0,0,1,4,1,0,0,1,3,0,5,0,0,1,4,0,0,0,0,0,0,0,0,5,0,0,0,0,0,0,0,0,0,0,0,0,0,0,0,0,0,0,0,0,0,0,0,0,0,0,0,0,0,0,0,0,5,0,0,0,0,0,0,0,0,0,0,0,0,0,0,0,0,0,0,0,0,0,0,0,0,0,5,0,3,2,0,0,5,0,3,2,0,0,5,0,0,4,1,0,0,0,5,5,0,4,1,0,5,0,5,0,5,0,2,3,0,0,5,0,5,0,0,0,0,0,0,0,0,0,0,0,0,0,0,0,1,0,0,0,0,0,3,0,0,0,0,1,0,0,0,0,0,0,0,0,0,0,0,0,0,0,0,0,0,0,0,0,0,3,0,0,0,0,1,1,0,0,0,4,0,0,0,0,0,0,1,0,0,1,4,1,4,0,1,4,5,4,1,1,3,1,0,21.4,9.0
08,004,2,0,2,0,0,2,0,0,0,1,0,1,1,0,1,0,0,0,2,0,0,0,2,0,0,0,0,0,0,0,0,1,0,0,0,0,0,0,1,0,0,0,0,0,0,0,0,0,0,0,0,0,0,0,0,0,0,0,0,0,0,0,0,0,1,1,0,0,0,0,0,0,0,0,0,0,0,0,0,0,0,0,0,0,0,0,0,0,0,0,2,0,0,1,1,0,2,0,0,1,1,0,2,0,0,1,1,0,0,0,2,2,0,1,1,0,2,0,2,0,2,0,1,1,0,0,2,0,2,0,0,0,0,1,0,0,0,0,0,0,0,0,0,0,1,0,0,0,0,0,0,0,0,0,0,0,0,0,0,0,0,1,0,0,0,0,0,0,0,0,0,0,0,0,0,0,0,0,0,0,0,0,0,1,0,0,0,2,0,0,0,0,0,0,0,0,0,0,2,1,1,0,1,1,2,2,0,0,1,1,0,17.0,17.0
08,005,4,0,4,0,0,4,0,0,0,0,1,3,0,0,0,1,3,0,4,0,0,3,1,0,0,0,0,0,0,0,0,4,0,0,0,0,0,0,0,0,0,0,0,0,0,0,0,0,0,0,0,0,0,0,0,0,0,0,0,0,0,0,0,0,4,0,0,0,0,0,0,0,0,0,0,0,0,0,0,0,0,0,0,0,0,0,0,0,0,0,4,0,0,3,1,0,4,0,0,3,1,0,4,0,0,4,0,0,0,0,4,4,0,3,1,0,4,0,4,0,3,1,1,3,0,0,4,0,4,0,0,0,0,0,0,0,0,0,0,0,0,0,0,0,0,0,0,0,0,0,3,0,0,0,0,0,1,0,0,0,0,0,0,0,0,0,0,0,0,0,0,0,0,0,0,0,0,3,0,0,0,0,0,0,1,0,0,4,0,0,0,0,0,0,0,0,0,3,1,0,4,0,0,4,4,4,0,1,3,0,0,1.5,1.5
08,006,1,0,1,0,0,1,0,0,0,0,0,1,0,0,0,0,1,1,0,0,0,0,1,0,0,0,0,0,0,0,0,1,0,0,0,0,0,0,0,0,0,0,0,0,0,0,0,0,0,0,0,0,0,0,0,0,0,0,0,0,0,0,0,0,1,0,0,0,0,0,0,0,0,0,0,0,0,0,0,0,0,0,0,0,0,0,0,0,0,1,0,0,0,1,0,1,0,0,0,1,0,0,1,0,0,1,0,0,0,0,1,1,0,1,0,0,1,0,1,0,1,0,0,1,0,0,1,0,1,0,0,0,0,0,0,0,0,0,0,0,0,0,0,0,0,0,0,0,0,0,1,0,0,0,0,0,0,0,0,0,0,0,0,0,0,0,0,0,0,0,0,0,0,0,0,0,0,1,0,0,0,0,0,0,0,0,0,1,0,0,0,0,0,0,0,0,0,0,1,1,0,0,0,1,1,1,0,0,1,0,0,64.0,64.0
08,007,10,0,10,0,2,8,0,0,0,0,1,9,0,0,0,1,9,1,9,0,0,4,6,0,0,0,0,0,0,0,0,10,0,0,0,0,0,0,0,0,0,0,0,0,0,0,0,0,0,0,0,0,0,0,0,0,0,0,0,0,0,0,0,0,10,0,0,0,0,0,0,0,0,0,0,0,0,0,0,0,0,0,0,0,0,0,0,0,0,2,8,0,6,4,0,2,7,1,6,4,0,0,10,0,1,9,0,0,0,0,10,10,0,8,2,0,10,0,10,1,9,0,1,9,0,1,9,0,10,0,0,0,0,0,0,0,0,0,0,0,0,0,0,0,0,0,0,0,0,0,9,0,0,0,0,0,1,0,0,0,0,0,0,0,0,0,0,0,0,0,0,0,0,0,0,0,0,9,0,0,0,0,0,0,1,0,0,10,0,0,0,0,0,0,0,0,0,4,6,0,9,1,0,10,10,10,0,0,10,0,0,34.4,18.5
08,008,3,0,3,0,0,3,0,0,0,0,0,3,1,0,0,0,2,0,3,0,0,2,1,0,0,0,0,0,0,0,0,2,0,0,0,0,0,0,0,0,0,0,0,0,0,0,0,0,1,0,0,0,0,0,0,0,0,0,0,0,0,0,0,0,2,0,0,0,0,0,0,0,0,0,0,0,0,0,0,0,0,1,0,0,0,0,0,0,0,0,3,0,1,2,0,0,3,0,1,2,0,1,2,0,0,3,0,0,0,0,3,3,0,2,1,0,3,0,3,0,3,0,0,3,0,0,3,0,3,0,0,0,0,0,0,0,0,0,0,0,0,0,0,0,1,0,0,0,0,0,2,0,0,0,0,0,0,0,0,0,0,0,0,0,0,0,0,0,0,0,0,0,0,0,0,0,0,2,0,0,0,0,0,1,0,0,0,2,0,1,0,0,0,0,0,0,0,2,1,0,3,0,0,3,3,3,0,0,3,0,0,7.0,6.0
08,009,19,0,19,0,0,19,0,0,0,0,2,17,1,0,0,2,16,0,19,0,0,3,16,0,0,0,0,0,0,0,0,19,0,0,0,0,0,0,0,0,0,0,0,0,0,0,0,0,0,0,0,0,0,0,0,0,0,0,0,0,0,0,0,0,19,0,0,0,0,0,0,0,0,0,0,0,0,0,0,0,0,0,0,0,0,0,0,0,0,0,19,0,4,12,3,0,19,0,10,9,0,1,18,0,1,18,0,0,0,0,19,19,0,13,6,0,19,0,19,1,18,0,3,15,1,0,19,0,19,0,0,1,0,0,0,0,0,0,0,0,0,0,0,0,1,0,0,0,0,0,15,0,0,0,0,0,2,0,0,0,0,0,0,0,0,0,0,0,0,0,0,0,0,0,0,0,0,15,0,0,0,0,0,2,2,0,0,19,0,0,0,0,0,0,0,0,0,3,16,0,19,0,0,19,19,19,0,3,16,0,0,3.526315789473684,1.0
08,010,5,0,4,1,0,5,0,0,0,0,0,5,0,0,0,0,5,0,5,0,0,2,3,0,0,0,0,0,0,0,0,4,0,0,0,0,0,0,0,0,0,0,0,0,0,0,0,0,1,0,0,0,0,0,0,0,0,0,0,0,0,0,0,0,5,0,0,0,0,0,0,0,0,0,0,0,0,0,0,0,0,0,0,0,0,0,0,0,0,0,5,0,2,2,1,0,5,0,2,2,1,1,4,0,0,5,0,0,0,0,5,5,0,4,1,0,5,0,5,1,3,1,2,2,1,0,5,0,5,0,0,0,0,0,0,0,0,0,0,0,0,0,1,0,0,0,0,0,0,0,4,0,0,0,0,0,0,0,0,0,0,0,0,0,0,0,0,0,0,0,0,0,0,0,0,0,0,4,0,0,0,0,0,1,0,0,0,5,0,0,0,0,0,0,0,0,0,2,3,0,5,0,0,5,5,5,0,0,5,0,0,2.4,2.0
08,011,37,3,34,0,9,28,0,0,0,0,2,35,3,0,0,2,32,12,25,0,0,16,21,0,0,1,0,0,0,0,0,35,0,1,0,0,0,0,0,0,0,0,0,0,0,0,0,0,0,0,0,0,0,0,0,0,0,0,0,0,0,0,0,0,37,0,0,0,0,0,0,0,0,0,0,0,0,0,0,0,0,0,0,0,0,0,0,0,0,5,32,0,0,35,2,17,20,0,0,35,2,1,36,0,1,35,1,0,0,0,37,37,0,28,9,2,35,0,37,7,30,0,2,34,1,6,31,0,37,2,2,0,0,0,0,0,0,0,0,0,0,0,1,0,1,0,0,0,0,0,29,0,0,0,0,0,2,0,0,0,0,0,0,0,0,0,0,0,0,0,1,0,0,0,0,0,0,29,0,0,0,0,0,5,2,0,0,5,0,0,0,0,32,0,0,0,0,16,21,5,32,0,1,36,37,37,0,0,36,1,0,52.648648648648646,59.0
08,012,14,0,14,0,0,14,0,0,0,0,0,14,2,0,0,0,12,0,14,0,1,7,6,0,0,0,0,0,0,0,0,14,0,0,0,0,0,0,0,0,0,0,0,0,0,0,0,0,0,0,0,0,0,0,0,0,0,0,0,0,0,0,0,0,14,0,0,0,0,0,0,0,0,0,0,0,0,0,0,0,0,0,0,0,0,0,0,0,0,0,14,0,9,3,2,0,14,0,12,1,1,0,14,0,1,13,0,0,0,0,14,14,0,14,0,0,14,0,14,0,14,0,1,13,0,1,13,0,14,0,0,1,0,0,0,0,0,0,0,0,0,0,0,0,2,0,0,0,0,0,11,0,0,0,0,0,0,0,0,0,0,0,0,0,0,0,0,0,0,0,0,0,0,0,0,0,0,11,0,0,0,0,0,3,0,0,0,14,0,0,0,0,0,0,0,0,0,8,6,0,14,0,0,14,14,14,0,1,13,0,0,11.214285714285714,1.5
08,013,3,0,3,0,0,3,0,0,0,0,1,2,0,0,0,1,2,0,3,0,0,1,2,0,0,0,0,0,0,0,0,3,0,0,0,0,0,0,0,0,0,0,0,0,0,0,0,0,0,0,0,0,0,0,0,0,0,0,0,0,0,0,0,0,3,0,0,0,0,0,0,0,0,0,0,0,0,0,0,0,0,0,0,0,0,0,0,0,0,0,3,0,0,3,0,1,2,0,0,3,0,0,3,0,0,1,2,0,0,0,3,3,0,0,3,0,3,0,3,0,3,0,0,3,0,0,3,0,3,0,0,0,0,0,0,0,0,0,0,0,0,0,0,0,0,0,0,0,0,0,2,0,0,0,0,1,0,0,0,0,0,0,0,0,0,0,0,0,0,0,0,0,0,0,0,0,0,2,0,0,0,0,1,0,0,0,0,2,0,0,0,0,0,0,1,0,0,1,2,0,3,0,2,1,3,2,1,0,1,2,0,30.333333333333332,38.0
08,014,2,0,2,0,0,2,0,0,0,0,1,1,0,0,0,1,1,0,2,0,0,2,0,0,0,0,0,0,0,0,0,2,0,0,0,0,0,0,0,0,0,0,0,0,0,0,0,0,0,0,0,0,0,0,0,0,0,0,0,0,0,0,0,0,2,0,0,0,0,0,0,0,0,0,0,0,0,0,0,0,0,0,0,0,0,0,0,0,0,0,2,0,0,2,0,0,2,0,0,2,0,0,2,0,1,1,0,0,0,0,2,2,0,2,0,0,2,0,2,0,2,0,0,2,0,0,2,0,2,0,0,0,0,0,0,0,0,0,0,0,0,0,0,0,0,0,0,0,0,0,1,0,0,0,0,0,1,0,0,0,0,0,0,0,0,0,0,0,0,0,0,0,0,0,0,0,0,1,0,0,0,0,0,0,1,0,0,2,0,0,0,0,0,0,0,0,0,2,0,0,2,0,0,2,2,2,0,0,2,0,0,47.0,47.0
08,016,1,0,1,0,0,1,0,0,0,0,0,1,0,0,0,0,1,0,1,0,0,0,1,0,0,0,0,0,0,0,0,1,0,0,0,0,0,0,0,0,0,0,0,0,0,0,0,0,0,0,0,0,0,0,0,0,0,0,0,0,0,0,0,0,1,0,0,0,0,0,0,0,0,0,0,0,0,0,0,0,0,0,0,0,0,0,0,0,0,0,1,0,0,1,0,0,1,0,0,1,0,0,1,0,0,1,0,0,0,0,1,1,0,1,0,0,1,0,1,0,1,0,0,1,0,0,1,0,1,0,0,0,0,0,0,0,0,0,0,0,0,0,0,0,0,0,0,0,0,0,1,0,0,0,0,0,0,0,0,0,0,0,0,0,0,0,0,0,0,0,0,0,0,0,0,0,0,1,0,0,0,0,0,0,0,0,0,0,0,0,0,0,1,0,0,0,0,0,1,0,1,0,0,1,1,1,0,0,1,0,0,43.0,43.0
08,017,50,2,48,0,1,49,0,1,0,3,9,37,4,0,3,9,34,4,46,0,0,28,22,0,1,0,0,0,0,0,0,48,0,0,1,0,0,0,0,0,0,0,0,0,0,0,0,0,0,0,0,0,0,0,0,0,0,0,0,0,0,0,0,0,49,1,0,0,0,0,0,0,0,0,0,0,0,0,0,0,0,0,0,0,0,0,0,0,0,2,48,0,8,41,1,6,44,0,11,38,1,1,49,0,3,37,10,0,0,0,50,50,0,38,12,5,45,0,50,4,46,0,12,33,5,1,49,0,50,1,0,1,1,3,0,0,0,0,0,0,0,0,0,0,2,0,1,0,0,0,32,0,0,0,0,6,3,1,0,0,0,3,0,0,0,0,0,0,0,0,0,0,0,0,0,0,0,32,0,0,0,0,6,5,3,0,0,48,0,0,0,0,1,0,1,0,0,28,22,6,44,0,10,40,50,44,6,4,36,10,0,21.38,4.5
08,018,1,0,1,0,0,1,0,0,0,0,0,1,0,0,0,0,1,0,1,0,0,1,0,0,0,0,0,0,0,0,0,1,0,0,0,0,0,0,0,0,0,0,0,0,0,0,0,0,0,0,0,0,0,0,0,0,0,0,0,0,0,0,0,0,1,0,0,0,0,0,0,0,0,0,0,0,0,0,0,0,0,0,0,0,0,0,0,0,0,0,1,0,0,1,0,0,1,0,1,0,0,0,1,0,0,1,0,0,0,0,1,1,0,1,0,0,1,0,1,0,1,0,0,1,0,0,1,0,1,0,0,0,0,0,0,0,0,0,0,0,0,0,0,0,0,0,0,0,0,0,1,0,0,0,0,0,0,0,0,0,0,0,0,0,0,0,0,0,0,0,0,0,0,0,0,0,0,1,0,0,0,0,0,0,0,0,0,1,0,0,0,0,0,0,0,0,0,1,0,0,1,0,0,1,1,1,0,0,1,0,0,1.0,1.0
08,019,600,21,579,0,32,568,0,27,0,35,74,464,63,0,35,74,428,72,528,0,5,315,280,0,0,0,0,0,0,0,6,584,1,4,0,0,1,0,1,1,0,0,0,0,0,1,0,0,0,0,0,0,0,1,0,0,0,0,0,0,0,0,0,1,590,5,1,0,0,0,0,2,0,0,0,0,0,0,0,0,0,1,0,0,0,0,0,0,0,11,589,0,14,552,34,97,503,0,23,545,32,29,571,0,22,504,74,0,0,0,600,600,0,321,279,23,577,0,600,78,522,0,32,495,73,18,582,0,600,17,1,66,0,35,1,0,0,0,1,1,0,0,13,6,42,0,27,0,0,3,311,0,1,1,0,26,48,0,0,0,0,35,0,0,0,0,0,0,0,0,4,1,0,0,0,0,0,311,0,0,1,0,26,174,48,0,0,419,0,2,0,0,105,0,74,0,0,320,280,31,569,0,74,526,600,574,26,33,493,74,0,26.09,10.5
08,021,174,4,170,0,18,156,0,7,0,4,10,153,21,0,4,10,139,47,127,0,0,85,89,0,0,0,0,0,3,0,0,150,4,10,0,0,1,0,0,1,0,0,0,0,0,0,0,0,1,0,0,0,0,0,0,4,0,0,0,0,0,0,0,0,172,0,0,0,0,1,0,0,0,0,0,0,0,0,0,0,0,0,0,0,0,0,0,0,1,29,145,0,0,173,1,80,94,0,0,173,1,7,167,0,3,149,22,0,0,0,174,174,0,137,37,8,166,0,174,35,139,0,6,168,0,23,151,0,174,10,1,2,0,4,0,0,0,1,0,0,0,0,2,0,11,0,7,0,0,0,125,0,1,0,0,6,4,0,0,2,0,4,0,0,0,0,0,0,0,0,0,0,0,0,0,0,0,125,0,0,0,0,6,33,4,0,0,4,0,0,0,0,165,0,5,0,0,85,89,17,157,0,22,152,174,168,6,5,147,22,0,62.42528735632184,66.0
08,023,2,0,2,0,0,2,0,0,0,1,1,0,0,0,1,1,0,1,1,0,0,0,2,0,0,0,0,0,0,0,1,0,0,0,0,0,0,1,0,0,0,0,0,0,0,0,0,0,0,0,0,0,0,0,0,0,0,0,0,0,0,0,0,0,1,1,0,0,0,0,0,0,0,0,0,0,0,0,0,0,0,0,0,0,0,0,0,0,0,0,2,0,1,0,1,1,1,0,1,1,0,0,2,0,0,0,2,0,0,0,2,2,0,1,1,1,1,0,2,0,2,0,1,0,1,0,2,0,2,0,0,0,0,1,0,0,0,0,0,0,0,0,0,0,0,0,0,0,0,0,0,0,0,0,0,1,0,0,0,0,0,1,0,0,0,0,0,0,0,0,0,0,0,0,0,0,0,0,0,0,0,0,1,0,0,0,0,1,0,1,0,0,0,0,0,0,0,0,2,1,1,0,2,0,2,1,1,0,0,2,0,50.5,50.5
08,027,28,0,28,0,1,27,0,0,0,1,3,24,4,0,1,3,20,0,28,0,0,16,11,1,0,0,0,0,0,0,0,28,0,0,0,0,0,0,0,0,0,0,0,0,0,0,0,0,0,0,0,0,0,0,0,0,0,0,0,0,0,0,0,0,27,0,0,0,0,0,1,0,0,0,0,0,0,0,0,0,0,0,0,0,0,0,0,0,0,1,27,0,12,14,2,1,27,0,15,10,3,1,27,0,2,25,1,0,0,0,28,28,0,18,10,1,27,0,28,4,23,1,0,24,4,1,27,0,28,2,0,3,0,1,0,0,0,0,0,0,0,0,1,0,2,0,0,0,0,0,16,0,0,0,0,0,3,0,0,0,0,1,0,0,0,0,0,0,0,0,0,0,0,0,0,0,0,16,0,0,0,0,0,8,3,0,0,28,0,0,0,0,0,0,0,0,0,17,11,0,28,0,1,27,28,28,0,1,26,1,0,14.857142857142858,2.0
08,028,2,0,2,0,0,2,0,0,0,0,1,1,0,0,0,1,1,1,1,0,0,1,1,0,0,0,0,0,0,0,0,2,0,0,0,0,0,0,0,0,0,0,0,0,0,0,0,0,0,0,0,0,0,0,0,0,0,0,0,0,0,0,0,0,2,0,0,0,0,0,0,0,0,0,0,0,0,0,0,0,0,0,0,0,0,0,0,0,0,0,2,0,0,2,0,0,2,0,0,2,0,0,2,0,0,1,1,0,0,0,2,2,0,1,1,1,1,0,2,0,2,0,1,1,0,0,2,0,2,0,0,1,0,0,0,0,0,0,0,0,0,0,0,0,0,0,0,0,0,0,0,0,0,0,0,1,0,0,0,0,0,0,0,0,0,0,0,0,0,0,1,0,0,0,0,0,0,0,0,0,0,0,1,0,0,0,0,1,0,0,0,0,0,0,1,0,0,1,1,0,2,0,1,1,2,1,1,0,1,1,0,21.5,21.5
08,029,20,0,20,0,4,16,0,0,0,3,0,17,3,0,3,0,14,1,19,0,0,9,11,0,0,0,0,0,0,0,0,19,0,0,0,0,0,0,0,0,0,0,0,0,0,0,0,0,1,0,0,0,0,0,0,0,0,0,0,0,0,0,0,0,19,0,0,0,0,0,0,0,0,0,0,0,0,0,0,0,0,1,0,0,0,0,0,0,0,2,18,0,8,11,1,2,18,0,11,8,1,3,17,0,3,16,1,0,0,0,20,20,0,13,7,1,19,0,20,3,17,0,1,17,2,1,19,0,20,2,2,2,0,3,0,0,0,0,0,0,0,0,0,0,1,0,0,0,0,0,10,0,0,0,0,0,0,0,0,0,0,3,0,0,0,0,0,0,0,0,0,0,0,0,0,0,0,10,0,0,0,0,0,7,0,0,0,19,0,1,0,0,0,0,0,0,0,9,11,0,20,0,1,19,20,20,0,3,16,1,0,23.35,11.0
08,030,2,0,2,0,0,2,0,0,0,0,0,2,0,0,0,0,2,0,2,0,0,1,1,0,0,0,0,0,0,0,0,2,0,0,0,0,0,0,0,0,0,0,0,0,0,0,0,0,0,0,0,0,0,0,0,0,0,0,0,0,0,0,0,0,2,0,0,0,0,0,0,0,0,0,0,0,0,0,0,0,0,0,0,0,0,0,0,0,0,0,2,0,1,1,0,0,2,0,1,1,0,0,2,0,0,2,0,0,0,0,2,2,0,1,1,0,2,0,2,0,2,0,0,2,0,0,2,0,2,0,0,0,0,0,0,0,0,0,0,0,0,0,0,0,0,0,0,0,0,0,2,0,0,0,0,0,0,0,0,0,0,0,0,0,0,0,0,0,0,0,0,0,0,0,0,0,0,2,0,0,0,0,0,0,0,0,0,2,0,0,0,0,0,0,0,0,0,1,1,0,2,0,0,2,2,2,0,0,2,0,0,27.0,27.0
08,031,6,0,6,0,0,6,0,1,0,0,0,5,1,0,0,0,5,0,5,1,0,3,3,0,0,0,0,0,0,0,0,5,0,0,0,0,0,0,0,0,0,0,0,0,0,0,0,0,0,0,0,0,0,0,0,0,1,0,0,0,0,0,0,0,6,0,0,0,0,0,0,0,0,0,0,0,0,0,0,0,0,0,0,0,0,0,0,0,0,0,6,0,0,6,0,1,5,0,1,5,0,0,6,0,0,6,0,0,0,1,5,5,1,6,0,1,5,0,6,1,5,0,1,4,1,0,6,0,6,1,0,0,0,0,0,0,0,0,0,0,0,0,0,0,0,0,1,0,0,0,4,0,0,0,0,0,0,0,0,0,0,0,0,0,0,0,0,0,0,0,0,0,0,0,0,0,0,4,0,0,0,0,0,2,0,0,0,6,0,0,0,0,0,0,0,0,0,3,3,1,5,0,0,6,6,6,0,0,6,0,0,15.166666666666666,11.5
08,032,29,0,29,0,4,25,0,0,0,2,1,26,2,0,2,1,24,5,24,0,0,13,16,0,0,0,0,0,0,0,1,27,0,0,0,0,0,0,0,0,0,0,0,0,0,0,0,0,1,0,0,0,0,0,0,0,0,0,0,0,0,0,0,0,29,0,0,0,0,0,0,0,0,0,0,0,0,0,0,0,0,0,0,0,0,0,0,0,0,4,25,0,1,27,1,3,25,1,1,28,0,2,27,0,1,24,4,0,0,0,29,29,0,17,12,3,26,0,29,2,25,2,1,27,1,0,29,0,29,1,0,0,0,2,0,0,0,0,0,0,0,0,0,0,1,0,0,0,0,0,24,0,0,0,0,1,0,0,0,0,0,2,0,0,0,0,0,0,0,0,0,0,0,0,0,0,0,24,0,0,0,0,1,2,0,0,0,28,0,0,0,0,0,0,1,0,0,13,16,3,24,2,4,25,29,28,1,3,22,4,0,22.24137931034483,5.0
08,034,1,0,1,0,1,0,0,0,0,0,0,1,0,0,0,0,1,0,1,0,0,0,1,0,0,0,0,0,0,0,0,1,0,0,0,0,0,0,0,0,0,0,0,0,0,0,0,0,0,0,0,0,0,0,0,0,0,0,0,0,0,0,0,0,1,0,0,0,0,0,0,0,0,0,0,0,0,0,0,0,0,0,0,0,0,0,0,0,0,0,1,0,0,1,0,1,0,0,0,1,0,0,1,0,0,1,0,0,0,0,1,1,0,0,1,0,1,0,1,0,1,0,0,1,0,0,1,0,1,0,0,0,0,0,0,0,0,0,0,0,0,0,0,0,0,0,0,0,0,0,1,0,0,0,0,0,0,0,0,0,0,0,0,0,0,0,0,0,0,0,0,0,0,0,0,0,0,1,0,0,0,0,0,0,0,0,0,0,0,0,0,0,0,0,1,0,0,0,1,1,0,0,0,1,1,1,0,0,1,0,0,74.0,74.0
08,036,19,1,18,0,2,17,0,1,0,0,2,16,3,0,0,2,14,1,18,0,1,14,4,0,0,0,0,0,0,0,0,15,0,1,0,2,0,0,0,0,0,1,0,0,0,0,0,0,0,0,0,0,0,0,0,0,0,0,0,0,0,0,0,0,19,0,0,0,0,0,0,0,0,0,0,0,0,0,0,0,0,0,0,0,0,0,0,0,0,1,18,0,4,14,1,3,16,0,4,15,0,1,18,0,2,14,3,0,0,0,19,19,0,11,8,2,17,0,19,4,15,0,0,16,3,1,18,0,19,0,0,0,0,0,0,0,0,0,0,0,0,0,0,0,2,0,1,0,0,1,13,0,0,0,0,0,2,0,0,0,0,0,0,0,0,0,0,0,0,0,0,0,0,0,0,0,0,13,0,0,0,0,0,4,2,0,0,15,0,0,0,0,2,0,2,0,0,15,4,0,19,0,3,16,19,19,0,3,13,3,0,30.31578947368421,22.0
08,037,563,29,524,10,15,548,0,8,0,14,303,238,18,0,14,303,228,62,501,0,3,324,236,0,1,0,0,0,19,0,1,452,8,20,3,2,1,3,7,2,1,1,1,2,1,0,0,0,4,1,0,1,0,12,0,6,14,1,0,0,0,0,0,0,555,5,0,0,0,0,0,0,0,0,0,0,0,0,2,0,0,0,0,0,0,0,0,0,0,14,549,0,2,548,13,96,467,0,3,551,9,21,541,1,17,228,318,0,2,10,551,549,14,197,366,32,531,0,563,27,476,60,108,433,22,21,542,0,563,4,8,39,0,14,0,1,0,0,0,0,0,0,13,2,10,0,8,0,0,4,155,0,0,2,0,299,4,0,1,1,0,14,0,0,0,0,0,0,0,0,5,1,0,0,0,0,0,155,0,0,0,0,299,83,4,0,0,164,0,0,0,0,95,0,304,0,0,327,236,21,542,0,318,245,563,264,299,28,217,318,0,35.06749555950267,36.0
08,038,1,0,1,0,0,1,0,0,0,0,0,1,0,0,0,0,1,1,0,0,0,0,1,0,0,0,0,0,0,0,0,1,0,0,0,0,0,0,0,0,0,0,0,0,0,0,0,0,0,0,0,0,0,0,0,0,0,0,0,0,0,0,0,0,1,0,0,0,0,0,0,0,0,0,0,0,0,0,0,0,0,0,0,0,0,0,0,0,0,0,1,0,0,1,0,0,1,0,0,1,0,0,1,0,0,1,0,0,0,0,1,1,0,1,0,0,1,0,1,0,1,0,0,1,0,0,1,0,1,0,0,0,0,0,0,0,0,0,0,0,0,0,0,0,0,0,0,0,0,0,1,0,0,0,0,0,0,0,0,0,0,0,0,0,0,0,0,0,0,0,0,0,0,0,0,0,0,1,0,0,0,0,0,0,0,0,0,0,0,0,0,0,1,0,0,0,0,0,1,1,0,0,0,1,1,1,0,0,1,0,0,60.0,60.0
08,039,4,2,2,0,0,4,0,1,0,0,0,3,0,0,0,0,4,1,3,0,0,3,1,0,0,0,0,0,0,0,0,4,0,0,0,0,0,0,0,0,0,0,0,0,0,0,0,0,0,0,0,0,0,0,0,0,0,0,0,0,0,0,0,0,3,1,0,0,0,0,0,0,0,0,0,0,0,0,0,0,0,0,0,0,0,0,0,0,0,0,4,0,1,3,0,0,4,0,1,3,0,0,4,0,0,2,2,0,0,0,4,4,0,1,3,0,4,0,4,0,4,0,1,3,0,0,4,0,4,0,0,0,0,0,0,0,0,0,0,0,0,0,0,0,0,0,1,0,0,0,3,0,0,0,0,0,0,0,0,0,0,0,0,0,0,0,0,0,0,0,0,0,0,0,0,0,0,3,0,0,0,0,0,1,0,0,0,3,0,0,0,0,0,0,1,0,0,3,1,0,4,0,2,2,4,4,0,0,2,2,0,32.0,26.5
08,040,4,0,4,0,0,4,0,1,0,0,0,3,2,0,0,0,2,1,3,0,0,0,4,0,0,0,0,0,0,0,0,4,0,0,0,0,0,0,0,0,0,0,0,0,0,0,0,0,0,0,0,0,0,0,0,0,0,0,0,0,0,0,0,0,4,0,0,0,0,0,0,0,0,0,0,0,0,0,0,0,0,0,0,0,0,0,0,0,0,1,3,0,0,4,0,0,4,0,0,4,0,1,3,0,0,4,0,0,0,0,4,4,0,2,2,0,4,0,4,2,2,0,0,3,1,0,4,0,4,0,0,0,0,0,1,0,0,0,0,0,0,0,0,0,1,0,1,0,0,0,1,0,0,0,0,0,0,0,0,0,0,0,0,0,0,0,0,0,0,0,0,0,0,0,0,0,0,1,0,0,0,0,0,3,0,0,0,3,0,0,0,0,1,0,0,0,0,0,4,2,2,0,0,4,4,4,0,0,4,0,0,45.75,46.5
08,044,3,1,2,0,0,3,0,0,0,1,0,2,1,0,1,0,1,0,3,0,0,1,2,0,0,0,0,0,0,0,0,3,0,0,0,0,0,0,0,0,0,0,0,0,0,0,0,0,0,0,0,0,0,0,0,0,0,0,0,0,0,0,0,0,3,0,0,0,0,0,0,0,0,0,0,0,0,0,0,0,0,0,0,0,0,0,0,0,0,0,3,0,0,3,0,0,3,0,0,3,0,0,3,0,0,3,0,0,0,0,3,3,0,3,0,1,2,0,3,0,3,0,0,3,0,0,3,0,3,0,0,0,0,1,0,0,0,0,0,0,0,0,0,0,1,0,0,0,0,0,1,0,0,0,0,0,0,0,0,0,0,1,0,0,0,0,0,0,0,0,0,0,0,0,0,0,0,1,0,0,0,0,0,1,0,0,0,3,0,0,0,0,0,0,0,0,0,1,2,0,3,0,0,3,3,3,0,0,3,0,0,31.0,46.0
08,045,39,1,38,0,5,34,0,2,0,2,3,32,6,0,2,3,28,9,30,0,2,18,19,0,0,0,0,0,1,0,0,36,0,2,0,0,0,0,0,0,0,0,0,0,0,0,0,0,0,0,0,0,0,0,0,0,0,0,0,0,0,0,0,0,39,0,0,0,0,0,0,0,0,0,0,0,0,0,0,0,0,0,0,0,0,0,0,0,0,5,34,0,0,39,0,19,20,0,0,39,0,1,38,0,0,38,1,0,0,0,39,39,0,33,6,1,38,0,39,9,30,0,2,37,0,4,35,0,39,1,0,0,1,2,0,0,0,0,0,0,0,0,0,0,4,0,2,0,0,0,26,0,0,0,0,2,1,0,0,0,0,2,0,0,0,0,0,0,0,0,0,0,0,0,0,0,0,26,0,0,0,0,2,8,1,0,0,4,0,0,0,0,35,0,0,0,0,20,19,4,35,0,1,38,39,37,2,1,37,1,0,61.15384615384615,68.0
08,046,4,0,4,0,0,4,0,0,0,0,1,3,0,0,0,1,3,0,4,0,0,1,3,0,0,0,0,0,0,0,0,3,0,0,0,0,0,0,0,0,0,0,0,0,0,0,0,0,1,0,0,0,0,0,0,0,0,0,0,0,0,0,0,0,0,0,0,0,0,0,0,0,0,0,0,0,0,0,0,0,0,4,0,0,0,0,0,0,0,0,4,0,2,2,0,0,4,0,2,2,0,0,4,0,0,3,1,0,0,0,4,4,0,3,1,0,4,0,4,0,4,0,1,3,0,0,4,0,4,0,0,0,0,0,0,0,0,0,0,0,0,0,0,0,0,0,0,0,0,0,3,0,0,0,0,1,0,0,0,0,0,0,0,0,0,0,0,0,0,0,0,0,0,0,0,0,0,3,0,0,0,0,1,0,0,0,0,0,0,4,0,0,0,0,0,0,0,1,3,0,4,0,1,3,4,3,1,0,3,1,0,49.25,57.0
08,047,1,0,1,0,0,1,0,0,0,1,0,0,0,0,1,0,0,0,1,0,0,0,1,0,0,0,0,0,0,0,0,1,0,0,0,0,0,0,0,0,0,0,0,0,0,0,0,0,0,0,0,0,0,0,0,0,0,0,0,0,0,0,0,0,1,0,0,0,0,0,0,0,0,0,0,0,0,0,0,0,0,0,0,0,0,0,0,0,0,0,1,0,0,1,0,0,1,0,0,1,0,0,1,0,0,1,0,0,0,0,1,1,0,1,0,0,1,0,1,0,1,0,0,1,0,0,1,0,1,0,0,0,0,1,0,0,0,0,0,0,0,0,0,0,0,0,0,0,0,0,0,0,0,0,0,0,0,0,0,0,0,1,0,0,0,0,0,0,0,0,0,0,0,0,0,0,0,0,0,0,0,0,0,0,0,0,0,1,0,0,0,0,0,0,0,0,0,0,1,0,1,0,0,1,1,1,0,0,1,0,0,26.0,26.0
08,048,6,1,5,0,1,5,0,1,0,0,0,5,0,0,0,0,6,0,6,0,0,3,3,0,0,0,0,0,0,0,0,5,0,0,0,0,0,0,0,0,0,0,0,0,0,0,0,0,0,1,0,0,0,0,0,0,0,0,0,0,0,0,0,0,6,0,0,0,0,0,0,0,0,0,0,0,0,0,0,0,0,0,0,0,0,0,0,0,0,1,5,0,0,6,0,2,4,0,0,6,0,0,6,0,0,6,0,0,0,0,6,6,0,6,0,1,5,0,6,1,5,0,3,1,2,0,6,0,6,0,0,0,0,0,0,0,0,0,0,0,0,0,0,1,0,0,1,0,0,0,4,0,0,0,0,0,0,0,0,0,0,0,0,0,0,0,0,0,0,0,0,0,0,0,0,0,0,4,0,0,0,0,0,2,0,0,0,6,0,0,0,0,0,0,0,0,0,3,3,0,6,0,0,6,6,6,0,0,6,0,0,24.333333333333332,4.0
08,049,4,0,4,0,0,4,0,0,0,0,0,4,3,0,0,0,1,2,2,0,0,2,2,0,0,0,0,0,0,0,0,4,0,0,0,0,0,0,0,0,0,0,0,0,0,0,0,0,0,0,0,0,0,0,0,0,0,0,0,0,0,0,0,0,4,0,0,0,0,0,0,0,0,0,0,0,0,0,0,0,0,0,0,0,0,0,0,0,0,0,4,0,2,2,0,2,2,0,2,2,0,0,4,0,0,4,0,0,0,0,4,4,0,4,0,0,4,0,4,2,2,0,2,1,1,0,4,0,4,3,0,0,0,0,0,0,0,0,0,0,0,0,0,0,0,0,0,0,0,0,1,0,0,0,0,0,0,0,0,0,0,0,0,0,0,0,0,0,0,0,0,0,0,0,0,0,0,1,0,0,0,0,0,3,0,0,0,4,0,0,0,0,0,0,0,0,0,2,2,0,4,0,0,4,4,4,0,0,4,0,0,36.25,37.0
08,050,5,0,5,0,0,5,0,1,0,1,3,0,0,0,1,3,1,0,5,0,0,4,1,0,0,0,0,0,0,0,0,5,0,0,0,0,0,0,0,0,0,0,0,0,0,0,0,0,0,0,0,0,0,0,0,0,0,0,0,0,0,0,0,0,5,0,0,0,0,0,0,0,0,0,0,0,0,0,0,0,0,0,0,0,0,0,0,0,0,0,5,0,0,5,0,0,5,0,0,5,0,0,5,0,0,0,5,0,0,0,5,5,0,0,5,0,5,0,5,0,5,0,0,3,2,0,5,0,5,0,0,0,0,1,0,0,0,0,0,0,0,0,0,0,0,0,1,0,0,0,0,0,0,0,0,2,1,0,0,0,0,1,0,0,0,0,0,0,0,0,0,0,0,0,0,0,0,0,0,0,0,0,2,1,1,0,0,3,0,0,0,0,0,0,2,0,0,4,1,0,5,0,5,0,5,3,2,0,0,5,0,42.6,34.0
08,051,1,0,1,0,0,1,0,0,0,0,0,1,1,0,0,0,0,0,1,0,0,1,0,0,0,0,0,0,0,0,0,1,0,0,0,0,0,0,0,0,0,0,0,0,0,0,0,0,0,0,0,0,0,0,0,0,0,0,0,0,0,0,0,0,1,0,0,0,0,0,0,0,0,0,0,0,0,0,0,0,0,0,0,0,0,0,0,0,0,0,1,0,0,1,0,1,0,0,0,1,0,0,1,0,1,0,0,0,0,0,1,1,0,1,0,0,1,0,1,0,1,0,0,1,0,0,1,0,1,1,0,0,0,0,0,0,0,0,0,0,0,0,0,0,0,0,0,0,0,0,0,0,0,0,0,0,0,0,0,0,0,0,0,0,0,0,0,0,0,0,0,0,0,0,0,0,0,0,0,0,0,0,0,1,0,0,0,1,0,0,0,0,0,0,0,0,0,1,0,0,1,0,0,1,1,1,0,1,0,0,0,67.0,67.0
08,052,10,0,10,0,0,10,0,1,0,0,0,9,0,0,0,0,10,1,9,0,0,4,6,0,0,0,0,0,0,0,0,10,0,0,0,0,0,0,0,0,0,0,0,0,0,0,0,0,0,0,0,0,0,0,0,0,0,0,0,0,0,0,0,0,10,0,0,0,0,0,0,0,0,0,0,0,0,0,0,0,0,0,0,0,0,0,0,0,0,0,10,0,2,8,0,2,8,0,2,8,0,0,10,0,1,9,0,0,0,0,10,10,0,6,4,1,9,0,10,3,7,0,0,6,4,0,10,0,10,0,0,0,0,0,0,0,0,0,0,0,0,0,0,0,0,0,1,0,0,0,9,0,0,0,0,0,0,0,0,0,0,0,0,0,0,0,0,0,0,0,0,0,0,0,0,0,0,9,0,0,0,0,0,1,0,0,0,8,0,0,0,0,1,0,1,0,0,4,6,0,10,0,0,10,10,10,0,2,8,0,0,27.0,12.0
08,054,3,0,3,0,0,3,0,0,0,0,0,3,0,0,0,0,3,0,3,0,0,3,0,0,0,0,0,0,0,0,0,3,0,0,0,0,0,0,0,0,0,0,0,0,0,0,0,0,0,0,0,0,0,0,0,0,0,0,0,0,0,0,0,0,3,0,0,0,0,0,0,0,0,0,0,0,0,0,0,0,0,0,0,0,0,0,0,0,0,0,3,0,0,3,0,0,3,0,0,3,0,0,3,0,0,3,0,0,0,0,3,3,0,3,0,1,2,0,3,1,2,0,0,2,1,0,3,0,3,0,0,1,0,0,0,0,0,0,0,0,0,0,0,0,0,0,0,0,0,0,2,0,0,0,0,0,0,0,0,0,0,0,0,0,0,0,0,0,0,0,0,0,0,0,0,0,0,2,0,0,0,0,0,1,0,0,0,3,0,0,0,0,0,0,0,0,0,3,0,0,3,0,0,3,3,3,0,0,3,0,0,24.333333333333332,2.0
08,055,14,0,14,0,0,14,0,0,0,1,1,12,0,0,1,1,12,7,7,0,0,8,6,0,0,0,0,0,0,0,0,14,0,0,0,0,0,0,0,0,0,0,0,0,0,0,0,0,0,0,0,0,0,0,0,0,0,0,0,0,0,0,0,0,14,0,0,0,0,0,0,0,0,0,0,0,0,0,0,0,0,0,0,0,0,0,0,0,0,1,13,0,0,14,0,7,7,0,0,14,0,0,14,0,0,12,2,0,0,0,14,14,0,10,4,0,14,0,14,4,10,0,1,13,0,2,12,0,14,0,0,0,0,1,0,0,0,0,0,0,0,0,0,0,0,0,0,0,0,0,12,0,0,0,0,1,0,0,0,0,0,1,0,0,0,0,0,0,0,0,0,0,0,0,0,0,0,12,0,0,0,0,1,0,0,0,0,0,0,0,0,0,14,0,0,0,0,8,6,1,13,0,2,12,14,13,1,0,12,2,0,64.14285714285714,71.5
08,056,5,0,5,0,4,1,0,0,0,2,0,3,1,0,2,0,2,2,3,0,0,5,0,0,0,0,0,0,0,0,0,5,0,0,0,0,0,0,0,0,0,0,0,0,0,0,0,0,0,0,0,0,0,0,0,0,0,0,0,0,0,0,0,0,5,0,0,0,0,0,0,0,0,0,0,0,0,0,0,0,0,0,0,0,0,0,0,0,0,4,1,0,0,5,0,3,2,0,0,5,0,0,5,0,0,4,1,0,0,0,5,5,0,4,1,2,3,0,5,0,5,0,0,5,0,1,4,0,5,0,0,0,0,2,0,0,0,0,0,0,0,0,0,0,1,0,0,0,0,0,2,0,0,0,0,0,0,0,0,0,0,2,0,0,0,0,0,0,0,0,0,0,0,0,0,0,0,2,0,0,0,0,0,1,0,0,0,5,0,0,0,0,0,0,0,0,0,5,0,2,3,0,1,4,5,5,0,0,4,1,0,70.8,70.0
08,057,1,0,1,0,0,1,0,0,0,0,0,1,0,0,0,0,1,0,1,0,0,0,1,0,0,0,0,0,0,0,0,1,0,0,0,0,0,0,0,0,0,0,0,0,0,0,0,0,0,0,0,0,0,0,0,0,0,0,0,0,0,0,0,0,1,0,0,0,0,0,0,0,0,0,0,0,0,0,0,0,0,0,0,0,0,0,0,0,0,0,1,0,0,1,0,0,1,0,0,1,0,1,0,0,0,1,0,0,0,0,1,1,0,1,0,0,1,0,1,0,1,0,0,0,1,0,1,0,1,0,0,0,0,0,0,0,0,0,0,0,0,0,0,0,0,0,0,0,0,0,1,0,0,0,0,0,0,0,0,0,0,0,0,0,0,0,0,0,0,0,0,0,0,0,0,0,0,1,0,0,0,0,0,0,0,0,0,1,0,0,0,0,0,0,0,0,0,0,1,0,1,0,0,1,1,1,0,0,1,0,0,4.0,4.0
08,059,1,0,1,0,0,1,0,0,0,0,0,1,0,0,0,0,1,0,1,0,0,0,1,0,0,0,0,0,0,0,0,1,0,0,0,0,0,0,0,0,0,0,0,0,0,0,0,0,0,0,0,0,0,0,0,0,0,0,0,0,0,0,0,0,1,0,0,0,0,0,0,0,0,0,0,0,0,0,0,0,0,0,0,0,0,0,0,0,0,0,1,0,0,1,0,0,1,0,0,1,0,0,1,0,0,1,0,0,0,0,1,1,0,1,0,0,1,0,1,0,1,0,0,1,0,0,1,0,1,0,0,0,0,0,0,0,0,0,0,0,0,0,0,0,0,0,0,0,0,0,1,0,0,0,0,0,0,0,0,0,0,0,0,0,0,0,0,0,0,0,0,0,0,0,0,0,0,1,0,0,0,0,0,0,0,0,0,1,0,0,0,0,0,0,0,0,0,0,1,0,1,0,0,1,1,1,0,0,1,0,0,6.0,6.0
08,060,4,0,4,0,1,3,0,0,0,1,1,2,0,0,1,1,2,2,2,0,0,4,0,0,0,0,0,0,0,0,0,3,0,1,0,0,0,0,0,0,0,0,0,0,0,0,0,0,0,0,0,0,0,0,0,0,0,0,0,0,0,0,0,0,4,0,0,0,0,0,0,0,0,0,0,0,0,0,0,0,0,0,0,0,0,0,0,0,0,1,3,0,0,4,0,1,3,0,0,4,0,0,4,0,0,2,2,0,0,0,4,4,0,3,1,0,4,0,4,0,4,0,1,3,0,0,4,0,4,0,0,0,0,1,0,0,0,0,0,0,0,0,0,0,0,0,0,0,0,0,2,0,0,0,0,1,0,0,0,0,0,1,0,0,0,0,0,0,0,0,0,0,0,0,0,0,0,2,0,0,0,0,1,0,0,0,0,3,0,0,0,0,0,0,1,0,0,4,0,0,4,0,2,2,4,3,1,0,2,2,0,48.5,48.0
08,061,3,1,2,0,1,2,0,0,0,0,0,3,0,0,0,0,3,0,3,0,0,0,3,0,0,0,0,0,0,0,0,3,0,0,0,0,0,0,0,0,0,0,0,0,0,0,0,0,0,0,0,0,0,0,0,0,0,0,0,0,0,0,0,0,3,0,0,0,0,0,0,0,0,0,0,0,0,0,0,0,0,0,0,0,0,0,0,0,0,1,2,0,0,3,0,0,3,0,0,3,0,0,3,0,0,3,0,0,0,0,3,3,0,3,0,0,3,0,3,0,3,0,0,1,2,0,3,0,3,0,0,0,0,0,0,0,0,0,0,0,0,0,0,0,0,0,0,0,0,0,3,0,0,0,0,0,0,0,0,0,0,0,0,0,0,0,0,0,0,0,0,0,0,0,0,0,0,3,0,0,0,0,0,0,0,0,0,3,0,0,0,0,0,0,0,0,0,0,3,1,2,0,0,3,3,3,0,0,3,0,0,56.0,78.0
08,062,36,0,36,0,4,32,0,0,0,1,1,34,4,0,1,1,30,19,17,0,0,15,21,0,0,0,0,0,0,0,0,33,0,0,0,0,0,0,0,0,0,0,0,0,0,0,0,0,0,0,0,0,0,0,0,3,0,0,0,0,0,0,0,0,36,0,0,0,0,0,0,0,0,0,0,0,0,0,0,0,0,0,0,0,0,0,0,0,0,5,31,0,0,36,0,17,19,0,0,36,0,0,36,0,2,33,1,0,0,0,36,36,0,29,7,3,33,0,36,6,30,0,0,34,2,3,33,0,36,1,0,0,0,1,0,0,0,0,0,0,0,0,0,1,3,0,0,0,0,0,29,0,0,0,0,1,0,0,0,0,0,1,0,0,0,0,0,0,0,0,0,0,0,0,0,0,0,29,0,0,0,0,1,5,0,0,0,1,0,0,0,0,33,0,2,0,0,15,21,4,32,0,1,35,36,35,1,2,33,1,0,67.5,73.5
08,064,1,0,1,0,0,1,0,0,0,0,0,1,0,0,0,0,1,0,1,0,0,0,1,0,0,0,0,0,0,0,0,1,0,0,0,0,0,0,0,0,0,0,0,0,0,0,0,0,0,0,0,0,0,0,0,0,0,0,0,0,0,0,0,0,1,0,0,0,0,0,0,0,0,0,0,0,0,0,0,0,0,0,0,0,0,0,0,0,0,1,0,0,0,1,0,1,0,0,0,1,0,0,1,0,0,1,0,0,0,0,1,1,0,1,0,0,1,0,1,0,1,0,0,1,0,0,1,0,1,0,0,0,0,0,0,0,0,0,0,0,0,0,0,0,0,0,0,0,0,0,1,0,0,0,0,0,0,0,0,0,0,0,0,0,0,0,0,0,0,0,0,0,0,0,0,0,0,1,0,0,0,0,0,0,0,0,0,1,0,0,0,0,0,0,0,0,0,0,1,1,0,0,0,1,1,1,0,0,1,0,0,53.0,53.0
08,065,10,1,9,0,0,10,0,0,0,0,1,9,1,0,0,1,8,0,10,0,0,5,5,0,0,0,0,0,0,0,0,9,0,0,0,0,0,0,0,0,0,0,0,0,0,0,0,0,0,0,0,0,0,0,0,0,1,0,0,0,0,0,0,0,9,0,0,0,0,0,0,0,0,0,0,0,0,0,0,0,0,1,0,0,0,0,0,0,0,0,10,0,3,6,1,1,9,0,4,5,1,1,9,0,0,9,1,0,1,0,9,9,1,8,2,1,9,0,10,1,9,0,1,9,0,0,10,0,10,1,1,1,0,0,0,0,0,0,0,0,0,0,0,0,0,0,0,0,0,0,6,0,0,0,0,1,0,0,0,0,0,0,0,0,0,0,0,0,0,0,0,0,0,0,0,0,0,6,0,0,0,0,1,3,0,0,0,9,0,1,0,0,0,0,0,0,0,5,5,1,9,0,1,9,10,9,1,1,8,1,0,21.4,7.5
08,066,5,0,5,0,0,5,0,1,0,0,1,3,0,0,0,1,4,1,4,0,0,1,4,0,0,0,0,0,0,0,0,5,0,0,0,0,0,0,0,0,0,0,0,0,0,0,0,0,0,0,0,0,0,0,0,0,0,0,0,0,0,0,0,0,5,0,0,0,0,0,0,0,0,0,0,0,0,0,0,0,0,0,0,0,0,0,0,0,0,0,5,0,3,2,0,1,4,0,3,2,0,0,5,0,1,4,0,0,0,0,5,5,0,3,2,0,5,0,5,3,2,0,0,3,2,0,5,0,5,0,0,1,0,0,0,0,0,0,0,0,0,0,0,0,0,0,1,0,0,0,2,0,0,0,0,1,0,0,0,0,0,0,0,0,0,0,0,0,0,0,0,0,0,0,0,0,0,2,0,0,0,0,1,2,0,0,0,5,0,0,0,0,0,0,0,0,0,1,4,0,5,0,0,5,5,4,1,1,4,0,0,18.4,1.0
08,067,2,1,1,0,0,2,0,1,0,0,0,1,0,0,0,0,2,0,2,0,0,0,2,0,0,0,0,0,0,0,0,2,0,0,0,0,0,0,0,0,0,0,0,0,0,0,0,0,0,0,0,0,0,0,0,0,0,0,0,0,0,0,0,0,2,0,0,0,0,0,0,0,0,0,0,0,0,0,0,0,0,0,0,0,0,0,0,0,0,0,2,0,0,2,0,1,1,0,0,2,0,0,2,0,0,2,0,0,0,0,2,2,0,1,1,0,2,0,2,0,2,0,0,1,1,0,2,0,2,0,0,0,0,0,0,0,0,0,0,0,0,0,0,0,0,0,1,0,0,0,1,0,0,0,0,0,0,0,0,0,0,0,0,0,0,0,0,0,0,0,0,0,0,0,0,0,0,1,0,0,0,0,0,1,0,0,0,2,0,0,0,0,0,0,0,0,0,0,2,0,2,0,0,2,2,2,0,0,2,0,0,2.0,2.0
09,002,1401,41,1357,3,36,1363,2,47,1,14,860,479,68,1,14,860,458,157,1242,2,7,777,617,0,2,1,0,2,1,0,4,0,1196,3,12,3,10,3,96,7,0,0,2,9,13,5,2,1,3,0,2,1,5,15,0,1,2,0,0,0,0,0,0,0,0,1375,0,1,0,4,0,14,1,0,0,0,2,2,0,0,0,0,0,0,1,1,0,0,0,42,1357,2,4,1376,21,190,1208,3,4,1378,19,34,1365,2,4,342,1055,0,0,2,1399,1399,2,43,1358,82,1317,2,1401,63,1336,2,177,1217,7,38,1361,2,1401,32,4,5,2,14,0,0,0,0,2,2,1,1,11,1,28,0,47,1,3,5,377,0,2,1,2,852,8,0,2,0,0,14,1,0,1,0,1,0,0,1,2,0,0,0,0,0,0,377,0,2,1,0,852,139,8,0,0,80,0,34,0,1,780,0,476,30,0,784,617,66,1333,2,1055,346,1401,549,852,1,345,1055,0,34.42469664525339,31.0
09,003,1932,143,1789,0,81,1850,1,185,0,14,543,1190,174,0,14,543,1201,268,1663,1,13,1120,784,15,0,4,0,2,3,4,12,9,1542,1,19,35,18,10,88,11,16,1,2,30,23,5,0,8,2,1,2,4,6,35,6,3,30,2,0,0,0,0,0,0,0,1898,0,0,4,5,0,4,0,1,0,2,4,2,3,2,1,0,0,0,0,1,3,0,0,73,1859,0,1,1746,185,348,1584,0,1,1758,173,82,1849,1,20,671,1241,0,3,26,1903,1902,30,433,1499,174,1758,0,1932,251,1680,1,655,1254,23,70,1862,0,1932,58,21,33,13,14,3,0,0,3,24,4,0,0,110,37,60,0,185,0,0,36,764,0,9,10,5,523,20,0,4,9,1,14,0,0,0,0,2,0,0,0,23,3,1,1,0,0,2,764,0,0,1,0,523,564,20,0,3,837,0,142,1,1,277,0,455,216,0,1148,784,140,1791,1,1241,691,1932,1409,523,9,682,1241,0,40.969461697722565,40.0
09,004,200,10,190,0,14,186,0,18,0,4,70,108,13,0,4,70,113,39,161,0,0,113,87,0,0,0,0,0,0,0,1,0,178,0,0,1,2,1,9,2,0,0,0,2,3,0,0,0,0,0,0,1,0,0,0,0,0,0,0,0,0,0,0,0,0,194,0,1,0,0,0,2,0,0,0,0,0,1,1,0,0,0,0,0,0,1,0,0,0,12,188,0,0,175,25,35,165,0,0,181,19,7,193,0,3,93,104,0,0,0,200,200,0,13,187,26,174,0,200,17,183,0,57,142,1,11,189,0,200,5,0,3,0,4,0,0,0,0,1,0,0,0,2,1,3,1,18,0,0,5,85,0,1,0,1,70,0,0,0,0,0,4,0,0,0,0,0,0,0,0,0,0,0,0,0,0,0,85,0,0,0,1,70,40,0,0,0,38,0,60,0,0,77,0,11,14,0,113,87,17,183,0,104,96,200,130,70,4,92,104,0,40.95,38.0
09,005,2436,77,2358,1,60,2375,1,123,1,25,1334,953,159,1,25,1334,917,273,2162,1,13,1419,999,5,0,3,0,0,1,0,7,1,1968,2,20,13,31,8,242,16,6,0,3,22,28,5,1,5,2,0,3,1,11,27,1,3,6,1,0,2,0,0,2,0,0,2382,0,1,0,11,1,22,0,1,1,1,2,2,5,0,0,1,0,0,0,0,1,0,0,47,2388,1,1,2386,49,356,2079,1,3,2388,45,46,2389,1,34,602,1800,0,2,4,2430,2430,6,285,2151,134,2300,2,2436,125,2310,1,233,2193,10,54,2382,0,2436,62,3,6,2,25,0,5,1,1,8,1,0,0,42,10,59,0,123,0,0,35,712,1,3,2,1,1304,30,0,0,1,0,25,0,0,0,0,1,0,0,0,3,0,2,0,0,0,0,712,1,0,1,0,1304,356,30,0,1,324,1,190,0,3,1565,0,336,16,0,1437,999,116,2319,1,1800,636,2436,1132,1304,24,612,1800,0,37.3743842364532,36.0
09,006,1361,44,1317,0,44,1317,0,54,0,322,359,626,86,0,322,359,594,143,1218,0,2,754,601,4,0,0,0,0,0,1,2,1,1272,1,2,2,2,1,32,7,2,0,4,6,8,0,0,0,2,0,2,1,2,9,0,1,1,0,0,0,0,0,0,0,0,1354,0,0,0,2,0,3,0,0,0,1,0,0,0,0,0,0,1,0,0,0,0,0,0,54,1307,0,0,1328,33,173,1188,0,0,1328,33,28,1333,0,11,976,374,0,0,1,1360,1360,1,124,1237,69,1292,0,1361,55,1306,0,131,1217,13,42,1319,0,1361,27,7,5,3,322,0,0,1,1,7,1,1,0,15,4,44,0,54,0,3,11,490,0,3,1,2,231,128,0,1,0,0,322,0,0,0,0,1,2,0,0,2,0,0,0,0,0,1,490,0,0,0,0,231,183,128,0,0,162,0,70,0,0,931,0,89,109,0,760,601,56,1305,0,374,987,1361,1130,231,9,978,374,0,51.43570903747245,56.0
09,007,2157,104,2052,1,93,2062,2,174,0,19,565,1399,262,0,19,565,1311,294,1862,1,17,1221,910,9,0,0,0,0,0,3,8,5,1775,0,18,34,20,12,107,24,2,0,1,39,40,2,0,5,4,1,2,8,12,24,2,5,4,0,0,0,0,0,1,1,0,2116,0,3,2,12,0,9,0,0,0,0,1,6,1,0,1,1,0,0,0,1,2,0,0,80,2076,1,1,2028,128,360,1796,1,8,2029,120,135,2022,0,29,859,1269,0,4,0,2153,2153,4,422,1735,157,1997,3,2157,278,1878,1,564,1572,21,77,2079,1,2157,99,16,20,11,19,7,0,0,3,23,3,0,0,89,13,100,1,174,0,3,39,958,0,6,6,2,533,32,2,6,4,1,19,1,0,0,1,4,1,0,0,16,4,2,1,0,0,0,958,0,2,0,0,533,570,32,0,1,671,0,312,0,0,591,0,321,261,0,1247,910,121,2033,3,1269,888,2157,1624,533,26,862,1269,0,42.67872044506259,43.0
09,008,577,10,566,1,11,565,1,64,1,10,182,320,94,1,10,182,290,54,522,1,4,360,211,2,0,0,1,0,0,0,3,0,497,1,8,8,8,2,21,6,0,0,2,3,5,1,0,0,2,0,0,2,0,5,0,2,0,0,0,0,0,0,0,0,0,573,0,0,0,1,0,3,0,0,0,0,0,0,0,0,0,0,0,0,0,0,0,0,0,5,571,1,1,498,78,67,509,1,1,500,76,17,559,1,7,100,470,0,0,0,577,577,0,54,523,55,521,1,577,48,528,1,91,483,3,4,572,1,577,30,4,2,6,10,1,0,0,2,4,0,0,0,15,6,27,0,64,0,1,28,193,1,0,1,0,176,6,0,1,0,0,10,0,0,0,0,1,0,0,0,5,0,0,0,0,0,2,193,1,0,0,0,176,182,6,0,0,139,0,268,0,0,34,0,33,103,0,366,211,13,562,2,470,107,577,401,176,3,104,470,0,35.65684575389948,36.0
09,009,288,10,278,0,7,281,0,34,0,6,73,175,63,0,6,73,146,23,265,0,4,161,122,1,0,0,0,0,0,0,1,1,253,0,1,1,1,0,18,0,1,0,0,3,4,0,0,0,0,0,0,0,0,4,0,0,0,1,0,0,0,0,0,0,0,286,0,1,0,0,0,0,0,0,0,0,0,0,0,0,0,0,0,0,0,0,0,0,0,3,285,0,0,263,25,29,259,0,2,262,24,9,279,0,6,36,246,0,0,0,288,288,0,29,259,13,275,0,288,25,263,0,79,207,2,5,283,0,288,18,1,0,2,6,1,0,0,0,1,0,0,0,15,2,21,0,34,0,0,20,93,0,0,0,1,61,12,0,0,2,0,6,0,0,0,0,0,0,0,0,2,0,0,0,0,0,1,93,0,0,0,0,61,111,12,0,0,71,0,200,0,0,3,0,13,1,0,166,122,15,273,0,246,42,288,227,61,4,38,246,0,36.979166666666664,35.5
09,010,1336,59,1276,1,52,1283,1,81,0,34,528,693,118,0,34,528,656,216,1118,2,3,771,556,6,1,1,0,0,0,0,6,3,1161,3,7,11,8,4,50,13,6,5,3,9,11,1,0,2,1,1,1,4,1,15,0,0,8,1,0,0,0,0,0,0,1,1316,1,1,0,5,0,4,0,0,0,0,0,3,2,0,0,0,1,0,0,0,1,0,0,67,1267,2,1,1235,100,250,1085,1,1,1239,96,53,1281,2,11,523,802,0,2,6,1328,1328,8,151,1185,125,1210,1,1336,114,1221,1,246,1078,12,48,1286,2,1336,46,9,9,9,34,0,1,0,0,8,1,0,0,32,6,35,0,81,0,2,24,501,0,7,0,3,520,8,1,2,1,2,34,0,0,0,0,3,0,0,0,8,1,0,0,0,0,1,501,0,4,2,0,520,248,8,0,0,256,0,224,0,2,534,0,123,197,0,780,556,86,1248,2,802,534,1336,816,520,18,516,802,0,42.23577844311377,42.0
09,011,470,18,452,0,9,461,0,36,0,6,184,244,56,0,6,184,224,36,434,0,2,291,174,3,0,0,1,0,0,0,0,2,421,0,1,4,1,0,18,3,5,0,0,3,2,0,0,1,0,0,1,0,2,3,0,1,1,1,0,0,0,0,0,0,1,461,0,1,0,1,0,1,0,1,0,0,0,1,0,0,0,0,0,0,0,0,0,0,2,3,467,0,2,421,47,52,418,0,2,435,33,22,448,0,8,95,367,0,1,0,469,469,1,52,418,28,442,0,470,48,422,0,138,332,0,13,457,0,470,19,3,4,3,6,2,0,0,1,7,0,0,0,29,3,21,0,36,0,0,10,130,0,4,7,1,176,8,0,0,2,0,6,1,0,0,1,0,0,0,0,3,0,0,1,0,1,0,130,0,0,0,0,176,141,8,0,1,193,0,164,0,0,26,0,37,49,0,296,174,22,447,1,367,103,470,294,176,6,97,367,0,34.85531914893617,33.0
09,012,2507,114,2391,2,47,2459,1,233,0,27,1019,1228,260,0,27,1019,1201,246,2260,1,13,1529,944,21,3,4,2,1,7,3,15,4,1925,4,21,35,20,20,124,35,14,1,14,34,37,4,1,16,3,4,6,43,14,61,5,1,26,1,0,2,0,0,0,1,0,2484,0,1,0,1,0,9,0,2,0,1,1,2,0,0,0,0,0,0,0,1,1,0,0,32,2474,1,3,2099,405,274,2232,1,2,2101,404,107,2399,1,12,377,2118,0,1,25,2481,2481,26,211,2296,251,2254,2,2507,207,2298,2,794,1692,21,33,2472,2,2507,109,13,21,24,27,2,0,0,10,32,6,0,0,120,21,77,3,233,0,0,46,725,0,11,2,6,997,22,0,4,8,1,27,0,0,0,1,4,0,1,0,17,6,1,0,0,0,0,725,0,0,1,2,997,690,22,0,0,1276,1,264,0,0,50,0,149,767,0,1563,944,83,2422,2,2118,389,2507,1510,997,15,374,2118,0,38.52054248105305,37.0
09,013,859,44,815,0,27,832,0,109,0,8,226,516,99,0,8,226,526,103,756,0,10,510,330,9,0,0,0,0,0,0,0,3,769,2,0,4,3,1,40,5,5,0,0,7,9,0,0,0,1,0,0,0,0,5,1,1,3,0,0,0,0,0,1,1,0,849,0,0,0,1,0,2,0,1,0,0,1,1,2,0,0,0,0,0,0,0,0,0,0,13,846,0,1,764,94,131,728,0,3,764,92,51,808,0,4,177,678,0,1,2,856,856,3,97,762,78,781,0,859,98,761,0,379,474,6,18,841,0,859,36,6,8,13,8,1,0,1,1,17,2,0,0,48,9,29,1,109,0,0,19,310,0,9,4,2,216,10,0,0,1,0,8,0,0,0,0,2,0,0,0,7,1,1,2,0,0,1,310,0,0,0,0,216,300,10,0,0,462,0,149,0,0,10,0,157,81,0,529,330,44,815,0,678,181,859,643,216,3,178,678,0,39.21071012805588,38.0
09,014,965,55,910,0,41,923,1,77,0,8,383,497,78,0,8,383,496,139,825,1,2,562,397,4,0,2,0,4,2,0,3,4,768,7,3,15,3,12,39,11,10,1,1,8,6,1,1,2,3,4,2,7,5,24,0,2,15,0,0,1,1,0,1,0,0,943,0,1,1,3,0,3,0,2,1,0,1,1,3,0,0,0,0,0,0,0,1,0,2,49,916,0,3,893,69,198,767,0,1,900,64,47,918,0,7,337,621,0,1,13,951,950,15,124,841,81,883,1,965,99,865,1,225,733,7,42,923,0,965,42,5,6,2,8,0,0,0,2,4,2,0,0,18,6,23,0,76,0,1,10,374,0,1,2,0,372,11,1,0,1,0,8,0,0,0,0,0,0,0,0,4,0,0,0,1,0,0,374,0,0,1,0,372,192,11,0,0,201,0,164,0,1,278,0,147,174,0,568,397,73,892,0,621,344,965,593,372,7,337,621,0,45.02901554404145,45.0
09,015,897,47,850,0,34,862,1,61,0,10,233,593,101,0,10,233,553,136,760,1,1,515,379,2,1,2,0,1,1,1,5,3,703,1,2,18,21,6,56,4,1,0,0,14,22,2,1,2,2,2,1,1,5,5,3,1,10,2,0,0,0,0,0,0,0,865,0,3,1,6,0,8,0,0,0,1,0,3,3,0,0,0,0,0,1,2,1,0,1,63,833,1,3,843,51,169,728,0,2,846,49,56,841,0,19,367,511,0,0,9,888,887,10,116,781,62,834,1,897,95,802,0,238,642,17,38,858,1,897,45,7,4,7,10,0,0,1,1,4,2,1,0,21,3,35,0,61,0,0,12,446,0,1,1,2,231,2,1,0,1,0,10,0,0,0,2,1,0,0,0,5,0,0,0,0,0,1,446,0,0,0,0,231,197,2,0,0,266,1,74,0,2,307,0,210,37,0,518,379,48,849,0,511,386,897,666,231,16,370,511,0,41.00111482720178,39.0
09,016,875,32,843,0,28,847,0,26,0,2,559,288,37,0,2,559,277,94,781,0,4,489,382,0,0,1,0,0,0,0,4,1,709,2,4,15,3,4,72,7,4,0,1,8,3,1,0,0,1,0,3,3,4,14,1,2,8,0,0,1,0,0,0,0,0,850,1,0,1,2,0,9,0,1,0,0,0,3,2,0,2,1,0,0,0,0,0,1,1,36,839,0,2,851,22,118,757,0,3,847,25,21,854,0,4,225,646,0,1,4,870,867,8,42,833,67,808,0,875,36,838,1,135,734,6,30,845,0,875,11,2,5,0,2,0,0,0,1,4,1,0,0,9,6,20,1,26,0,1,6,217,0,3,0,1,553,6,0,0,3,0,2,0,0,0,0,1,0,0,0,8,0,0,0,0,1,0,217,0,0,0,0,553,84,6,0,0,72,0,91,0,1,202,0,458,49,2,493,382,42,833,0,646,229,875,322,553,4,225,646,0,32.12342857142857,27.0
09,017,383,13,370,0,17,366,0,24,0,7,90,262,51,0,7,90,235,71,312,0,2,233,147,1,0,0,0,0,0,0,1,2,318,0,1,1,3,1,34,3,1,0,0,4,2,0,0,1,2,2,0,0,1,4,1,0,1,0,0,0,0,0,0,0,0,368,0,1,2,2,0,4,1,0,0,1,0,1,1,0,0,0,0,0,0,0,1,0,1,20,363,0,1,358,24,97,286,0,1,360,22,22,361,0,10,156,217,0,0,1,382,382,1,47,336,42,341,0,383,44,339,0,105,275,3,18,365,0,383,19,2,3,0,7,1,0,0,1,5,0,0,0,7,6,22,0,24,0,0,9,185,0,0,1,1,84,6,0,0,0,0,7,0,0,0,0,1,0,0,0,0,0,0,0,0,0,0,185,0,0,0,1,84,99,6,0,1,98,0,79,0,1,131,0,58,15,0,236,147,33,350,0,217,166,383,299,84,7,159,217,0,43.2088772845953,44.0
10,001,4,0,4,0,0,4,0,2,0,0,0,2,0,0,0,0,4,1,3,0,0,1,3,0,0,0,0,0,0,0,0,0,0,4,0,0,0,0,0,0,0,0,0,0,0,0,0,0,0,0,0,0,0,0,0,0,0,0,0,0,0,0,0,0,0,0,4,0,0,0,0,0,0,0,0,0,0,0,0,0,0,0,0,0,0,0,0,0,0,1,3,0,0,4,0,2,2,0,0,4,0,0,4,0,1,2,1,0,0,0,4,4,0,2,2,0,4,0,4,0,4,0,0,3,1,0,4,0,4,0,0,0,0,0,0,0,0,0,0,0,0,0,0,0,0,0,2,0,0,0,2,0,0,0,0,0,0,0,0,0,0,0,0,0,0,0,0,0,0,0,0,0,0,0,0,0,0,2,0,0,0,0,0,2,0,0,0,3,0,0,0,0,1,0,0,0,0,1,3,1,3,0,1,3,4,4,0,1,2,1,0,45.75,51.0
10,005,611,29,578,4,6,601,4,48,0,16,104,443,101,0,16,104,390,79,527,5,4,345,262,0,0,0,0,0,4,0,0,0,1,585,0,0,0,2,2,1,0,0,0,0,1,0,0,1,3,0,1,1,0,0,0,8,1,1,0,0,0,0,0,0,1,9,589,0,0,0,1,1,0,0,2,0,0,0,2,0,0,0,0,1,0,0,0,0,4,18,589,4,3,600,8,118,488,5,5,597,9,17,589,5,15,323,273,0,0,1,610,610,1,123,488,23,584,4,611,60,546,5,91,485,35,22,585,4,611,52,1,19,0,16,0,0,0,0,3,1,0,0,7,3,42,0,48,0,2,7,302,0,3,1,0,88,16,0,1,2,0,16,0,0,0,0,1,0,0,0,6,0,0,0,0,1,0,302,0,3,1,0,88,174,16,0,0,131,0,4,0,0,427,0,49,0,0,349,262,9,598,4,273,338,611,523,88,9,329,273,0,34.67103109656301,32.0
10,007,361,11,350,0,8,353,0,4,0,16,179,162,26,0,16,179,140,46,315,0,2,184,175,0,0,1,0,0,21,0,0,5,2,296,0,0,4,1,23,0,1,0,1,0,0,0,0,0,0,0,0,0,1,0,0,5,0,0,0,0,0,5,0,0,0,2,352,0,0,0,0,0,0,0,0,0,0,1,0,0,0,0,0,0,0,1,0,0,0,9,352,0,1,360,0,56,305,0,1,359,1,4,357,0,5,146,210,0,0,0,361,361,0,86,275,31,330,0,361,26,335,0,23,338,0,9,352,0,361,6,0,16,1,16,0,0,0,1,0,0,0,0,4,0,17,0,4,0,0,1,113,0,3,0,0,172,7,0,0,2,0,16,0,0,0,0,0,0,0,0,1,0,1,0,0,0,0,113,0,0,0,0,172,49,7,0,0,26,0,2,0,0,331,0,2,0,0,186,175,17,344,0,210,151,361,189,172,6,145,210,0,35.204986149584485,34.0
10,008,6,0,6,0,0,6,0,0,0,0,1,5,0,0,0,1,5,1,5,0,0,4,2,0,0,0,0,0,0,0,0,0,0,6,0,0,0,0,0,0,0,0,0,0,0,0,0,0,0,0,0,0,0,0,0,0,0,0,0,0,0,0,0,0,0,0,6,0,0,0,0,0,0,0,0,0,0,0,0,0,0,0,0,0,0,0,0,0,0,0,6,0,0,6,0,1,5,0,0,6,0,0,6,0,1,4,1,0,0,0,6,6,0,1,5,0,6,0,6,1,5,0,0,6,0,0,6,0,6,0,0,0,0,0,0,0,0,0,0,0,0,0,0,0,0,0,0,0,0,0,5,0,0,0,0,0,1,0,0,0,0,0,0,0,0,0,0,0,0,0,0,0,0,0,0,0,0,5,0,0,0,0,0,0,1,0,0,2,0,0,0,0,4,0,0,0,0,4,2,0,6,0,1,5,6,6,0,1,4,1,0,33.166666666666664,27.0
10,009,4,0,4,0,1,3,0,0,0,0,0,4,0,0,0,0,4,0,4,0,0,1,3,0,0,0,0,0,0,0,0,1,0,3,0,0,0,0,0,0,0,0,0,0,0,0,0,0,0,0,0,0,0,0,0,0,0,0,0,0,0,0,0,0,2,0,2,0,0,0,0,0,0,0,0,0,0,0,0,0,0,0,0,0,0,0,0,0,0,2,2,0,0,3,1,0,4,0,0,4,0,0,4,0,0,3,1,0,0,0,4,4,0,3,1,0,4,0,4,0,4,0,0,4,0,0,4,0,4,0,0,0,0,0,0,0,0,0,0,0,0,0,0,0,0,0,0,0,0,0,4,0,0,0,0,0,0,0,0,0,0,0,0,0,0,0,0,0,0,0,0,0,0,0,0,0,0,4,0,0,0,0,0,0,0,0,0,2,0,0,0,0,2,0,0,0,0,1,3,0,4,0,1,3,4,4,0,0,3,1,0,34.5,34.0
10,012,44,2,42,0,3,41,0,2,0,3,0,39,3,0,3,0,38,10,34,0,1,23,20,0,0,0,0,0,5,0,0,0,0,38,0,0,0,0,0,0,0,0,0,0,0,0,0,0,0,0,0,0,0,0,0,1,0,0,0,0,0,2,0,0,0,0,42,0,0,0,0,0,0,0,0,0,0,0,0,0,0,0,0,0,0,0,0,0,0,3,41,0,0,44,0,12,32,0,0,44,0,1,43,0,0,38,6,0,0,0,44,44,0,26,18,3,41,0,44,5,39,0,7,37,0,0,44,0,44,1,0,3,0,3,0,0,0,0,0,1,0,0,0,0,2,0,2,0,0,0,32,0,0,0,0,0,0,0,0,0,0,3,0,0,0,0,0,0,0,0,2,0,0,0,0,0,0,32,0,0,0,0,0,7,0,0,0,1,1,0,0,0,42,0,0,0,0,24,20,0,44,0,6,38,44,44,0,1,37,6,0,37.90909090909091,37.0
10,013,3,0,3,0,0,3,0,0,0,1,0,2,0,0,1,0,2,0,3,0,0,0,3,0,0,0,0,0,0,0,0,0,0,2,0,0,0,0,1,0,0,0,0,0,0,0,0,0,0,0,0,0,0,0,0,0,0,0,0,0,0,0,0,0,0,0,3,0,0,0,0,0,0,0,0,0,0,0,0,0,0,0,0,0,0,0,0,0,0,0,3,0,0,3,0,0,3,0,0,3,0,0,3,0,0,2,1,0,0,0,3,3,0,0,3,2,1,0,3,0,3,0,0,3,0,0,3,0,3,0,0,1,0,1,0,0,0,0,0,0,0,0,0,0,0,0,0,0,0,0,1,0,0,0,0,0,0,0,0,0,0,1,0,0,0,0,0,0,0,0,0,0,0,0,0,0,0,1,0,0,0,0,0,1,0,0,0,2,0,0,0,0,1,0,0,0,0,0,3,2,1,0,1,2,3,3,0,0,2,1,0,48.333333333333336,72.0
10,014,30,0,30,0,1,29,0,2,0,1,3,24,11,0,1,3,15,0,30,0,1,16,13,0,0,0,0,0,1,0,0,0,0,25,0,0,0,0,0,0,0,1,0,0,0,0,0,0,0,0,0,0,0,0,0,3,0,0,0,0,0,0,0,0,0,0,16,0,0,0,1,0,0,0,1,0,0,0,0,0,0,0,0,0,0,0,0,0,12,0,30,0,17,13,0,2,28,0,22,8,0,1,29,0,3,22,5,0,0,0,30,30,0,15,15,0,30,0,30,2,28,0,2,20,8,0,30,0,30,6,0,0,0,1,0,0,0,0,0,0,0,0,0,0,5,0,2,0,0,0,13,0,0,0,0,0,3,0,0,0,0,1,0,0,0,0,0,0,0,0,0,0,0,0,0,0,0,13,0,0,0,0,0,13,3,0,0,15,0,13,0,0,0,0,2,0,0,17,13,0,30,0,5,25,30,30,0,2,23,5,0,27.933333333333334,14.0
10,016,2,0,2,0,0,2,0,0,0,0,0,2,0,0,0,0,2,0,2,0,0,1,1,0,0,0,0,0,0,0,0,0,0,2,0,0,0,0,0,0,0,0,0,0,0,0,0,0,0,0,0,0,0,0,0,0,0,0,0,0,0,0,0,0,0,0,2,0,0,0,0,0,0,0,0,0,0,0,0,0,0,0,0,0,0,0,0,0,0,0,2,0,0,2,0,0,2,0,0,2,0,0,2,0,0,1,1,0,0,0,2,2,0,1,1,0,2,0,2,0,2,0,0,1,1,0,2,0,2,0,0,0,0,0,0,0,0,0,0,0,0,0,0,0,0,0,0,0,0,0,2,0,0,0,0,0,0,0,0,0,0,0,0,0,0,0,0,0,0,0,0,0,0,0,0,0,0,2,0,0,0,0,0,0,0,0,0,1,0,0,0,0,1,0,0,0,0,1,1,0,2,0,1,1,2,2,0,0,1,1,0,24.5,24.5
10,018,1,0,1,0,0,1,0,0,0,0,0,1,0,0,0,0,1,0,1,0,0,0,1,0,0,0,0,0,0,0,0,0,0,1,0,0,0,0,0,0,0,0,0,0,0,0,0,0,0,0,0,0,0,0,0,0,0,0,0,0,0,0,0,0,0,1,0,0,0,0,0,0,0,0,0,0,0,0,0,0,0,0,0,0,0,0,0,0,0,0,1,0,0,1,0,0,1,0,0,1,0,0,1,0,0,0,1,0,0,0,1,1,0,0,1,0,1,0,1,0,1,0,0,1,0,0,1,0,1,0,0,0,0,0,0,0,0,0,0,0,0,0,0,0,0,0,0,0,0,0,1,0,0,0,0,0,0,0,0,0,0,0,0,0,0,0,0,0,0,0,0,0,0,0,0,0,0,1,0,0,0,0,0,0,0,0,0,1,0,0,0,0,0,0,0,0,0,0,1,0,1,0,1,0,1,1,0,0,0,1,0,61.0,61.0
10,020,1,0,1,0,0,1,0,0,0,0,0,1,0,0,0,0,1,0,1,0,0,0,1,0,0,0,0,0,0,0,0,0,0,1,0,0,0,0,0,0,0,0,0,0,0,0,0,0,0,0,0,0,0,0,0,0,0,0,0,0,0,0,0,0,0,0,1,0,0,0,0,0,0,0,0,0,0,0,0,0,0,0,0,0,0,0,0,0,0,0,1,0,0,1,0,1,0,0,0,1,0,0,1,0,0,1,0,0,0,0,1,1,0,0,1,0,1,0,1,0,1,0,0,1,0,0,1,0,1,0,0,0,0,0,0,0,0,0,0,0,0,0,0,0,0,0,0,0,0,0,1,0,0,0,0,0,0,0,0,0,0,0,0,0,0,0,0,0,0,0,0,0,0,0,0,0,0,1,0,0,0,0,0,0,0,0,0,0,0,0,0,0,1,0,0,0,0,0,1,0,1,0,0,1,1,1,0,0,1,0,0,52.0,52.0
10,022,3,0,3,0,0,3,0,0,0,1,0,2,1,0,1,0,1,0,3,0,0,2,1,0,0,0,0,0,0,0,0,0,0,3,0,0,0,0,0,0,0,0,0,0,0,0,0,0,0,0,0,0,0,0,0,0,0,0,0,0,0,0,0,0,0,0,3,0,0,0,0,0,0,0,0,0,0,0,0,0,0,0,0,0,0,0,0,0,0,0,3,0,0,2,1,0,3,0,0,2,1,1,2,0,0,3,0,0,0,0,3,3,0,1,2,0,3,0,3,1,2,0,0,3,0,0,3,0,3,0,0,0,0,1,0,0,0,0,0,0,0,0,0,0,1,0,0,0,0,0,1,0,0,0,0,0,0,0,0,0,0,1,0,0,0,0,0,0,0,0,0,0,0,0,0,0,0,1,0,0,0,0,0,1,0,0,0,0,0,0,0,0,2,0,1,0,0,2,1,0,3,0,0,3,3,3,0,1,2,0,0,26.0,8.0
10,023,15,1,14,0,0,15,0,1,0,3,1,10,0,0,3,1,11,1,14,0,1,4,10,0,0,0,0,0,0,0,0,0,0,15,0,0,0,0,0,0,0,0,0,0,0,0,0,0,0,0,0,0,0,0,0,0,0,0,0,0,0,0,0,0,0,0,15,0,0,0,0,0,0,0,0,0,0,0,0,0,0,0,0,0,0,0,0,0,0,0,15,0,1,14,0,3,12,0,1,14,0,1,14,0,0,14,1,0,0,0,15,15,0,3,12,2,13,0,15,1,14,0,1,13,1,0,15,0,15,0,0,1,0,3,0,0,0,0,0,0,0,0,0,0,0,0,1,0,0,0,8,0,1,0,0,0,1,0,0,0,0,3,0,0,0,0,0,0,0,0,1,0,0,0,0,0,0,8,0,0,0,0,0,2,1,0,0,1,0,0,0,0,14,0,0,0,0,5,10,0,15,0,1,14,15,15,0,0,14,1,0,31.533333333333335,12.0
10,024,2,1,1,0,1,1,0,0,0,1,0,1,0,0,1,0,1,0,2,0,0,0,2,0,0,0,0,0,0,0,0,0,0,2,0,0,0,0,0,0,0,0,0,0,0,0,0,0,0,0,0,0,0,0,0,0,0,0,0,0,0,0,0,0,0,0,2,0,0,0,0,0,0,0,0,0,0,0,0,0,0,0,0,0,0,0,0,0,0,0,2,0,0,2,0,1,1,0,0,2,0,0,2,0,0,2,0,0,0,0,2,2,0,1,1,1,1,0,2,1,1,0,0,2,0,1,1,0,2,0,0,1,0,1,0,0,0,0,0,0,0,0,0,0,0,0,0,0,0,0,0,0,0,0,0,0,0,0,0,0,0,1,0,0,0,0,0,0,0,0,0,0,0,0,0,0,0,0,0,0,0,0,0,1,0,0,0,0,0,0,0,0,2,0,0,0,0,0,2,0,2,0,0,2,2,2,0,0,2,0,0,14.0,14.0
10,026,5,1,4,0,0,5,0,0,0,0,0,5,1,0,0,0,4,2,3,0,0,3,2,0,0,0,0,0,0,0,0,0,0,5,0,0,0,0,0,0,0,0,0,0,0,0,0,0,0,0,0,0,0,0,0,0,0,0,0,0,0,0,0,0,0,0,5,0,0,0,0,0,0,0,0,0,0,0,0,0,0,0,0,0,0,0,0,0,0,2,3,0,0,5,0,3,2,0,0,5,0,0,5,0,1,3,1,0,0,0,5,5,0,2,3,0,5,0,5,0,5,0,0,5,0,1,4,0,5,1,0,0,0,0,0,0,0,0,0,0,0,0,0,0,0,0,0,0,0,0,4,0,0,0,0,0,0,0,0,0,0,0,0,0,0,0,0,0,0,0,0,0,0,0,0,0,0,4,0,0,0,0,0,1,0,0,0,2,0,0,0,0,3,0,0,0,0,3,2,0,5,0,1,4,5,5,0,0,4,1,0,41.8,43.0
10,028,2,0,2,0,0,2,0,0,0,0,0,2,1,0,0,0,1,0,2,0,0,2,0,0,0,0,0,0,0,0,0,0,0,2,0,0,0,0,0,0,0,0,0,0,0,0,0,0,0,0,0,0,0,0,0,0,0,0,0,0,0,0,0,0,0,0,2,0,0,0,0,0,0,0,0,0,0,0,0,0,0,0,0,0,0,0,0,0,0,0,2,0,0,2,0,0,2,0,0,2,0,0,2,0,1,0,1,0,0,0,2,2,0,0,2,0,2,0,2,0,2,0,0,0,2,0,2,0,2,1,0,0,0,0,0,0,0,0,0,0,0,0,0,0,0,0,0,0,0,0,1,0,0,0,0,0,0,0,0,0,0,0,0,0,0,0,0,0,0,0,0,0,0,0,0,0,0,1,0,0,0,0,0,1,0,0,0,2,0,0,0,0,0,0,0,0,0,2,0,0,2,0,1,1,2,2,0,0,1,1,0,11.0,11.0
10,032,8,0,8,0,0,8,0,1,0,2,1,4,0,0,2,1,5,0,8,0,0,4,4,0,0,0,0,0,0,0,0,0,0,8,0,0,0,0,0,0,0,0,0,0,0,0,0,0,0,0,0,0,0,0,0,0,0,0,0,0,0,0,0,0,0,0,8,0,0,0,0,0,0,0,0,0,0,0,0,0,0,0,0,0,0,0,0,0,0,0,8,0,0,8,0,0,8,0,0,8,0,1,7,0,0,8,0,0,0,0,8,8,0,3,5,0,8,0,8,2,6,0,0,7,1,0,8,0,8,0,0,0,0,2,0,0,0,0,0,0,0,0,0,0,0,0,1,0,0,0,4,0,0,0,0,0,1,0,0,0,0,2,0,0,0,0,0,0,0,0,0,0,0,0,0,0,0,4,0,0,0,0,0,1,1,0,0,1,0,0,0,0,7,0,0,0,0,4,4,0,8,0,0,8,8,8,0,0,8,0,0,9.5,5.0
10,033,1,0,1,0,0,1,0,0,0,0,0,1,0,0,0,0,1,0,1,0,0,0,1,0,0,0,0,0,0,0,0,0,0,1,0,0,0,0,0,0,0,0,0,0,0,0,0,0,0,0,0,0,0,0,0,0,0,0,0,0,0,0,0,0,0,0,1,0,0,0,0,0,0,0,0,0,0,0,0,0,0,0,0,0,0,0,0,0,0,0,1,0,0,1,0,0,1,0,0,1,0,0,1,0,0,0,1,0,0,0,1,1,0,0,1,0,1,0,1,0,1,0,0,0,1,0,1,0,1,0,0,0,0,0,0,0,0,0,0,0,0,0,0,0,0,0,0,0,0,0,1,0,0,0,0,0,0,0,0,0,0,0,0,0,0,0,0,0,0,0,0,0,0,0,0,0,0,1,0,0,0,0,0,0,0,0,0,1,0,0,0,0,0,0,0,0,0,0,1,0,1,0,1,0,1,1,0,0,0,1,0,1.0,1.0
10,034,3,0,3,0,0,3,0,0,0,0,1,2,0,0,0,1,2,0,3,0,1,1,1,0,0,0,0,0,0,0,0,0,0,1,0,0,0,0,0,0,0,0,0,0,0,0,0,0,2,0,0,0,0,0,0,0,0,0,0,0,0,0,0,0,0,0,0,0,0,0,0,0,0,0,0,0,0,0,0,0,0,3,0,0,0,0,0,0,0,0,3,0,0,3,0,0,3,0,0,3,0,0,3,0,0,3,0,0,0,0,3,3,0,0,3,0,3,0,3,0,3,0,0,3,0,0,3,0,3,0,0,0,0,0,0,0,0,0,0,0,0,0,0,0,0,0,0,0,0,0,2,0,0,0,0,1,0,0,0,0,0,0,0,0,0,0,0,0,0,0,0,0,0,0,0,0,0,2,0,0,0,0,1,0,0,0,0,0,0,3,0,0,0,0,0,0,0,2,1,0,3,0,0,3,3,2,1,0,3,0,0,7.0,0.0
10,035,1,0,1,0,0,1,0,0,0,0,0,1,0,0,0,0,1,0,1,0,0,1,0,0,0,0,0,0,0,0,0,0,0,1,0,0,0,0,0,0,0,0,0,0,0,0,0,0,0,0,0,0,0,0,0,0,0,0,0,0,0,0,0,0,0,1,0,0,0,0,0,0,0,0,0,0,0,0,0,0,0,0,0,0,0,0,0,0,0,0,1,0,0,1,0,0,1,0,0,1,0,0,1,0,0,1,0,0,0,0,1,1,0,1,0,0,1,0,1,1,0,0,0,1,0,0,1,0,1,0,1,0,0,0,0,0,0,0,0,0,0,0,0,0,0,0,0,0,0,0,0,0,0,0,0,0,0,0,0,0,0,0,0,0,0,0,0,0,0,0,0,0,0,0,0,0,0,0,0,0,0,0,0,1,0,0,0,1,0,0,0,0,0,0,0,0,0,1,0,0,1,0,0,1,1,1,0,0,1,0,0,1.0,1.0
10,038,15,2,13,0,0,15,0,2,0,0,0,13,2,0,0,0,13,1,14,0,0,12,3,0,0,0,0,0,0,0,0,0,2,10,0,0,0,0,1,0,0,0,0,0,0,0,0,0,0,0,0,0,0,1,0,1,0,0,0,0,0,0,0,0,0,0,14,0,0,0,0,0,0,0,0,0,0,0,0,0,0,0,0,0,0,0,0,0,1,2,13,0,0,14,1,3,12,0,0,14,1,0,15,0,2,12,1,0,0,0,15,15,0,11,4,4,11,0,15,0,15,0,5,10,0,1,14,0,15,2,0,1,0,0,0,0,0,0,0,0,0,0,0,0,0,0,2,0,0,0,10,0,0,0,0,0,0,0,0,0,0,0,0,0,0,0,0,0,0,0,0,0,0,0,0,0,0,10,0,0,0,0,0,5,0,0,0,1,0,1,0,0,5,8,0,0,0,12,3,0,15,0,1,14,15,15,0,1,13,1,0,37.13333333333333,31.0
10,039,6,1,5,0,0,6,0,0,0,0,0,6,0,0,0,0,6,2,4,0,0,3,3,0,0,0,0,0,0,0,0,0,0,6,0,0,0,0,0,0,0,0,0,0,0,0,0,0,0,0,0,0,0,0,0,0,0,0,0,0,0,0,0,0,0,0,6,0,0,0,0,0,0,0,0,0,0,0,0,0,0,0,0,0,0,0,0,0,0,0,6,0,0,6,0,3,3,0,0,6,0,0,6,0,0,6,0,0,0,0,6,6,0,4,2,1,5,0,6,0,6,0,0,5,1,1,5,0,6,0,0,0,0,0,0,0,0,0,0,0,0,0,0,0,0,0,0,0,0,0,6,0,0,0,0,0,0,0,0,0,0,0,0,0,0,0,0,0,0,0,0,0,0,0,0,0,0,6,0,0,0,0,0,0,0,0,0,1,0,0,0,0,5,0,0,0,0,3,3,0,6,0,0,6,6,6,0,0,6,0,0,33.833333333333336,24.5
11,001,14,0,14,0,0,14,0,1,0,0,1,12,2,0,0,1,11,4,10,0,0,7,7,0,0,0,0,0,0,0,0,0,0,0,14,0,0,0,0,0,0,0,0,0,0,0,0,0,0,0,0,0,0,0,0,0,0,0,0,0,0,0,0,0,0,0,0,14,0,0,0,0,0,0,0,0,0,0,0,0,0,0,0,0,0,0,0,0,0,3,11,0,0,14,0,4,10,0,0,14,0,1,13,0,1,12,1,0,0,0,14,14,0,9,5,0,14,0,14,0,14,0,3,11,0,0,14,0,14,0,0,0,0,0,0,0,0,0,1,0,0,0,1,0,1,0,1,0,0,0,9,0,0,0,0,1,0,1,0,0,0,0,0,0,0,0,0,0,0,0,0,0,0,0,0,1,0,9,0,0,1,0,1,1,0,0,0,11,0,0,0,0,3,0,0,0,0,7,7,1,13,0,1,13,14,13,1,0,13,1,0,34.57142857142857,19.0
11,002,205,7,198,0,7,198,0,6,0,0,71,128,19,0,0,71,115,50,155,0,1,108,95,1,0,0,0,0,0,0,0,0,2,0,197,0,0,0,1,3,0,0,0,0,1,1,0,0,0,0,0,0,0,0,0,0,0,0,0,0,0,0,0,0,0,0,0,199,0,0,0,0,3,0,0,0,0,0,3,0,0,0,0,0,0,0,0,0,0,9,196,0,2,203,0,41,164,0,2,203,0,2,203,0,4,121,80,0,0,0,205,205,0,122,83,22,183,0,205,0,205,0,16,188,1,11,194,0,205,11,1,0,0,0,0,0,0,0,0,0,0,0,2,1,5,1,6,0,0,3,103,0,0,1,0,69,2,0,0,0,0,0,0,0,0,0,0,0,0,0,0,0,0,0,0,0,0,103,0,1,0,0,69,30,2,0,0,205,0,0,0,0,0,0,0,0,0,110,95,11,194,0,80,125,205,136,69,5,120,80,0,43.141463414634146,42.0
11,003,5,0,5,0,0,5,0,0,0,0,0,5,3,0,0,0,2,1,4,0,0,3,2,0,0,0,0,0,0,0,0,0,0,0,5,0,0,0,0,0,0,0,0,0,0,0,0,0,0,0,0,0,0,0,0,0,0,0,0,0,0,0,0,0,0,0,0,4,0,0,0,0,0,0,0,0,0,0,1,0,0,0,0,0,0,0,0,0,0,0,5,0,0,5,0,0,5,0,0,5,0,0,5,0,3,1,1,0,0,0,5,5,0,3,2,0,5,0,5,0,5,0,1,4,0,0,5,0,5,0,0,0,0,0,0,0,0,0,0,0,0,0,0,0,1,0,0,0,0,2,2,0,0,0,0,0,0,0,0,0,0,0,0,0,0,0,0,0,0,0,0,0,0,0,0,0,0,2,0,0,0,0,0,3,0,0,0,5,0,0,0,0,0,0,0,0,0,3,2,0,5,0,1,4,5,5,0,0,4,1,0,39.4,47.0
11,004,19,0,19,0,0,19,0,2,0,0,2,15,4,0,0,2,13,0,19,0,0,8,11,0,0,0,0,0,0,0,0,0,1,0,12,0,0,0,0,0,0,0,1,0,0,4,0,0,0,0,0,0,0,1,0,0,0,0,0,0,0,0,0,0,0,2,0,2,0,0,0,0,0,0,0,0,0,0,15,0,0,0,0,0,0,0,0,0,0,0,19,0,0,19,0,0,19,0,0,19,0,0,19,0,2,8,9,0,0,0,19,19,0,4,15,1,18,0,19,0,19,0,6,13,0,0,19,0,19,2,0,0,0,0,0,0,0,0,0,0,0,0,0,0,1,0,2,0,0,1,11,0,0,0,0,1,1,0,0,0,0,0,0,0,0,0,0,0,0,0,0,0,0,0,0,0,0,11,0,0,0,0,1,6,1,0,0,16,0,0,0,0,2,0,1,0,0,8,11,1,18,0,9,10,19,18,1,1,9,9,0,36.0,29.0
11,005,6,0,6,0,0,6,0,1,0,0,1,4,1,0,0,1,4,0,6,0,0,4,2,0,0,0,0,0,0,0,0,0,0,0,4,0,0,0,1,0,0,0,0,0,0,1,0,0,0,0,0,0,0,0,0,0,0,1,0,0,0,0,0,0,0,0,0,0,0,0,0,0,0,0,0,0,0,0,5,0,0,0,0,0,0,0,0,0,0,0,6,0,0,6,0,1,5,0,0,6,0,0,6,0,0,3,3,0,0,0,6,6,0,1,5,0,6,0,6,0,6,0,1,5,0,0,6,0,6,1,0,0,0,0,0,0,0,0,0,0,0,0,0,0,0,0,1,0,0,0,3,0,0,0,0,1,0,0,0,0,0,0,0,0,0,0,0,0,0,0,0,0,0,0,0,0,0,3,0,0,0,0,1,2,0,0,0,6,0,0,0,0,0,0,0,0,0,4,2,0,6,0,3,3,6,5,1,0,3,3,0,62.0,66.5
11,007,94,4,90,0,1,93,0,3,0,2,66,23,6,0,2,66,20,8,86,0,2,62,30,0,0,0,0,0,0,0,0,0,1,0,89,0,1,1,1,0,1,0,0,0,0,0,0,0,0,0,0,0,0,0,0,0,0,0,0,0,0,0,0,0,0,7,0,81,0,0,0,0,0,0,0,0,0,0,6,0,0,0,0,0,0,0,0,0,0,1,93,0,0,93,1,10,84,0,0,94,0,3,91,0,3,13,78,0,0,0,94,94,0,14,80,18,76,0,94,3,91,0,44,47,3,0,94,0,94,4,0,0,0,2,0,0,0,0,0,0,0,0,1,0,2,0,3,0,0,0,16,0,0,0,0,66,0,0,0,0,0,2,0,0,0,0,0,0,0,0,0,0,0,0,0,0,0,16,0,0,0,0,66,10,0,0,0,93,0,0,0,0,0,0,1,0,0,64,30,7,87,0,78,16,94,28,66,0,16,78,0,36.08510638297872,33.0
11,008,4,0,4,0,0,4,0,0,0,0,0,4,1,0,0,0,3,3,1,0,0,1,3,0,0,0,0,0,0,0,0,0,0,0,4,0,0,0,0,0,0,0,0,0,0,0,0,0,0,0,0,0,0,0,0,0,0,0,0,0,0,0,0,0,0,0,0,4,0,0,0,0,0,0,0,0,0,0,0,0,0,0,0,0,0,0,0,0,0,0,4,0,0,4,0,3,1,0,0,4,0,2,2,0,0,3,1,0,0,0,4,4,0,3,1,1,3,0,4,0,4,0,2,2,0,2,2,0,4,1,0,0,0,0,0,0,0,0,0,0,0,0,0,0,0,0,0,0,0,0,3,0,0,0,0,0,0,0,0,0,0,0,0,0,0,0,0,0,0,0,0,0,0,0,0,0,0,3,0,0,0,0,0,1,0,0,0,4,0,0,0,0,0,0,0,0,0,1,3,0,4,0,1,3,4,4,0,0,3,1,0,59.0,51.0
11,009,4,0,4,0,0,4,0,0,0,0,0,4,1,0,0,0,3,1,3,0,0,2,2,0,0,0,0,0,0,0,0,0,0,0,4,0,0,0,0,0,0,0,0,0,0,0,0,0,0,0,0,0,0,0,0,0,0,1,0,0,0,0,0,0,0,1,0,2,0,0,0,0,0,0,0,0,0,0,0,0,0,0,0,0,0,0,0,0,0,0,4,0,0,4,0,0,4,0,0,4,0,0,4,0,1,2,1,0,0,0,4,4,0,2,2,0,4,0,4,0,4,0,0,4,0,1,3,0,4,0,0,1,0,0,0,0,0,0,1,0,0,0,0,0,1,0,0,0,0,0,1,0,0,0,0,0,0,0,0,0,0,0,0,0,0,0,0,0,0,0,0,0,0,0,0,0,0,1,0,0,0,0,0,3,0,0,0,4,0,0,0,0,0,0,0,0,0,2,2,0,4,0,1,3,4,4,0,1,2,1,0,43.75,45.0
11,010,9,0,9,0,4,5,0,1,0,0,1,7,0,0,0,1,8,5,4,0,0,5,4,0,0,0,0,0,0,0,0,0,0,0,8,0,0,0,0,1,0,0,0,0,0,0,0,0,0,0,0,0,0,0,0,0,0,0,0,0,0,0,0,0,0,0,0,9,0,0,0,0,0,0,0,0,0,0,0,0,0,0,0,0,0,0,0,0,0,1,8,0,0,8,1,5,4,0,0,8,1,0,9,0,2,6,1,0,0,0,9,9,0,8,1,3,6,0,9,0,9,0,0,9,0,1,8,0,9,0,0,0,0,0,0,0,0,0,0,0,0,0,0,0,0,0,1,0,0,0,7,0,0,0,0,0,1,0,0,0,0,0,0,0,0,0,0,0,0,0,0,0,0,0,0,0,0,7,0,0,0,0,0,1,1,0,0,9,0,0,0,0,0,0,0,0,0,5,4,1,8,0,1,8,9,9,0,0,8,1,0,69.22222222222223,74.0
11,011,8,1,7,0,0,8,0,0,0,0,2,6,0,0,0,2,6,0,8,0,0,4,4,0,0,0,0,0,0,0,0,0,0,0,7,0,0,0,1,0,0,0,0,0,0,0,0,0,0,0,0,0,0,0,0,0,0,0,0,0,0,0,0,0,0,1,0,4,0,0,0,0,0,0,0,1,0,0,2,0,0,0,0,0,0,0,0,0,0,0,8,0,0,8,0,2,6,0,0,8,0,1,7,0,1,0,7,0,0,0,8,8,0,1,7,1,7,0,8,1,7,0,4,4,0,0,8,0,8,0,0,0,0,0,0,0,0,0,0,0,0,0,0,0,0,0,0,0,0,0,6,0,0,0,0,2,0,0,0,0,0,0,0,0,0,0,0,0,0,0,0,0,0,0,0,0,0,6,0,0,0,0,2,0,0,0,0,8,0,0,0,0,0,0,0,0,0,4,4,0,8,0,7,1,8,6,2,1,0,7,0,42.5,39.5
11,012,7,0,7,0,0,7,0,1,0,0,0,6,0,0,0,0,7,2,5,0,0,4,3,0,0,0,0,0,0,0,0,0,0,0,7,0,0,0,0,0,0,0,0,0,0,0,0,0,0,0,0,0,0,0,0,0,0,0,0,0,0,0,0,0,0,0,0,7,0,0,0,0,0,0,0,0,0,0,0,0,0,0,0,0,0,0,0,0,0,0,7,0,0,7,0,1,6,0,1,6,0,2,5,0,0,7,0,0,0,0,7,7,0,2,5,1,6,0,7,1,6,0,1,6,0,1,6,0,7,0,0,0,0,0,0,0,0,0,0,0,0,0,0,0,0,0,1,0,0,0,6,0,0,0,0,0,0,0,0,0,0,0,0,0,0,0,0,0,0,0,0,0,0,0,0,0,0,6,0,0,0,0,0,1,0,0,0,5,0,0,0,0,2,0,0,0,0,4,3,0,7,0,0,7,7,7,0,0,7,0,0,29.857142857142858,19.0
11,014,10,1,9,0,1,9,0,0,0,0,4,6,0,0,0,4,6,1,9,0,1,5,4,0,0,0,0,0,0,0,0,0,0,0,10,0,0,0,0,0,0,0,0,0,0,0,0,0,0,0,0,0,0,0,0,0,0,0,0,0,0,0,0,0,0,1,0,9,0,0,0,0,0,0,0,0,0,0,0,0,0,0,0,0,0,0,0,0,0,0,10,0,0,9,1,2,8,0,0,9,1,0,10,0,0,6,4,0,0,0,10,10,0,3,7,0,10,0,10,1,9,0,4,6,0,0,10,0,10,0,0,0,0,0,0,0,0,0,1,0,0,0,0,0,0,0,0,0,0,0,5,0,0,0,0,4,0,0,0,0,0,0,0,0,0,0,0,0,0,0,0,0,0,0,0,0,0,5,0,0,0,0,4,1,0,0,0,10,0,0,0,0,0,0,0,0,0,6,4,1,9,0,4,6,10,6,4,0,6,4,0,41.5,33.0
11,015,125,7,118,0,5,120,0,8,0,1,50,66,14,0,1,50,60,24,101,0,2,55,68,0,0,0,0,0,0,0,0,0,0,0,118,0,0,1,1,0,0,0,0,0,1,2,0,2,0,0,0,0,0,0,0,0,0,0,0,0,0,0,0,0,0,0,0,106,0,0,0,0,1,0,0,0,0,0,18,0,0,0,0,0,0,0,0,0,0,15,110,0,0,125,0,25,100,0,0,125,0,3,122,0,4,64,57,0,0,0,125,125,0,43,82,17,108,0,125,2,123,0,44,81,0,2,123,0,125,9,0,0,0,1,0,0,1,0,0,0,0,0,0,1,2,0,8,0,0,2,50,0,0,0,1,47,3,0,0,0,0,1,0,0,0,0,0,0,0,0,0,0,1,0,0,0,0,50,0,0,0,0,47,23,3,0,0,109,0,0,0,0,12,0,4,0,0,57,68,19,106,0,57,68,125,78,47,2,66,57,0,45.424,49.0
11,017,610,18,592,0,22,588,0,19,1,10,347,233,36,1,10,347,216,80,530,0,9,327,274,0,0,0,1,0,1,0,0,0,0,1,588,0,0,2,4,6,0,0,1,1,1,2,0,0,0,0,0,1,0,0,0,1,0,0,0,0,0,0,0,0,0,1,0,603,0,0,1,0,1,0,0,0,0,1,3,0,0,0,0,0,0,0,0,0,0,16,594,0,0,610,0,84,526,0,0,610,0,6,604,0,13,214,383,0,0,0,610,610,0,25,585,52,558,0,610,47,563,0,56,554,0,24,586,0,610,14,0,18,0,10,0,0,0,0,2,1,0,0,9,6,21,1,19,0,1,1,155,1,3,1,0,344,3,0,0,4,0,10,0,0,0,0,0,1,0,0,5,0,0,0,0,0,0,155,1,1,0,0,344,86,3,0,0,33,0,1,0,0,574,0,2,0,0,336,274,45,565,0,383,227,610,266,344,5,222,383,0,33.80327868852459,32.0
11,018,3,0,3,0,0,3,0,0,0,0,2,1,1,0,0,2,0,0,3,0,1,0,2,0,0,0,0,0,0,0,0,0,0,0,3,0,0,0,0,0,0,0,0,0,0,0,0,0,0,0,0,0,0,0,0,0,0,0,0,0,0,0,0,0,0,0,0,3,0,0,0,0,0,0,0,0,0,0,0,0,0,0,0,0,0,0,0,0,0,1,2,0,0,3,0,0,3,0,0,3,0,0,3,0,1,0,2,0,0,0,3,3,0,1,2,1,2,0,3,1,2,0,2,1,0,0,3,0,3,0,0,0,0,0,0,0,0,0,0,0,0,0,0,0,1,0,0,0,0,0,0,0,0,0,0,2,0,0,0,0,0,0,0,0,0,0,0,0,0,0,0,0,0,0,0,0,0,0,0,0,0,0,2,1,0,0,0,2,0,0,0,0,1,0,0,0,0,1,2,0,3,0,2,1,3,1,2,1,0,2,0,44.333333333333336,25.0
11,019,21,1,20,0,1,20,0,0,0,0,3,18,1,0,0,3,17,3,18,0,0,7,14,0,0,0,0,0,0,0,0,0,0,0,20,0,0,0,0,0,0,0,0,0,0,0,0,0,0,0,0,0,0,0,0,0,1,0,0,0,0,0,0,0,0,0,0,18,0,0,0,0,0,0,0,0,0,0,3,0,0,0,0,0,0,0,0,0,0,3,18,0,0,21,0,4,17,0,0,21,0,2,19,0,1,17,3,0,0,1,20,20,1,16,5,0,21,0,21,0,21,0,0,21,0,1,20,0,21,1,0,0,0,0,0,0,0,0,0,0,0,0,0,1,0,0,0,0,0,0,16,0,0,0,0,2,1,0,0,0,0,0,0,0,0,0,0,0,0,0,0,0,0,0,0,0,0,16,0,0,0,0,2,2,1,0,0,21,0,0,0,0,0,0,0,0,0,7,14,1,20,0,3,18,21,19,2,0,18,3,0,54.857142857142854,63.0
11,020,1204,71,1133,0,43,1161,0,41,0,6,694,463,92,0,6,694,412,134,1070,0,14,639,551,0,1,1,0,0,0,0,2,0,28,3,1096,4,1,9,15,17,0,0,0,3,0,1,0,5,1,1,2,7,1,1,0,3,2,3,0,0,0,0,1,0,0,7,0,1179,0,1,1,0,4,0,0,1,0,1,3,0,3,0,0,0,0,0,0,0,0,32,1172,0,1,1193,10,185,1019,0,3,1192,9,49,1155,0,50,340,814,0,0,1,1203,1202,2,266,938,128,1076,0,1204,31,1173,0,352,847,5,41,1163,0,1204,54,2,12,1,6,0,1,1,0,3,1,0,0,19,7,24,0,41,0,4,10,322,0,2,0,0,681,13,3,3,6,0,6,0,0,0,0,1,1,0,0,5,0,1,0,0,3,0,322,0,2,1,0,681,156,13,0,0,528,1,2,0,0,511,0,162,0,0,653,551,65,1139,0,814,390,1204,523,681,31,359,814,0,34.602159468438536,32.0
11,022,3,0,3,0,0,3,0,0,0,0,2,1,1,0,0,2,0,2,1,0,0,0,3,0,0,0,0,0,0,0,0,0,0,0,2,0,1,0,0,0,0,0,0,0,0,0,0,0,0,0,0,0,0,0,0,0,0,0,0,0,0,0,0,0,0,0,0,2,0,0,1,0,0,0,0,0,0,0,0,0,0,0,0,0,0,0,0,0,0,0,3,0,0,3,0,1,2,0,0,3,0,1,2,0,0,2,1,0,0,0,3,3,0,2,1,0,3,0,3,0,3,0,0,2,1,0,3,0,3,1,0,0,0,0,0,0,0,0,0,0,0,0,0,0,0,0,0,0,0,0,0,0,0,0,0,1,1,0,0,0,0,0,0,0,0,0,0,0,0,0,0,0,0,0,0,0,0,0,0,0,0,0,1,1,1,0,0,2,0,0,0,0,0,0,1,0,0,0,3,0,3,0,1,2,3,2,1,0,2,1,0,45.666666666666664,55.0
11,023,41,2,39,0,4,37,0,4,0,0,5,32,7,0,0,5,29,6,35,0,2,10,29,0,0,0,0,0,0,0,0,0,0,0,39,0,0,0,2,0,0,0,0,0,0,0,0,0,0,0,0,0,0,0,0,0,0,0,0,0,0,0,0,0,0,2,0,39,0,0,0,0,0,0,0,0,0,0,0,0,0,0,0,0,0,0,0,0,0,1,40,0,0,41,0,6,35,0,0,41,0,2,39,0,1,36,4,0,0,0,41,41,0,10,31,4,37,0,41,1,40,0,2,39,0,1,40,0,41,5,0,0,0,0,0,0,0,0,0,0,0,0,1,0,2,0,4,0,0,0,24,0,0,0,0,3,2,0,0,0,0,0,0,0,0,0,0,0,0,0,0,0,0,0,0,0,0,24,0,0,0,0,3,12,2,0,0,33,0,0,0,0,8,0,0,0,0,12,29,3,38,0,4,37,41,38,3,1,36,4,0,31.26829268292683,24.0
11,024,2,0,2,0,0,2,0,0,0,0,0,2,0,0,0,0,2,0,2,0,0,0,2,0,0,0,0,0,0,0,0,0,0,0,2,0,0,0,0,0,0,0,0,0,0,0,0,0,0,0,0,0,0,0,0,0,0,0,0,0,0,0,0,0,0,0,0,2,0,0,0,0,0,0,0,0,0,0,0,0,0,0,0,0,0,0,0,0,0,0,2,0,0,2,0,0,2,0,0,2,0,0,2,0,1,1,0,0,0,0,2,2,0,2,0,0,2,0,2,0,2,0,0,2,0,1,1,0,2,0,0,0,0,0,0,0,0,0,0,0,0,0,0,0,0,0,0,0,0,0,2,0,0,0,0,0,0,0,0,0,0,0,0,0,0,0,0,0,0,0,0,0,0,0,0,0,0,2,0,0,0,0,0,0,0,0,0,2,0,0,0,0,0,0,0,0,0,0,2,0,2,0,0,2,2,2,0,0,2,0,0,75.0,75.0
11,025,10,0,10,0,1,9,0,2,0,0,4,4,2,0,0,4,4,0,9,1,0,4,6,0,0,0,0,0,0,0,0,0,0,0,9,0,0,1,0,0,0,0,0,0,0,0,0,0,0,0,0,0,0,0,0,0,0,0,0,0,0,0,0,0,0,1,0,7,0,0,1,0,0,0,0,0,0,1,0,0,0,0,0,0,0,0,0,0,0,0,10,0,0,10,0,1,9,0,0,9,1,1,9,0,1,3,6,0,0,0,10,10,0,3,7,2,8,0,10,0,9,1,6,4,0,0,10,0,10,0,0,0,0,0,0,0,0,0,0,0,0,0,0,0,1,0,2,0,0,0,3,0,0,0,0,4,0,1,0,0,0,0,0,0,0,0,0,0,0,0,0,0,0,0,0,0,0,3,0,0,0,0,4,2,0,0,0,7,0,1,0,0,0,0,1,1,0,4,6,0,10,0,6,4,10,6,4,0,4,6,0,33.0,30.5
11,026,5,0,5,0,1,4,0,0,0,0,2,3,1,0,0,2,2,0,5,0,0,2,3,0,0,0,0,0,0,0,0,0,0,0,5,0,0,0,0,0,0,0,0,0,0,0,0,0,0,0,0,0,0,0,0,0,0,0,0,0,0,0,0,0,0,0,0,5,0,0,0,0,0,0,0,0,0,0,0,0,0,0,0,0,0,0,0,0,0,0,5,0,0,5,0,1,4,0,0,5,0,0,5,0,2,1,2,0,0,0,5,5,0,3,2,1,4,0,5,0,5,0,2,3,0,0,5,0,5,1,0,0,0,0,0,0,0,0,0,0,0,0,0,0,0,0,0,0,0,0,2,0,0,0,0,2,0,0,0,0,0,0,0,0,0,0,0,0,0,0,0,0,0,0,0,0,0,2,0,0,0,0,2,1,0,0,0,5,0,0,0,0,0,0,0,0,0,2,3,0,5,0,2,3,5,3,2,3,0,2,0,26.0,27.0
11,027,59,0,59,0,2,57,0,1,0,0,37,21,7,0,0,37,15,10,49,0,1,32,26,0,0,0,0,0,0,0,0,0,0,0,56,0,0,1,1,0,0,0,0,0,0,0,0,0,0,0,0,1,0,0,0,0,0,0,0,0,0,0,0,0,0,1,0,54,0,0,1,0,1,0,0,0,0,0,2,0,0,0,0,0,0,0,0,0,0,2,57,0,0,59,0,10,49,0,0,59,0,0,59,0,2,10,47,0,0,0,59,59,0,5,54,4,55,0,59,2,57,0,4,55,0,1,58,0,59,4,0,0,0,0,0,0,0,0,0,0,0,0,0,0,3,0,1,0,0,0,14,0,0,0,0,37,0,0,0,0,0,0,0,0,0,0,0,0,0,0,1,0,0,0,0,0,0,14,0,0,0,0,37,7,0,0,0,10,0,1,0,0,46,0,1,1,0,33,26,2,57,0,47,12,59,22,37,1,11,47,0,40.71186440677966,41.0
11,028,18,0,18,0,1,17,0,3,0,0,3,12,1,0,0,3,14,3,15,0,0,9,9,0,0,0,0,0,0,0,0,0,0,0,16,0,0,0,1,0,0,0,0,0,0,1,0,0,0,0,0,0,0,0,0,0,0,0,0,0,0,0,1,0,0,1,0,9,0,0,0,0,1,0,0,0,0,0,5,0,1,0,0,0,0,0,0,0,0,0,18,0,0,18,0,2,16,0,0,18,0,0,18,0,2,9,7,0,0,0,18,18,0,5,13,2,16,0,18,0,18,0,5,13,0,0,18,0,18,0,0,0,0,0,0,0,0,0,0,0,0,0,0,0,1,0,3,0,0,0,11,0,0,0,0,3,0,0,0,0,0,0,0,0,0,0,0,0,0,0,0,0,0,0,0,0,0,11,0,0,0,0,3,4,0,0,0,16,0,1,0,0,0,0,1,0,0,9,9,0,18,0,7,11,18,15,3,2,9,7,0,37.77777777777778,34.0
11,029,9,1,8,0,0,9,0,0,0,0,2,7,2,0,0,2,5,2,7,0,0,3,6,0,0,0,0,0,0,0,0,0,0,0,9,0,0,0,0,0,0,0,0,0,0,0,0,0,0,0,0,0,0,0,0,0,0,0,0,0,0,0,0,0,0,0,0,9,0,0,0,0,0,0,0,0,0,0,0,0,0,0,0,0,0,0,0,0,0,2,7,0,0,9,0,4,5,0,0,9,0,0,9,0,0,7,2,0,0,0,9,9,0,6,3,1,8,0,9,0,9,0,1,8,0,0,9,0,9,2,0,0,0,0,0,0,0,0,0,0,0,0,0,0,0,0,0,0,0,0,5,0,0,0,0,2,0,0,0,0,0,0,0,0,0,0,0,0,0,0,0,0,0,0,0,0,0,5,0,0,0,0,2,2,0,0,0,8,0,0,0,0,0,0,1,0,0,3,6,0,9,0,2,7,9,7,2,0,7,2,0,64.11111111111111,64.0
11,030,9,0,9,0,1,8,0,2,0,0,1,6,0,0,0,1,8,3,6,0,0,3,6,0,0,0,0,0,0,0,0,0,0,0,8,0,0,0,0,0,0,0,0,0,0,0,0,1,0,0,0,0,0,0,0,0,0,0,0,0,0,0,0,0,0,0,0,5,0,0,1,0,0,0,0,0,0,0,0,0,3,0,0,0,0,0,0,0,0,0,9,0,0,9,0,2,7,0,0,9,0,1,8,0,0,7,2,0,0,0,9,9,0,6,3,0,9,0,9,0,9,0,3,6,0,1,8,0,9,0,0,0,0,0,0,0,0,0,0,0,0,0,0,0,0,0,2,0,0,0,6,0,0,0,0,1,0,0,0,0,0,0,0,0,0,0,0,0,0,0,0,0,0,0,0,0,0,6,0,0,0,0,1,2,0,0,0,9,0,0,0,0,0,0,0,0,0,3,6,1,8,0,2,7,9,8,1,0,7,2,0,39.0,45.0
11,031,14,0,14,0,0,14,0,0,0,0,2,12,3,0,0,2,9,2,12,0,0,7,7,0,0,0,0,0,0,0,0,0,0,0,12,0,0,1,0,0,0,0,0,1,0,0,0,0,0,0,0,0,0,0,0,0,0,0,0,0,0,0,0,0,0,0,0,13,0,0,1,0,0,0,0,0,0,0,0,0,0,0,0,0,0,0,0,0,0,1,13,0,0,14,0,4,10,0,1,13,0,2,12,0,1,10,3,0,0,0,14,14,0,8,6,1,13,0,14,0,14,0,6,8,0,1,13,0,14,2,0,0,0,0,0,0,0,0,0,0,0,0,0,0,1,0,0,0,0,0,9,0,0,0,0,2,0,0,0,0,0,0,0,0,0,0,0,0,0,0,0,0,0,0,0,0,0,9,0,0,0,0,2,3,0,0,0,7,0,0,0,0,4,0,3,0,0,7,7,1,13,0,3,11,14,12,2,0,11,3,0,27.285714285714285,14.5
11,032,7,0,7,0,0,7,0,2,0,0,0,5,0,0,0,0,7,0,7,0,0,3,4,0,0,0,0,0,0,0,0,0,0,0,6,0,0,0,0,0,0,0,0,0,0,1,0,0,0,0,0,0,0,0,0,0,0,0,0,0,0,0,0,0,0,0,0,1,0,0,0,0,0,0,0,0,0,0,6,0,0,0,0,0,0,0,0,0,0,0,7,0,0,7,0,0,7,0,0,7,0,1,6,0,0,6,1,0,0,0,7,7,0,2,5,1,6,0,7,0,7,0,2,5,0,0,7,0,7,0,0,0,0,0,0,0,0,0,0,0,0,0,0,0,0,0,2,0,0,0,5,0,0,0,0,0,0,0,0,0,0,0,0,0,0,0,0,0,0,0,0,0,0,0,0,0,0,5,0,0,0,0,0,2,0,0,0,4,0,0,0,0,1,0,2,0,0,3,4,0,7,0,1,6,7,7,0,0,6,1,0,42.57142857142857,29.0
11,033,132,4,128,0,3,129,0,1,0,0,88,43,12,0,0,88,32,19,113,0,1,72,59,0,0,0,0,0,0,0,0,0,1,0,125,0,0,0,2,1,0,0,0,0,0,1,0,1,0,0,0,1,0,0,0,0,0,0,0,0,0,0,0,0,0,1,0,127,0,0,0,0,0,0,0,1,0,0,3,0,0,0,0,0,0,0,0,0,0,11,121,0,3,128,1,15,117,0,3,128,1,2,130,0,3,32,97,0,0,0,132,132,0,23,109,7,124,1,132,1,131,0,23,109,0,2,130,0,132,6,0,0,0,0,0,1,0,0,0,0,0,0,1,0,6,0,1,0,0,0,29,0,0,0,0,88,0,0,0,0,0,0,0,0,0,0,0,0,0,0,0,0,0,0,0,0,0,29,0,0,0,0,88,15,0,0,0,129,1,0,0,0,1,0,1,0,0,73,59,3,129,0,97,35,132,44,88,0,35,97,0,32.11363636363637,29.5
11,034,1,0,1,0,0,1,0,0,0,0,0,1,0,0,0,0,1,0,1,0,0,0,1,0,0,0,0,0,0,0,0,0,0,0,1,0,0,0,0,0,0,0,0,0,0,0,0,0,0,0,0,0,0,0,0,0,0,0,0,0,0,0,0,0,0,1,0,0,0,0,0,0,0,0,0,0,0,0,0,0,0,0,0,0,0,0,0,0,0,0,1,0,0,1,0,0,1,0,0,1,0,0,1,0,0,1,0,0,0,0,1,1,0,1,0,0,1,0,1,1,0,0,0,1,0,0,1,0,1,0,0,0,0,0,0,0,0,0,0,0,0,0,1,0,0,0,0,0,0,0,0,0,0,0,0,0,0,0,0,0,0,0,0,0,0,0,0,0,0,0,0,0,0,0,0,0,0,0,0,0,0,0,0,1,0,0,0,1,0,0,0,0,0,0,0,0,0,0,1,0,1,0,0,1,1,1,0,0,1,0,0,7.0,7.0
11,035,4,0,4,0,0,4,0,0,0,0,0,4,0,0,0,0,4,0,4,0,0,1,3,0,0,0,0,0,0,0,0,0,0,0,4,0,0,0,0,0,0,0,0,0,0,0,0,0,0,0,0,0,0,0,0,0,0,0,0,0,0,0,0,0,0,3,0,1,0,0,0,0,0,0,0,0,0,0,0,0,0,0,0,0,0,0,0,0,0,0,4,0,0,4,0,0,4,0,0,4,0,0,4,0,0,4,0,0,0,0,4,4,0,3,1,0,4,0,4,1,3,0,1,3,0,0,4,0,4,0,0,0,0,0,0,0,0,0,0,0,0,0,0,0,0,0,0,0,0,0,3,0,1,0,0,0,0,0,0,0,0,0,0,0,0,0,0,0,0,0,1,0,0,0,0,0,0,3,0,0,0,0,0,0,0,0,0,2,0,0,0,0,0,0,2,0,0,1,3,0,4,0,0,4,4,4,0,0,4,0,0,1.5,2.0
11,037,375,4,371,0,1,374,0,7,0,0,333,35,7,0,0,333,35,45,330,0,12,228,135,0,0,0,0,0,0,0,0,0,1,0,369,1,0,0,2,0,0,1,0,1,0,0,0,0,0,0,0,0,0,0,0,0,0,0,0,0,0,0,0,0,0,1,0,374,0,0,0,0,0,0,0,0,0,0,0,0,0,0,0,0,0,0,0,0,0,3,372,0,1,363,11,51,324,0,2,364,9,3,372,0,6,9,360,0,0,0,375,375,0,16,359,31,344,0,375,0,375,0,16,354,5,3,372,0,375,4,0,0,0,0,0,0,1,0,0,0,0,0,0,0,2,0,7,0,0,1,27,0,0,0,0,330,3,0,0,0,0,0,0,0,0,0,0,0,0,0,0,0,0,0,0,0,0,27,0,1,0,0,330,14,3,0,0,371,0,0,0,0,1,0,3,0,0,240,135,3,372,0,360,15,375,45,330,3,12,360,0,29.082666666666668,25.0
11,038,17,2,15,0,1,16,0,4,0,0,1,12,3,0,0,1,13,7,10,0,0,13,4,0,0,0,0,0,0,0,0,0,1,0,16,0,0,0,0,0,0,0,0,0,0,0,0,0,0,0,0,0,0,0,0,0,0,0,0,0,0,0,0,0,0,1,0,16,0,0,0,0,0,0,0,0,0,0,0,0,0,0,0,0,0,0,0,0,0,0,17,0,0,17,0,5,12,0,0,16,1,0,17,0,0,16,1,0,0,0,17,17,0,15,2,3,14,0,17,0,17,0,4,13,0,1,16,0,17,2,0,0,0,0,0,0,0,0,0,0,0,0,0,0,1,0,4,0,0,0,9,0,0,0,0,1,0,0,0,0,0,0,0,0,0,0,0,0,0,0,0,0,0,0,0,0,0,9,0,0,0,0,1,7,0,0,0,17,0,0,0,0,0,0,0,0,0,13,4,0,17,0,1,16,17,16,1,0,16,1,0,53.88235294117647,60.0
11,039,2,0,2,0,0,2,0,0,0,0,0,2,1,0,0,0,1,0,2,0,0,1,1,0,0,0,0,0,0,0,0,0,0,0,2,0,0,0,0,0,0,0,0,0,0,0,0,0,0,0,0,0,0,0,0,0,0,0,0,0,0,0,0,0,0,0,0,2,0,0,0,0,0,0,0,0,0,0,0,0,0,0,0,0,0,0,0,0,0,0,2,0,0,2,0,0,2,0,0,2,0,1,1,0,1,0,1,0,0,0,2,2,0,2,0,0,2,0,2,0,2,0,1,1,0,0,2,0,2,0,0,0,0,0,0,0,0,0,0,0,0,0,0,0,1,0,0,0,0,0,1,0,0,0,0,0,0,0,0,0,0,0,0,0,0,0,0,0,0,0,0,0,0,0,0,0,0,1,0,0,0,0,0,1,0,0,0,2,0,0,0,0,0,0,0,0,0,1,1,0,2,0,1,1,2,2,0,1,0,1,0,52.5,52.5
11,040,3,0,3,0,0,3,0,1,0,0,1,1,0,0,0,1,2,0,3,0,0,2,1,0,0,0,0,0,0,0,0,0,0,0,3,0,0,0,0,0,0,0,0,0,0,0,0,0,0,0,0,0,0,0,0,0,0,0,0,0,0,0,0,0,0,0,0,1,0,0,0,0,0,0,0,0,0,0,2,0,0,0,0,0,0,0,0,0,0,0,3,0,0,3,0,0,3,0,0,3,0,1,2,0,0,1,2,0,0,0,3,3,0,0,3,0,3,0,3,0,3,0,1,2,0,0,3,0,3,0,0,0,0,0,0,0,0,0,0,0,0,0,0,0,0,0,1,0,0,0,1,0,0,0,0,1,0,0,0,0,0,0,0,0,0,0,0,0,0,0,0,0,0,0,0,0,0,1,0,0,0,0,1,1,0,0,0,3,0,0,0,0,0,0,0,0,0,2,1,0,3,0,2,1,3,2,1,0,1,2,0,28.0,32.0
11,041,1,0,1,0,0,1,0,0,0,0,0,1,0,0,0,0,1,0,1,0,0,0,1,0,0,0,0,0,0,0,0,0,0,0,1,0,0,0,0,0,0,0,0,0,0,0,0,0,0,0,0,0,0,0,0,0,0,0,0,0,0,0,0,0,0,0,0,0,0,0,0,0,1,0,0,0,0,0,0,0,0,0,0,0,0,0,0,0,0,0,1,0,0,1,0,0,1,0,0,1,0,0,1,0,0,0,1,0,0,0,1,1,0,0,1,0,1,0,1,0,1,0,0,0,1,0,1,0,1,0,0,0,0,0,0,0,0,0,0,0,0,0,0,0,0,0,0,0,0,0,1,0,0,0,0,0,0,0,0,0,0,0,0,0,0,0,0,0,0,0,0,0,0,0,0,0,0,1,0,0,0,0,0,0,0,0,0,0,0,0,0,0,0,0,1,0,0,0,1,0,1,0,1,0,1,1,0,0,0,1,0,30.0,30.0
11,042,33,1,32,0,1,32,0,1,0,1,24,7,1,0,1,24,7,1,32,0,1,18,14,0,0,0,0,0,0,0,0,0,0,0,31,0,0,0,0,0,0,0,0,0,0,2,0,0,0,0,0,0,0,0,0,0,0,0,0,0,0,0,0,0,0,0,0,31,0,0,0,0,0,0,0,0,0,0,2,0,0,0,0,0,0,0,0,0,0,0,33,0,0,32,1,1,32,0,0,33,0,0,33,0,1,6,26,0,0,0,33,33,0,4,29,2,31,0,33,0,33,0,3,30,0,1,32,0,33,1,0,0,0,1,0,0,0,0,0,0,0,0,0,1,0,0,1,0,0,0,5,0,0,0,0,24,0,0,0,0,0,1,0,0,0,0,0,0,0,0,0,0,0,0,0,0,0,5,0,0,0,0,24,3,0,0,0,30,0,0,0,0,3,0,0,0,0,19,14,1,32,0,26,7,33,9,24,2,5,26,0,33.57575757575758,34.0
11,043,7,0,7,0,0,7,0,1,0,0,1,5,1,0,0,1,5,2,5,0,0,1,6,0,0,0,0,0,0,0,0,0,0,0,7,0,0,0,0,0,0,0,0,0,0,0,0,0,0,0,0,0,0,0,0,0,0,0,0,0,0,0,0,0,0,0,0,5,0,0,0,0,0,0,0,0,0,0,2,0,0,0,0,0,0,0,0,0,0,0,7,0,0,7,0,2,5,0,0,7,0,0,7,0,1,5,1,0,0,0,7,7,0,5,2,2,5,0,7,0,7,0,0,7,0,0,7,0,7,0,0,0,0,0,0,0,0,0,0,0,0,0,0,0,0,0,1,0,0,1,4,0,0,0,0,1,0,0,0,0,0,0,0,0,0,0,0,0,0,0,0,0,0,0,0,0,0,4,0,0,0,0,1,2,0,0,0,7,0,0,0,0,0,0,0,0,0,1,6,0,7,0,1,6,7,6,1,1,5,1,0,62.857142857142854,83.0
11,044,2,0,2,0,0,2,0,0,0,0,0,2,1,0,0,0,1,0,2,0,0,0,2,0,0,0,0,0,0,0,0,0,0,0,2,0,0,0,0,0,0,0,0,0,0,0,0,0,0,0,0,0,0,0,0,0,0,0,0,0,0,0,0,0,0,0,0,0,0,0,0,0,0,0,0,0,0,0,1,0,1,0,0,0,0,0,0,0,0,0,2,0,0,2,0,0,2,0,0,2,0,0,2,0,0,1,1,0,0,0,2,2,0,1,1,0,2,0,2,0,2,0,1,1,0,0,2,0,2,1,0,0,0,0,0,0,0,0,0,0,0,0,0,0,0,0,0,0,0,0,1,0,0,0,0,0,0,0,0,0,0,0,0,0,0,0,0,0,0,0,0,0,0,0,0,0,0,1,0,0,0,0,0,1,0,0,0,1,0,0,0,0,0,0,1,0,0,0,2,0,2,0,1,1,2,2,0,0,1,1,0,24.0,24.0
11,045,3,0,3,0,0,3,0,0,0,0,0,3,0,0,0,0,3,0,3,0,0,0,3,0,0,0,0,0,0,0,0,0,0,0,3,0,0,0,0,0,0,0,0,0,0,0,0,0,0,0,0,0,0,0,0,0,0,0,0,0,0,0,0,0,0,0,0,2,0,0,0,0,0,0,0,0,0,0,1,0,0,0,0,0,0,0,0,0,0,0,3,0,0,3,0,0,3,0,0,3,0,0,3,0,1,2,0,0,0,0,3,3,0,2,1,0,3,0,3,0,3,0,0,3,0,0,3,0,3,0,0,0,0,0,0,0,0,0,0,0,0,0,0,0,0,0,0,0,0,0,3,0,0,0,0,0,0,0,0,0,0,0,0,0,0,0,0,0,0,0,0,0,0,0,0,0,0,3,0,0,0,0,0,0,0,0,0,3,0,0,0,0,0,0,0,0,0,0,3,0,3,0,0,3,3,3,0,0,3,0,0,49.0,61.0
11,046,4,0,4,0,3,1,0,0,0,0,1,3,1,0,0,1,2,0,4,0,0,1,3,0,0,0,0,0,0,0,0,0,0,0,3,0,0,0,0,1,0,0,0,0,0,0,0,0,0,0,0,0,0,0,0,0,0,0,0,0,0,0,0,0,0,0,0,2,0,0,1,0,1,0,0,0,0,0,0,0,0,0,0,0,0,0,0,0,0,0,4,0,0,4,0,1,3,0,0,4,0,1,3,0,0,3,1,0,0,0,4,4,0,2,2,0,4,0,4,0,4,0,1,3,0,1,3,0,4,1,0,0,0,0,0,0,0,0,0,0,0,0,1,0,0,0,0,0,0,0,1,0,0,0,0,1,0,0,0,0,0,0,0,0,0,0,0,0,0,0,0,0,0,0,0,0,0,1,0,0,0,0,1,2,0,0,0,2,0,0,0,0,0,0,2,0,0,1,3,0,4,0,1,3,4,3,1,0,3,1,0,20.5,20.0
12,001,1047,37,1010,0,43,1004,0,92,1,11,103,840,122,1,11,103,810,259,788,0,16,546,484,1,0,0,0,1,0,1,1,1,10,0,4,978,1,0,21,4,4,0,0,14,2,0,1,1,1,0,0,0,0,1,0,0,1,0,0,0,0,1,0,0,0,25,0,0,1015,0,0,3,0,0,0,0,1,1,1,0,0,0,0,0,0,0,0,0,0,54,993,0,2,1029,16,251,796,0,3,1030,14,36,1011,0,26,811,210,0,0,1,1046,1046,1,552,495,56,991,0,1047,67,980,0,194,744,109,57,990,0,1047,92,0,0,1,11,0,0,0,0,1,0,0,0,6,2,6,0,92,0,1,23,703,1,3,0,2,86,17,0,0,1,0,11,0,0,0,0,0,0,0,0,2,0,1,0,0,0,0,703,1,0,1,0,86,224,17,0,2,15,0,441,0,0,365,0,222,2,0,563,484,48,999,0,210,837,1047,961,86,6,831,210,0,43.70487106017192,44.0
12,002,4,0,4,0,1,3,0,0,0,0,0,4,0,0,0,0,4,1,3,0,0,3,1,0,0,0,0,0,0,0,0,0,0,0,0,4,0,0,0,0,0,0,0,0,0,0,0,0,0,0,0,0,0,0,0,0,0,0,0,0,0,0,0,0,0,0,0,0,4,0,0,0,0,0,0,0,0,0,0,0,0,0,0,0,0,0,0,0,0,1,3,0,0,4,0,2,2,0,0,4,0,0,4,0,0,4,0,0,0,0,4,4,0,3,1,0,4,0,4,1,3,0,0,4,0,1,3,0,4,0,0,0,0,0,0,0,0,0,0,0,0,0,0,0,0,0,0,0,0,0,4,0,0,0,0,0,0,0,0,0,0,0,0,0,0,0,0,0,0,0,0,0,0,0,0,0,0,4,0,0,0,0,0,0,0,0,0,4,0,0,0,0,0,0,0,0,0,3,1,0,4,0,0,4,4,4,0,0,4,0,0,40.75,51.0
12,003,4,0,4,0,0,4,0,1,0,0,0,3,0,0,0,0,4,0,4,0,0,4,0,0,0,0,0,0,0,0,0,0,0,0,0,4,0,0,0,0,0,0,0,0,0,0,0,0,0,0,0,0,0,0,0,0,0,0,0,0,0,0,0,0,0,1,0,0,2,0,0,0,1,0,0,0,0,0,0,0,0,0,0,0,0,0,0,0,0,0,4,0,0,4,0,2,2,0,0,4,0,2,2,0,1,2,1,0,0,0,4,4,0,2,2,0,4,0,4,1,3,0,1,3,0,1,3,0,4,0,0,0,0,0,0,0,0,0,0,0,0,0,0,0,0,0,1,0,0,0,3,0,0,0,0,0,0,0,0,0,0,0,0,0,0,0,0,0,0,0,0,0,0,0,0,0,0,3,0,0,0,0,0,1,0,0,0,3,0,1,0,0,0,0,0,0,0,4,0,0,4,0,1,3,4,4,0,0,3,1,0,24.75,17.5
12,004,1,0,1,0,0,1,0,0,0,0,0,1,0,0,0,0,1,1,0,0,0,1,0,0,0,0,0,0,0,0,0,0,0,0,0,1,0,0,0,0,0,0,0,0,0,0,0,0,0,0,0,0,0,0,0,0,0,0,0,0,0,0,0,0,0,1,0,0,0,0,0,0,0,0,0,0,0,0,0,0,0,0,0,0,0,0,0,0,0,0,1,0,0,1,0,0,1,0,0,1,0,0,1,0,0,1,0,0,0,0,1,1,0,0,1,0,1,0,1,1,0,0,0,1,0,0,1,0,1,0,0,0,0,0,0,0,0,0,0,0,0,0,1,0,0,0,0,0,0,0,0,0,0,0,0,0,0,0,0,0,0,0,0,0,0,0,0,0,0,0,0,0,0,0,0,0,0,0,0,0,0,0,0,1,0,0,0,1,0,0,0,0,0,0,0,0,0,1,0,0,1,0,0,1,1,1,0,0,1,0,0,16.0,16.0
12,005,5,1,4,0,0,5,0,0,0,0,0,5,0,0,0,0,5,1,4,0,0,3,2,0,0,0,0,0,0,0,0,0,0,0,0,5,0,0,0,0,0,0,0,0,0,0,0,0,0,0,0,0,0,0,0,0,0,0,0,0,0,0,0,0,0,2,0,0,2,0,0,0,0,0,0,0,0,1,0,0,0,0,0,0,0,0,0,0,0,1,4,0,0,5,0,0,5,0,1,4,0,0,5,0,1,4,0,0,0,0,5,5,0,3,2,0,5,0,5,3,2,0,3,2,0,0,5,0,5,0,0,0,0,0,0,0,0,0,0,0,0,0,0,0,0,0,0,0,0,0,5,0,0,0,0,0,0,0,0,0,0,0,0,0,0,0,0,0,0,0,0,0,0,0,0,0,0,5,0,0,0,0,0,0,0,0,0,2,0,2,0,0,0,0,1,0,0,3,2,0,5,0,0,5,5,5,0,0,5,0,0,19.4,1.0
12,006,2,0,2,0,0,2,0,0,0,0,0,2,0,0,0,0,2,1,1,0,0,2,0,0,0,0,0,0,0,0,0,0,0,0,0,2,0,0,0,0,0,0,0,0,0,0,0,0,0,0,0,0,0,0,0,0,0,0,0,0,0,0,0,0,0,1,0,0,1,0,0,0,0,0,0,0,0,0,0,0,0,0,0,0,0,0,0,0,0,0,2,0,0,2,0,0,2,0,0,2,0,0,2,0,0,2,0,0,0,0,2,2,0,1,1,0,2,0,2,1,1,0,0,2,0,0,2,0,2,0,0,0,0,0,0,0,0,0,0,0,0,0,0,0,0,0,0,0,0,0,2,0,0,0,0,0,0,0,0,0,0,0,0,0,0,0,0,0,0,0,0,0,0,0,0,0,0,2,0,0,0,0,0,0,0,0,0,1,0,1,0,0,0,0,0,0,0,2,0,0,2,0,0,2,2,2,0,0,2,0,0,26.0,26.0
12,007,3,0,3,0,0,3,0,0,0,0,0,3,0,0,0,0,3,0,3,0,0,1,2,0,0,0,0,0,0,0,0,0,0,0,0,3,0,0,0,0,0,0,0,0,0,0,0,0,0,0,0,0,0,0,0,0,0,0,0,0,0,0,0,0,0,1,0,0,1,0,0,1,0,0,0,0,0,0,0,0,0,0,0,0,0,0,0,0,0,0,3,0,0,3,0,0,3,0,0,3,0,1,2,0,0,3,0,0,0,0,3,3,0,1,2,0,3,0,3,1,2,0,0,2,1,0,3,0,3,0,0,0,0,0,0,0,0,0,0,0,0,0,1,0,0,0,0,0,0,0,2,0,0,0,0,0,0,0,0,0,0,0,0,0,0,0,0,0,0,0,0,0,0,0,0,0,0,2,0,0,0,0,0,1,0,0,0,1,0,2,0,0,0,0,0,0,0,1,2,0,3,0,0,3,3,3,0,0,3,0,0,4.333333333333333,5.0
12,008,2,0,2,0,0,2,0,1,0,0,0,1,0,0,0,0,2,0,2,0,0,0,2,0,0,0,0,0,0,0,0,0,0,0,0,2,0,0,0,0,0,0,0,0,0,0,0,0,0,0,0,0,0,0,0,0,0,0,0,0,0,0,0,0,0,1,0,0,1,0,0,0,0,0,0,0,0,0,0,0,0,0,0,0,0,0,0,0,0,0,2,0,0,2,0,1,1,0,0,2,0,0,2,0,0,2,0,0,0,0,2,2,0,0,2,0,2,0,2,0,2,0,0,2,0,0,2,0,2,0,0,0,0,0,0,0,0,0,1,0,0,0,0,0,0,0,1,0,0,0,0,0,0,0,0,0,0,0,0,0,0,0,0,0,0,0,0,0,0,0,0,0,0,0,0,0,0,0,0,0,0,0,0,2,0,0,0,1,0,1,0,0,0,0,0,0,0,0,2,0,2,0,0,2,2,2,0,0,2,0,0,39.5,39.5
12,010,4,0,4,0,0,4,0,0,0,0,0,4,0,0,0,0,4,1,3,0,0,2,2,0,0,0,0,0,0,0,0,0,0,0,0,4,0,0,0,0,0,0,0,0,0,0,0,0,0,0,0,0,0,0,0,0,0,0,0,0,0,0,0,0,0,0,0,0,4,0,0,0,0,0,0,0,0,0,0,0,0,0,0,0,0,0,0,0,0,1,3,0,0,3,1,1,3,0,0,4,0,0,4,0,0,4,0,0,0,0,4,4,0,4,0,0,4,0,4,0,4,0,0,4,0,0,4,0,4,0,0,0,0,0,0,0,0,0,0,0,0,0,0,0,0,0,0,0,0,0,4,0,0,0,0,0,0,0,0,0,0,0,0,0,0,0,0,0,0,0,0,0,0,0,0,0,0,4,0,0,0,0,0,0,0,0,0,4,0,0,0,0,0,0,0,0,0,2,2,0,4,0,0,4,4,4,0,0,4,0,0,50.25,62.5
12,011,14,1,13,0,0,14,0,2,0,0,0,12,1,0,0,0,13,7,7,0,0,9,5,0,0,0,0,0,0,0,0,0,1,0,0,13,0,0,0,0,0,0,0,0,0,0,0,0,0,0,0,0,0,0,0,0,0,0,0,0,0,0,0,0,0,0,0,0,14,0,0,0,0,0,0,0,0,0,0,0,0,0,0,0,0,0,0,0,0,1,13,0,0,14,0,5,9,0,0,14,0,3,11,0,0,14,0,0,0,0,14,14,0,9,5,4,10,0,14,2,12,0,3,11,0,3,11,0,14,1,0,0,0,0,0,0,0,0,0,0,0,0,0,0,0,0,2,0,0,0,11,0,0,0,0,0,0,0,0,0,0,0,0,0,0,0,0,0,0,0,0,0,0,0,0,0,0,11,0,0,0,0,0,3,0,0,0,0,0,5,0,0,6,0,3,0,0,9,5,0,14,0,0,14,14,14,0,0,14,0,0,54.785714285714285,58.5
12,012,7,0,7,0,0,7,0,0,0,0,0,7,1,0,0,0,6,1,6,0,0,5,2,0,0,0,0,0,0,0,0,0,1,0,0,6,0,0,0,0,0,0,0,0,0,0,0,0,0,0,0,0,0,0,0,0,0,0,0,0,0,0,0,0,0,3,0,0,4,0,0,0,0,0,0,0,0,0,0,0,0,0,0,0,0,0,0,0,0,0,7,0,0,6,1,0,7,0,0,7,0,0,7,0,0,7,0,0,0,0,7,7,0,5,2,0,7,0,7,3,4,0,1,6,0,0,7,0,7,0,0,0,1,0,0,0,0,0,1,0,0,0,1,0,0,0,0,0,0,0,4,0,0,0,0,0,0,0,0,0,0,0,0,0,0,0,0,0,0,0,0,0,0,0,0,0,0,4,0,0,0,0,0,3,0,0,0,4,0,3,0,0,0,0,0,0,0,5,2,0,7,0,0,7,7,7,0,0,7,0,0,15.714285714285714,10.0
12,013,3,0,3,0,0,3,0,0,0,0,0,3,0,0,0,0,3,1,2,0,0,1,2,0,0,0,0,0,0,0,0,0,0,0,0,3,0,0,0,0,0,0,0,0,0,0,0,0,0,0,0,0,0,0,0,0,0,0,0,0,0,0,0,0,0,1,0,0,2,0,0,0,0,0,0,0,0,0,0,0,0,0,0,0,0,0,0,0,0,0,3,0,0,3,0,1,2,0,0,3,0,0,3,0,1,2,0,0,0,0,3,3,0,2,1,0,3,0,3,0,3,0,0,3,0,0,3,0,3,0,0,0,0,0,0,0,0,0,0,0,0,0,0,0,0,0,0,0,0,0,3,0,0,0,0,0,0,0,0,0,0,0,0,0,0,0,0,0,0,0,0,0,0,0,0,0,0,3,0,0,0,0,0,0,0,0,0,1,0,1,0,0,0,0,1,0,0,1,2,0,3,0,0,3,3,3,0,2,1,0,0,37.666666666666664,40.0
12,014,3,1,2,0,0,3,0,0,0,0,0,3,0,0,0,0,3,2,1,0,0,2,1,0,0,0,0,0,0,0,0,0,0,0,0,3,0,0,0,0,0,0,0,0,0,0,0,0,0,0,0,0,0,0,0,0,0,0,0,0,0,0,0,0,0,0,0,0,3,0,0,0,0,0,0,0,0,0,0,0,0,0,0,0,0,0,0,0,0,1,2,0,0,2,1,2,1,0,0,3,0,0,3,0,0,3,0,0,0,0,3,3,0,3,0,0,3,0,3,0,3,0,2,1,0,2,1,0,3,0,0,0,0,0,0,0,0,0,0,0,0,0,0,0,0,0,0,0,0,0,3,0,0,0,0,0,0,0,0,0,0,0,0,0,0,0,0,0,0,0,0,0,0,0,0,0,0,3,0,0,0,0,0,0,0,0,0,0,0,1,0,0,0,0,2,0,0,2,1,0,3,0,0,3,3,3,0,0,3,0,0,66.33333333333333,73.0
12,015,2,0,2,0,1,1,0,0,0,0,1,1,1,0,0,1,0,1,1,0,0,2,0,0,0,0,0,0,0,0,0,0,0,0,0,2,0,0,0,0,0,0,0,0,0,0,0,0,0,0,0,0,0,0,0,0,0,0,0,0,0,0,0,0,0,0,0,0,2,0,0,0,0,0,0,0,0,0,0,0,0,0,0,0,0,0,0,0,0,0,2,0,1,1,0,2,0,0,1,1,0,0,2,0,0,1,1,0,0,0,2,2,0,1,1,1,1,0,2,0,2,0,0,2,0,0,2,0,2,1,0,0,0,0,0,0,0,0,0,0,0,0,0,0,0,0,0,0,0,0,0,0,0,0,0,1,0,0,0,0,0,0,0,0,0,0,0,0,0,0,0,0,0,0,0,0,0,0,0,0,0,0,1,1,0,0,0,1,0,1,0,0,0,0,0,0,0,2,0,0,2,0,1,1,2,1,1,0,1,1,0,72.5,72.5
12,016,1,0,1,0,0,1,0,0,0,0,0,1,0,0,0,0,1,0,1,0,0,0,1,0,0,0,0,0,0,0,0,0,0,0,0,1,0,0,0,0,0,0,0,0,0,0,0,0,0,0,0,0,0,0,0,0,0,0,0,0,0,0,0,0,0,0,0,0,0,0,0,0,1,0,0,0,0,0,0,0,0,0,0,0,0,0,0,0,0,0,1,0,0,1,0,0,1,0,0,1,0,0,1,0,0,1,0,0,0,0,1,1,0,1,0,0,1,0,1,0,1,0,0,1,0,0,1,0,1,0,0,0,0,0,0,0,0,0,0,0,0,0,1,0,0,0,0,0,0,0,0,0,0,0,0,0,0,0,0,0,0,0,0,0,0,0,0,0,0,0,0,0,0,0,0,0,0,0,0,0,0,0,0,1,0,0,0,1,0,0,0,0,0,0,0,0,0,0,1,0,1,0,0,1,1,1,0,0,1,0,0,2.0,2.0
12,017,5,0,5,0,0,5,0,0,0,0,0,5,1,0,0,0,4,2,3,0,0,2,3,0,0,0,0,0,0,0,0,0,0,0,0,5,0,0,0,0,0,0,0,0,0,0,0,0,0,0,0,0,0,0,0,0,0,0,0,0,0,0,0,0,0,1,0,0,4,0,0,0,0,0,0,0,0,0,0,0,0,0,0,0,0,0,0,0,0,0,5,0,0,5,0,0,5,0,0,5,0,2,3,0,0,5,0,0,0,0,5,5,0,0,5,0,5,0,5,0,5,0,0,5,0,0,5,0,5,0,0,0,0,0,0,0,0,0,0,0,0,0,0,0,0,0,0,0,0,1,4,0,0,0,0,0,0,0,0,0,0,0,0,0,0,0,0,0,0,0,0,0,0,0,0,0,0,4,0,0,0,0,0,1,0,0,0,1,0,3,0,0,1,0,0,0,0,2,3,0,5,0,0,5,5,5,0,0,5,0,0,20.4,20.0
12,018,2,0,2,0,0,2,0,0,0,0,0,2,0,0,0,0,2,1,1,0,0,0,2,0,0,0,0,0,0,0,0,0,0,0,0,2,0,0,0,0,0,0,0,0,0,0,0,0,0,0,0,0,0,0,0,0,0,0,0,0,0,0,0,0,0,0,0,0,2,0,0,0,0,0,0,0,0,0,0,0,0,0,0,0,0,0,0,0,0,0,2,0,0,2,0,0,2,0,0,2,0,0,2,0,0,2,0,0,0,0,2,2,0,2,0,0,2,0,2,0,2,0,0,2,0,0,2,0,2,0,0,0,0,0,0,0,0,0,0,0,0,0,0,0,0,0,0,0,0,0,2,0,0,0,0,0,0,0,0,0,0,0,0,0,0,0,0,0,0,0,0,0,0,0,0,0,0,2,0,0,0,0,0,0,0,0,0,0,0,2,0,0,0,0,0,0,0,0,2,0,2,0,0,2,2,2,0,0,2,0,0,28.0,28.0
12,019,2,0,2,0,0,2,0,0,0,0,0,2,1,0,0,0,1,1,1,0,0,2,0,0,0,0,0,0,0,0,0,0,1,0,0,1,0,0,0,0,0,0,0,0,0,0,0,0,0,0,0,0,0,0,0,0,0,0,0,0,0,0,0,0,0,1,0,0,1,0,0,0,0,0,0,0,0,0,0,0,0,0,0,0,0,0,0,0,0,0,2,0,0,1,1,0,2,0,0,1,1,1,1,0,0,1,1,0,0,0,2,2,0,1,1,0,2,0,2,1,1,0,1,1,0,0,2,0,2,0,0,0,0,0,0,0,0,0,0,0,0,0,0,0,0,0,0,0,0,1,1,0,0,0,0,0,0,0,0,0,0,0,0,0,0,0,0,0,0,0,0,0,0,0,0,0,0,1,0,0,0,0,0,1,0,0,0,1,0,1,0,0,0,0,0,0,0,2,0,0,2,0,1,1,2,2,0,0,1,1,0,33.0,33.0
12,020,1,0,1,0,0,1,0,0,0,0,0,1,0,0,0,0,1,0,1,0,0,1,0,0,0,0,0,0,0,0,0,0,0,0,0,1,0,0,0,0,0,0,0,0,0,0,0,0,0,0,0,0,0,0,0,0,0,0,0,0,0,0,0,0,0,1,0,0,0,0,0,0,0,0,0,0,0,0,0,0,0,0,0,0,0,0,0,0,0,0,1,0,0,1,0,1,0,0,0,1,0,0,1,0,0,0,1,0,0,0,1,1,0,0,1,0,1,0,1,0,1,0,0,1,0,0,1,0,1,0,0,0,0,0,0,0,0,0,0,0,0,0,0,0,0,0,0,0,0,0,1,0,0,0,0,0,0,0,0,0,0,0,0,0,0,0,0,0,0,0,0,0,0,0,0,0,0,1,0,0,0,0,0,0,0,0,0,1,0,0,0,0,0,0,0,0,0,1,0,0,1,0,1,0,1,1,0,0,0,1,0,55.0,55.0
12,021,35,0,35,0,4,31,0,4,0,2,4,25,3,0,2,4,26,10,25,0,0,13,22,0,0,0,0,0,0,0,0,0,2,0,0,32,0,0,0,0,0,0,0,0,0,0,0,0,0,0,0,0,0,1,0,0,0,0,0,0,0,0,0,0,0,8,0,0,27,0,0,0,0,0,0,0,0,0,0,0,0,0,0,0,0,0,0,0,0,0,35,0,0,34,1,10,25,0,0,34,1,2,33,0,0,30,5,0,0,0,35,35,0,14,21,3,32,0,35,5,30,0,3,31,1,3,32,0,35,1,0,0,0,2,0,0,0,0,0,0,0,0,1,0,0,0,4,0,0,2,21,0,0,0,0,4,0,0,1,0,0,2,0,0,0,0,0,0,0,0,0,0,0,0,0,0,0,21,0,0,0,0,4,7,0,0,1,4,0,19,0,0,2,0,7,2,0,13,22,1,34,0,5,30,35,31,4,0,30,5,0,40.885714285714286,47.0
12,022,9,0,9,0,1,8,0,1,0,0,1,7,0,0,0,1,8,0,9,0,0,7,2,0,0,0,0,0,0,0,0,0,2,0,0,6,0,0,1,0,0,0,0,0,0,0,0,0,0,0,0,0,0,0,0,0,0,0,0,0,0,0,0,0,0,5,0,0,3,0,0,1,0,0,0,0,0,0,0,0,0,0,0,0,0,0,0,0,0,0,9,0,0,8,1,0,9,0,0,8,1,2,7,0,0,7,2,0,0,0,9,9,0,3,6,0,9,0,9,2,7,0,2,4,3,0,9,0,9,0,0,1,0,0,0,0,0,0,0,0,0,0,0,0,0,0,1,0,0,0,6,0,0,0,0,0,1,0,0,0,0,0,0,0,0,0,0,0,0,0,0,0,0,0,0,0,0,6,0,0,0,0,0,2,1,0,0,7,0,2,0,0,0,0,0,0,0,7,2,0,9,0,2,7,9,9,0,0,7,2,0,29.22222222222222,25.0
12,023,5,0,5,0,0,5,0,1,0,0,0,4,0,0,0,0,5,1,4,0,0,2,3,0,0,0,0,0,0,0,0,0,0,0,0,5,0,0,0,0,0,0,0,0,0,0,0,0,0,0,0,0,0,0,0,0,0,0,0,0,0,0,0,0,0,2,0,0,3,0,0,0,0,0,0,0,0,0,0,0,0,0,0,0,0,0,0,0,0,0,5,0,0,5,0,0,5,0,0,5,0,1,4,0,0,5,0,0,0,0,5,5,0,3,2,0,5,0,5,2,3,0,0,3,2,1,4,0,5,0,0,0,0,0,0,0,0,0,0,0,0,0,1,0,0,0,1,0,0,0,3,0,0,0,0,0,0,0,0,0,0,0,0,0,0,0,0,0,0,0,0,0,0,0,0,0,0,3,0,0,0,0,0,2,0,0,0,2,0,1,0,0,0,0,2,0,0,2,3,0,5,0,0,5,5,5,0,0,5,0,0,36.2,39.0
12,024,1,0,1,0,0,1,0,0,0,0,0,1,0,0,0,0,1,0,1,0,0,1,0,0,0,0,0,0,0,0,0,0,0,0,0,1,0,0,0,0,0,0,0,0,0,0,0,0,0,0,0,0,0,0,0,0,0,0,0,0,0,0,0,0,0,0,0,0,1,0,0,0,0,0,0,0,0,0,0,0,0,0,0,0,0,0,0,0,0,0,1,0,0,1,0,0,1,0,0,1,0,0,1,0,0,1,0,0,0,0,1,1,0,1,0,0,1,0,1,0,1,0,0,1,0,0,1,0,1,0,0,0,0,0,0,0,0,0,0,0,0,0,0,0,0,0,0,0,0,0,1,0,0,0,0,0,0,0,0,0,0,0,0,0,0,0,0,0,0,0,0,0,0,0,0,0,0,1,0,0,0,0,0,0,0,0,0,1,0,0,0,0,0,0,0,0,0,1,0,0,1,0,0,1,1,1,0,0,1,0,0,68.0,68.0
12,025,4,0,4,0,0,4,0,0,0,0,0,4,2,0,0,0,2,0,4,0,0,2,2,0,0,0,0,0,0,0,0,0,0,0,0,4,0,0,0,0,0,0,0,0,0,0,0,0,0,0,0,0,0,0,0,0,0,0,0,0,0,0,0,0,0,1,0,0,3,0,0,0,0,0,0,0,0,0,0,0,0,0,0,0,0,0,0,0,0,0,4,0,0,4,0,1,3,0,0,4,0,0,4,0,0,4,0,0,0,0,4,4,0,1,3,0,4,0,4,1,3,0,0,4,0,1,3,0,4,2,0,0,0,0,0,0,0,0,0,1,0,0,0,0,0,0,0,0,0,0,1,0,0,0,0,0,0,0,0,0,0,0,0,0,0,0,0,0,0,0,0,0,0,0,0,0,0,1,0,0,0,0,0,3,0,0,0,1,0,2,0,0,1,0,0,0,0,2,2,1,3,0,0,4,4,4,0,0,4,0,0,23.0,10.0
12,026,1,0,1,0,0,1,0,0,0,0,0,1,0,0,0,0,1,0,1,0,0,0,1,0,0,0,0,0,0,0,0,0,0,0,0,1,0,0,0,0,0,0,0,0,0,0,0,0,0,0,0,0,0,0,0,0,0,0,0,0,0,0,0,0,0,0,0,0,1,0,0,0,0,0,0,0,0,0,0,0,0,0,0,0,0,0,0,0,0,0,1,0,0,1,0,0,1,0,0,1,0,1,0,0,0,1,0,0,0,0,1,1,0,1,0,0,1,0,1,0,1,0,0,1,0,0,1,0,1,0,0,0,0,0,0,0,0,0,0,0,0,0,0,0,0,0,0,0,0,0,1,0,0,0,0,0,0,0,0,0,0,0,0,0,0,0,0,0,0,0,0,0,0,0,0,0,0,1,0,0,0,0,0,0,0,0,0,0,0,1,0,0,0,0,0,0,0,0,1,0,1,0,0,1,1,1,0,0,1,0,0,4.0,4.0
12,027,1,0,1,0,0,1,0,0,0,0,0,1,0,0,0,0,1,0,1,0,0,1,0,0,0,0,0,0,0,0,0,0,0,0,0,1,0,0,0,0,0,0,0,0,0,0,0,0,0,0,0,0,0,0,0,0,0,0,0,0,0,0,0,0,0,0,0,0,0,0,0,1,0,0,0,0,0,0,0,0,0,0,0,0,0,0,0,0,0,0,1,0,0,1,0,0,1,0,0,1,0,0,1,0,0,1,0,0,0,0,1,1,0,1,0,0,1,0,1,0,1,0,0,0,1,0,1,0,1,0,0,1,0,0,0,0,0,0,0,0,0,0,0,0,0,0,0,0,0,0,0,0,0,0,0,0,0,0,0,0,0,0,0,0,0,0,0,0,0,0,0,0,0,0,0,0,0,0,0,0,0,0,0,1,0,0,0,0,0,1,0,0,0,0,0,0,0,1,0,0,1,0,0,1,1,1,0,0,1,0,0,1.0,1.0
12,028,21,0,21,0,0,21,0,0,0,0,0,21,3,0,0,0,18,4,17,0,0,12,9,0,0,0,0,0,0,0,0,0,0,0,0,21,0,0,0,0,0,0,0,0,0,0,0,0,0,0,0,0,0,0,0,0,0,0,0,0,0,0,0,0,0,5,0,0,16,0,0,0,0,0,0,0,0,0,0,0,0,0,0,0,0,0,0,0,0,3,18,0,3,18,0,1,20,0,4,17,0,0,21,0,3,18,0,0,0,0,21,21,0,18,3,0,21,0,21,4,17,0,0,21,0,2,19,0,21,0,0,0,0,0,0,0,0,0,0,0,0,0,0,0,1,1,0,0,0,2,17,0,0,0,0,0,0,0,0,0,0,0,0,0,0,0,0,0,0,0,0,0,0,0,0,0,0,17,0,0,0,0,0,4,0,0,0,20,0,1,0,0,0,0,0,0,0,12,9,0,21,0,0,21,21,21,0,3,18,0,0,23.476190476190474,8.0
12,029,239,12,227,0,0,239,0,13,0,0,23,203,18,0,0,23,198,44,195,0,1,113,125,0,0,1,0,0,0,0,1,0,4,0,0,227,1,0,3,0,1,0,0,0,0,0,0,0,0,0,0,0,0,0,0,0,1,0,0,0,0,0,0,0,0,12,0,0,219,1,0,0,0,2,0,0,0,4,0,0,0,0,0,0,0,0,0,1,0,2,237,0,1,234,4,38,201,0,1,234,4,4,235,0,12,194,33,0,0,1,238,238,1,185,54,9,230,0,239,5,234,0,35,197,7,9,230,0,239,9,1,0,0,0,0,0,0,0,0,0,0,0,2,0,3,0,13,0,0,6,182,0,0,0,0,20,3,0,0,0,0,0,0,0,0,0,0,0,0,0,0,0,0,0,0,0,0,182,0,0,0,0,20,34,3,0,0,203,0,20,0,2,5,0,9,0,0,114,125,6,233,0,33,206,239,219,20,1,205,33,0,31.673640167364017,27.0
12,030,6,0,6,0,1,5,0,0,0,0,1,5,1,0,0,1,4,2,4,0,2,4,0,0,0,0,0,0,0,0,0,0,0,0,0,6,0,0,0,0,0,0,0,0,0,0,0,0,0,0,0,0,0,0,0,0,0,0,0,0,0,0,0,0,0,1,0,0,5,0,0,0,0,0,0,0,0,0,0,0,0,0,0,0,0,0,0,0,0,0,6,0,1,5,0,2,4,0,1,5,0,1,5,0,0,6,0,0,0,0,6,6,0,3,3,1,5,0,6,0,6,0,1,4,1,0,6,0,6,0,0,0,0,0,0,0,0,0,0,0,0,0,0,0,1,0,0,0,0,0,4,0,0,0,0,1,0,0,0,0,0,0,0,0,0,0,0,0,0,0,0,0,0,0,0,0,0,4,0,0,0,0,1,1,0,0,0,0,0,2,0,0,0,0,4,0,0,6,0,0,6,0,0,6,6,5,1,0,6,0,0,51.333333333333336,48.5
12,032,6,0,6,0,0,6,0,0,0,0,1,5,0,0,0,1,5,2,4,0,0,5,1,0,0,0,0,0,0,0,0,0,0,0,0,6,0,0,0,0,0,0,0,0,0,0,0,0,0,0,0,0,0,0,0,0,0,0,0,0,0,0,0,0,0,0,0,0,6,0,0,0,0,0,0,0,0,0,0,0,0,0,0,0,0,0,0,0,0,0,6,0,0,6,0,1,5,0,0,6,0,0,6,0,0,6,0,0,0,0,6,6,0,4,2,0,6,0,6,0,6,0,0,6,0,3,3,0,6,0,0,0,0,0,0,0,0,0,0,0,0,0,0,0,0,0,0,0,0,0,5,0,0,0,0,1,0,0,0,0,0,0,0,0,0,0,0,0,0,0,0,0,0,0,0,0,0,5,0,0,0,0,1,0,0,0,0,5,0,1,0,0,0,0,0,0,0,5,1,0,6,0,0,6,6,5,1,0,6,0,0,41.5,44.5
12,033,2,0,2,0,0,2,0,0,0,0,0,2,0,0,0,0,2,0,2,0,0,2,0,0,0,0,0,0,0,0,0,0,0,0,0,0,0,0,0,0,0,0,0,0,1,0,0,0,0,0,0,0,0,0,0,0,1,0,0,0,0,0,0,0,0,0,0,0,1,0,0,0,0,0,0,0,0,1,0,0,0,0,0,0,0,0,0,0,0,0,2,0,0,2,0,0,2,0,0,2,0,1,1,0,0,2,0,0,1,0,1,1,1,0,2,0,2,0,2,0,2,0,0,2,0,0,2,0,2,0,0,0,0,0,0,0,0,0,0,0,0,0,0,0,0,0,0,0,0,0,2,0,0,0,0,0,0,0,0,0,0,0,0,0,0,0,0,0,0,0,0,0,0,0,0,0,0,2,0,0,0,0,0,0,0,0,0,0,0,2,0,0,0,0,0,0,0,2,0,0,2,0,0,2,2,2,0,0,2,0,0,22.5,22.5
12,034,6,0,6,0,0,6,0,1,0,0,0,5,2,0,0,0,4,2,4,0,0,4,2,0,0,0,0,0,0,0,0,0,0,0,0,5,0,0,0,0,0,0,0,0,0,0,0,0,0,0,0,0,0,1,0,0,0,0,0,0,0,0,0,0,0,0,0,0,5,0,0,0,0,0,0,0,0,0,0,0,0,0,0,1,0,0,0,0,0,0,6,0,0,6,0,1,5,0,0,6,0,0,6,0,1,4,1,0,0,0,6,6,0,3,3,0,6,0,6,0,6,0,0,6,0,0,6,0,6,1,0,0,0,0,0,0,0,0,0,0,0,0,0,0,1,0,1,0,0,0,3,0,0,0,0,0,0,0,0,0,0,0,0,0,0,0,0,0,0,0,0,0,0,0,0,0,0,3,0,0,0,0,0,3,0,0,0,3,0,3,0,0,0,0,0,0,0,4,2,1,5,0,1,5,6,6,0,1,4,1,0,63.0,75.0
12,035,64,1,63,0,0,64,0,3,0,5,12,44,12,0,5,12,35,8,56,0,3,24,37,0,0,0,0,0,0,0,0,0,0,0,0,63,0,0,0,0,0,0,0,0,0,1,0,0,0,0,0,0,0,0,0,0,0,0,0,0,0,0,0,0,0,6,0,0,58,0,0,0,0,0,0,0,0,0,0,0,0,0,0,0,0,0,0,0,0,1,63,0,0,62,2,6,58,0,0,62,2,1,63,0,0,49,15,0,0,0,64,64,0,8,56,7,57,0,64,6,58,0,10,52,2,1,63,0,64,5,1,0,0,5,0,0,0,0,0,0,0,0,2,0,4,0,3,0,0,3,29,0,0,0,0,7,5,0,0,0,0,5,0,0,0,0,0,0,0,0,0,0,0,0,0,0,0,29,0,0,0,0,7,18,5,0,0,5,0,47,0,0,10,0,2,0,0,27,37,3,61,0,15,49,64,57,7,2,47,15,0,33.84375,31.5
12,037,3,0,3,0,0,3,0,1,0,0,0,2,0,0,0,0,3,2,1,0,0,0,3,0,0,0,0,0,0,0,0,0,0,0,0,3,0,0,0,0,0,0,0,0,0,0,0,0,0,0,0,0,0,0,0,0,0,0,0,0,0,0,0,0,0,2,0,0,1,0,0,0,0,0,0,0,0,0,0,0,0,0,0,0,0,0,0,0,0,0,3,0,0,3,0,0,3,0,0,3,0,0,3,0,0,3,0,0,0,0,3,3,0,1,2,0,3,0,3,0,3,0,0,3,0,0,3,0,3,0,0,0,0,0,0,0,0,0,0,0,0,0,0,0,0,0,1,0,0,0,2,0,0,0,0,0,0,0,0,0,0,0,0,0,0,0,0,0,0,0,0,0,0,0,0,0,0,2,0,0,0,0,0,1,0,0,0,3,0,0,0,0,0,0,0,0,0,0,3,1,2,0,0,3,3,3,0,0,3,0,0,64.33333333333333,63.0
12,038,15,0,15,0,0,15,0,2,0,0,3,10,1,0,0,3,11,3,12,0,0,6,9,0,0,1,0,0,0,0,0,0,2,0,0,11,0,0,0,1,0,0,0,0,0,0,0,0,0,0,0,0,0,0,0,0,0,0,0,0,0,0,0,0,0,4,0,0,8,0,0,0,2,0,0,0,0,0,0,0,0,1,0,0,0,0,0,0,0,1,14,0,0,14,1,4,11,0,0,14,1,3,12,0,0,8,7,0,0,0,15,15,0,5,10,2,13,0,15,2,13,0,6,7,2,1,14,0,15,1,0,0,0,0,0,0,0,0,1,0,0,0,0,0,0,0,2,0,0,0,8,0,0,0,0,3,0,0,0,0,0,0,0,0,0,0,0,0,0,0,0,0,0,0,0,0,0,8,0,0,0,0,3,4,0,0,1,6,0,0,0,0,3,0,5,0,0,6,9,0,15,0,7,8,15,12,3,0,8,7,0,38.86666666666667,33.0
12,039,17,0,17,0,0,17,0,1,0,0,0,16,2,0,0,0,15,5,12,0,0,9,8,0,0,0,0,0,0,0,0,0,0,0,0,15,0,0,2,0,0,0,0,0,0,0,0,0,0,0,0,0,0,0,0,0,0,0,0,0,0,0,0,0,0,1,0,0,16,0,0,0,0,0,0,0,0,0,0,0,0,0,0,0,0,0,0,0,0,0,17,0,0,16,1,4,13,0,0,15,2,0,17,0,0,17,0,0,0,0,17,17,0,15,2,1,16,0,17,1,16,0,0,17,0,2,15,0,17,0,0,0,0,0,0,0,0,0,0,0,0,0,0,0,1,0,1,0,0,1,14,0,0,0,0,0,0,0,0,0,0,0,0,0,0,0,0,0,0,0,0,0,0,0,0,0,0,14,0,0,0,0,0,3,0,0,0,16,0,1,0,0,0,0,0,0,0,9,8,1,16,0,0,17,17,17,0,0,17,0,0,41.8235294117647,54.0
12,040,9,0,9,0,0,9,0,1,0,0,0,8,1,0,0,0,8,3,6,0,0,4,5,0,0,0,0,0,0,0,0,0,0,0,0,9,0,0,0,0,0,0,0,0,0,0,0,0,0,0,0,0,0,0,0,0,0,0,0,0,0,0,0,0,0,0,0,0,9,0,0,0,0,0,0,0,0,0,0,0,0,0,0,0,0,0,0,0,0,1,8,0,0,8,1,3,6,0,0,8,1,0,9,0,0,9,0,0,0,0,9,9,0,9,0,0,9,0,9,0,9,0,1,8,0,2,7,0,9,1,0,0,0,0,0,0,0,0,0,0,0,0,0,0,0,0,1,0,0,0,7,0,0,0,0,0,0,0,0,0,0,0,0,0,0,0,0,0,0,0,0,0,0,0,0,0,0,7,0,0,0,0,0,2,0,0,0,9,0,0,0,0,0,0,0,0,0,4,5,0,9,0,0,9,9,9,0,0,9,0,0,35.55555555555556,28.0
12,041,3,0,3,0,0,3,0,0,0,0,0,3,0,0,0,0,3,0,3,0,0,2,1,0,0,0,0,0,0,0,0,0,0,0,0,3,0,0,0,0,0,0,0,0,0,0,0,0,0,0,0,0,0,0,0,0,0,0,0,0,0,0,0,0,0,0,0,0,3,0,0,0,0,0,0,0,0,0,0,0,0,0,0,0,0,0,0,0,0,0,3,0,1,2,0,0,3,0,1,2,0,0,3,0,0,3,0,0,0,0,3,3,0,1,2,0,3,0,3,0,3,0,0,3,0,0,3,0,3,0,0,0,0,0,0,0,0,0,0,0,0,0,0,0,0,0,0,0,0,0,3,0,0,0,0,0,0,0,0,0,0,0,0,0,0,0,0,0,0,0,0,0,0,0,0,0,0,3,0,0,0,0,0,0,0,0,0,1,0,2,0,0,0,0,0,0,0,2,1,0,3,0,0,3,3,3,0,0,3,0,0,11.666666666666666,17.0
12,042,16,0,16,0,1,15,0,1,0,0,0,15,1,0,0,0,15,6,10,0,0,8,8,0,0,0,0,0,0,0,0,0,0,0,0,16,0,0,0,0,0,0,0,0,0,0,0,0,0,0,0,0,0,0,0,0,0,0,0,0,0,0,0,0,0,0,0,0,16,0,0,0,0,0,0,0,0,0,0,0,0,0,0,0,0,0,0,0,0,0,16,0,0,16,0,3,13,0,1,15,0,0,16,0,1,15,0,0,0,0,16,16,0,14,2,0,16,0,16,1,15,0,0,15,1,0,16,0,16,1,0,0,0,0,0,0,0,0,0,0,0,0,0,0,0,0,1,0,0,0,14,0,0,0,0,0,0,0,0,0,0,0,0,0,0,0,0,0,0,0,0,0,0,0,0,0,0,14,0,0,0,0,0,2,0,0,0,15,0,1,0,0,0,0,0,0,0,8,8,0,16,0,0,16,16,16,0,0,16,0,0,32.0625,34.0
12,044,10,1,9,0,1,9,0,0,0,0,0,10,1,0,0,0,9,4,6,0,0,6,4,0,0,0,0,0,0,0,0,0,0,0,0,9,0,0,1,0,0,0,0,0,0,0,0,0,0,0,0,0,0,0,0,0,0,0,0,0,0,0,0,0,0,1,0,0,9,0,0,0,0,0,0,0,0,0,0,0,0,0,0,0,0,0,0,0,0,0,10,0,0,10,0,3,7,0,0,10,0,0,10,0,0,10,0,0,0,0,10,10,0,10,0,1,9,0,10,1,9,0,0,10,0,2,8,0,10,0,0,0,1,0,0,0,0,0,0,0,0,0,0,0,0,0,0,0,0,0,9,0,0,0,0,0,0,0,0,0,0,0,0,0,0,0,0,0,0,0,0,0,0,0,0,0,0,9,0,0,0,0,0,1,0,0,0,10,0,0,0,0,0,0,0,0,0,6,4,0,10,0,0,10,10,10,0,0,10,0,0,43.2,51.0
12,045,9,1,8,0,0,9,0,0,0,0,0,9,0,0,0,0,9,2,7,0,0,2,7,0,0,0,0,0,0,0,0,0,2,0,0,6,0,0,1,0,0,0,0,0,0,0,0,0,0,0,0,0,0,0,0,0,0,0,0,0,0,0,0,0,0,4,0,0,1,0,0,1,0,0,0,0,0,3,0,0,0,0,0,0,0,0,0,0,0,1,8,0,1,6,2,2,7,0,1,6,2,2,7,0,0,9,0,0,0,0,9,9,0,4,5,2,7,0,9,3,5,1,2,7,0,1,8,0,9,0,0,0,0,0,0,0,0,0,1,0,0,0,1,0,0,0,0,0,0,0,7,0,0,0,0,0,0,0,0,0,0,0,0,0,0,0,0,0,0,0,0,0,0,0,0,0,0,7,0,0,0,0,0,2,0,0,0,3,0,3,0,0,1,0,2,0,0,2,7,1,8,0,0,9,9,9,0,0,9,0,0,29.22222222222222,22.0
12,046,13,0,13,0,0,13,0,0,0,0,1,12,0,0,0,1,12,7,6,0,0,5,8,0,0,0,0,0,0,0,0,0,0,0,0,13,0,0,0,0,0,0,0,0,0,0,0,0,0,0,0,0,0,0,0,0,0,0,0,0,0,0,0,0,0,2,0,0,11,0,0,0,0,0,0,0,0,0,0,0,0,0,0,0,0,0,0,0,0,0,13,0,0,13,0,8,5,0,0,13,0,0,13,0,1,11,1,0,0,0,13,13,0,7,6,1,12,0,13,0,13,0,2,9,2,4,9,0,13,0,1,0,0,0,0,0,0,0,0,0,0,0,0,0,0,0,0,0,0,0,11,0,0,0,0,1,0,0,0,0,0,0,0,0,0,0,0,0,0,0,0,0,0,0,0,0,0,11,0,0,0,0,1,1,0,0,0,1,0,5,0,0,3,0,4,0,0,5,8,1,12,0,1,12,13,12,1,0,12,1,0,61.84615384615385,62.0
12,048,3,0,3,0,1,2,0,0,0,0,0,3,1,0,0,0,2,0,3,0,0,1,2,0,0,0,0,0,0,0,0,0,0,0,0,2,1,0,0,0,0,0,0,0,0,0,0,0,0,0,0,0,0,0,0,0,0,0,0,0,0,0,0,0,0,0,0,0,1,1,0,0,1,0,0,0,0,0,0,0,0,0,0,0,0,0,0,0,0,0,3,0,0,3,0,1,2,0,0,3,0,0,3,0,0,2,1,0,0,0,3,3,0,1,2,0,3,0,3,0,3,0,1,2,0,0,3,0,3,1,0,0,0,0,0,0,0,0,0,0,0,0,0,0,0,0,0,0,0,0,2,0,0,0,0,0,0,0,0,0,0,0,0,0,0,0,0,0,0,0,0,0,0,0,0,0,0,2,0,0,0,0,0,1,0,0,0,1,0,1,0,0,0,0,1,0,0,1,2,0,3,0,1,2,3,3,0,0,2,1,0,41.0,60.0
12,049,2,0,2,0,0,2,0,0,0,0,0,2,0,0,0,0,2,1,1,0,0,1,1,0,0,0,0,0,0,0,0,0,0,0,0,1,0,0,0,0,1,0,0,0,0,0,0,0,0,0,0,0,0,0,0,0,0,0,0,0,0,0,0,0,0,0,0,0,0,0,0,2,0,0,0,0,0,0,0,0,0,0,0,0,0,0,0,0,0,0,2,0,0,2,0,1,1,0,0,2,0,0,2,0,1,1,0,0,0,0,2,2,0,1,1,0,2,0,2,0,2,0,0,1,1,1,1,0,2,0,0,0,0,0,0,0,0,0,0,0,0,0,0,0,0,0,0,0,0,0,2,0,0,0,0,0,0,0,0,0,0,0,0,0,0,0,0,0,0,0,0,0,0,0,0,0,0,2,0,0,0,0,0,0,0,0,0,0,0,2,0,0,0,0,0,0,0,1,1,0,2,0,0,2,2,2,0,0,2,0,0,27.0,27.0
12,050,5,0,5,0,1,4,0,1,0,0,0,4,0,0,0,0,5,1,4,0,0,2,3,0,0,0,0,0,0,0,0,0,0,0,0,4,0,0,1,0,0,0,0,0,0,0,0,0,0,0,0,0,0,0,0,0,0,0,0,0,0,0,0,0,0,0,0,0,3,0,0,2,0,0,0,0,0,0,0,0,0,0,0,0,0,0,0,0,0,0,5,0,0,5,0,2,3,0,0,5,0,0,5,0,0,5,0,0,0,0,5,5,0,3,2,1,4,0,5,0,5,0,1,2,2,0,5,0,5,0,0,0,0,0,0,0,0,0,0,0,0,0,0,0,0,0,1,0,0,0,4,0,0,0,0,0,0,0,0,0,0,0,0,0,0,0,0,0,0,0,0,0,0,0,0,0,0,4,0,0,0,0,0,1,0,0,0,2,0,2,0,0,1,0,0,0,0,2,3,0,5,0,0,5,5,5,0,0,5,0,0,47.2,67.0
12,051,14,1,13,0,0,14,0,1,0,0,0,13,1,0,0,0,13,2,12,0,0,8,6,0,0,0,0,0,0,0,0,0,0,0,0,14,0,0,0,0,0,0,0,0,0,0,0,0,0,0,0,0,0,0,0,0,0,0,0,0,0,0,0,0,0,2,0,0,12,0,0,0,0,0,0,0,0,0,0,0,0,0,0,0,0,0,0,0,0,1,13,0,1,13,0,4,10,0,1,13,0,0,14,0,3,10,1,0,0,0,14,14,0,12,2,0,14,0,14,1,13,0,1,13,0,0,14,0,14,0,0,0,0,0,0,0,0,0,0,0,0,0,0,1,1,0,1,0,0,0,11,0,0,0,0,0,0,0,0,0,0,0,0,0,0,0,0,0,0,0,0,0,0,0,0,0,0,11,0,0,0,0,0,3,0,0,0,14,0,0,0,0,0,0,0,0,0,8,6,0,14,0,1,13,14,14,0,2,11,1,0,38.857142857142854,34.0
12,052,9,0,9,0,0,9,0,1,0,0,0,8,0,0,0,0,9,3,6,0,0,0,9,0,0,0,0,0,0,0,0,0,0,0,0,9,0,0,0,0,0,0,0,0,0,0,0,0,0,0,0,0,0,0,0,0,0,0,0,0,0,0,0,0,0,3,0,0,6,0,0,0,0,0,0,0,0,0,0,0,0,0,0,0,0,0,0,0,0,0,9,0,1,8,0,2,7,0,1,8,0,0,9,0,2,7,0,0,0,0,9,9,0,7,2,0,9,0,9,3,6,0,0,9,0,1,8,0,9,0,0,0,0,0,0,0,0,0,0,0,0,0,0,1,0,0,1,0,0,0,6,0,0,1,0,0,0,0,0,0,0,0,0,0,0,0,1,0,0,0,0,0,0,0,0,0,0,6,0,0,0,0,0,2,0,0,0,3,0,5,0,0,0,0,1,0,0,0,9,1,8,0,0,9,9,9,0,1,8,0,0,32.666666666666664,32.0
12,053,28,1,27,0,1,27,0,1,0,0,1,26,2,0,0,1,25,12,16,0,0,15,13,0,0,0,0,0,0,0,0,0,0,0,0,25,0,0,0,1,0,0,0,1,0,0,0,0,0,0,0,0,0,0,0,0,1,0,0,0,0,0,0,0,0,0,0,0,28,0,0,0,0,0,0,0,0,0,0,0,0,0,0,0,0,0,0,0,0,0,28,0,0,26,2,7,21,0,0,27,1,0,28,0,1,27,0,0,0,1,27,27,1,26,2,2,26,0,28,1,27,0,6,19,3,2,26,0,28,1,0,0,0,0,0,0,0,0,0,0,0,0,0,0,0,0,1,0,0,1,24,0,0,0,0,0,1,0,0,0,0,0,0,0,0,0,0,0,0,0,0,0,0,0,0,0,0,24,0,0,0,0,0,3,1,0,0,1,0,22,0,0,0,0,5,0,0,15,13,1,27,0,0,28,28,28,0,0,28,0,0,51.857142857142854,58.0
12,054,4,0,4,0,0,4,0,0,0,0,1,3,1,0,0,1,2,0,4,0,0,2,2,0,0,0,0,0,0,0,0,0,0,0,0,4,0,0,0,0,0,0,0,0,0,0,0,0,0,0,0,0,0,0,0,0,0,0,0,0,0,0,0,0,0,0,0,0,4,0,0,0,0,0,0,0,0,0,0,0,0,0,0,0,0,0,0,0,0,0,4,0,0,4,0,0,4,0,0,4,0,0,4,0,0,4,0,0,0,0,4,4,0,4,0,0,4,0,4,0,4,0,0,4,0,0,4,0,4,0,0,0,0,0,0,0,0,0,0,0,0,0,0,0,0,0,0,0,0,1,2,0,0,0,0,0,1,0,0,0,0,0,0,0,0,0,0,0,0,0,0,0,0,0,0,0,0,2,0,0,0,0,0,1,1,0,0,4,0,0,0,0,0,0,0,0,0,2,2,0,4,0,0,4,4,4,0,0,4,0,0,13.75,8.5
12,055,84,0,84,0,3,81,0,1,0,3,23,57,16,0,3,23,42,23,61,0,1,39,44,0,0,0,0,0,0,0,0,0,0,0,2,78,0,0,0,0,4,0,0,0,0,0,0,0,0,0,0,0,0,0,0,0,0,0,0,0,0,0,0,0,0,9,0,0,68,0,0,0,0,7,0,0,0,0,0,0,0,0,0,0,0,0,0,0,0,4,80,0,1,83,0,26,58,0,1,83,0,2,82,0,1,58,25,0,0,0,84,84,0,51,33,5,79,0,84,1,83,0,4,80,0,7,77,0,84,9,0,0,0,3,0,0,0,0,1,0,0,0,1,0,6,0,1,0,0,1,39,0,0,0,0,19,4,0,0,0,0,3,0,0,0,0,0,0,0,0,0,1,0,0,0,0,0,39,0,0,0,0,19,18,4,0,0,69,0,8,0,0,6,0,0,1,0,40,44,8,76,0,25,59,84,65,19,1,58,25,0,49.98809523809524,54.0
12,056,11,1,10,0,0,11,0,1,0,0,0,10,1,0,0,0,10,3,8,0,0,4,7,0,0,0,0,0,0,0,0,0,0,0,0,11,0,0,0,0,0,0,0,0,0,0,0,0,0,0,0,0,0,0,0,0,0,0,0,0,0,0,0,0,0,0,0,0,10,0,0,0,0,0,0,0,0,0,1,0,0,0,0,0,0,0,0,0,0,0,11,0,0,11,0,2,9,0,0,11,0,0,11,0,0,10,1,0,0,0,11,11,0,8,3,0,11,0,11,1,10,0,0,10,1,2,9,0,11,1,0,0,0,0,0,0,0,0,0,0,0,0,0,0,0,0,1,0,0,0,9,0,0,0,0,0,0,0,0,0,0,0,0,0,0,0,0,0,0,0,0,0,0,0,0,0,0,9,0,0,0,0,0,2,0,0,0,4,0,5,0,0,0,0,2,0,0,4,7,0,11,0,1,10,11,11,0,0,10,1,0,37.27272727272727,32.0
12,057,22,0,22,0,0,22,0,1,0,0,0,21,0,0,0,0,22,2,20,0,1,11,10,0,0,0,0,0,0,0,0,0,1,0,0,20,0,1,0,0,0,0,0,0,0,0,0,0,0,0,0,0,0,0,0,0,0,0,0,0,0,0,0,0,0,4,0,0,18,0,0,0,0,0,0,0,0,0,0,0,0,0,0,0,0,0,0,0,0,0,22,0,0,21,1,2,20,0,0,21,1,1,21,0,2,19,1,0,0,0,22,22,0,11,11,0,22,0,22,0,22,0,2,17,3,0,21,1,22,0,0,0,0,0,0,0,0,0,0,0,0,0,1,0,0,0,1,0,0,0,19,0,1,0,0,0,0,0,0,0,0,0,0,0,0,0,0,0,0,0,1,0,0,0,0,0,0,19,0,0,0,0,0,2,0,0,0,5,0,11,0,0,3,0,3,0,0,12,10,2,20,0,1,21,22,22,0,1,20,1,0,37.31818181818182,27.5
12,058,19,1,18,0,1,18,0,1,0,1,1,16,6,0,1,1,11,1,18,0,0,11,8,0,0,0,0,0,0,0,0,0,0,0,0,19,0,0,0,0,0,0,0,0,0,0,0,0,0,0,0,0,0,0,0,0,0,0,0,0,0,0,0,0,0,5,0,0,13,0,0,0,0,1,0,0,0,0,0,0,0,0,0,0,0,0,0,0,0,0,19,0,0,18,1,0,19,0,0,18,1,1,18,0,1,18,0,0,0,0,19,19,0,5,14,0,19,0,19,5,14,0,1,18,0,0,19,0,19,3,0,0,0,1,1,0,0,1,1,0,0,0,0,0,1,0,1,0,0,1,7,0,0,1,0,0,1,0,0,0,0,1,0,0,0,0,0,0,0,0,0,0,0,0,0,0,0,7,0,0,0,0,0,10,1,0,0,6,0,13,0,0,0,0,0,0,0,11,8,0,19,0,0,19,19,19,0,0,19,0,0,11.368421052631579,2.0
12,059,3,0,3,0,0,3,0,0,0,1,0,2,1,0,1,0,1,1,2,0,0,2,1,0,0,0,0,0,0,0,0,0,1,0,0,2,0,0,0,0,0,0,0,0,0,0,0,0,0,0,0,0,0,0,0,0,0,0,0,0,0,0,0,0,0,1,0,0,2,0,0,0,0,0,0,0,0,0,0,0,0,0,0,0,0,0,0,0,0,1,2,0,0,3,0,1,2,0,0,3,0,1,2,0,0,3,0,0,0,0,3,3,0,0,3,0,3,0,3,0,3,0,0,3,0,0,3,0,3,0,0,0,0,1,0,0,0,0,0,0,0,0,1,0,1,0,0,0,0,0,0,0,0,0,0,0,0,0,0,0,0,1,0,0,0,0,0,0,0,0,0,0,0,0,0,0,0,0,0,0,0,0,0,2,0,0,0,1,0,2,0,0,0,0,0,0,0,2,1,0,3,0,0,3,3,3,0,0,3,0,0,50.666666666666664,68.0
12,060,4,0,4,0,0,4,0,0,0,0,0,4,2,0,0,0,2,0,4,0,0,1,3,0,0,0,0,0,0,0,0,0,1,0,0,3,0,0,0,0,0,0,0,0,0,0,0,0,0,0,0,0,0,0,0,0,0,0,0,0,0,0,0,0,0,2,0,0,2,0,0,0,0,0,0,0,0,0,0,0,0,0,0,0,0,0,0,0,0,0,4,0,0,4,0,0,4,0,0,4,0,0,4,0,0,3,1,0,0,0,4,4,0,2,2,0,4,0,4,1,3,0,1,3,0,0,4,0,4,2,0,0,0,0,0,0,0,0,0,0,0,0,1,0,0,0,0,0,0,0,0,0,0,1,0,0,0,0,0,0,0,0,0,0,0,0,0,0,0,0,0,0,0,0,0,0,0,0,0,0,0,0,0,4,0,0,0,4,0,0,0,0,0,0,0,0,0,1,3,0,4,0,1,3,4,4,0,0,3,1,0,17.0,10.5
12,061,16,0,16,0,0,16,0,1,0,0,0,15,1,0,0,0,15,8,8,0,0,7,9,0,0,0,0,0,0,0,0,0,0,0,0,16,0,0,0,0,0,0,0,0,0,0,0,0,0,0,0,0,0,0,0,0,0,0,0,0,0,0,0,0,0,0,0,0,16,0,0,0,0,0,0,0,0,0,0,0,0,0,0,0,0,0,0,0,0,0,16,0,1,15,0,5,11,0,0,16,0,0,16,0,6,10,0,0,0,0,16,16,0,15,1,1,15,0,16,0,16,0,1,15,0,2,14,0,16,1,0,0,0,0,0,0,0,0,0,0,0,0,0,0,0,0,1,0,0,0,14,0,0,0,0,0,0,0,0,0,0,0,0,0,0,0,0,0,0,0,0,0,0,0,0,0,0,14,0,0,0,0,0,2,0,0,0,16,0,0,0,0,0,0,0,0,0,7,9,0,16,0,0,16,16,16,0,1,15,0,0,41.1875,46.0
12,063,2,0,2,0,0,2,0,0,0,0,0,2,0,0,0,0,2,0,2,0,0,2,0,0,0,0,0,0,0,0,0,0,0,0,0,2,0,0,0,0,0,0,0,0,0,0,0,0,0,0,0,0,0,0,0,0,0,0,0,0,0,0,0,0,0,2,0,0,0,0,0,0,0,0,0,0,0,0,0,0,0,0,0,0,0,0,0,0,0,0,2,0,0,2,0,0,2,0,0,2,0,2,0,0,0,1,1,0,0,0,2,2,0,1,1,0,2,0,2,2,0,0,2,0,0,0,2,0,2,0,0,0,0,0,0,0,0,0,0,0,0,0,0,0,0,0,0,0,0,0,2,0,0,0,0,0,0,0,0,0,0,0,0,0,0,0,0,0,0,0,0,0,0,0,0,0,0,2,0,0,0,0,0,0,0,0,0,2,0,0,0,0,0,0,0,0,0,2,0,0,2,0,1,1,2,2,0,0,1,1,0,41.0,41.0
12,066,12,0,12,0,0,12,0,1,0,0,0,11,1,0,0,0,11,1,11,0,0,7,5,0,0,0,0,0,0,0,0,0,0,0,0,11,0,0,0,0,0,0,0,0,1,0,0,0,0,0,0,0,0,0,0,0,0,0,0,0,0,0,0,0,0,0,0,0,10,0,0,0,0,0,0,0,0,2,0,0,0,0,0,0,0,0,0,0,0,0,12,0,3,8,1,1,11,0,4,7,1,2,10,0,0,6,6,0,0,0,12,12,0,5,7,0,12,0,12,0,12,0,6,6,0,1,11,0,12,0,0,0,0,0,0,0,0,0,0,0,0,0,0,0,0,0,1,0,0,1,10,0,0,0,0,0,0,0,0,0,0,0,0,0,0,0,0,0,0,0,0,0,0,0,0,0,0,10,0,0,0,0,0,2,0,0,0,3,0,8,0,0,0,0,1,0,0,7,5,1,11,0,6,6,12,12,0,0,6,6,0,23.666666666666668,24.5
12,067,9,0,9,0,1,8,0,0,0,0,0,9,1,0,0,0,8,1,8,0,0,4,5,0,0,0,0,0,0,0,0,0,0,0,0,8,0,0,1,0,0,0,0,0,0,0,0,0,0,0,0,0,0,0,0,0,0,0,0,0,0,0,0,0,0,5,0,0,1,0,0,1,1,0,0,0,0,0,0,0,1,0,0,0,0,0,0,0,0,1,8,0,0,8,1,1,8,0,0,8,1,1,8,0,0,6,3,0,0,0,9,9,0,3,6,1,8,0,9,2,7,0,2,7,0,1,8,0,9,0,0,0,1,0,0,0,0,0,0,0,0,0,1,0,0,0,0,0,0,0,7,0,0,0,0,0,0,0,0,0,0,0,0,0,0,0,0,0,0,0,0,0,0,0,0,0,0,7,0,0,0,0,0,2,0,0,0,8,0,1,0,0,0,0,0,0,0,4,5,0,9,0,3,6,9,9,0,0,6,3,0,30.88888888888889,9.0
12,068,2,0,2,0,0,2,0,0,0,0,0,2,0,0,0,0,2,1,1,0,0,1,1,0,0,0,0,0,0,0,0,0,0,0,0,2,0,0,0,0,0,0,0,0,0,0,0,0,0,0,0,0,0,0,0,0,0,0,0,0,0,0,0,0,0,0,0,0,0,0,0,0,2,0,0,0,0,0,0,0,0,0,0,0,0,0,0,0,0,0,2,0,0,2,0,0,2,0,0,2,0,1,1,0,0,2,0,0,0,0,2,2,0,2,0,0,2,0,2,0,2,0,1,1,0,1,1,0,2,0,0,0,0,0,0,0,0,0,0,0,0,0,0,0,0,0,0,0,0,0,2,0,0,0,0,0,0,0,0,0,0,0,0,0,0,0,0,0,0,0,0,0,0,0,0,0,0,2,0,0,0,0,0,0,0,0,0,0,0,2,0,0,0,0,0,0,0,1,1,1,1,0,0,2,2,2,0,0,2,0,0,23.5,23.5
12,069,3,0,3,0,0,3,0,0,0,0,0,3,0,0,0,0,3,2,1,0,0,1,2,0,0,0,0,0,0,0,0,0,0,0,0,3,0,0,0,0,0,0,0,0,0,0,0,0,0,0,0,0,0,0,0,0,0,0,0,0,0,0,0,0,0,2,0,0,1,0,0,0,0,0,0,0,0,0,0,0,0,0,0,0,0,0,0,0,0,0,3,0,0,3,0,0,3,0,0,3,0,0,3,0,1,2,0,0,0,0,3,3,0,1,2,0,3,0,3,1,2,0,0,3,0,0,3,0,3,0,0,0,0,0,0,0,0,0,0,0,0,0,0,0,0,0,0,0,0,0,3,0,0,0,0,0,0,0,0,0,0,0,0,0,0,0,0,0,0,0,0,0,0,0,0,0,0,3,0,0,0,0,0,0,0,0,0,2,0,1,0,0,0,0,0,0,0,1,2,0,3,0,0,3,3,3,0,1,2,0,0,38.666666666666664,33.0
12,071,4,0,4,0,0,4,0,0,0,0,0,4,0,0,0,0,4,0,4,0,0,3,1,0,0,0,0,0,0,0,0,0,0,0,0,4,0,0,0,0,0,0,0,0,0,0,0,0,0,0,0,0,0,0,0,0,0,0,0,0,0,0,0,0,0,1,0,0,3,0,0,0,0,0,0,0,0,0,0,0,0,0,0,0,0,0,0,0,0,0,4,0,0,4,0,2,2,0,0,4,0,0,4,0,1,3,0,0,0,0,4,4,0,4,0,1,3,0,4,1,3,0,0,4,0,0,4,0,4,0,0,0,0,0,0,0,0,0,0,0,0,0,0,0,0,0,0,0,0,0,3,0,0,1,0,0,0,0,0,0,0,0,0,0,0,0,0,0,0,0,0,0,0,0,0,0,0,3,0,0,0,0,0,1,0,0,0,1,0,3,0,0,0,0,0,0,0,3,1,1,3,0,0,4,4,4,0,1,3,0,0,47.0,55.5
12,072,2,0,2,0,0,2,0,0,0,0,0,2,0,0,0,0,2,0,2,0,0,2,0,0,0,0,0,0,0,0,0,0,0,0,0,2,0,0,0,0,0,0,0,0,0,0,0,0,0,0,0,0,0,0,0,0,0,0,0,0,0,0,0,0,0,1,0,0,1,0,0,0,0,0,0,0,0,0,0,0,0,0,0,0,0,0,0,0,0,0,2,0,0,2,0,0,2,0,0,2,0,0,2,0,0,2,0,0,0,0,2,2,0,0,2,0,2,0,2,1,1,0,0,2,0,0,2,0,2,0,0,0,0,0,0,0,0,0,0,0,0,0,1,0,0,0,0,0,0,0,1,0,0,0,0,0,0,0,0,0,0,0,0,0,0,0,0,0,0,0,0,0,0,0,0,0,0,1,0,0,0,0,0,1,0,0,0,1,0,1,0,0,0,0,0,0,0,2,0,0,2,0,0,2,2,2,0,0,2,0,0,0.5,0.5
12,075,49,0,49,0,1,48,0,3,0,0,0,46,4,0,0,0,45,8,41,0,0,23,26,0,0,0,0,0,0,0,0,0,1,0,0,47,0,0,1,0,0,0,0,0,0,0,0,0,0,0,0,0,0,0,0,0,0,0,0,0,0,0,0,0,0,3,0,0,45,0,0,0,0,1,0,0,0,0,0,0,0,0,0,0,0,0,0,0,0,2,47,0,1,48,0,14,35,0,1,48,0,2,47,0,1,48,0,0,0,0,49,49,0,42,7,1,48,0,49,2,47,0,4,44,1,0,49,0,49,2,0,0,0,0,0,0,0,0,0,0,0,0,0,0,1,0,3,0,0,1,42,0,0,0,0,0,0,0,0,0,0,0,0,0,0,0,0,0,0,0,0,0,0,0,0,0,0,42,0,0,0,0,0,7,0,0,0,45,0,3,0,0,1,0,0,0,0,23,26,0,49,0,0,49,49,49,0,2,47,0,0,36.91836734693877,24.0
12,076,2,0,2,0,0,2,0,1,0,0,0,1,0,0,0,0,2,1,1,0,0,2,0,0,0,0,0,0,0,0,0,0,0,0,0,2,0,0,0,0,0,0,0,0,0,0,0,0,0,0,0,0,0,0,0,0,0,0,0,0,0,0,0,0,0,1,0,0,1,0,0,0,0,0,0,0,0,0,0,0,0,0,0,0,0,0,0,0,0,0,2,0,0,2,0,0,2,0,0,2,0,0,2,0,0,2,0,0,0,0,2,2,0,1,1,0,2,0,2,1,1,0,1,1,0,0,2,0,2,0,0,0,0,0,0,0,0,0,0,0,0,0,1,0,0,0,1,0,0,0,0,0,0,0,0,0,0,0,0,0,0,0,0,0,0,0,0,0,0,0,0,0,0,0,0,0,0,0,0,0,0,0,0,2,0,0,0,2,0,0,0,0,0,0,0,0,0,2,0,0,2,0,0,2,2,2,0,0,2,0,0,41.0,41.0
12,077,3,0,3,0,0,3,0,0,0,0,0,3,0,0,0,0,3,0,3,0,0,2,1,0,0,0,0,0,0,0,0,0,0,0,0,3,0,0,0,0,0,0,0,0,0,0,0,0,0,0,0,0,0,0,0,0,0,0,0,0,0,0,0,0,0,0,0,0,3,0,0,0,0,0,0,0,0,0,0,0,0,0,0,0,0,0,0,0,0,0,3,0,0,3,0,0,3,0,0,3,0,0,3,0,1,2,0,0,0,0,3,3,0,2,1,0,3,0,3,0,3,0,0,3,0,0,3,0,3,0,0,0,0,0,0,0,0,0,0,0,0,0,0,0,0,0,0,0,0,0,3,0,0,0,0,0,0,0,0,0,0,0,0,0,0,0,0,0,0,0,0,0,0,0,0,0,0,3,0,0,0,0,0,0,0,0,0,0,0,3,0,0,0,0,0,0,0,2,1,0,3,0,0,3,3,3,0,0,3,0,0,42.666666666666664,23.0
12,078,4,0,4,0,0,4,0,0,0,0,0,4,0,0,0,0,4,0,4,0,0,2,2,0,0,0,0,0,0,0,0,0,0,0,0,4,0,0,0,0,0,0,0,0,0,0,0,0,0,0,0,0,0,0,0,0,0,0,0,0,0,0,0,0,0,3,0,0,1,0,0,0,0,0,0,0,0,0,0,0,0,0,0,0,0,0,0,0,0,0,4,0,0,4,0,0,4,0,0,4,0,0,4,0,0,4,0,0,0,0,4,4,0,1,3,0,4,0,4,3,1,0,1,3,0,0,4,0,4,0,0,1,0,0,0,0,0,0,0,0,0,0,0,0,0,0,0,0,0,0,3,0,0,0,0,0,0,0,0,0,0,0,0,0,0,0,0,0,0,0,0,0,0,0,0,0,0,3,0,0,0,0,0,1,0,0,0,3,0,1,0,0,0,0,0,0,0,2,2,0,4,0,0,4,4,4,0,1,3,0,0,9.75,1.5
12,079,2,0,2,0,0,2,0,0,0,0,0,2,0,0,0,0,2,0,2,0,0,1,1,0,0,0,0,0,0,0,0,0,0,0,0,2,0,0,0,0,0,0,0,0,0,0,0,0,0,0,0,0,0,0,0,0,0,0,0,0,0,0,0,0,0,0,0,0,2,0,0,0,0,0,0,0,0,0,0,0,0,0,0,0,0,0,0,0,0,0,2,0,0,2,0,0,2,0,0,2,0,0,2,0,1,1,0,0,0,0,2,2,0,2,0,0,2,0,2,0,2,0,0,2,0,2,0,0,2,0,0,0,0,0,0,0,0,0,0,0,0,0,0,0,0,0,0,0,0,0,2,0,0,0,0,0,0,0,0,0,0,0,0,0,0,0,0,0,0,0,0,0,0,0,0,0,0,2,0,0,0,0,0,0,0,0,0,2,0,0,0,0,0,0,0,0,0,1,1,0,2,0,0,2,2,2,0,0,2,0,0,27.0,27.0
12,080,4,0,4,0,0,4,0,0,0,0,0,4,0,0,0,0,4,1,3,0,0,2,2,0,0,0,0,0,0,0,0,0,0,0,0,4,0,0,0,0,0,0,0,0,0,0,0,0,0,0,0,0,0,0,0,0,0,0,0,0,0,0,0,0,0,1,0,0,3,0,0,0,0,0,0,0,0,0,0,0,0,0,0,0,0,0,0,0,0,0,4,0,0,4,0,1,3,0,0,4,0,0,4,0,2,2,0,0,0,0,4,4,0,3,1,0,4,0,4,0,4,0,1,3,0,0,4,0,4,0,0,0,0,0,0,0,0,0,0,0,0,0,1,0,0,0,0,0,0,0,3,0,0,0,0,0,0,0,0,0,0,0,0,0,0,0,0,0,0,0,0,0,0,0,0,0,0,3,0,0,0,0,0,1,0,0,0,1,0,3,0,0,0,0,0,0,0,2,2,0,4,0,0,4,4,4,0,0,4,0,0,48.25,54.0
12,081,3,0,3,0,1,2,0,0,0,0,0,3,2,0,0,0,1,1,2,0,0,0,3,0,0,0,0,0,0,0,0,0,0,0,0,3,0,0,0,0,0,0,0,0,0,0,0,0,0,0,0,0,0,0,0,0,0,0,0,0,0,0,0,0,0,0,0,0,3,0,0,0,0,0,0,0,0,0,0,0,0,0,0,0,0,0,0,0,0,0,3,0,0,3,0,1,2,0,0,3,0,0,3,0,0,3,0,0,0,0,3,3,0,3,0,1,2,0,3,0,3,0,0,3,0,0,3,0,3,1,0,0,0,0,0,0,0,0,0,0,0,0,0,0,0,0,0,0,0,1,1,0,0,0,0,0,0,0,0,0,0,0,0,0,0,0,0,0,0,0,0,0,0,0,0,0,0,1,0,0,0,0,0,2,0,0,0,0,0,3,0,0,0,0,0,0,0,0,3,1,2,0,0,3,3,3,0,0,3,0,0,21.333333333333332,22.0
13,001,15,0,15,0,5,10,0,0,0,0,2,13,2,0,0,2,11,5,10,0,0,7,8,0,0,0,0,0,0,0,0,0,1,0,0,0,12,0,1,0,0,0,0,0,0,0,0,0,0,0,0,0,0,1,0,0,0,0,0,0,0,0,0,0,0,0,0,0,0,15,0,0,0,0,0,0,0,0,0,0,0,0,0,0,0,0,0,0,0,0,15,0,0,15,0,5,10,0,1,14,0,2,13,0,1,12,2,0,0,0,15,15,0,10,5,1,14,0,15,1,14,0,1,14,0,3,12,0,15,0,0,0,0,0,0,0,0,0,0,0,0,0,0,0,0,0,0,0,0,2,11,0,0,0,0,2,0,0,0,0,0,0,0,0,0,0,0,0,0,0,0,0,0,0,0,0,0,11,0,0,0,0,2,2,0,0,0,0,0,11,1,0,0,1,2,0,0,7,8,1,14,0,2,13,15,13,2,1,12,2,0,40.0,40.0
13,002,46,1,45,0,2,44,0,5,0,0,1,40,4,0,0,1,41,7,39,0,0,21,25,0,0,0,0,0,0,0,0,0,1,0,0,0,44,0,0,0,0,0,0,0,1,0,0,0,0,0,0,0,0,0,0,0,0,0,0,0,0,0,0,0,0,6,0,0,0,40,0,0,0,0,0,0,0,0,0,0,0,0,0,0,0,0,0,0,0,1,45,0,4,41,1,3,43,0,6,39,1,2,44,0,2,43,1,0,0,0,46,46,0,41,5,1,45,0,46,3,43,0,2,44,0,2,44,0,46,0,0,0,0,0,0,1,0,0,1,0,0,0,2,0,0,0,5,0,0,4,32,0,0,0,0,1,0,0,0,0,0,0,0,0,0,0,0,0,0,0,0,1,0,0,0,0,0,32,0,0,0,0,1,12,0,0,0,6,0,35,3,0,0,2,0,0,0,21,25,0,46,0,1,45,46,45,1,1,44,1,0,17.891304347826086,4.5
13,003,101,4,97,0,6,95,0,8,0,0,29,64,8,0,0,29,64,21,80,0,2,56,43,0,0,0,0,0,0,0,0,0,4,0,0,0,91,0,1,0,0,0,0,0,2,0,0,1,0,0,0,0,0,2,0,0,0,0,0,0,0,0,0,0,0,1,0,0,0,100,0,0,0,0,0,0,0,0,0,0,0,0,0,0,0,0,0,0,0,10,91,0,2,99,0,26,75,0,3,98,0,5,96,0,1,62,38,0,0,0,101,101,0,30,71,11,90,0,101,9,92,0,31,69,1,10,91,0,101,2,0,0,0,0,0,0,0,0,0,0,0,0,0,0,4,0,8,0,0,2,55,0,0,1,0,29,0,0,0,0,0,0,0,0,0,0,0,0,0,0,0,0,0,0,0,0,0,55,0,0,0,0,29,17,0,0,0,1,0,66,2,0,16,0,16,0,0,58,43,6,95,0,38,63,101,72,29,1,62,38,0,45.35643564356435,49.0
13,004,7,0,7,0,0,7,0,0,0,0,4,3,1,0,0,4,2,0,7,0,0,3,4,0,0,0,0,0,0,0,0,0,0,0,0,0,7,0,0,0,0,0,0,0,0,0,0,0,0,0,0,0,0,0,0,0,0,0,0,0,0,0,0,0,0,0,0,0,0,7,0,0,0,0,0,0,0,0,0,0,0,0,0,0,0,0,0,0,0,0,7,0,0,7,0,3,4,0,0,7,0,0,7,0,1,3,3,0,0,0,7,7,0,2,5,0,7,0,7,1,6,0,1,5,1,0,7,0,7,1,0,0,0,0,0,0,0,0,0,0,0,0,0,0,0,0,0,0,0,0,2,0,0,0,0,4,0,0,0,0,0,0,0,0,0,0,0,0,0,0,0,0,0,0,0,0,0,2,0,0,0,0,4,1,0,0,0,0,0,3,0,0,0,4,0,0,0,3,4,0,7,0,3,4,7,3,4,0,4,3,0,33.57142857142857,47.0
13,005,9,0,9,0,1,8,0,1,0,0,2,6,0,0,0,2,7,3,6,0,1,2,6,0,0,0,0,0,0,0,0,0,0,0,0,0,9,0,0,0,0,0,0,0,0,0,0,0,0,0,0,0,0,0,0,0,0,0,0,0,0,0,0,0,0,2,0,0,0,7,0,0,0,0,0,0,0,0,0,0,0,0,0,0,0,0,0,0,0,0,9,0,0,9,0,5,4,0,0,9,0,1,8,0,0,6,3,0,0,0,9,9,0,2,7,2,7,0,9,0,9,0,3,6,0,2,7,0,9,0,0,0,0,0,0,0,0,0,0,0,0,0,0,0,0,0,1,0,1,0,5,0,0,0,0,2,0,0,0,0,0,0,0,0,0,0,0,0,0,0,0,0,0,0,0,0,0,5,0,0,0,0,2,2,0,0,0,2,0,4,0,0,0,0,3,0,0,3,6,0,9,0,3,6,9,7,2,0,6,3,0,44.666666666666664,53.0
13,006,13,0,13,0,0,13,0,0,0,0,4,9,0,0,0,4,9,3,10,0,0,7,6,0,0,0,0,0,0,0,0,0,0,0,0,0,12,0,1,0,0,0,0,0,0,0,0,0,0,0,0,0,0,0,0,0,0,0,0,0,0,0,0,0,0,1,0,0,0,12,0,0,0,0,0,0,0,0,0,0,0,0,0,0,0,0,0,0,0,1,12,0,0,13,0,5,8,0,2,11,0,0,13,0,0,9,4,0,0,0,13,13,0,3,10,3,10,0,13,0,13,0,4,8,1,3,10,0,13,0,0,0,0,0,0,0,0,0,0,0,0,0,0,0,0,0,0,0,0,0,9,0,0,0,0,4,0,0,0,0,0,0,0,0,0,0,0,0,0,0,0,0,0,0,0,0,0,9,0,0,0,0,4,0,0,0,0,1,0,11,0,0,1,0,0,0,0,7,6,0,13,0,4,9,13,9,4,0,9,4,0,44.53846153846154,43.0
13,007,9,0,9,0,1,8,0,0,0,0,1,8,1,0,0,1,7,1,8,0,0,2,7,0,0,0,0,0,0,0,0,0,0,0,0,0,8,0,0,0,0,0,0,0,1,0,0,0,0,0,0,0,0,0,0,0,0,0,0,0,0,0,0,0,0,0,0,0,0,9,0,0,0,0,0,0,0,0,0,0,0,0,0,0,0,0,0,0,0,1,8,0,0,9,0,1,8,0,0,9,0,0,9,0,0,7,2,0,0,0,9,9,0,7,2,2,7,0,9,0,9,0,0,9,0,0,9,0,9,0,0,0,0,0,0,0,0,0,0,0,0,0,0,0,1,0,0,0,0,0,7,0,0,0,0,1,0,0,0,0,0,0,0,0,0,0,0,0,0,0,0,0,0,0,0,0,0,7,0,0,0,0,1,1,0,0,0,0,0,9,0,0,0,0,0,0,0,2,7,0,9,0,2,7,9,8,1,0,7,2,0,33.77777777777778,12.0
13,008,80,1,79,0,6,74,0,2,0,1,47,30,7,0,1,47,25,11,69,0,2,53,25,0,0,0,0,0,0,0,0,0,1,0,2,1,63,0,5,1,0,0,0,0,1,0,0,1,0,0,0,0,4,1,0,0,0,0,0,0,0,0,0,0,0,4,0,0,0,73,0,0,0,0,0,0,0,0,0,0,0,0,0,0,0,3,0,0,0,10,69,1,0,74,6,14,66,0,0,72,8,1,79,0,1,22,57,0,0,0,80,80,0,20,60,11,69,0,80,4,76,0,18,60,2,1,78,1,80,4,0,0,0,1,1,0,0,0,0,0,0,0,0,0,1,0,2,0,0,1,23,0,0,0,0,47,0,0,0,0,0,1,0,0,0,0,0,0,0,0,0,0,0,0,0,0,0,23,0,0,0,0,47,9,0,0,0,4,0,71,0,0,0,0,5,0,0,55,25,2,78,0,57,23,80,33,47,0,23,57,0,35.4,31.5
13,009,18,0,18,0,0,18,0,0,0,0,7,11,1,0,0,7,10,4,14,0,0,11,7,0,0,0,0,0,0,0,0,0,3,0,0,0,13,0,0,0,0,0,0,0,0,0,0,1,0,0,0,0,0,0,0,0,1,0,0,0,0,0,0,0,0,0,0,0,0,18,0,0,0,0,0,0,0,0,0,0,0,0,0,0,0,0,0,0,0,3,15,0,0,18,0,5,13,0,0,18,0,1,17,0,1,9,8,0,0,1,17,17,1,5,13,1,17,0,18,1,17,0,5,13,0,2,16,0,18,0,0,0,0,0,0,0,0,0,0,0,0,0,0,0,0,0,0,0,0,1,10,0,0,0,0,7,0,0,0,0,0,0,0,0,0,0,0,0,0,0,0,0,0,0,0,0,0,10,0,0,0,0,7,1,0,0,0,0,0,10,2,0,2,0,4,0,0,11,7,0,18,0,8,10,18,11,7,1,9,8,0,37.333333333333336,44.0
13,010,24,0,24,0,1,23,0,1,0,0,12,11,6,0,0,12,6,4,20,0,0,8,16,0,0,0,0,0,0,0,0,0,6,0,2,0,10,0,0,0,0,0,0,1,0,2,0,1,0,0,0,0,0,2,0,0,0,0,0,0,0,0,0,0,0,6,0,0,0,18,0,0,0,0,0,0,0,0,0,0,0,0,0,0,0,0,0,0,0,1,23,0,1,23,0,7,17,0,1,23,0,1,23,0,0,10,14,0,0,0,24,24,0,4,20,6,18,0,24,2,22,0,7,17,0,0,24,0,24,5,0,0,0,0,0,0,0,0,1,0,0,0,0,0,1,0,1,0,0,0,4,0,0,0,0,12,0,0,0,0,0,0,0,0,0,0,0,0,0,0,0,0,0,0,0,0,0,4,0,0,0,0,12,8,0,0,0,3,0,2,0,0,1,0,0,18,0,8,16,6,18,0,14,10,24,12,12,0,10,14,0,55.208333333333336,54.5
13,011,2,0,2,0,0,2,0,0,0,0,0,2,0,0,0,0,2,0,2,0,0,1,1,0,0,0,0,0,0,0,0,0,0,0,0,0,2,0,0,0,0,0,0,0,0,0,0,0,0,0,0,0,0,0,0,0,0,0,0,0,0,0,0,0,0,1,0,0,0,1,0,0,0,0,0,0,0,0,0,0,0,0,0,0,0,0,0,0,0,0,2,0,0,2,0,0,2,0,0,2,0,0,2,0,0,2,0,0,0,0,2,2,0,0,2,0,2,0,2,1,1,0,0,2,0,0,2,0,2,0,0,0,0,0,0,0,0,0,0,0,0,0,1,0,0,0,0,0,0,0,1,0,0,0,0,0,0,0,0,0,0,0,0,0,0,0,0,0,0,0,0,0,0,0,0,0,0,1,0,0,0,0,0,1,0,0,0,1,0,1,0,0,0,0,0,0,0,1,1,0,2,0,0,2,2,2,0,0,2,0,0,17.0,17.0
13,012,27,0,27,0,1,26,0,1,0,0,11,15,3,0,0,11,13,5,22,0,1,12,14,0,0,0,0,0,0,0,0,0,2,0,0,0,22,0,2,0,0,0,0,0,0,0,0,1,0,0,0,0,0,0,0,0,0,0,0,0,0,0,0,0,0,3,0,0,0,24,0,0,0,0,0,0,0,0,0,0,0,0,0,0,0,0,0,0,0,1,26,0,0,27,0,5,22,0,0,27,0,0,27,0,1,15,11,0,0,0,27,27,0,4,23,1,26,0,27,2,25,0,4,23,0,4,23,0,27,0,0,0,0,0,0,0,0,1,0,0,0,0,0,0,1,0,1,0,0,2,11,0,0,0,0,11,0,0,0,0,0,0,0,0,0,0,0,0,0,0,0,0,0,0,0,0,0,11,0,0,0,0,11,5,0,0,0,2,0,20,0,0,3,0,1,1,0,13,14,2,25,0,11,16,27,16,11,0,16,11,0,37.03703703703704,37.0
13,013,8,0,8,0,1,7,0,1,0,1,1,5,1,0,1,1,5,3,5,0,0,6,2,0,0,0,0,0,0,0,0,0,2,0,0,0,5,0,1,0,0,0,0,0,0,0,0,0,0,0,0,0,0,0,0,0,0,0,0,0,0,0,0,0,0,0,0,0,0,8,0,0,0,0,0,0,0,0,0,0,0,0,0,0,0,0,0,0,0,2,6,0,0,8,0,3,5,0,0,8,0,1,7,0,0,7,1,0,0,0,8,8,0,2,6,2,6,0,8,0,8,0,2,6,0,1,7,0,8,1,0,0,0,1,0,0,0,0,0,0,0,0,0,0,0,0,1,0,0,0,4,0,0,0,0,1,0,0,0,0,0,1,0,0,0,0,0,0,0,0,0,0,0,0,0,0,0,4,0,0,0,0,1,2,0,0,0,0,0,3,0,0,3,0,0,2,0,6,2,1,7,0,1,7,8,7,1,0,7,1,0,51.125,52.0
13,014,3,0,3,0,0,3,0,1,0,0,1,1,0,0,0,1,2,2,1,0,0,3,0,0,0,0,0,0,0,0,0,0,0,0,0,0,3,0,0,0,0,0,0,0,0,0,0,0,0,0,0,0,0,0,0,0,0,0,0,0,0,0,0,0,0,0,0,0,0,2,0,1,0,0,0,0,0,0,0,0,0,0,0,0,0,0,0,0,0,0,3,0,0,3,0,0,3,0,0,3,0,0,3,0,0,2,1,0,0,0,3,3,0,0,3,0,3,0,3,0,3,0,0,3,0,0,3,0,3,0,0,0,0,0,0,0,0,0,0,0,0,0,0,0,0,0,1,0,0,0,1,0,0,0,0,1,0,0,0,0,0,0,0,0,0,0,0,0,0,0,0,0,0,0,0,0,0,1,0,0,0,0,1,1,0,0,0,0,0,1,0,0,0,1,1,0,0,3,0,0,3,0,1,2,3,2,1,0,2,1,0,59.333333333333336,75.0
13,015,14,0,14,0,0,14,0,2,0,0,0,12,1,0,0,0,13,3,11,0,1,6,7,0,0,0,0,0,0,0,0,0,0,0,0,0,14,0,0,0,0,0,0,0,0,0,0,0,0,0,0,0,0,0,0,0,0,0,0,0,0,0,0,0,0,1,0,0,0,13,0,0,0,0,0,0,0,0,0,0,0,0,0,0,0,0,0,0,0,3,11,0,7,7,0,4,10,0,9,5,0,1,13,0,0,13,1,0,0,0,14,14,0,6,8,3,11,0,14,1,13,0,4,10,0,0,14,0,14,1,0,0,0,0,0,1,0,0,0,0,0,0,0,1,0,0,2,0,0,0,9,0,0,0,0,0,0,0,0,0,0,0,0,0,0,0,0,0,0,0,1,0,0,0,0,0,0,9,0,0,0,0,0,4,0,0,0,1,0,11,2,0,0,0,0,0,0,7,7,0,14,0,1,13,14,14,0,0,13,1,0,53.214285714285715,66.5
13,016,33,2,31,0,3,30,0,0,0,1,3,29,1,0,1,3,28,3,30,0,0,9,24,0,0,0,0,0,0,0,0,0,1,0,0,0,31,0,0,0,0,0,0,0,1,0,0,0,0,0,0,0,0,0,0,0,0,0,0,0,0,0,0,0,0,1,0,0,0,32,0,0,0,0,0,0,0,0,0,0,0,0,0,0,0,0,0,0,0,0,33,0,0,32,1,7,26,0,0,32,1,1,32,0,1,27,5,0,0,0,33,33,0,26,7,2,31,0,33,1,32,0,2,31,0,2,31,0,33,0,1,0,0,1,0,0,0,0,0,0,0,0,0,0,1,0,0,0,0,0,27,0,0,0,0,3,0,0,0,0,0,1,0,0,0,0,0,0,0,0,0,0,0,0,0,0,0,27,0,0,0,0,3,2,0,0,0,1,0,26,3,0,2,0,1,0,0,9,24,1,32,0,5,28,33,30,3,0,28,5,0,29.151515151515152,12.0
13,017,14,0,14,0,1,13,0,5,0,0,2,7,2,0,0,2,10,3,11,0,0,4,10,0,0,0,0,0,0,0,0,0,2,0,0,0,11,0,1,0,0,0,0,0,0,0,0,0,0,0,0,0,0,0,0,0,0,0,0,0,0,0,0,0,0,6,0,0,0,8,0,0,0,0,0,0,0,0,0,0,0,0,0,0,0,0,0,0,0,1,13,0,0,14,0,3,11,0,1,13,0,2,12,0,0,9,5,0,0,0,14,14,0,3,11,1,13,0,14,2,12,0,2,12,0,0,14,0,14,1,0,0,0,0,0,0,0,0,0,0,0,0,2,0,1,0,5,0,0,0,3,0,0,0,0,2,0,0,0,0,0,0,0,0,0,0,0,0,0,0,0,0,0,0,0,0,0,3,0,0,0,0,2,9,0,0,0,6,0,7,0,0,0,0,0,1,0,4,10,0,14,0,5,9,14,12,2,0,9,5,0,53.0,52.0
13,018,6,0,6,0,0,6,0,0,0,0,0,6,1,0,0,0,5,2,4,0,0,2,4,0,0,0,0,0,0,0,0,0,0,0,0,0,5,0,0,0,0,0,0,0,0,0,0,1,0,0,0,0,0,0,0,0,0,0,0,0,0,0,0,0,0,2,0,0,0,1,0,0,0,0,0,0,0,0,0,0,3,0,0,0,0,0,0,0,0,0,6,0,0,6,0,1,5,0,0,6,0,1,5,0,1,3,2,0,0,0,6,6,0,2,4,0,6,0,6,1,5,0,0,6,0,0,6,0,6,1,0,0,0,0,0,0,0,0,1,0,0,0,0,0,0,0,0,0,0,0,4,0,0,0,0,0,0,0,0,0,0,0,0,0,0,0,0,0,0,0,0,0,0,0,0,0,0,4,0,0,0,0,0,2,0,0,0,2,0,3,0,0,0,1,0,0,0,2,4,0,6,0,2,4,6,6,0,0,4,2,0,42.333333333333336,34.0
13,019,23,1,22,0,2,21,0,0,0,1,2,20,1,0,1,2,19,6,17,0,0,11,12,0,0,0,0,0,0,0,0,0,0,0,0,0,23,0,0,0,0,0,0,0,0,0,0,0,0,0,0,0,0,0,0,0,0,0,0,0,0,0,0,0,0,0,0,0,0,23,0,0,0,0,0,0,0,0,0,0,0,0,0,0,0,0,0,0,0,3,20,0,5,18,0,5,18,0,6,17,0,0,23,0,0,22,1,0,0,0,23,23,0,7,16,3,20,0,23,0,23,0,3,19,1,0,23,0,23,0,0,0,0,1,0,1,0,0,0,0,0,0,0,1,1,0,0,0,0,0,17,0,0,0,0,1,1,0,0,0,0,1,0,0,0,0,0,0,0,0,0,0,0,0,0,0,0,17,0,0,0,0,1,3,1,0,0,0,0,21,1,0,0,0,1,0,0,11,12,1,22,0,1,22,23,22,1,0,22,1,0,34.30434782608695,28.0
13,020,3,0,3,0,0,3,0,0,0,0,0,3,2,0,0,0,1,0,3,0,0,0,3,0,0,0,0,0,0,0,0,0,1,0,0,0,2,0,0,0,0,0,0,0,0,0,0,0,0,0,0,0,0,0,0,0,0,0,0,0,0,0,0,0,0,0,0,0,0,3,0,0,0,0,0,0,0,0,0,0,0,0,0,0,0,0,0,0,0,1,2,0,0,3,0,0,3,0,0,3,0,1,2,0,0,1,2,0,0,0,3,3,0,0,3,0,3,0,3,0,3,0,2,1,0,0,3,0,3,0,0,0,0,0,0,0,0,0,0,0,0,0,0,0,2,0,0,0,0,0,1,0,0,0,0,0,0,0,0,0,0,0,0,0,0,0,0,0,0,0,0,0,0,0,0,0,0,1,0,0,0,0,0,2,0,0,0,0,0,3,0,0,0,0,0,0,0,0,3,2,1,0,2,1,3,3,0,0,1,2,0,54.0,46.0
13,021,7,0,7,0,0,7,0,1,0,0,3,3,0,0,0,3,4,1,6,0,0,2,5,0,0,0,0,0,0,0,0,0,0,0,0,0,6,0,0,0,0,0,0,0,0,0,0,0,0,0,0,0,1,0,0,0,0,0,0,0,0,0,0,0,0,1,0,0,0,6,0,0,0,0,0,0,0,0,0,0,0,0,0,0,0,0,0,0,0,0,7,0,0,7,0,0,7,0,0,7,0,0,7,0,0,3,4,0,0,0,7,7,0,2,5,1,6,0,7,0,7,0,2,5,0,0,7,0,7,0,0,0,0,0,0,0,0,0,0,0,0,0,1,0,0,0,1,0,0,0,2,0,0,0,0,3,0,0,0,0,0,0,0,0,0,0,0,0,0,0,0,0,0,0,0,0,0,2,0,0,0,0,3,2,0,0,0,1,0,3,0,0,1,0,2,0,0,2,5,0,7,0,4,3,7,4,3,0,3,4,0,33.57142857142857,34.0
13,022,37,0,37,0,2,35,0,4,0,0,20,13,1,0,0,20,16,5,32,0,2,17,18,0,0,0,0,0,0,0,0,0,3,0,0,0,31,0,2,0,0,0,0,0,1,0,0,0,0,0,0,0,0,0,0,0,0,0,0,0,0,0,0,0,0,0,0,0,0,37,0,0,0,0,0,0,0,0,0,0,0,0,0,0,0,0,0,0,0,0,37,0,0,37,0,7,30,0,0,37,0,1,36,0,0,16,21,0,0,0,37,37,0,6,31,2,35,0,37,0,37,0,11,26,0,0,37,0,37,0,0,0,0,0,0,0,0,0,0,0,0,0,0,0,0,0,4,0,0,1,12,0,0,0,0,20,0,0,0,0,0,0,0,0,0,0,0,0,0,0,0,0,0,0,0,0,0,12,0,0,0,0,20,5,0,0,0,0,0,17,2,0,7,0,11,0,0,19,18,2,35,0,21,16,37,17,20,0,16,21,0,41.4054054054054,43.0
13,023,30,0,30,0,3,27,0,2,0,0,6,22,2,0,0,6,22,3,27,0,1,14,15,0,0,0,0,0,0,0,0,0,1,0,0,0,29,0,0,0,0,0,0,0,0,0,0,0,0,0,0,0,0,0,0,0,0,0,0,0,0,0,0,0,0,0,0,0,0,30,0,0,0,0,0,0,0,0,0,0,0,0,0,0,0,0,0,0,0,1,29,0,0,28,2,8,22,0,0,29,1,0,30,0,3,20,7,0,0,0,30,30,0,15,15,3,27,0,30,0,30,0,10,20,0,3,27,0,30,0,0,0,0,0,0,0,0,0,0,0,0,0,0,0,0,0,2,0,0,2,20,0,0,0,0,6,0,0,0,0,0,0,0,0,0,0,0,0,0,0,0,0,0,0,0,0,0,20,0,0,0,0,6,4,0,0,0,0,0,16,2,0,3,0,9,0,0,15,15,0,30,0,7,23,30,24,6,1,22,7,0,41.93333333333333,41.5
13,024,16,0,16,0,0,16,0,3,0,1,5,7,1,0,1,5,9,1,15,0,0,7,9,0,0,0,0,0,0,0,0,0,2,0,0,0,14,0,0,0,0,0,0,0,0,0,0,0,0,0,0,0,0,0,0,0,0,0,0,0,0,0,0,0,0,3,0,0,0,13,0,0,0,0,0,0,0,0,0,0,0,0,0,0,0,0,0,0,0,1,15,0,0,16,0,2,14,0,0,16,0,0,16,0,0,8,8,0,0,0,16,16,0,4,12,2,14,0,16,0,16,0,5,11,0,0,16,0,16,1,0,0,0,1,0,0,0,0,0,0,0,0,0,0,0,0,3,0,0,0,6,0,0,0,0,5,0,0,0,0,0,1,0,0,0,0,0,0,0,0,0,0,0,0,0,0,0,6,0,0,0,0,5,4,0,0,0,3,0,8,1,0,2,0,2,0,0,7,9,0,16,0,8,8,16,11,5,0,8,8,0,31.75,31.5
13,026,3,0,3,0,0,3,0,1,0,0,0,2,2,0,0,0,1,0,3,0,0,0,3,0,0,0,0,0,0,0,0,0,0,0,0,0,3,0,0,0,0,0,0,0,0,0,0,0,0,0,0,0,0,0,0,0,0,0,0,0,0,0,0,0,0,0,0,0,0,3,0,0,0,0,0,0,0,0,0,0,0,0,0,0,0,0,0,0,0,0,3,0,1,2,0,0,3,0,1,2,0,2,1,0,0,3,0,0,0,0,3,3,0,2,1,0,3,0,3,2,1,0,0,3,0,0,3,0,3,1,0,0,0,0,0,0,0,0,0,0,0,0,0,0,1,0,1,0,0,0,0,0,0,0,0,0,0,0,0,0,0,0,0,0,0,0,0,0,0,0,0,0,0,0,0,0,0,0,0,0,0,0,0,3,0,0,0,0,0,0,3,0,0,0,0,0,0,0,3,0,3,0,0,3,3,3,0,0,3,0,0,5.0,6.0
13,027,17,0,17,0,0,17,0,0,0,0,2,15,0,0,0,2,15,1,16,0,0,8,9,0,0,0,0,0,0,0,0,0,4,0,0,0,12,0,0,0,0,0,0,0,0,0,0,0,0,0,0,0,0,1,0,0,0,0,0,0,0,0,0,0,0,5,0,0,0,12,0,0,0,0,0,0,0,0,0,0,0,0,0,0,0,0,0,0,0,2,15,0,0,17,0,0,17,0,0,17,0,0,17,0,1,12,4,0,0,0,17,17,0,7,10,1,16,0,17,1,16,0,2,15,0,0,17,0,17,0,0,0,0,0,0,0,0,0,0,0,0,0,0,1,0,0,0,0,0,0,11,0,3,0,0,2,0,0,0,0,0,0,0,0,0,0,0,0,0,0,1,0,0,0,0,0,0,11,0,0,0,0,2,3,0,0,0,5,0,8,2,0,0,1,1,0,0,8,9,2,15,0,4,13,17,15,2,0,13,4,0,26.058823529411764,23.0
13,028,75,1,74,0,0,75,0,1,0,0,68,6,0,0,0,68,7,5,70,0,1,39,35,0,0,0,0,0,0,0,0,0,3,0,0,0,66,0,0,0,0,0,0,2,0,0,0,0,0,0,0,2,0,2,0,0,0,0,0,0,0,0,0,0,0,1,0,0,0,74,0,0,0,0,0,0,0,0,0,0,0,0,0,0,0,0,0,0,0,0,75,0,6,66,3,5,70,0,20,51,4,3,72,0,0,6,69,0,0,0,75,75,0,2,73,13,62,0,75,1,74,0,41,33,1,0,75,0,75,0,0,0,0,0,0,0,0,0,0,0,0,0,2,0,0,0,1,0,0,0,4,0,0,0,0,68,0,0,0,0,0,0,0,0,0,0,0,0,0,0,0,0,0,0,0,0,0,4,0,0,0,0,68,3,0,0,0,1,0,67,1,0,2,0,4,0,0,40,35,1,74,0,69,6,75,7,68,0,6,69,0,25.493333333333332,21.0
13,029,54,1,53,0,8,46,0,5,0,0,7,42,7,0,0,7,40,15,39,0,0,31,23,0,0,0,0,0,0,0,0,0,3,0,0,0,38,0,4,2,0,0,0,0,1,5,0,0,0,0,0,0,0,0,0,0,1,0,0,0,0,0,0,0,0,2,0,0,0,33,0,0,0,0,0,0,0,0,19,0,0,0,0,0,0,0,0,0,0,6,48,0,1,53,0,18,36,0,0,54,0,3,51,0,1,46,7,0,0,1,53,53,1,45,9,4,50,0,54,3,51,0,2,52,0,6,48,0,54,4,1,0,0,0,0,0,0,0,1,0,0,0,2,1,3,0,5,0,0,0,30,0,0,0,0,6,1,0,0,0,0,0,0,0,0,0,0,0,0,0,0,0,0,0,0,0,0,30,0,0,0,0,6,17,1,0,0,4,0,32,0,0,17,0,1,0,0,31,23,0,54,0,7,47,54,48,6,0,47,7,0,44.25925925925926,48.0
13,030,93,2,91,0,4,89,0,3,0,2,15,73,10,0,2,15,66,31,62,0,1,55,37,0,0,0,0,0,0,0,0,0,3,0,1,0,84,0,3,0,0,0,0,0,0,0,0,1,1,0,0,0,0,0,0,0,0,0,0,0,0,0,0,0,0,4,0,0,0,89,0,0,0,0,0,0,0,0,0,0,0,0,0,0,0,0,0,0,0,8,85,0,17,75,1,26,67,0,22,70,1,2,91,0,2,71,20,0,0,0,93,93,0,23,70,14,79,0,93,4,89,0,25,68,0,6,87,0,93,6,1,0,0,2,0,1,0,0,0,0,0,0,2,0,4,0,3,0,0,0,59,0,0,0,0,14,1,0,0,0,0,2,0,0,0,0,0,0,0,0,0,0,0,0,0,0,0,59,0,1,0,0,14,16,1,0,0,4,0,77,1,0,2,4,5,0,0,56,37,1,92,0,20,73,93,79,14,0,73,20,0,40.01075268817204,39.0
13,031,5,0,5,0,0,5,0,0,0,0,4,1,0,0,0,4,1,0,5,0,0,2,3,0,0,0,0,0,0,0,0,0,0,0,0,0,5,0,0,0,0,0,0,0,0,0,0,0,0,0,0,0,0,0,0,0,0,0,0,0,0,0,0,0,0,0,0,0,0,5,0,0,0,0,0,0,0,0,0,0,0,0,0,0,0,0,0,0,0,0,5,0,0,4,1,0,5,0,0,4,1,0,5,0,0,1,4,0,0,0,5,5,0,1,4,0,5,0,5,0,5,0,3,1,1,0,5,0,5,0,0,0,0,0,0,0,0,0,0,0,0,0,0,0,0,0,0,0,0,0,1,0,0,0,0,4,0,0,0,0,0,0,0,0,0,0,0,0,0,0,0,0,0,0,0,0,0,1,0,0,0,0,4,0,0,0,0,0,0,3,1,0,0,0,1,0,0,2,3,0,5,0,4,1,5,1,4,0,1,4,0,11.6,6.0
13,032,3,0,3,0,0,3,0,1,0,0,2,0,0,0,0,2,1,1,2,0,0,1,2,0,0,0,0,0,0,0,0,0,0,0,0,0,1,0,1,0,0,0,0,0,0,0,0,0,0,0,0,0,0,1,0,0,0,0,0,0,0,0,0,0,0,0,0,0,0,3,0,0,0,0,0,0,0,0,0,0,0,0,0,0,0,0,0,0,0,0,3,0,0,3,0,1,2,0,0,3,0,0,3,0,0,1,2,0,0,0,3,3,0,1,2,1,2,0,3,0,3,0,0,3,0,0,3,0,3,0,0,0,0,0,0,0,0,0,0,0,0,0,0,0,0,0,1,0,0,0,0,0,0,0,0,2,0,0,0,0,0,0,0,0,0,0,0,0,0,0,0,0,0,0,0,0,0,0,0,0,0,0,2,1,0,0,0,0,0,2,0,0,0,0,1,0,0,1,2,1,2,0,2,1,3,1,2,0,1,2,0,38.666666666666664,47.0
13,033,3,0,3,0,0,3,0,0,0,0,1,2,0,0,0,1,2,0,3,0,0,2,1,0,0,0,0,0,0,0,0,0,0,0,0,0,3,0,0,0,0,0,0,0,0,0,0,0,0,0,0,0,0,0,0,0,0,0,0,0,0,0,0,0,0,1,0,0,0,2,0,0,0,0,0,0,0,0,0,0,0,0,0,0,0,0,0,0,0,0,3,0,0,3,0,1,2,0,0,3,0,1,2,0,0,2,1,0,0,0,3,3,0,1,2,0,3,0,3,1,2,0,1,2,0,0,3,0,3,0,0,0,0,0,0,0,0,0,0,0,0,0,1,0,0,0,0,0,0,0,1,0,0,0,0,1,0,0,0,0,0,0,0,0,0,0,0,0,0,0,0,0,0,0,0,0,0,1,0,0,0,0,1,1,0,0,0,1,0,1,0,0,0,0,1,0,0,2,1,0,3,0,1,2,3,2,1,0,2,1,0,44.333333333333336,57.0
13,034,8,0,8,0,0,8,0,0,0,0,1,7,3,0,0,1,4,2,6,0,0,4,4,0,0,0,0,0,0,0,0,0,0,0,0,1,7,0,0,0,0,0,0,0,0,0,0,0,0,0,0,0,0,0,0,0,0,0,0,0,0,0,0,0,0,0,0,0,0,8,0,0,0,0,0,0,0,0,0,0,0,0,0,0,0,0,0,0,0,3,5,0,0,8,0,3,5,0,1,7,0,1,7,0,0,6,2,0,0,0,8,8,0,3,5,0,8,0,8,0,8,0,1,7,0,0,8,0,8,2,0,0,0,0,0,0,0,0,0,0,0,0,0,0,0,0,0,0,0,1,4,0,0,0,0,1,0,0,0,0,0,0,0,0,0,0,0,0,0,0,0,0,0,0,0,0,0,4,0,0,0,0,1,3,0,0,0,0,0,6,0,0,1,0,1,0,0,4,4,0,8,0,2,6,8,7,1,0,6,2,0,48.25,59.5
13,035,10,0,10,0,0,10,0,0,0,0,6,4,2,0,0,6,2,1,9,0,0,7,3,0,0,0,0,0,0,0,0,0,0,0,0,0,8,0,1,0,0,0,0,0,1,0,0,0,0,0,0,0,0,0,0,0,0,0,0,0,0,0,0,0,0,0,0,0,0,10,0,0,0,0,0,0,0,0,0,0,0,0,0,0,0,0,0,0,0,1,9,0,0,10,0,3,7,0,0,10,0,0,10,0,0,4,6,0,0,0,10,10,0,2,8,1,9,0,10,0,10,0,0,10,0,0,10,0,10,1,0,0,0,0,0,0,0,0,0,0,0,0,0,0,1,0,0,0,0,0,2,0,0,0,0,6,0,0,0,0,0,0,0,0,0,0,0,0,0,0,0,0,0,0,0,0,0,2,0,0,0,0,6,2,0,0,0,0,0,3,0,0,0,7,0,0,0,7,3,1,9,0,6,4,10,4,6,0,4,6,0,33.4,21.0
13,036,3,0,3,0,0,3,0,0,0,0,0,3,0,0,0,0,3,1,2,0,0,1,2,0,0,0,0,0,0,0,0,0,0,0,0,0,3,0,0,0,0,0,0,0,0,0,0,0,0,0,0,0,0,0,0,0,0,0,0,0,0,0,0,0,0,0,0,0,0,2,0,1,0,0,0,0,0,0,0,0,0,0,0,0,0,0,0,0,0,1,2,0,0,3,0,2,1,0,0,3,0,0,3,0,0,3,0,0,0,0,3,3,0,0,3,0,3,0,3,0,3,0,0,3,0,0,3,0,3,0,0,0,0,0,0,0,0,0,0,0,0,0,0,0,0,0,0,0,0,0,3,0,0,0,0,0,0,0,0,0,0,0,0,0,0,0,0,0,0,0,0,0,0,0,0,0,0,3,0,0,0,0,0,0,0,0,0,0,0,1,0,0,2,0,0,0,0,1,2,0,3,0,0,3,3,3,0,0,3,0,0,64.33333333333333,87.0
13,037,36,1,35,0,4,32,0,1,0,0,26,9,1,0,0,26,9,7,29,0,0,22,14,0,0,0,0,0,0,0,0,0,1,0,0,1,31,0,1,0,0,0,0,0,0,0,0,1,0,0,0,0,0,1,0,0,0,0,0,0,0,0,0,0,0,2,0,0,0,34,0,0,0,0,0,0,0,0,0,0,0,0,0,0,0,0,0,0,0,2,34,0,0,34,2,6,30,0,0,34,2,0,36,0,1,8,27,0,0,0,36,36,0,4,32,5,31,0,36,1,35,0,7,29,0,1,35,0,36,0,0,0,0,0,0,0,0,0,0,0,0,0,0,0,1,0,1,0,0,0,8,0,0,0,0,26,0,0,0,0,0,0,0,0,0,0,0,0,0,0,1,0,0,0,0,0,0,8,0,0,0,0,26,1,0,0,0,2,0,31,1,0,0,0,2,0,0,22,14,3,33,0,27,9,36,10,26,1,8,27,0,39.94444444444444,38.0
13,038,14,1,13,0,1,13,0,0,0,0,6,8,1,0,0,6,7,1,13,0,0,8,6,0,0,0,0,0,0,0,0,0,1,0,0,0,11,0,1,0,0,0,0,1,0,0,0,0,0,0,0,0,0,0,0,0,0,0,0,0,0,0,0,0,0,0,0,0,0,14,0,0,0,0,0,0,0,0,0,0,0,0,0,0,0,0,0,0,0,1,13,0,0,13,1,2,12,0,0,13,1,1,13,0,0,9,5,0,0,0,14,14,0,4,10,2,12,0,14,1,13,0,3,11,0,0,14,0,14,0,0,0,0,0,0,0,0,0,0,0,0,0,0,0,1,0,0,0,0,0,7,0,0,0,0,5,1,0,0,0,0,0,0,0,0,0,0,0,0,0,0,0,0,0,0,0,0,7,0,0,0,0,5,1,1,0,0,0,0,9,1,0,1,0,3,0,0,8,6,2,12,0,5,9,14,9,5,0,9,5,0,43.57142857142857,51.5
13,039,24,2,22,0,1,23,0,0,0,1,7,16,1,0,1,7,15,1,23,0,0,11,13,0,0,0,0,0,0,0,0,0,1,0,0,1,22,0,0,0,0,0,0,0,0,0,0,0,0,0,0,0,0,0,0,0,0,0,0,0,0,0,0,0,0,0,0,0,0,24,0,0,0,0,0,0,0,0,0,0,0,0,0,0,0,0,0,0,0,2,22,0,0,24,0,5,19,0,1,23,0,1,23,0,2,14,8,0,0,0,24,24,0,1,23,1,23,0,24,1,23,0,6,18,0,0,24,0,24,0,1,0,0,1,0,0,0,0,0,0,0,0,0,0,1,0,0,0,0,0,13,0,0,1,0,7,0,0,0,0,0,1,0,0,0,0,0,0,0,0,0,0,0,0,0,0,0,13,0,0,0,0,7,3,0,0,0,0,0,6,0,0,11,0,7,0,0,11,13,1,23,0,8,16,24,17,7,0,16,8,0,42.0,38.5
13,040,3,0,3,0,0,3,0,1,0,0,0,2,0,0,0,0,3,0,3,0,0,1,2,0,0,0,0,0,0,0,0,0,0,0,0,0,3,0,0,0,0,0,0,0,0,0,0,0,0,0,0,0,0,0,0,0,0,0,0,0,0,0,0,0,0,0,0,0,0,3,0,0,0,0,0,0,0,0,0,0,0,0,0,0,0,0,0,0,0,0,3,0,0,3,0,0,3,0,0,3,0,0,3,0,0,3,0,0,0,0,3,3,0,2,1,0,3,0,3,0,3,0,0,3,0,0,3,0,3,0,0,0,0,0,0,0,0,0,0,0,0,0,0,0,0,0,1,0,0,0,2,0,0,0,0,0,0,0,0,0,0,0,0,0,0,0,0,0,0,0,0,0,0,0,0,0,0,2,0,0,0,0,0,1,0,0,0,0,0,3,0,0,0,0,0,0,0,1,2,0,3,0,0,3,3,3,0,0,3,0,0,1.0,1.0
13,041,27,1,26,0,2,25,0,1,0,0,1,25,3,0,0,1,23,5,22,0,1,12,14,0,0,0,0,0,0,0,0,0,2,0,0,0,25,0,0,0,0,0,0,0,0,0,0,0,0,0,0,0,0,0,0,0,0,0,0,0,0,0,0,0,0,2,0,0,0,25,0,0,0,0,0,0,0,0,0,0,0,0,0,0,0,0,0,0,0,4,23,0,1,25,1,6,21,0,0,27,0,1,26,0,4,20,3,0,0,0,27,27,0,18,9,2,25,0,27,1,26,0,3,24,0,5,22,0,27,1,0,1,0,0,0,0,0,0,0,0,0,0,1,0,2,0,1,0,0,0,20,0,0,0,0,1,0,0,0,0,0,0,0,0,0,0,0,0,0,0,0,0,0,0,0,0,0,20,0,0,0,0,1,6,0,0,0,2,0,18,0,0,3,0,2,2,0,13,14,1,26,0,3,24,27,26,1,0,24,3,0,53.111111111111114,54.0
13,042,27,1,26,0,1,26,0,0,0,1,11,15,10,0,1,11,5,5,22,0,0,14,13,0,0,0,0,0,0,0,0,0,1,0,0,0,25,0,1,0,0,0,0,0,0,0,0,0,0,0,0,0,0,0,0,0,0,0,0,0,0,0,0,0,0,2,0,0,0,25,0,0,0,0,0,0,0,0,0,0,0,0,0,0,0,0,0,0,0,0,27,0,0,27,0,5,22,0,1,26,0,2,25,0,0,5,22,0,0,0,27,27,0,2,25,4,23,0,27,2,25,0,15,11,1,0,27,0,27,0,0,0,0,1,0,0,0,0,0,0,0,0,0,0,4,0,0,0,0,6,5,0,0,0,0,11,0,0,0,0,0,1,0,0,0,0,0,0,0,0,0,0,0,0,0,0,0,5,0,0,0,0,11,10,0,0,0,2,0,20,0,0,0,1,4,0,0,14,13,1,26,0,22,5,27,16,11,0,5,22,0,35.629629629629626,30.0
13,043,6,0,6,0,0,6,0,0,0,0,2,4,0,0,0,2,4,1,5,0,0,3,3,0,0,0,0,0,0,0,0,0,0,0,0,0,6,0,0,0,0,0,0,0,0,0,0,0,0,0,0,0,0,0,0,0,0,0,0,0,0,0,0,0,0,0,0,0,0,6,0,0,0,0,0,0,0,0,0,0,0,0,0,0,0,0,0,0,0,1,5,0,1,4,1,1,5,0,2,3,1,0,6,0,0,4,2,0,0,0,6,6,0,2,4,0,6,0,6,0,6,0,1,5,0,0,6,0,6,0,0,0,0,0,0,0,0,0,0,0,0,0,0,0,0,0,0,0,0,0,4,0,0,0,0,2,0,0,0,0,0,0,0,0,0,0,0,0,0,0,0,0,0,0,0,0,0,4,0,0,0,0,2,0,0,0,0,0,0,6,0,0,0,0,0,0,0,3,3,0,6,0,2,4,6,4,2,0,4,2,0,22.666666666666668,11.0
13,044,8,0,8,0,0,8,0,2,0,0,0,6,3,0,0,0,5,1,7,0,0,5,3,0,0,0,0,0,0,0,0,0,1,0,0,0,6,0,1,0,0,0,0,0,0,0,0,0,0,0,0,0,0,0,0,0,0,0,0,0,0,0,0,0,0,2,0,0,0,4,0,0,0,0,0,0,0,0,2,0,0,0,0,0,0,0,0,0,0,0,8,0,0,7,1,2,6,0,0,7,1,0,8,0,0,7,1,0,0,0,8,8,0,5,3,1,7,0,8,1,7,0,2,6,0,0,8,0,8,1,0,0,0,0,0,0,0,0,0,0,0,0,0,0,2,0,2,0,0,0,3,0,0,0,0,0,0,0,0,0,0,0,0,0,0,0,0,0,0,0,0,0,0,0,0,0,0,3,0,0,0,0,0,5,0,0,0,4,0,4,0,0,0,0,0,0,0,5,3,1,7,0,1,7,8,8,0,0,7,1,0,47.875,57.5
13,045,13,1,12,0,2,11,0,1,0,0,3,9,2,0,0,3,8,1,12,0,1,3,9,0,0,0,0,0,0,0,0,0,0,0,0,0,13,0,0,0,0,0,0,0,0,0,0,0,0,0,0,0,0,0,0,0,0,0,0,0,0,0,0,0,0,0,0,0,0,13,0,0,0,0,0,0,0,0,0,0,0,0,0,0,0,0,0,0,0,3,10,0,0,13,0,4,9,0,0,13,0,0,13,0,0,9,4,0,0,0,13,13,0,3,10,0,13,0,13,1,12,0,5,8,0,1,12,0,13,1,0,0,0,0,0,0,0,0,0,0,0,0,0,0,1,0,1,0,0,0,7,0,0,0,0,3,0,0,0,0,0,0,0,0,0,0,0,0,0,0,0,0,0,0,0,0,0,7,0,0,0,0,3,3,0,0,0,0,0,9,1,0,2,0,1,0,0,4,9,0,13,0,4,9,13,10,3,0,9,4,0,45.0,64.0
13,046,3,0,3,0,0,3,0,0,0,0,0,3,0,0,0,0,3,1,2,0,0,1,2,0,0,0,0,0,0,0,0,0,0,0,0,0,2,0,0,0,0,0,0,0,0,0,0,1,0,0,0,0,0,0,0,0,0,0,0,0,0,0,0,0,0,0,0,0,0,1,0,0,0,0,0,0,0,0,0,0,2,0,0,0,0,0,0,0,0,0,3,0,0,3,0,0,3,0,1,2,0,1,2,0,0,2,1,0,0,0,3,3,0,2,1,0,3,0,3,0,3,0,0,3,0,0,3,0,3,0,0,0,0,0,0,0,0,0,0,0,0,0,0,0,0,0,0,0,0,0,3,0,0,0,0,0,0,0,0,0,0,0,0,0,0,0,0,0,0,0,0,0,0,0,0,0,0,3,0,0,0,0,0,0,0,0,0,1,0,2,0,0,0,0,0,0,0,1,2,0,3,0,1,2,3,3,0,0,2,1,0,28.0,13.0
13,047,22,1,21,0,1,21,0,1,0,0,13,8,1,0,0,13,8,2,20,0,0,8,14,0,0,0,0,0,0,0,0,0,0,0,0,0,21,0,0,0,0,0,0,0,0,0,0,0,0,0,0,0,0,0,0,0,1,0,0,0,0,0,0,0,0,0,0,0,0,22,0,0,0,0,0,0,0,0,0,0,0,0,0,0,0,0,0,0,0,3,19,0,2,19,1,5,17,0,2,20,0,0,22,0,0,7,15,0,1,0,21,21,1,3,19,1,21,0,22,0,22,0,8,14,0,0,22,0,22,0,0,0,0,0,0,0,0,0,0,0,0,0,1,0,0,0,1,0,0,1,6,0,0,0,0,13,0,0,0,0,0,0,0,0,0,0,0,0,0,0,0,0,0,0,0,0,0,6,0,0,0,0,13,3,0,0,0,0,0,21,1,0,0,0,0,0,0,8,14,1,21,0,15,7,22,9,13,0,7,15,0,35.18181818181818,21.0
13,048,1360,50,1305,5,25,1331,4,35,1,11,993,320,60,1,11,993,295,148,1207,5,7,875,474,4,0,3,0,0,2,0,4,1,152,1,9,13,1039,4,43,4,0,0,3,5,15,6,0,8,2,3,5,2,8,23,0,1,4,0,0,0,1,0,0,0,0,31,0,0,0,1324,0,1,0,0,0,0,1,1,0,0,0,0,0,0,0,1,0,0,0,27,1328,5,2,1324,34,204,1153,3,2,1328,30,36,1321,3,4,264,1092,0,0,4,1356,1356,4,57,1303,69,1288,3,1360,17,1341,2,535,809,16,36,1320,4,1360,17,1,2,0,11,0,0,1,0,1,0,0,0,3,2,28,0,34,0,0,15,251,1,0,0,0,991,2,0,0,0,0,11,0,0,0,0,0,0,0,0,0,1,0,0,1,0,0,251,1,0,0,0,991,102,2,0,0,17,0,230,14,1,174,0,920,4,0,886,474,95,1263,2,1092,268,1360,369,991,2,266,1092,0,41.283088235294116,41.0
13,049,5,0,5,0,0,5,0,0,0,0,3,2,0,0,0,3,2,1,4,0,0,4,1,0,0,0,0,0,0,0,0,0,0,0,0,0,5,0,0,0,0,0,0,0,0,0,0,0,0,0,0,0,0,0,0,0,0,0,0,0,0,0,0,0,0,0,0,0,0,5,0,0,0,0,0,0,0,0,0,0,0,0,0,0,0,0,0,0,0,0,5,0,0,5,0,1,4,0,0,5,0,0,5,0,0,2,3,0,0,0,5,5,0,0,5,1,4,0,5,0,5,0,3,2,0,0,5,0,5,0,0,0,0,0,0,0,0,0,0,0,0,0,0,0,0,0,0,0,0,0,2,0,0,0,0,3,0,0,0,0,0,0,0,0,0,0,0,0,0,0,0,0,0,0,0,0,0,2,0,0,0,0,3,0,0,0,0,0,0,5,0,0,0,0,0,0,0,4,1,0,5,0,3,2,5,2,3,0,2,3,0,36.4,37.0
13,050,15,0,15,0,1,14,0,1,0,0,2,12,2,0,0,2,11,5,10,0,0,8,7,0,0,0,0,0,0,0,0,0,0,0,0,0,12,0,3,0,0,0,0,0,0,0,0,0,0,0,0,0,0,0,0,0,0,0,0,0,0,0,0,0,0,0,0,0,0,15,0,0,0,0,0,0,0,0,0,0,0,0,0,0,0,0,0,0,0,1,14,0,0,15,0,5,10,0,0,15,0,2,13,0,1,11,3,0,0,0,15,15,0,6,9,2,13,0,15,0,15,0,5,10,0,5,10,0,15,1,0,0,0,0,0,0,0,0,0,0,0,0,0,0,1,0,1,0,0,0,10,0,0,0,0,2,0,0,0,0,0,0,0,0,0,0,0,0,0,0,0,0,0,0,0,0,0,10,0,0,0,0,2,3,0,0,0,0,0,7,3,0,2,0,3,0,0,8,7,1,14,0,3,12,15,13,2,1,11,3,0,36.4,37.0
13,051,522,17,505,0,12,510,0,15,0,1,348,158,28,0,1,348,145,60,462,0,7,319,196,0,0,0,0,1,1,0,1,3,53,0,1,2,403,1,13,2,0,0,0,2,9,1,0,4,0,2,0,2,5,15,0,1,0,0,0,0,0,0,0,0,0,4,0,0,0,518,0,0,0,0,0,0,0,0,0,0,0,0,0,0,0,0,0,0,0,10,512,0,1,511,10,70,452,0,0,510,12,12,510,0,4,146,372,0,0,0,522,522,0,30,492,23,499,0,522,3,519,0,179,336,7,11,511,0,522,6,0,0,1,1,0,0,0,0,0,0,0,0,5,0,13,0,15,0,0,7,125,0,1,0,0,346,2,0,1,0,0,1,0,0,0,0,0,0,0,0,0,0,0,0,0,0,1,125,0,0,0,0,346,46,2,0,0,3,0,98,8,0,99,0,314,0,0,326,196,28,494,0,372,150,522,176,346,4,146,372,0,39.752873563218394,41.0
13,052,43,1,42,0,2,41,0,3,0,0,28,12,4,0,0,28,11,6,37,0,0,31,12,0,0,0,0,0,0,0,0,0,4,0,0,1,36,1,1,0,0,0,0,0,0,0,0,0,0,0,0,0,0,0,0,0,0,0,0,0,0,0,0,0,0,1,0,0,0,42,0,0,0,0,0,0,0,0,0,0,0,0,0,0,0,0,0,0,0,4,39,0,0,41,2,10,33,0,0,41,2,0,43,0,0,14,29,0,0,0,43,43,0,4,39,4,39,0,43,1,42,0,15,28,0,2,41,0,43,2,0,0,0,0,0,0,0,0,0,0,0,0,0,0,0,0,3,0,0,2,8,0,0,0,0,28,0,0,0,0,0,0,0,0,0,0,0,0,0,0,0,0,0,0,0,0,0,8,0,0,0,0,28,7,0,0,0,1,0,12,1,0,4,0,25,0,0,31,12,1,42,0,29,14,43,15,28,0,14,29,0,47.395348837209305,43.0
13,053,9,0,9,0,1,8,0,0,0,0,3,6,3,0,0,3,3,1,8,0,0,6,3,0,0,0,0,0,0,0,0,0,0,0,0,0,9,0,0,0,0,0,0,0,0,0,0,0,0,0,0,0,0,0,0,0,0,0,0,0,0,0,0,0,0,1,0,0,0,8,0,0,0,0,0,0,0,0,0,0,0,0,0,0,0,0,0,0,0,2,7,0,1,8,0,1,8,0,2,7,0,0,9,0,0,5,4,0,0,0,9,9,0,4,5,0,9,0,9,0,9,0,0,9,0,0,9,0,9,1,0,0,0,0,0,0,0,0,0,0,0,0,0,0,1,0,0,0,0,1,3,0,0,0,0,3,0,0,0,0,0,0,0,0,0,0,0,0,0,0,0,0,0,0,0,0,0,3,0,0,0,0,3,3,0,0,0,1,0,6,0,0,0,0,2,0,0,6,3,0,9,0,4,5,9,6,3,0,5,4,0,47.22222222222222,33.0
13,054,48,1,47,0,1,47,0,1,0,1,11,35,4,0,1,11,32,12,36,0,0,23,25,0,0,0,0,0,0,0,0,0,0,0,0,1,44,0,2,0,0,0,0,1,0,0,0,0,0,0,0,0,0,0,0,0,0,0,0,0,0,0,0,0,0,2,0,0,0,46,0,0,0,0,0,0,0,0,0,0,0,0,0,0,0,0,0,0,0,6,42,0,7,41,0,10,38,0,7,41,0,2,46,0,0,35,13,0,0,0,48,48,0,13,35,4,44,0,48,1,47,0,14,34,0,5,43,0,48,1,0,0,1,1,0,0,0,0,0,0,0,0,1,0,2,0,1,0,0,0,30,0,0,0,0,10,1,0,0,0,0,1,0,0,0,0,0,0,0,0,0,0,0,0,0,0,0,30,0,0,0,0,10,6,1,0,0,2,0,29,1,0,7,0,9,0,0,23,25,3,45,0,13,35,48,38,10,0,35,13,0,51.333333333333336,56.5
13,055,14,0,14,0,1,13,0,1,0,0,3,10,1,0,0,3,10,5,9,0,0,3,11,0,0,0,0,0,0,0,0,0,0,0,0,0,13,0,1,0,0,0,0,0,0,0,0,0,0,0,0,0,0,0,0,0,0,0,0,0,0,0,0,0,0,0,0,0,0,14,0,0,0,0,0,0,0,0,0,0,0,0,0,0,0,0,0,0,0,1,13,0,2,11,1,3,11,0,2,11,1,1,13,0,0,11,3,0,0,0,14,14,0,6,8,1,13,0,14,2,12,0,5,9,0,2,12,0,14,1,0,0,0,0,0,0,0,0,0,0,0,0,0,0,0,0,1,0,0,0,9,0,0,0,0,3,0,0,0,0,0,0,0,0,0,0,0,0,0,0,0,0,0,0,0,0,0,9,0,0,0,0,3,2,0,0,0,0,0,9,2,0,1,0,2,0,0,3,11,0,14,0,3,11,14,11,3,0,11,3,0,40.857142857142854,48.0
13,056,46,6,40,0,3,43,0,0,0,0,8,38,8,0,0,8,30,3,43,0,0,22,24,0,0,0,0,0,0,0,0,0,1,0,0,0,39,3,1,0,0,0,0,0,0,0,0,0,0,0,0,0,0,2,0,0,0,0,0,0,0,0,0,0,0,2,0,0,0,44,0,0,0,0,0,0,0,0,0,0,0,0,0,0,0,0,0,0,0,1,45,0,0,45,1,2,44,0,0,45,1,1,45,0,0,39,7,0,0,0,46,46,0,37,9,4,42,0,46,2,44,0,4,42,0,0,46,0,46,3,0,0,0,0,0,0,0,0,0,0,0,0,1,0,2,0,0,0,0,3,29,0,0,0,0,6,2,0,0,0,0,0,0,0,0,0,0,0,0,0,0,0,0,0,0,0,0,29,0,0,0,0,6,9,2,0,0,2,0,39,2,0,2,0,1,0,0,22,24,2,44,0,7,39,46,40,6,1,38,7,0,17.08695652173913,7.0
13,057,10,2,8,0,1,9,0,1,0,0,0,9,1,0,0,0,9,1,9,0,0,5,5,0,0,0,0,0,0,0,0,0,0,0,0,0,10,0,0,0,0,0,0,0,0,0,0,0,0,0,0,0,0,0,0,0,0,0,0,0,0,0,0,0,0,0,0,0,0,10,0,0,0,0,0,0,0,0,0,0,0,0,0,0,0,0,0,0,0,1,9,0,0,10,0,2,8,0,0,10,0,0,10,0,0,9,1,0,0,0,10,10,0,6,4,1,9,0,10,0,10,0,3,7,0,1,9,0,10,0,0,0,0,0,0,0,0,0,0,0,0,0,0,0,0,0,1,0,0,1,8,0,0,0,0,0,0,0,0,0,0,0,0,0,0,0,0,0,0,0,0,0,0,0,0,0,0,8,0,0,0,0,0,2,0,0,0,0,0,8,1,0,0,0,1,0,0,5,5,0,10,0,1,9,10,10,0,0,9,1,0,21.4,9.0
13,058,22,0,22,0,0,22,0,1,0,0,2,19,1,0,0,2,19,4,18,0,0,12,10,0,0,0,0,0,0,0,0,0,1,0,0,0,20,0,1,0,0,0,0,0,0,0,0,0,0,0,0,0,0,0,0,0,0,0,0,0,0,0,0,0,0,0,0,0,0,22,0,0,0,0,0,0,0,0,0,0,0,0,0,0,0,0,0,0,0,1,21,0,3,19,0,6,16,0,3,19,0,1,21,0,0,18,4,0,0,0,22,22,0,12,10,0,22,0,22,0,22,0,4,18,0,3,19,0,22,1,0,0,0,0,0,0,0,0,0,0,0,0,0,1,0,0,1,0,0,0,17,0,0,0,0,2,0,0,0,0,0,0,0,0,0,0,0,0,0,0,0,0,0,0,0,0,0,17,0,0,0,0,2,3,0,0,0,0,0,18,3,0,1,0,0,0,0,12,10,3,19,0,4,18,22,20,2,1,17,4,0,45.31818181818182,47.0
13,059,41,1,40,0,1,40,0,0,0,0,1,40,12,0,0,1,28,8,33,0,0,18,23,0,0,0,0,1,0,0,0,0,2,0,0,0,26,0,3,0,0,0,0,0,0,9,0,0,0,0,0,0,0,0,0,0,0,0,0,0,0,0,0,0,0,3,0,0,0,22,0,1,0,0,0,0,0,0,15,0,0,0,0,0,0,0,0,0,0,2,39,0,0,40,1,9,32,0,0,41,0,3,38,0,0,29,12,0,0,0,41,41,0,28,13,5,36,0,41,2,39,0,15,24,2,6,35,0,41,3,1,0,1,0,0,1,0,0,0,0,0,0,0,0,8,0,0,0,0,0,26,0,0,0,0,1,0,0,0,0,0,0,0,0,0,0,0,0,0,0,0,0,0,0,0,0,0,26,0,0,0,0,1,14,0,0,0,9,0,22,0,0,10,0,0,0,0,18,23,1,40,0,12,29,41,40,1,1,28,12,0,41.146341463414636,43.0
13,060,15,0,15,0,1,14,0,1,0,0,11,3,1,0,0,11,3,1,14,0,0,12,3,0,0,0,0,0,0,0,0,0,1,0,0,0,12,0,1,0,0,0,0,0,0,0,0,0,0,0,0,0,0,0,0,0,1,0,0,0,0,0,0,0,0,0,0,0,0,15,0,0,0,0,0,0,0,0,0,0,0,0,0,0,0,0,0,0,0,1,14,0,2,12,1,1,14,0,1,13,1,0,15,0,2,1,12,0,1,0,14,14,1,2,13,0,15,0,15,0,15,0,2,13,0,0,15,0,15,0,0,0,0,0,0,0,0,0,0,0,0,0,0,0,0,0,1,0,0,1,2,0,0,0,0,11,0,0,0,0,0,0,0,0,0,0,0,0,0,0,0,0,0,0,0,0,0,2,0,0,0,0,11,2,0,0,0,0,0,14,0,0,0,0,1,0,0,12,3,0,15,0,12,3,15,4,11,0,3,12,0,38.8,37.0
13,061,40,0,40,0,0,40,0,0,0,1,17,22,2,0,1,17,20,9,31,0,1,21,18,0,0,0,0,0,0,0,0,0,2,0,0,0,31,2,3,0,0,0,0,0,1,0,0,0,0,0,0,0,1,0,0,0,0,0,0,0,0,0,0,0,0,3,0,0,0,37,0,0,0,0,0,0,0,0,0,0,0,0,0,0,0,0,0,0,0,4,36,0,0,40,0,7,33,0,0,40,0,0,40,0,0,15,25,0,0,0,40,40,0,10,30,5,35,0,40,0,40,0,13,27,0,1,39,0,40,0,1,0,0,1,0,0,0,0,0,0,0,0,0,0,2,0,0,0,0,0,19,0,0,0,0,17,0,0,0,0,0,1,0,0,0,0,0,0,0,0,0,0,0,0,0,0,0,19,0,0,0,0,17,3,0,0,0,1,0,18,1,0,10,0,9,1,0,22,18,1,39,0,25,15,40,23,17,0,15,25,0,42.3,41.0
13,062,15,2,13,0,0,15,0,0,0,1,1,13,1,0,1,1,12,2,13,0,0,8,7,0,0,0,0,0,0,0,0,0,0,0,0,0,14,0,0,0,0,0,0,0,0,0,0,1,0,0,0,0,0,0,0,0,0,0,0,0,0,0,0,0,0,2,0,0,0,12,0,0,0,0,0,0,0,0,0,0,1,0,0,0,0,0,0,0,0,2,13,0,2,13,0,3,12,0,6,9,0,1,14,0,0,14,1,0,0,0,15,15,0,8,7,0,14,1,15,2,12,1,5,10,0,1,14,0,15,0,0,0,0,1,0,0,0,0,0,0,0,0,1,0,1,0,0,0,0,0,11,0,0,0,0,1,0,0,0,0,0,1,0,0,0,0,0,0,0,0,0,0,0,0,0,0,0,11,0,0,1,0,1,1,0,0,0,2,0,11,0,0,0,0,2,0,0,8,7,1,14,0,1,14,15,14,1,0,14,1,0,38.53333333333333,48.0
13,063,85,2,83,0,0,85,0,5,0,3,8,69,16,0,3,8,58,18,67,0,0,56,29,0,0,0,0,0,0,0,0,0,2,0,0,0,77,0,4,1,0,0,0,1,0,0,0,0,0,0,0,0,0,0,0,0,0,0,0,0,0,0,0,0,0,7,0,0,0,77,0,0,0,0,0,0,0,0,1,0,0,0,0,0,0,0,0,0,0,6,79,0,0,84,1,20,65,0,0,84,1,1,84,0,1,58,26,0,0,0,85,85,0,36,49,6,79,0,85,7,78,0,8,77,0,2,83,0,85,5,1,1,1,3,0,0,0,0,0,0,0,0,2,0,8,0,5,0,0,2,49,0,0,0,0,8,0,0,0,0,0,3,0,0,0,0,0,0,0,0,0,0,0,0,0,0,0,49,0,0,0,0,8,25,0,0,0,6,0,15,4,0,58,0,2,0,0,56,29,1,84,0,26,59,85,77,8,0,59,26,0,31.63529411764706,25.0
13,064,98,3,95,0,3,95,0,2,0,0,83,13,6,0,0,83,9,7,91,0,2,63,33,0,0,0,0,0,0,0,2,0,4,0,1,1,78,0,10,0,0,0,0,0,2,0,0,0,0,0,0,0,0,0,0,0,0,0,0,0,0,0,0,0,0,1,0,0,0,97,0,0,0,0,0,0,0,0,0,0,0,0,0,0,0,0,0,0,0,1,97,0,1,95,2,9,89,0,0,96,2,0,98,0,0,5,93,0,0,0,98,98,0,2,96,15,83,0,98,1,97,0,55,43,0,1,97,0,98,2,0,0,0,0,0,0,0,0,0,0,0,0,0,0,4,0,2,0,0,0,7,0,0,0,0,83,0,0,0,0,0,0,0,0,0,0,0,0,0,0,0,0,0,0,0,0,0,7,0,0,0,0,83,8,0,0,0,1,0,94,0,0,1,0,1,1,0,65,33,2,96,0,93,5,98,15,83,0,5,93,0,29.836734693877553,22.0
13,065,8,0,8,0,0,8,0,0,0,0,3,5,2,0,0,3,3,5,3,0,0,5,3,0,0,0,0,0,0,0,0,0,1,0,1,0,6,0,0,0,0,0,0,0,0,0,0,0,0,0,0,0,0,0,0,0,0,0,0,0,0,0,0,0,0,0,0,0,0,8,0,0,0,0,0,0,0,0,0,0,0,0,0,0,0,0,0,0,0,1,7,0,0,8,0,3,5,0,0,8,0,0,8,0,0,5,3,0,0,0,8,8,0,2,6,2,6,0,8,0,8,0,1,7,0,1,7,0,8,1,0,0,0,0,0,0,0,0,0,0,0,0,0,0,0,0,0,0,0,1,3,0,0,0,0,3,0,0,0,0,0,0,0,0,0,0,0,0,0,0,0,0,0,0,0,0,0,3,0,0,0,0,3,2,0,0,0,0,0,3,0,0,1,0,1,3,0,5,3,0,8,0,3,5,8,5,3,0,5,3,0,55.75,61.0
13,066,16,2,14,0,0,16,0,1,0,0,8,7,2,0,0,8,6,2,14,0,0,10,6,0,0,0,0,0,0,0,0,0,2,0,0,0,11,0,2,1,0,0,0,0,0,0,0,0,0,0,0,0,0,0,0,0,0,0,0,0,0,0,0,0,0,1,0,0,0,15,0,0,0,0,0,0,0,0,0,0,0,0,0,0,0,0,0,0,0,0,16,0,0,16,0,1,15,0,0,16,0,2,14,0,0,7,9,0,0,0,16,16,0,5,11,0,16,0,16,0,16,0,11,5,0,0,16,0,16,0,0,0,0,0,0,0,0,0,0,0,0,0,0,0,0,0,1,0,0,2,5,0,0,0,0,8,0,0,0,0,0,0,0,0,0,0,0,0,0,0,0,0,0,0,0,0,0,5,0,0,0,0,8,3,0,0,0,1,0,7,1,0,0,0,7,0,0,10,6,1,15,0,9,7,16,8,8,0,7,9,0,43.4375,34.0
13,067,36,1,35,0,2,34,0,1,0,0,10,25,6,0,0,10,20,3,33,0,2,15,19,0,0,0,0,0,0,0,0,0,0,0,0,0,36,0,0,0,0,0,0,0,0,0,0,0,0,0,0,0,0,0,0,0,0,0,0,0,0,0,0,0,0,0,0,0,0,36,0,0,0,0,0,0,0,0,0,0,0,0,0,0,0,0,0,0,0,4,32,0,0,36,0,8,28,0,0,34,2,1,35,0,3,22,11,0,0,0,36,36,0,24,12,0,36,0,36,1,35,0,12,24,0,5,31,0,36,0,0,0,0,0,0,0,0,0,0,0,0,0,1,0,6,0,1,0,0,0,18,0,0,0,0,10,0,0,0,0,0,0,0,0,0,0,0,0,0,0,0,0,0,0,0,0,0,18,0,0,0,0,10,8,0,0,0,0,0,26,4,0,1,0,3,2,0,17,19,2,34,0,11,25,36,26,10,2,23,11,0,38.138888888888886,31.0
13,068,2,0,2,0,0,2,0,1,0,0,0,1,0,0,0,0,2,1,1,0,0,2,0,0,0,0,0,0,0,0,0,0,0,0,0,0,2,0,0,0,0,0,0,0,0,0,0,0,0,0,0,0,0,0,0,0,0,0,0,0,0,0,0,0,0,0,0,0,0,2,0,0,0,0,0,0,0,0,0,0,0,0,0,0,0,0,0,0,0,0,2,0,0,2,0,1,1,0,0,2,0,0,2,0,0,2,0,0,0,0,2,2,0,0,2,0,2,0,2,0,2,0,0,2,0,0,2,0,2,0,0,0,0,0,0,0,0,0,0,0,0,0,0,0,0,0,1,0,0,0,1,0,0,0,0,0,0,0,0,0,0,0,0,0,0,0,0,0,0,0,0,0,0,0,0,0,0,1,0,0,0,0,0,1,0,0,0,0,0,1,0,0,0,1,0,0,0,2,0,0,2,0,0,2,2,2,0,0,2,0,0,63.0,63.0
13,069,205,11,194,0,8,197,0,5,0,3,145,52,14,0,3,145,43,26,179,0,4,118,83,0,0,0,0,0,0,0,0,0,89,0,2,5,60,0,35,0,1,1,0,1,2,0,0,3,0,0,0,0,0,5,0,0,1,0,0,0,0,0,0,0,0,18,0,0,0,185,0,2,0,0,0,0,0,0,0,0,0,0,0,0,0,0,0,0,0,5,200,0,2,197,6,34,171,0,2,197,6,8,197,0,0,64,141,0,0,1,204,204,1,26,179,33,172,0,205,4,201,0,65,140,0,14,191,0,205,5,0,0,0,3,0,0,1,0,0,0,0,0,3,0,5,0,5,0,0,4,34,0,0,0,0,145,0,0,0,0,0,3,0,0,0,0,0,0,0,0,0,0,0,0,0,0,0,34,0,0,0,0,145,23,0,0,0,10,0,63,4,0,66,0,61,1,0,122,83,21,184,0,141,64,205,60,145,0,64,141,0,36.15609756097561,37.0
13,070,12,1,11,0,0,12,0,2,0,0,0,10,2,0,0,0,10,3,9,0,0,4,8,0,0,0,0,0,0,0,0,0,0,0,0,0,12,0,0,0,0,0,0,0,0,0,0,0,0,0,0,0,0,0,0,0,0,0,0,0,0,0,0,0,0,0,0,0,0,12,0,0,0,0,0,0,0,0,0,0,0,0,0,0,0,0,0,0,0,2,10,0,1,11,0,1,11,0,1,10,1,2,10,0,1,11,0,0,0,0,12,12,0,9,3,0,12,0,12,2,10,0,6,6,0,1,11,0,12,1,0,0,0,0,0,0,0,1,0,0,0,0,0,0,1,0,2,0,0,0,7,0,0,0,0,0,0,0,0,0,0,0,0,0,0,0,0,0,0,0,0,0,0,0,0,0,0,7,0,0,0,0,0,5,0,0,0,0,0,8,3,0,1,0,0,0,0,4,8,0,12,0,0,12,12,12,0,1,11,0,0,37.166666666666664,27.0
13,071,2,0,2,0,0,2,0,0,0,0,2,0,0,0,0,2,0,0,2,0,0,1,1,0,0,0,0,0,0,0,0,0,0,0,0,0,2,0,0,0,0,0,0,0,0,0,0,0,0,0,0,0,0,0,0,0,0,0,0,0,0,0,0,0,0,0,0,0,0,2,0,0,0,0,0,0,0,0,0,0,0,0,0,0,0,0,0,0,0,0,2,0,0,2,0,0,2,0,0,2,0,0,2,0,0,0,2,0,0,0,2,2,0,0,2,0,2,0,2,0,2,0,0,2,0,0,2,0,2,0,0,0,0,0,0,0,0,0,0,0,0,0,0,0,0,0,0,0,0,0,0,0,0,0,0,2,0,0,0,0,0,0,0,0,0,0,0,0,0,0,0,0,0,0,0,0,0,0,0,0,0,0,2,0,0,0,0,0,0,1,0,0,0,0,1,0,0,1,1,0,2,0,2,0,2,0,2,0,0,2,0,26.5,26.5
13,072,7,0,7,0,0,7,0,0,0,0,3,4,0,0,0,3,4,1,6,0,0,6,1,0,0,0,0,0,0,0,0,0,0,0,0,0,5,0,1,0,0,0,0,0,1,0,0,0,0,0,0,0,0,0,0,0,0,0,0,0,0,0,0,0,0,0,0,0,0,6,0,0,0,0,0,0,0,1,0,0,0,0,0,0,0,0,0,0,0,1,6,0,0,7,0,2,5,0,0,7,0,0,7,0,1,2,4,0,0,0,7,7,0,2,5,0,7,0,7,0,7,0,4,3,0,1,6,0,7,0,0,0,0,0,0,0,0,0,0,0,0,0,0,0,0,0,0,0,0,0,4,0,0,0,0,3,0,0,0,0,0,0,0,0,0,0,0,0,0,0,0,0,0,0,0,0,0,4,0,0,0,0,3,0,0,0,0,0,0,2,0,1,1,0,3,0,0,6,1,0,7,0,4,3,7,4,3,1,2,4,0,54.0,60.0
13,073,23,0,23,0,2,21,0,1,0,3,11,8,2,0,3,11,7,3,20,0,1,13,9,0,0,0,0,0,0,0,0,0,0,0,0,0,22,0,0,0,0,0,0,0,0,0,0,1,0,0,0,0,0,0,0,0,0,0,0,0,0,0,0,0,0,0,0,0,0,22,0,0,0,0,0,0,0,0,0,0,1,0,0,0,0,0,0,0,0,2,21,0,1,19,3,2,21,0,3,19,1,1,22,0,1,11,11,0,0,0,23,23,0,9,14,0,23,0,23,1,22,0,4,19,0,1,22,0,23,0,0,0,0,3,0,0,0,0,0,0,0,0,0,0,1,0,1,0,0,1,6,0,0,0,0,11,0,0,0,0,0,3,0,0,0,0,0,0,0,0,0,0,0,0,0,0,0,6,0,0,0,0,11,3,0,0,0,0,0,18,3,0,1,1,0,0,0,14,9,0,23,0,11,12,23,12,11,2,10,11,0,22.73913043478261,7.0
13,074,8,0,8,0,2,6,0,0,0,0,1,7,2,0,0,1,5,0,8,0,1,5,2,0,0,0,0,0,0,0,0,0,0,0,0,0,8,0,0,0,0,0,0,0,0,0,0,0,0,0,0,0,0,0,0,0,0,0,0,0,0,0,0,0,0,1,0,0,0,7,0,0,0,0,0,0,0,0,0,0,0,0,0,0,0,0,0,0,0,1,7,0,0,8,0,2,6,0,0,8,0,0,8,0,0,5,3,0,0,0,8,8,0,2,6,0,8,0,8,0,8,0,4,4,0,1,7,0,8,2,0,0,0,0,0,0,0,0,0,0,0,0,0,0,0,0,0,0,0,0,5,0,0,0,0,1,0,0,0,0,0,0,0,0,0,0,0,0,0,0,0,0,0,0,0,0,0,5,0,0,0,0,1,2,0,0,0,1,0,5,0,0,1,0,1,0,0,6,2,1,7,0,3,5,8,7,1,0,5,3,0,42.25,35.5
13,075,18,0,17,1,0,18,0,3,0,0,8,7,0,0,0,8,10,0,17,1,1,9,8,0,0,0,0,0,0,0,0,0,2,0,0,1,15,0,0,0,0,0,0,0,0,0,0,0,0,0,0,0,0,0,0,0,0,0,0,0,0,0,0,0,0,0,0,0,0,17,0,1,0,0,0,0,0,0,0,0,0,0,0,0,0,0,0,0,0,1,16,1,0,17,1,2,15,1,0,17,1,0,17,1,0,9,9,0,0,0,18,18,0,5,13,2,15,1,18,0,17,1,3,15,0,1,16,1,18,0,0,0,0,0,0,0,0,0,0,0,0,0,0,0,0,0,3,0,0,0,7,0,0,0,0,8,0,0,0,0,0,0,0,0,0,0,0,0,0,0,0,0,0,0,0,0,0,7,0,0,0,0,8,3,0,0,0,0,0,7,0,0,4,0,7,0,0,10,8,2,15,1,9,9,18,10,8,0,9,9,0,41.5,37.5
13,076,119,2,117,0,5,114,0,6,0,4,58,51,12,0,4,58,45,21,98,0,0,82,37,0,0,0,0,0,0,0,0,0,11,0,0,1,81,0,7,1,0,0,0,0,3,0,0,1,0,0,0,6,0,8,0,0,0,0,0,0,0,0,0,0,0,4,0,0,0,114,0,1,0,0,0,0,0,0,0,0,0,0,0,0,0,0,0,0,0,11,108,0,0,115,4,23,96,0,0,116,3,1,118,0,3,39,77,0,0,0,119,119,0,18,101,29,90,0,119,0,119,0,56,63,0,3,116,0,119,5,0,0,0,4,0,1,0,0,0,0,0,0,1,0,3,0,6,0,0,4,37,0,0,0,0,58,0,0,0,0,0,4,0,0,0,0,0,0,0,0,0,0,0,0,0,0,0,37,0,0,0,0,58,20,0,0,0,2,0,23,2,0,15,0,6,71,0,82,37,11,108,0,77,42,119,61,58,2,40,77,0,43.3109243697479,41.0
13,077,257,11,246,0,6,251,0,15,0,3,117,122,18,0,3,117,119,28,229,0,6,145,105,1,0,1,0,0,0,0,1,0,8,0,0,3,207,1,8,0,1,0,0,0,15,0,0,1,0,0,1,0,1,5,0,0,4,0,0,1,0,0,0,0,0,10,0,0,0,245,0,0,0,0,0,0,0,1,0,0,0,0,0,0,0,0,0,0,0,9,248,0,1,242,14,35,222,0,1,245,11,2,255,0,7,106,144,0,0,4,253,253,4,96,161,12,245,0,257,4,253,0,64,188,5,5,252,0,257,5,0,0,1,3,0,0,0,0,1,0,0,0,5,2,7,0,15,0,0,5,96,0,0,0,0,114,3,0,0,0,0,3,0,0,0,0,0,0,0,0,1,0,0,0,0,0,0,96,0,1,0,0,114,39,3,0,0,9,0,212,4,0,4,3,25,0,0,152,105,15,242,0,144,113,257,143,114,3,110,144,0,32.39299610894942,29.0
13,078,1,0,1,0,0,1,0,0,0,0,1,0,0,0,0,1,0,0,1,0,0,0,1,0,0,0,0,0,0,0,0,0,0,0,0,0,1,0,0,0,0,0,0,0,0,0,0,0,0,0,0,0,0,0,0,0,0,0,0,0,0,0,0,0,0,0,0,0,0,1,0,0,0,0,0,0,0,0,0,0,0,0,0,0,0,0,0,0,0,0,1,0,0,1,0,0,1,0,0,1,0,0,1,0,0,0,1,0,0,0,1,1,0,0,1,0,1,0,1,0,1,0,0,1,0,0,1,0,1,0,0,0,0,0,0,0,0,0,0,0,0,0,0,0,0,0,0,0,0,0,0,0,0,0,0,1,0,0,0,0,0,0,0,0,0,0,0,0,0,0,0,0,0,0,0,0,0,0,0,0,0,0,1,0,0,0,0,0,0,1,0,0,0,0,0,0,0,0,1,0,1,0,1,0,1,0,1,0,0,1,0,1.0,1.0
13,079,3,0,3,0,0,3,0,0,0,0,2,1,0,0,0,2,1,0,3,0,0,1,2,0,0,0,0,0,0,0,0,0,0,0,0,0,3,0,0,0,0,0,0,0,0,0,0,0,0,0,0,0,0,0,0,0,0,0,0,0,0,0,0,0,0,0,0,0,0,3,0,0,0,0,0,0,0,0,0,0,0,0,0,0,0,0,0,0,0,0,3,0,0,3,0,0,3,0,0,3,0,0,3,0,0,1,2,0,0,0,3,3,0,1,2,1,2,0,3,1,2,0,1,2,0,0,3,0,3,0,0,0,0,0,0,0,0,0,0,0,0,0,0,0,0,0,0,0,0,0,1,0,0,0,0,2,0,0,0,0,0,0,0,0,0,0,0,0,0,0,0,0,0,0,0,0,0,1,0,0,0,0,2,0,0,0,0,0,0,0,1,0,0,2,0,0,0,1,2,1,2,0,2,1,3,1,2,0,1,2,0,21.0,9.0
13,080,4,0,4,0,0,4,0,0,0,0,0,4,1,0,0,0,3,0,4,0,0,1,3,0,0,0,0,0,0,0,0,0,0,0,0,0,4,0,0,0,0,0,0,0,0,0,0,0,0,0,0,0,0,0,0,0,0,0,0,0,0,0,0,0,0,0,0,0,0,3,0,0,0,0,0,0,0,1,0,0,0,0,0,0,0,0,0,0,0,1,3,0,0,4,0,0,4,0,0,4,0,0,4,0,0,4,0,0,0,0,4,4,0,2,2,0,4,0,4,0,4,0,1,3,0,0,4,0,4,0,0,0,0,0,0,0,0,0,0,0,0,0,0,0,1,0,0,0,0,0,3,0,0,0,0,0,0,0,0,0,0,0,0,0,0,0,0,0,0,0,0,0,0,0,0,0,0,3,0,0,0,0,0,1,0,0,0,0,0,1,3,0,0,0,0,0,0,1,3,0,4,0,0,4,4,4,0,0,4,0,0,19.75,5.0
13,081,35,2,33,0,0,35,0,1,0,0,23,11,0,0,0,23,12,5,30,0,0,13,22,0,0,0,0,0,0,0,0,0,0,0,0,0,33,0,2,0,0,0,0,0,0,0,0,0,0,0,0,0,0,0,0,0,0,0,0,0,0,0,0,0,0,1,0,0,0,34,0,0,0,0,0,0,0,0,0,0,0,0,0,0,0,0,0,0,0,0,35,0,0,35,0,6,29,0,0,35,0,1,34,0,0,10,25,0,0,0,35,35,0,3,32,7,28,0,35,1,34,0,3,32,0,2,33,0,35,0,0,0,0,0,0,0,0,0,0,0,0,0,0,0,0,0,1,0,0,0,11,0,0,0,0,23,0,0,0,0,0,0,0,0,0,0,0,0,0,0,0,0,0,0,0,0,0,11,0,0,0,0,23,1,0,0,0,1,0,8,1,0,1,24,0,0,0,13,22,6,29,0,25,10,35,12,23,0,10,25,0,38.2,40.0
13,082,17,2,15,0,0,17,0,1,0,0,8,8,3,0,0,8,6,3,14,0,0,12,5,0,0,0,0,0,0,0,1,0,2,0,0,0,11,0,2,0,0,0,0,0,0,0,0,0,0,0,0,0,0,1,0,0,0,0,0,0,0,0,0,0,0,0,0,0,0,17,0,0,0,0,0,0,0,0,0,0,0,0,0,0,0,0,0,0,0,1,16,0,0,17,0,3,14,0,0,17,0,2,15,0,1,8,8,0,0,0,17,17,0,4,13,3,14,0,17,0,17,0,9,8,0,3,14,0,17,3,0,0,0,0,0,0,0,0,0,0,0,0,0,0,0,0,1,0,1,0,4,0,0,0,0,8,0,0,0,0,0,0,0,0,0,0,0,0,0,0,0,0,0,0,0,0,0,4,0,0,0,0,8,5,0,0,0,0,0,12,1,0,0,0,4,0,0,12,5,3,14,0,8,9,17,9,8,1,8,8,0,41.294117647058826,39.0
13,083,150,8,142,0,3,147,0,5,0,1,116,28,3,0,1,116,30,15,134,1,6,101,41,2,0,0,0,0,0,0,0,0,37,0,1,1,90,0,13,0,0,0,0,1,4,1,0,0,0,0,0,0,2,0,0,0,0,0,0,0,0,0,0,0,0,2,0,0,0,148,0,0,0,0,0,0,0,0,0,0,0,0,0,0,0,0,0,0,0,0,150,0,0,145,5,12,138,0,0,145,5,2,148,0,1,21,128,0,0,0,150,150,0,9,141,4,146,0,150,0,150,0,60,89,1,2,148,0,150,1,0,0,0,1,0,0,1,0,0,0,0,0,0,0,1,0,5,0,0,1,23,0,1,0,0,116,0,0,0,0,0,1,0,0,0,0,0,0,0,0,0,0,0,0,0,0,0,23,0,0,0,0,116,10,0,0,0,0,0,20,3,0,4,0,122,1,0,109,41,11,138,1,128,22,150,34,116,0,22,128,0,38.98,42.0
13,084,320,6,314,0,8,312,0,4,0,1,242,73,12,0,1,242,65,42,278,0,4,152,164,0,0,0,0,0,0,0,0,0,7,0,0,0,293,0,5,1,0,0,0,0,1,5,0,1,0,0,0,0,0,0,1,0,6,0,0,0,0,0,0,0,0,1,0,0,0,317,0,0,0,0,0,0,0,0,1,1,0,0,0,0,0,0,0,0,0,11,309,0,13,302,5,40,280,0,12,304,4,2,318,0,1,45,274,0,4,2,314,314,6,11,309,31,289,0,320,0,320,0,140,179,1,5,315,0,320,7,0,0,0,1,0,0,0,0,0,0,0,0,2,0,4,0,4,0,0,1,59,0,0,0,0,242,0,0,1,0,0,1,0,0,0,0,0,0,0,0,0,0,0,0,0,0,0,59,0,0,0,0,242,17,0,0,0,2,0,308,1,0,8,0,1,0,0,156,164,12,308,0,274,46,320,78,242,2,44,274,0,27.553125,17.0
14,001,7,1,6,0,0,7,0,0,0,0,0,7,0,0,0,0,7,1,6,0,0,1,6,0,0,0,0,0,0,0,0,0,0,0,0,0,0,6,0,0,0,0,0,0,1,0,0,0,0,0,0,0,0,0,0,0,0,1,0,0,0,0,0,0,0,0,0,0,0,0,6,0,0,0,0,0,0,0,0,0,0,0,0,0,0,0,0,0,0,4,3,0,0,7,0,3,4,0,0,7,0,0,7,0,1,5,1,0,0,0,7,7,0,4,3,2,5,0,7,0,7,0,0,7,0,1,6,0,7,0,0,0,0,0,0,0,0,0,0,0,0,0,0,0,0,0,0,0,0,0,7,0,0,0,0,0,0,0,0,0,0,0,0,0,0,0,0,0,0,0,0,0,0,0,0,0,0,7,0,0,0,0,0,0,0,0,0,7,0,0,0,0,0,0,0,0,0,1,6,3,4,0,1,6,7,7,0,0,6,1,0,52.285714285714285,41.0
14,002,4,0,4,0,0,4,0,0,0,1,2,1,0,0,1,2,1,0,4,0,0,1,3,0,0,0,0,0,0,0,0,0,0,0,0,0,0,4,0,0,0,0,0,0,0,0,0,0,0,0,0,0,0,0,0,0,0,0,0,0,0,0,1,0,0,0,0,0,0,0,3,0,0,0,0,0,0,0,0,0,0,0,0,0,0,0,0,0,0,0,4,0,0,4,0,0,4,0,0,4,0,0,4,0,0,3,1,0,0,0,4,4,0,1,3,0,4,0,4,0,1,3,0,4,0,0,4,0,4,0,0,0,0,1,0,0,0,0,0,0,0,0,0,0,0,0,0,0,0,0,1,0,0,0,0,2,0,0,0,0,0,1,0,0,0,0,0,0,0,0,0,0,0,0,0,0,0,1,0,0,0,0,2,0,0,0,0,3,0,0,0,0,1,0,0,0,0,1,3,0,4,0,1,3,4,2,2,0,3,1,0,9.0,3.5
14,003,6,0,6,0,0,6,0,0,0,0,0,6,1,0,0,0,5,1,5,0,0,1,5,0,0,0,0,0,0,0,0,0,0,0,0,0,0,6,0,0,0,0,0,0,0,0,0,0,0,0,0,0,0,0,0,0,0,0,0,0,0,0,0,0,0,0,0,0,0,0,6,0,0,0,0,0,0,0,0,0,0,0,0,0,0,0,0,0,0,0,6,0,0,6,0,2,4,0,0,6,0,0,6,0,1,2,3,0,0,0,6,6,0,0,6,2,4,0,6,1,4,1,1,5,0,0,6,0,6,0,0,0,0,0,0,0,0,0,0,0,0,0,0,0,1,0,0,0,0,0,5,0,0,0,0,0,0,0,0,0,0,0,0,0,0,0,0,0,0,0,0,0,0,0,0,0,0,5,0,0,0,0,0,1,0,0,0,4,0,0,0,0,2,0,0,0,0,1,5,2,4,0,3,3,6,6,0,1,2,3,0,44.666666666666664,46.5
14,004,1,0,1,0,0,1,0,0,0,0,0,1,0,0,0,0,1,0,1,0,0,1,0,0,0,0,0,0,0,0,0,0,0,0,0,0,0,0,0,1,0,0,0,0,0,0,0,0,0,0,0,0,0,0,0,0,0,0,0,0,0,0,0,0,0,0,0,0,0,0,0,0,1,0,0,0,0,0,0,0,0,0,0,0,0,0,0,0,0,0,1,0,0,1,0,0,1,0,0,1,0,0,1,0,0,1,0,0,0,0,1,1,0,0,1,0,1,0,1,1,0,0,0,1,0,1,0,0,1,0,0,0,0,0,0,0,0,0,0,0,0,0,0,0,0,0,0,0,0,0,1,0,0,0,0,0,0,0,0,0,0,0,0,0,0,0,0,0,0,0,0,0,0,0,0,0,0,1,0,0,0,0,0,0,0,0,0,1,0,0,0,0,0,0,0,0,0,1,0,0,1,0,0,1,1,1,0,0,1,0,0,13.0,13.0
14,005,3,0,3,0,0,3,0,0,0,0,0,3,1,0,0,0,2,0,3,0,0,2,1,0,0,0,0,0,0,0,0,0,0,0,0,0,0,3,0,0,0,0,0,0,0,0,0,0,0,0,0,0,0,0,0,0,0,0,0,0,0,0,0,0,0,0,0,0,0,0,3,0,0,0,0,0,0,0,0,0,0,0,0,0,0,0,0,0,0,0,3,0,0,3,0,0,3,0,0,3,0,0,3,0,2,1,0,0,0,0,3,3,0,2,1,0,3,0,3,0,3,0,2,1,0,0,3,0,3,1,0,1,0,0,0,0,0,0,0,0,0,0,0,0,0,0,0,0,0,0,1,0,0,0,0,0,0,0,0,0,0,0,0,0,0,0,0,0,0,0,0,0,0,0,0,0,0,1,0,0,0,0,0,2,0,0,0,3,0,0,0,0,0,0,0,0,0,2,1,0,3,0,0,3,3,3,0,0,3,0,0,0.3333333333333333,0.0
14,006,28,1,27,0,1,27,0,1,0,0,15,12,3,0,0,15,10,1,27,0,0,20,8,0,0,0,0,0,0,0,0,0,0,0,0,0,0,24,4,0,0,0,0,0,0,0,0,0,0,0,0,0,0,0,0,0,0,0,0,0,0,0,0,0,0,0,0,0,0,0,27,0,0,0,1,0,0,0,0,0,0,0,0,0,0,0,0,0,0,0,28,0,0,28,0,0,28,0,0,28,0,1,27,0,0,2,26,0,0,0,28,28,0,1,27,2,26,0,28,1,27,0,10,18,0,1,27,0,28,3,0,1,0,0,0,0,0,0,0,0,0,0,0,0,0,0,1,0,0,0,8,0,0,0,0,15,0,0,0,0,0,0,0,0,0,0,0,0,0,0,0,0,0,0,0,0,0,8,0,0,0,0,15,5,0,0,0,26,0,1,0,0,0,0,0,0,1,20,8,1,27,0,26,2,28,13,15,1,1,26,0,26.607142857142858,28.0
14,008,14,2,12,0,2,12,0,1,0,0,0,13,1,0,0,0,13,2,12,0,0,6,8,0,0,0,0,0,0,0,0,0,0,0,0,0,0,14,0,0,0,0,0,0,0,0,0,0,0,0,0,0,0,0,0,0,0,0,0,0,0,0,0,0,0,0,0,0,0,0,14,0,0,0,0,0,0,0,0,0,0,0,0,0,0,0,0,0,0,3,11,0,1,13,0,3,11,0,1,13,0,1,13,0,0,12,2,0,0,0,14,14,0,10,4,3,11,0,14,1,13,0,8,5,1,0,14,0,14,0,0,0,0,0,0,0,0,0,0,0,0,0,1,1,0,0,1,0,0,1,10,0,0,0,0,0,0,0,0,1,0,0,0,0,0,0,0,0,0,0,0,0,0,0,0,0,0,10,0,0,0,0,0,3,0,0,0,13,0,0,0,0,1,0,0,0,0,6,8,3,11,0,2,12,14,14,0,1,11,2,0,26.071428571428573,2.0
14,009,2,0,2,0,0,2,0,0,0,0,0,2,0,0,0,0,2,1,1,0,0,2,0,0,0,0,0,0,0,0,0,0,0,0,0,0,0,2,0,0,0,0,0,0,0,0,0,0,0,0,0,0,0,0,0,0,0,0,0,0,0,0,0,0,0,0,0,0,0,0,2,0,0,0,0,0,0,0,0,0,0,0,0,0,0,0,0,0,0,0,2,0,0,2,0,2,0,0,0,2,0,0,2,0,0,2,0,0,0,0,2,2,0,0,2,1,1,0,2,0,1,1,1,1,0,0,2,0,2,0,0,0,0,0,0,0,0,0,0,0,0,0,0,0,0,0,0,0,0,0,2,0,0,0,0,0,0,0,0,0,0,0,0,0,0,0,0,0,0,0,0,0,0,0,0,0,0,2,0,0,0,0,0,0,0,0,0,2,0,0,0,0,0,0,0,0,0,2,0,0,2,0,0,2,2,2,0,0,2,0,0,68.5,68.5
14,012,3,0,3,0,0,3,0,0,0,0,1,2,0,0,0,1,2,0,3,0,0,3,0,0,0,0,0,0,0,0,0,0,0,0,0,0,0,3,0,0,0,0,0,0,0,0,0,0,0,0,0,0,0,0,0,0,0,0,0,0,0,0,0,0,0,0,0,0,0,0,3,0,0,0,0,0,0,0,0,0,0,0,0,0,0,0,0,0,0,0,3,0,0,3,0,2,1,0,0,3,0,0,3,0,0,3,0,0,0,0,3,3,0,2,1,1,2,0,3,0,0,3,0,3,0,0,3,0,3,0,0,0,0,0,0,0,0,0,0,0,0,0,0,0,0,0,0,0,0,0,2,0,0,0,0,1,0,0,0,0,0,0,0,0,0,0,0,0,0,0,0,0,0,0,0,0,0,2,0,0,0,0,1,0,0,0,0,3,0,0,0,0,0,0,0,0,0,3,0,0,3,0,0,3,3,2,1,0,3,0,0,17.666666666666668,11.0
14,013,13,2,11,0,0,13,0,2,0,0,4,7,1,0,0,4,8,2,11,0,0,9,4,0,0,0,0,0,0,0,0,0,0,0,0,0,0,13,0,0,0,0,0,0,0,0,0,0,0,0,0,0,0,0,0,0,0,0,0,0,0,0,0,0,0,1,0,1,0,0,11,0,0,0,0,0,0,0,0,0,0,0,0,0,0,0,0,0,0,1,12,0,0,13,0,4,9,0,0,13,0,0,13,0,2,5,6,0,0,0,13,13,0,4,9,1,12,0,13,1,10,2,5,8,0,3,10,0,13,1,0,0,0,0,0,0,0,0,0,0,0,0,0,0,0,0,2,0,0,0,6,0,0,0,0,3,1,0,0,0,0,0,0,0,0,0,0,0,0,0,0,0,0,0,0,0,0,6,0,0,0,0,3,3,1,0,0,13,0,0,0,0,0,0,0,0,0,9,4,0,13,0,6,7,13,10,3,1,6,6,0,42.84615384615385,32.0
14,015,23,0,23,0,0,23,0,1,0,1,9,12,6,0,1,9,7,3,20,0,1,13,9,0,0,0,0,0,0,0,0,0,0,0,0,0,0,23,0,0,0,0,0,0,0,0,0,0,0,0,0,0,0,0,0,0,0,0,0,0,0,0,0,0,0,0,0,0,0,0,23,0,0,0,0,0,0,0,0,0,0,0,0,0,0,0,0,0,0,0,23,0,0,22,1,4,19,0,0,22,1,0,23,0,1,7,15,0,0,0,23,23,0,6,17,2,21,0,23,1,22,0,6,17,0,0,23,0,23,5,0,0,0,1,0,0,0,0,0,0,0,0,0,0,1,0,1,0,0,0,6,0,0,0,0,8,1,0,0,0,0,1,0,0,0,0,0,0,0,0,0,0,0,0,0,0,0,6,0,0,0,0,8,7,1,0,0,19,0,0,0,0,4,0,0,0,0,14,9,0,23,0,15,8,23,15,8,0,8,15,0,41.69565217391305,36.0
14,016,3,1,2,0,0,3,0,0,0,0,1,2,0,0,0,1,2,0,3,0,0,2,1,0,0,0,0,0,0,0,0,0,0,0,0,0,0,3,0,0,0,0,0,0,0,0,0,0,0,0,0,0,0,0,0,0,0,0,0,0,0,0,0,0,0,0,0,0,0,0,3,0,0,0,0,0,0,0,0,0,0,0,0,0,0,0,0,0,0,2,1,0,0,3,0,0,3,0,0,3,0,0,3,0,0,3,0,0,0,0,3,3,0,1,2,0,3,0,3,0,3,0,0,3,0,0,3,0,3,0,0,0,0,0,0,0,0,0,0,0,0,0,0,0,0,0,0,0,0,0,2,0,0,0,0,0,1,0,0,0,0,0,0,0,0,0,0,0,0,0,0,0,0,0,0,0,0,2,0,0,0,0,0,0,1,0,0,3,0,0,0,0,0,0,0,0,0,2,1,1,2,0,0,3,3,3,0,0,3,0,0,78.66666666666667,79.0
14,017,1,0,1,0,0,1,0,0,0,0,0,1,0,0,0,0,1,0,1,0,0,1,0,0,0,0,0,0,0,0,0,0,0,0,0,0,0,1,0,0,0,0,0,0,0,0,0,0,0,0,0,0,0,0,0,0,0,0,0,0,0,0,0,0,0,0,0,0,0,0,1,0,0,0,0,0,0,0,0,0,0,0,0,0,0,0,0,0,0,0,1,0,0,1,0,0,1,0,0,1,0,0,1,0,0,1,0,0,0,0,1,1,0,1,0,0,1,0,1,0,1,0,0,1,0,0,1,0,1,0,0,0,0,0,0,0,0,0,0,0,0,0,0,0,0,0,0,0,0,0,1,0,0,0,0,0,0,0,0,0,0,0,0,0,0,0,0,0,0,0,0,0,0,0,0,0,0,1,0,0,0,0,0,0,0,0,0,1,0,0,0,0,0,0,0,0,0,1,0,0,1,0,0,1,1,1,0,0,1,0,0,56.0,56.0
14,018,73,4,69,0,4,69,0,7,0,3,13,50,15,0,3,13,42,14,59,0,1,37,35,0,0,0,0,0,0,0,0,0,1,0,0,0,0,62,5,4,0,0,0,0,0,0,0,1,0,0,0,0,0,0,0,0,0,0,0,0,0,0,0,0,0,0,0,0,0,0,73,0,0,0,0,0,0,0,0,0,0,0,0,0,0,0,0,0,0,8,65,0,0,72,1,22,51,0,0,73,0,1,72,0,0,56,17,0,0,0,73,73,0,6,67,8,65,0,73,0,71,2,18,55,0,6,67,0,73,4,0,0,0,3,0,0,0,0,0,0,0,0,0,0,5,0,7,0,0,6,35,0,0,0,0,12,1,0,0,0,0,3,0,0,0,0,0,0,0,0,0,0,0,0,0,0,0,35,0,0,0,0,12,22,1,0,0,73,0,0,0,0,0,0,0,0,0,38,35,7,66,0,17,56,73,61,12,3,53,17,0,45.0958904109589,40.0
14,019,11,0,11,0,0,11,0,0,0,0,1,10,1,0,0,1,9,5,6,0,0,4,7,0,0,0,0,0,0,0,0,0,0,0,0,0,0,9,0,0,0,2,0,0,0,0,0,0,0,0,0,0,0,0,0,0,0,0,0,0,0,0,0,0,0,0,0,0,0,0,7,0,0,0,2,0,0,0,0,0,0,0,0,0,0,0,0,0,2,1,10,0,9,2,0,2,9,0,9,2,0,1,10,0,0,11,0,0,0,0,11,11,0,10,1,1,10,0,11,0,11,0,1,10,0,0,11,0,11,0,0,0,0,0,0,0,0,0,0,0,0,0,0,0,1,0,0,0,0,0,9,0,0,0,0,0,1,0,0,0,0,0,0,0,0,0,0,0,0,0,0,0,0,0,0,0,0,9,0,0,0,0,0,1,1,0,0,7,0,3,0,0,0,1,0,0,0,4,7,2,9,0,0,11,11,11,0,0,11,0,0,45.09090909090909,61.0
14,021,1,0,1,0,0,1,0,0,0,0,1,0,0,0,0,1,0,0,1,0,0,1,0,0,0,0,0,0,0,0,0,0,0,0,0,0,0,1,0,0,0,0,0,0,0,0,0,0,0,0,0,0,0,0,0,0,0,0,0,0,0,0,1,0,0,0,0,0,0,0,0,0,0,0,0,0,0,0,0,0,0,0,0,0,0,0,0,0,0,0,1,0,0,1,0,0,1,0,0,1,0,0,1,0,0,0,1,0,0,0,1,1,0,0,1,0,1,0,1,0,1,0,0,1,0,0,1,0,1,0,0,0,0,0,0,0,0,0,0,0,0,0,0,0,0,0,0,0,0,0,0,0,0,0,0,1,0,0,0,0,0,0,0,0,0,0,0,0,0,0,0,0,0,0,0,0,0,0,0,0,0,0,1,0,0,0,0,0,0,1,0,0,0,0,0,0,0,1,0,0,1,0,1,0,1,0,1,0,0,1,0,31.0,31.0
14,022,8,0,8,0,0,8,0,0,0,0,3,5,1,0,0,3,4,2,6,0,0,2,6,0,0,0,0,0,0,2,0,0,0,0,0,0,0,4,0,0,0,0,0,1,0,0,0,0,0,0,0,0,0,1,0,0,0,0,0,0,0,0,6,0,0,0,0,0,0,0,0,0,0,0,0,0,0,0,0,0,0,0,0,0,1,0,1,0,0,0,8,0,0,7,1,2,6,0,0,8,0,0,8,0,2,3,3,0,0,0,8,8,0,3,5,0,8,0,8,0,8,0,0,8,0,1,7,0,8,1,0,0,0,0,0,0,0,0,0,0,0,0,0,1,0,0,0,0,0,0,3,0,0,0,0,3,0,0,0,0,0,0,0,0,0,0,0,0,0,0,1,0,0,0,0,0,0,3,0,0,0,0,3,1,0,0,0,0,0,7,0,0,0,0,1,0,0,2,6,0,8,0,3,5,8,5,3,0,5,3,0,36.875,33.5
14,023,61,7,54,0,3,58,0,3,0,0,1,57,15,0,0,1,45,16,45,0,0,33,28,0,0,0,0,0,0,1,0,0,0,0,0,0,0,52,2,1,0,1,0,0,0,1,0,0,1,0,0,0,0,1,0,1,0,0,0,0,0,0,0,0,0,1,0,0,0,0,59,0,0,0,0,0,0,0,1,0,0,0,0,0,0,0,0,0,0,7,54,0,0,54,7,12,49,0,0,57,4,0,61,0,2,54,5,0,0,0,61,61,0,15,46,6,55,0,61,1,60,0,2,59,0,0,61,0,61,7,0,0,0,0,0,0,0,0,0,0,0,0,0,0,7,0,3,0,0,1,42,0,0,0,0,1,0,0,0,0,0,0,0,0,0,0,0,0,0,0,0,0,0,0,0,0,0,42,0,0,0,0,1,18,0,0,0,60,0,0,0,0,1,0,0,0,0,33,28,4,57,0,5,56,61,60,1,0,56,5,0,43.049180327868854,45.0
14,024,1,0,1,0,0,1,0,0,0,0,0,1,0,0,0,0,1,0,1,0,0,1,0,0,0,0,0,0,0,0,0,0,0,0,0,0,0,0,0,0,0,0,0,0,0,0,0,1,0,0,0,0,0,0,0,0,0,0,0,0,0,0,0,0,0,0,0,0,0,0,1,0,0,0,0,0,0,0,0,0,0,0,0,0,0,0,0,0,0,0,1,0,0,1,0,0,1,0,0,1,0,0,1,0,0,1,0,0,0,0,1,1,0,1,0,0,1,0,1,0,0,1,1,0,0,0,1,0,1,0,0,0,0,0,0,0,0,0,0,0,0,0,0,0,0,0,0,0,0,0,1,0,0,0,0,0,0,0,0,0,0,0,0,0,0,0,0,0,0,0,0,0,0,0,0,0,0,1,0,0,0,0,0,0,0,0,0,1,0,0,0,0,0,0,0,0,0,1,0,0,1,0,0,1,1,1,0,0,1,0,0,12.0,12.0
14,025,255,9,246,0,7,248,0,5,0,1,182,67,18,0,1,182,54,34,221,0,1,150,104,0,2,1,0,0,0,0,0,1,2,1,0,1,1,182,1,0,0,2,0,0,0,0,0,0,0,0,0,0,0,0,0,57,4,0,0,0,0,0,0,0,0,0,0,0,0,0,251,0,0,0,0,0,0,0,0,0,0,0,0,0,0,0,0,0,4,17,238,0,10,242,3,39,216,0,10,243,2,1,254,0,2,57,196,0,0,3,252,251,4,50,205,21,234,0,255,1,254,0,91,164,0,7,248,0,255,10,0,0,1,1,0,0,0,0,0,0,0,0,0,0,7,0,5,0,0,0,49,0,0,0,0,180,2,0,0,0,0,1,0,0,0,0,0,0,0,0,0,0,0,0,0,0,0,49,0,0,0,0,180,23,2,0,0,251,0,3,0,0,0,0,1,0,0,151,104,11,244,0,196,59,255,75,180,0,59,196,0,32.05490196078431,24.0
14,026,1,0,1,0,0,1,0,0,0,0,0,1,0,0,0,0,1,0,1,0,0,0,1,0,0,0,0,0,0,0,0,0,0,0,0,0,0,0,0,0,0,0,0,0,0,0,0,0,0,0,0,0,0,0,0,0,1,0,0,0,0,0,0,0,0,0,0,0,0,0,1,0,0,0,0,0,0,0,0,0,0,0,0,0,0,0,0,0,0,0,1,0,0,1,0,0,1,0,0,1,0,0,1,0,0,1,0,0,0,1,0,0,1,1,0,0,1,0,1,0,1,0,0,1,0,0,1,0,1,0,0,0,0,0,0,0,0,0,0,0,0,0,0,0,0,0,0,0,0,0,1,0,0,0,0,0,0,0,0,0,0,0,0,0,0,0,0,0,0,0,0,0,0,0,0,0,0,1,0,0,0,0,0,0,0,0,0,1,0,0,0,0,0,0,0,0,0,0,1,0,1,0,0,1,1,1,0,0,1,0,0,0.0,0.0
14,027,7,0,7,0,0,7,0,0,0,0,3,4,2,0,0,3,2,0,7,0,0,2,5,0,0,0,0,0,0,1,0,0,0,0,0,0,0,6,0,0,0,0,0,0,0,0,0,0,0,0,0,0,0,0,0,0,0,0,0,0,0,0,6,0,0,1,0,0,0,0,0,0,0,0,0,0,0,0,0,0,0,0,0,0,0,0,0,0,0,0,7,0,0,7,0,1,6,0,0,7,0,0,7,0,1,3,3,0,0,0,7,7,0,4,3,0,7,0,7,0,7,0,1,6,0,0,7,0,7,1,0,0,1,0,0,0,0,0,0,0,0,0,0,0,0,0,0,0,0,0,2,0,0,0,0,3,0,0,0,0,0,0,0,0,0,0,0,0,0,0,0,0,0,0,0,0,0,2,0,0,0,0,3,2,0,0,0,1,0,6,0,0,0,0,0,0,0,2,5,1,6,0,3,4,7,4,3,0,4,3,0,62.857142857142854,82.0
14,029,1,0,1,0,0,1,0,0,0,0,0,1,1,0,0,0,0,0,1,0,0,1,0,0,0,0,0,0,0,0,0,0,0,0,0,0,0,1,0,0,0,0,0,0,0,0,0,0,0,0,0,0,0,0,0,0,0,0,0,0,0,0,0,0,0,0,0,0,0,0,1,0,0,0,0,0,0,0,0,0,0,0,0,0,0,0,0,0,0,0,1,0,0,1,0,0,1,0,0,1,0,0,1,0,0,0,1,0,0,0,1,1,0,0,1,0,1,0,1,0,1,0,1,0,0,0,1,0,1,1,0,0,0,0,0,0,0,0,0,0,0,0,0,0,0,0,0,0,0,0,0,0,0,0,0,0,0,0,0,0,0,0,0,0,0,0,0,0,0,0,0,0,0,0,0,0,0,0,0,0,0,0,0,1,0,0,0,1,0,0,0,0,0,0,0,0,0,1,0,0,1,0,1,0,1,1,0,0,0,1,0,22.0,22.0
14,030,3,0,3,0,1,2,0,0,0,0,0,3,0,0,0,0,3,1,2,0,0,2,1,0,0,0,0,0,0,0,0,0,0,0,0,0,0,3,0,0,0,0,0,0,0,0,0,0,0,0,0,0,0,0,0,0,0,0,0,0,0,0,0,0,0,0,0,0,0,0,3,0,0,0,0,0,0,0,0,0,0,0,0,0,0,0,0,0,0,1,2,0,0,3,0,1,2,0,0,3,0,0,3,0,0,3,0,0,0,0,3,3,0,0,3,0,3,0,3,0,1,2,0,3,0,0,3,0,3,0,0,0,0,0,0,0,0,0,0,0,0,0,0,0,0,0,0,0,0,0,3,0,0,0,0,0,0,0,0,0,0,0,0,0,0,0,0,0,0,0,0,0,0,0,0,0,0,3,0,0,0,0,0,0,0,0,0,3,0,0,0,0,0,0,0,0,0,2,1,1,2,0,0,3,3,3,0,1,2,0,0,58.0,66.0
14,031,10,1,9,0,1,9,0,0,0,0,2,8,0,0,0,2,8,0,10,0,0,3,7,0,0,0,0,0,0,0,0,0,0,0,0,0,0,9,0,0,0,0,0,0,0,0,0,0,0,0,0,0,0,0,0,1,0,0,0,0,0,0,0,0,0,0,0,0,0,0,8,0,0,0,0,0,0,0,0,0,0,0,0,0,0,0,0,0,2,2,8,0,0,10,0,1,9,0,0,10,0,0,10,0,1,7,2,0,0,0,10,10,0,8,2,0,10,0,10,0,10,0,1,8,1,1,9,0,10,0,0,0,0,0,0,0,0,0,0,0,0,0,0,0,0,0,0,0,0,0,8,0,0,0,0,2,0,0,0,0,0,0,0,0,0,0,0,0,0,0,0,0,0,0,0,0,0,8,0,0,0,0,2,0,0,0,0,8,0,1,0,0,0,1,0,0,0,3,7,1,9,0,2,8,10,8,2,0,8,2,0,56.9,65.5
14,033,4,0,4,0,0,4,0,0,0,0,1,3,2,0,0,1,1,1,3,0,0,2,2,0,0,0,0,0,0,0,0,0,0,0,1,0,0,2,1,0,0,0,0,0,0,0,0,0,0,0,0,0,0,0,0,0,0,0,0,0,0,0,0,0,0,0,0,0,0,0,3,0,1,0,0,0,0,0,0,0,0,0,0,0,0,0,0,0,0,1,3,0,0,4,0,0,4,0,0,4,0,0,4,0,0,1,3,0,0,0,4,4,0,0,4,1,3,0,4,0,4,0,0,3,1,0,4,0,4,1,0,0,0,0,0,0,0,0,0,0,0,0,0,0,0,0,0,0,0,1,1,0,0,0,0,1,0,0,0,0,0,0,0,0,0,0,0,0,0,0,0,0,0,0,0,0,0,1,0,0,0,0,1,2,0,0,0,3,0,1,0,0,0,0,0,0,0,2,2,0,4,0,3,1,4,3,1,0,1,3,0,50.25,58.5
14,034,3,0,3,0,1,2,0,0,0,0,1,2,0,0,0,1,2,1,2,0,0,3,0,0,0,0,0,0,0,0,0,0,0,0,0,0,0,2,0,0,0,0,0,0,0,0,0,0,0,0,0,0,0,0,0,1,0,0,0,0,0,0,0,0,0,0,0,0,0,0,3,0,0,0,0,0,0,0,0,0,0,0,0,0,0,0,0,0,0,1,2,0,0,3,0,3,0,0,0,2,1,0,3,0,0,1,2,0,0,0,3,3,0,1,2,1,2,0,3,0,3,0,0,3,0,0,3,0,3,0,0,0,0,0,0,0,0,0,0,0,0,0,0,0,0,0,0,0,0,0,2,0,0,0,0,1,0,0,0,0,0,0,0,0,0,0,0,0,0,0,0,0,0,0,0,0,0,2,0,0,0,0,1,0,0,0,0,3,0,0,0,0,0,0,0,0,0,3,0,0,3,0,2,1,3,2,1,0,1,2,0,73.66666666666667,73.0
14,035,24,3,21,0,4,20,0,1,0,1,2,20,3,0,1,2,18,5,19,0,0,5,19,0,3,2,0,0,1,0,0,0,0,0,0,0,0,17,0,0,1,0,0,0,0,0,0,0,0,0,0,0,0,0,0,0,0,8,0,0,0,0,0,0,0,0,0,0,0,0,16,0,0,0,0,0,0,0,0,0,0,0,0,0,0,0,0,0,0,3,21,0,0,22,2,8,16,0,0,23,1,5,19,0,3,17,4,0,0,0,24,24,0,16,8,4,20,0,24,2,22,0,5,18,1,0,24,0,24,1,0,0,0,1,0,0,0,0,0,0,0,0,0,0,2,0,1,0,0,0,17,0,0,0,0,2,0,0,0,0,0,1,0,0,0,0,0,0,0,0,0,0,0,0,0,0,0,17,0,0,0,0,2,4,0,0,0,22,0,0,0,0,1,0,1,0,0,5,19,5,19,0,4,20,24,22,2,1,19,4,0,42.166666666666664,44.0
14,036,1,0,1,0,0,1,0,0,0,0,0,1,0,0,0,0,1,0,1,0,0,0,1,0,0,0,0,0,0,0,0,0,0,0,0,0,0,1,0,0,0,0,0,0,0,0,0,0,0,0,0,0,0,0,0,0,0,0,0,0,0,0,0,0,0,0,0,0,0,0,1,0,0,0,0,0,0,0,0,0,0,0,0,0,0,0,0,0,0,0,1,0,0,1,0,0,1,0,0,1,0,0,1,0,0,1,0,0,0,0,1,1,0,0,1,0,1,0,1,0,0,1,0,1,0,0,1,0,1,0,0,0,0,0,0,0,0,0,0,0,0,0,0,0,0,0,0,0,0,0,1,0,0,0,0,0,0,0,0,0,0,0,0,0,0,0,0,0,0,0,0,0,0,0,0,0,0,1,0,0,0,0,0,0,0,0,0,1,0,0,0,0,0,0,0,0,0,0,1,0,1,0,0,1,1,1,0,0,1,0,0,15.0,15.0
14,037,105,10,95,0,6,99,0,0,0,2,69,34,6,0,2,69,28,17,88,0,2,46,57,0,0,0,0,0,0,0,0,0,0,0,0,0,0,103,0,1,0,0,1,0,0,0,0,0,0,0,0,0,0,0,0,0,0,0,0,0,0,0,0,0,0,0,0,0,0,0,105,0,0,0,0,0,0,0,0,0,0,0,0,0,0,0,0,0,0,7,98,0,0,98,7,19,86,0,0,101,4,2,103,0,0,26,79,0,0,0,105,105,0,19,86,10,95,0,105,0,105,0,17,88,0,7,97,1,105,2,0,0,0,2,0,0,0,0,0,0,0,0,0,0,3,0,0,0,0,1,28,0,0,0,0,68,1,0,0,0,0,2,0,0,0,0,0,0,0,0,0,0,0,0,0,0,0,28,0,0,0,0,68,6,1,0,0,105,0,0,0,0,0,0,0,0,0,48,57,6,99,0,79,26,105,37,68,0,26,79,0,35.666666666666664,29.0
14,038,2,0,2,0,0,2,0,0,0,0,0,2,0,0,0,0,2,1,1,0,0,1,1,0,0,0,0,0,0,0,0,0,0,0,0,0,0,1,0,0,0,1,0,0,0,0,0,0,0,0,0,0,0,0,0,0,0,0,0,0,0,0,0,0,0,0,0,0,0,0,0,0,0,0,2,0,0,0,0,0,0,0,0,0,0,0,0,0,0,0,2,0,0,2,0,1,1,0,0,2,0,0,2,0,0,2,0,0,0,0,2,2,0,2,0,0,2,0,2,0,2,0,0,2,0,0,2,0,2,0,0,0,0,0,0,0,0,0,0,0,0,0,0,0,0,0,0,0,0,0,2,0,0,0,0,0,0,0,0,0,0,0,0,0,0,0,0,0,0,0,0,0,0,0,0,0,0,2,0,0,0,0,0,0,0,0,0,0,0,2,0,0,0,0,0,0,0,1,1,0,2,0,0,2,2,2,0,0,2,0,0,89.5,89.5
14,039,865,63,795,7,33,826,6,44,0,11,248,562,125,0,11,248,481,72,792,1,25,442,397,1,2,0,0,0,0,3,1,0,4,0,4,0,3,795,15,5,0,8,0,1,2,0,0,1,4,0,1,2,0,1,0,9,4,2,0,0,0,0,4,0,0,10,0,0,0,1,839,0,0,0,2,0,1,1,0,0,1,2,0,0,0,0,1,0,1,36,826,3,3,850,12,112,750,3,3,858,4,17,848,0,27,436,402,0,0,2,863,861,4,211,654,77,787,1,865,41,627,197,173,680,12,38,823,4,865,45,4,20,1,11,2,0,0,0,1,0,0,0,21,12,47,1,44,0,4,27,375,0,2,0,0,241,7,1,3,3,0,11,0,0,0,0,1,0,0,0,7,0,2,0,0,2,0,375,0,2,0,0,241,210,7,0,0,321,0,10,0,0,504,0,3,2,25,468,397,81,779,5,402,463,865,624,241,24,439,402,0,30.515606936416184,29.0
14,041,12,0,12,0,1,11,0,1,0,0,2,9,1,0,0,2,9,5,7,0,0,6,6,0,0,0,0,0,0,0,0,0,0,0,0,0,0,9,0,0,0,0,0,0,0,0,0,0,0,0,0,0,0,0,0,3,0,0,0,0,0,0,0,0,0,0,0,0,0,0,2,0,0,0,0,0,0,0,0,0,0,0,0,0,0,0,0,0,10,0,12,0,0,12,0,7,5,0,0,12,0,0,12,0,0,10,2,0,0,0,12,12,0,6,6,2,10,0,12,1,11,0,1,11,0,2,10,0,12,1,0,0,0,0,0,0,0,0,0,0,0,0,0,0,0,0,1,0,0,0,8,0,0,0,0,2,0,0,0,0,0,0,0,0,0,0,0,0,0,0,0,0,0,0,0,0,0,8,0,0,0,0,2,2,0,0,0,2,0,7,0,0,0,0,3,0,0,6,6,1,11,0,2,10,12,10,2,0,10,2,0,53.666666666666664,63.0
14,042,9,0,9,0,0,9,0,0,0,0,0,9,2,0,0,0,7,2,7,0,0,5,4,0,0,0,0,0,0,0,0,0,0,0,0,0,0,6,0,0,0,0,0,0,0,0,0,0,0,0,0,0,0,0,0,3,0,0,0,0,0,0,0,0,0,0,0,0,0,0,3,0,0,0,0,0,0,0,0,0,0,0,0,0,0,0,0,0,6,0,9,0,2,7,0,1,8,0,2,7,0,1,8,0,3,6,0,0,0,0,9,9,0,7,2,0,9,0,9,1,8,0,1,6,2,0,9,0,9,0,0,0,0,0,0,0,0,0,0,0,0,0,1,0,2,0,0,0,0,0,6,0,0,0,0,0,0,0,0,0,0,0,0,0,0,0,0,0,0,0,0,0,0,0,0,0,0,6,0,0,0,0,0,3,0,0,0,3,0,6,0,0,0,0,0,0,0,5,4,1,8,0,0,9,9,9,0,1,8,0,0,44.111111111111114,58.0
14,043,1,0,1,0,1,0,0,0,0,0,0,1,0,0,0,0,1,0,1,0,0,1,0,0,0,0,0,0,0,0,0,0,0,0,0,0,0,1,0,0,0,0,0,0,0,0,0,0,0,0,0,0,0,0,0,0,0,0,0,0,0,0,0,0,0,0,0,0,0,0,1,0,0,0,0,0,0,0,0,0,0,0,0,0,0,0,0,0,0,0,1,0,0,1,0,0,1,0,0,1,0,0,1,0,1,0,0,0,0,0,1,1,0,1,0,0,1,0,1,0,0,1,0,1,0,1,0,0,1,0,0,0,0,0,0,0,0,0,0,0,0,0,0,0,0,0,0,0,0,0,1,0,0,0,0,0,0,0,0,0,0,0,0,0,0,0,0,0,0,0,0,0,0,0,0,0,0,1,0,0,0,0,0,0,0,0,0,1,0,0,0,0,0,0,0,0,0,1,0,0,1,0,0,1,1,1,0,1,0,0,0,1.0,1.0
14,044,15,1,12,2,2,12,1,0,0,0,2,13,1,0,0,2,12,1,13,1,0,7,8,0,0,0,0,0,0,0,0,0,0,0,0,0,0,11,1,0,0,0,0,0,1,0,0,0,1,0,0,0,0,0,0,1,0,0,0,0,0,0,0,0,0,0,0,0,0,0,15,0,0,0,0,0,0,0,0,0,0,0,0,0,0,0,0,0,0,1,13,1,0,15,0,2,12,1,0,15,0,0,15,0,3,10,2,0,0,0,15,15,0,11,4,0,14,1,15,0,7,8,3,11,1,1,13,1,15,1,0,0,0,0,0,0,0,0,0,0,0,0,2,0,0,0,0,0,0,0,10,0,0,0,0,2,0,0,0,0,0,0,0,0,0,0,0,0,0,0,0,0,0,0,0,0,0,10,0,0,0,0,2,3,0,0,0,15,0,0,0,0,0,0,0,0,0,7,8,1,13,1,2,13,15,13,2,1,12,2,0,15.733333333333333,3.0
14,045,2,0,2,0,0,2,0,0,0,0,0,2,1,0,0,0,1,0,2,0,0,1,1,0,0,0,0,0,0,0,0,0,0,0,0,0,0,1,0,0,0,0,0,0,0,0,0,0,0,0,0,0,0,0,0,1,0,0,0,0,0,0,0,0,0,0,0,0,0,0,2,0,0,0,0,0,0,0,0,0,0,0,0,0,0,0,0,0,0,0,2,0,0,2,0,0,2,0,0,2,0,0,2,0,0,2,0,0,0,0,2,2,0,1,1,0,2,0,2,0,2,0,2,0,0,0,2,0,2,0,0,0,0,0,0,0,0,0,0,0,0,0,0,0,1,0,0,0,0,0,1,0,0,0,0,0,0,0,0,0,0,0,0,0,0,0,0,0,0,0,0,0,0,0,0,0,0,1,0,0,0,0,0,1,0,0,0,2,0,0,0,0,0,0,0,0,0,1,1,1,1,0,0,2,2,2,0,0,2,0,0,42.0,42.0
14,046,9,1,8,0,0,9,0,0,0,0,1,8,1,0,0,1,7,1,8,0,0,5,4,0,0,0,0,0,0,1,0,0,0,0,0,0,0,6,1,0,0,0,0,0,0,0,0,0,0,0,0,0,0,0,0,1,0,0,0,0,0,0,2,0,0,0,0,0,0,0,6,0,0,0,0,0,0,0,0,0,0,0,0,0,0,0,0,0,1,1,8,0,0,8,1,2,7,0,0,9,0,1,8,0,1,6,2,0,0,0,9,9,0,5,4,0,9,0,9,0,9,0,2,7,0,0,9,0,9,0,0,1,0,0,0,0,0,0,0,0,0,0,0,0,0,0,0,0,0,1,6,0,0,0,0,1,0,0,0,0,0,0,0,0,0,0,0,0,0,0,0,1,0,0,0,0,0,6,0,0,0,0,1,1,0,0,0,6,0,1,0,0,2,0,0,0,0,5,4,1,8,0,2,7,9,8,1,0,7,2,0,36.55555555555556,34.0
14,047,21,2,19,0,1,20,0,0,0,1,2,18,4,0,1,2,14,3,18,0,0,9,12,0,0,0,0,0,0,0,0,0,0,0,0,0,0,21,0,0,0,0,0,0,0,0,0,0,0,0,0,0,0,0,0,0,0,0,0,0,0,0,0,0,0,0,0,0,0,0,21,0,0,0,0,0,0,0,0,0,0,0,0,0,0,0,0,0,0,2,19,0,0,21,0,1,20,0,0,21,0,0,21,0,1,17,3,0,0,0,21,21,0,5,16,0,21,0,21,0,17,4,5,16,0,1,20,0,21,0,0,0,0,1,0,0,0,0,0,0,0,0,1,0,0,0,0,0,0,4,13,0,0,0,0,2,0,0,0,0,0,1,0,0,0,0,0,0,0,0,0,0,0,0,0,0,0,13,0,0,0,0,2,5,0,0,0,21,0,0,0,0,0,0,0,0,0,9,12,0,21,0,3,18,21,19,2,2,16,3,0,26.428571428571427,10.0
14,048,7,0,7,0,1,6,0,0,0,0,2,5,0,0,0,2,5,2,5,0,0,3,4,0,0,0,0,0,0,0,0,0,0,0,0,0,0,6,1,0,0,0,0,0,0,0,0,0,0,0,0,0,0,0,0,0,0,0,0,0,0,0,0,0,0,1,0,0,0,0,6,0,0,0,0,0,0,0,0,0,0,0,0,0,0,0,0,0,0,0,7,0,0,7,0,2,5,0,0,7,0,0,7,0,0,7,0,0,0,0,7,7,0,4,3,1,6,0,7,0,7,0,3,4,0,0,7,0,7,0,0,0,0,0,0,0,0,0,0,0,0,0,0,0,0,0,0,0,0,0,5,0,0,0,0,1,1,0,0,0,0,0,0,0,0,0,0,0,0,0,0,0,0,0,0,0,0,5,0,0,0,0,1,0,1,0,0,7,0,0,0,0,0,0,0,0,0,3,4,0,7,0,0,7,7,6,1,0,7,0,0,36.142857142857146,8.0
14,049,6,0,6,0,2,4,0,0,0,0,0,6,1,0,0,0,5,3,3,0,0,2,4,0,0,0,0,0,0,1,0,0,0,0,0,0,0,4,0,1,0,0,0,0,0,0,0,0,0,0,0,0,0,0,0,0,0,0,0,0,0,0,1,0,0,0,0,0,0,0,5,0,0,0,0,0,0,0,0,0,0,0,0,0,0,0,0,0,0,0,6,0,0,6,0,5,1,0,0,6,0,0,6,0,0,6,0,0,0,0,6,6,0,2,4,1,5,0,6,0,6,0,0,6,0,1,5,0,6,1,0,0,0,0,0,0,0,0,0,0,0,0,0,0,0,0,0,0,0,0,5,0,0,0,0,0,0,0,0,0,0,0,0,0,0,0,0,0,0,0,0,0,0,0,0,0,0,5,0,0,0,0,0,1,0,0,0,5,0,1,0,0,0,0,0,0,0,2,4,0,6,0,0,6,6,6,0,0,6,0,0,62.666666666666664,74.5
14,050,8,0,8,0,0,8,0,0,0,0,0,8,0,0,0,0,8,1,7,0,0,2,6,0,0,0,0,0,0,0,0,0,0,0,0,0,0,7,0,0,0,0,0,0,0,0,0,0,0,0,0,0,0,0,0,1,0,0,0,0,0,0,0,0,0,0,0,0,0,0,8,0,0,0,0,0,0,0,0,0,0,0,0,0,0,0,0,0,0,1,7,0,0,8,0,1,7,0,0,8,0,1,7,0,0,8,0,0,0,0,8,8,0,6,2,0,8,0,8,0,4,4,1,6,1,1,7,0,8,0,0,0,0,0,0,0,0,0,0,0,0,0,0,0,0,0,0,0,0,0,8,0,0,0,0,0,0,0,0,0,0,0,0,0,0,0,0,0,0,0,0,0,0,0,0,0,0,8,0,0,0,0,0,0,0,0,0,8,0,0,0,0,0,0,0,0,0,2,6,0,8,0,0,8,8,8,0,2,6,0,0,19.875,3.5
14,051,7,1,6,0,0,7,0,0,0,1,1,5,0,0,1,1,5,0,7,0,0,3,4,0,0,0,0,0,0,0,0,0,0,0,0,0,0,7,0,0,0,0,0,0,0,0,0,0,0,0,0,0,0,0,0,0,0,0,0,0,0,0,0,0,0,0,0,0,0,0,7,0,0,0,0,0,0,0,0,0,0,0,0,0,0,0,0,0,0,0,7,0,0,6,1,0,7,0,0,7,0,0,7,0,0,7,0,0,0,0,7,7,0,2,5,0,7,0,7,0,2,5,0,6,1,0,7,0,7,0,0,0,0,1,0,0,0,0,0,0,0,0,0,0,0,0,0,0,0,0,5,0,0,0,0,1,0,0,0,0,0,1,0,0,0,0,0,0,0,0,0,0,0,0,0,0,0,5,0,0,0,0,1,0,0,0,0,7,0,0,0,0,0,0,0,0,0,3,4,0,7,0,0,7,7,6,1,1,6,0,0,4.142857142857143,3.0
14,052,1,0,1,0,0,1,0,0,0,0,0,1,0,0,0,0,1,0,1,0,0,0,1,0,0,0,0,0,0,0,0,0,0,0,0,0,0,1,0,0,0,0,0,0,0,0,0,0,0,0,0,0,0,0,0,0,0,0,0,0,0,0,0,0,0,0,0,0,0,0,1,0,0,0,0,0,0,0,0,0,0,0,0,0,0,0,0,0,0,0,1,0,0,1,0,0,1,0,0,1,0,0,1,0,0,1,0,0,0,0,1,1,0,1,0,0,1,0,1,0,0,1,0,1,0,0,1,0,1,0,0,0,0,0,0,0,0,0,0,0,0,0,0,0,0,0,0,0,0,0,1,0,0,0,0,0,0,0,0,0,0,0,0,0,0,0,0,0,0,0,0,0,0,0,0,0,0,1,0,0,0,0,0,0,0,0,0,1,0,0,0,0,0,0,0,0,0,0,1,0,1,0,0,1,1,1,0,0,1,0,0,1.0,1.0
14,053,172,6,166,0,4,168,0,9,0,2,82,79,18,0,2,82,70,30,142,0,1,88,83,0,1,0,0,0,0,0,0,0,1,1,3,0,5,149,2,5,0,0,0,0,0,0,0,0,0,1,0,0,0,1,0,2,1,8,0,0,0,0,0,0,0,0,0,1,0,0,162,0,1,0,0,0,0,0,0,0,0,0,0,0,0,0,0,0,0,16,156,0,0,154,18,24,148,0,1,155,16,6,166,0,7,55,110,0,1,0,171,171,1,56,116,22,150,0,172,8,164,0,84,85,3,5,167,0,172,14,1,2,0,2,0,0,0,0,1,0,0,0,0,1,4,0,9,0,0,0,56,0,0,0,0,80,2,0,0,1,0,2,0,0,0,0,0,0,0,0,0,0,0,0,0,0,0,56,0,0,0,0,80,31,2,0,0,170,0,0,0,0,1,0,0,0,1,89,83,31,141,0,110,62,172,92,80,0,62,110,0,33.11046511627907,26.5
14,054,11,1,10,0,1,10,0,1,0,1,5,4,0,0,1,5,5,2,9,0,0,5,6,0,0,0,0,0,0,0,0,0,0,0,0,0,0,11,0,0,0,0,0,0,0,0,0,0,0,0,0,0,0,0,0,0,0,0,0,0,0,0,0,0,0,0,0,0,0,0,11,0,0,0,0,0,0,0,0,0,0,0,0,0,0,0,0,0,0,1,10,0,0,11,0,5,6,0,0,11,0,0,11,0,0,4,7,0,0,0,11,11,0,3,8,1,10,0,11,0,11,0,0,11,0,1,10,0,11,0,0,0,0,1,0,0,0,0,0,0,0,0,0,0,0,0,1,0,0,0,4,0,0,0,0,4,1,0,0,0,0,1,0,0,0,0,0,0,0,0,0,0,0,0,0,0,0,4,0,0,0,0,4,1,1,0,0,11,0,0,0,0,0,0,0,0,0,5,6,1,10,0,7,4,11,7,4,1,3,7,0,58.90909090909091,63.0
14,055,1,0,1,0,0,1,0,0,0,0,0,1,1,0,0,0,0,0,1,0,0,1,0,0,0,0,0,0,0,0,0,0,0,0,0,0,0,1,0,0,0,0,0,0,0,0,0,0,0,0,0,0,0,0,0,0,0,0,0,0,0,0,0,0,0,0,0,0,0,0,1,0,0,0,0,0,0,0,0,0,0,0,0,0,0,0,0,0,0,0,1,0,0,1,0,0,1,0,0,1,0,0,1,0,0,1,0,0,0,0,1,1,0,1,0,0,1,0,1,0,1,0,0,1,0,0,1,0,1,0,0,0,0,0,0,0,0,0,0,0,0,0,0,0,1,0,0,0,0,0,0,0,0,0,0,0,0,0,0,0,0,0,0,0,0,0,0,0,0,0,0,0,0,0,0,0,0,0,0,0,0,0,0,1,0,0,0,1,0,0,0,0,0,0,0,0,0,1,0,0,1,0,0,1,1,1,0,0,1,0,0,3.0,3.0
14,056,2,0,2,0,1,1,0,0,0,1,1,0,0,0,1,1,0,0,2,0,0,0,2,0,0,0,0,0,0,0,0,0,0,0,0,0,0,2,0,0,0,0,0,0,0,0,0,0,0,0,0,0,0,0,0,0,0,0,0,0,0,0,0,0,0,0,0,0,0,0,2,0,0,0,0,0,0,0,0,0,0,0,0,0,0,0,0,0,0,0,2,0,0,2,0,1,1,0,0,2,0,0,2,0,0,1,1,0,0,0,2,2,0,1,1,0,2,0,2,0,2,0,1,1,0,0,2,0,2,0,0,0,0,1,0,0,0,0,0,0,0,0,0,0,0,0,0,0,0,0,0,0,0,0,0,1,0,0,0,0,0,1,0,0,0,0,0,0,0,0,0,0,0,0,0,0,0,0,0,0,0,0,1,0,0,0,0,2,0,0,0,0,0,0,0,0,0,0,2,0,2,0,1,1,2,1,1,0,1,1,0,95.0,95.0
14,057,1,0,1,0,0,1,0,0,0,0,1,0,0,0,0,1,0,0,1,0,0,0,1,0,0,0,0,0,0,0,0,0,0,0,0,0,0,1,0,0,0,0,0,0,0,0,0,0,0,0,0,0,0,0,0,0,0,0,0,0,0,0,0,0,0,0,0,0,0,0,1,0,0,0,0,0,0,0,0,0,0,0,0,0,0,0,0,0,0,0,1,0,0,1,0,0,1,0,0,1,0,0,1,0,0,0,1,0,0,0,1,1,0,0,1,0,1,0,1,0,1,0,0,1,0,0,1,0,1,0,0,0,0,0,0,0,0,0,0,0,0,0,0,0,0,0,0,0,0,0,0,0,0,0,0,1,0,0,0,0,0,0,0,0,0,0,0,0,0,0,0,0,0,0,0,0,0,0,0,0,0,0,1,0,0,0,0,1,0,0,0,0,0,0,0,0,0,0,1,0,1,0,1,0,1,0,1,0,0,1,0,51.0,51.0
14,059,4,0,4,0,0,4,0,1,0,0,0,3,3,0,0,0,1,0,4,0,0,2,2,0,0,0,0,0,0,0,0,0,0,0,0,0,0,3,0,1,0,0,0,0,0,0,0,0,0,0,0,0,0,0,0,0,0,0,0,0,0,0,0,0,0,0,0,0,0,0,4,0,0,0,0,0,0,0,0,0,0,0,0,0,0,0,0,0,0,0,4,0,0,4,0,0,4,0,0,4,0,0,4,0,0,4,0,0,0,0,4,4,0,1,3,0,4,0,4,1,3,0,0,3,1,0,4,0,4,1,0,0,0,0,0,0,0,0,0,0,0,0,0,0,2,0,1,0,0,0,0,0,0,0,0,0,0,0,0,0,0,0,0,0,0,0,0,0,0,0,0,0,0,0,0,0,0,0,0,0,0,0,0,4,0,0,0,4,0,0,0,0,0,0,0,0,0,2,2,0,4,0,0,4,4,4,0,0,4,0,0,15.75,7.0
14,060,1,0,1,0,0,1,0,0,0,0,0,1,0,0,0,0,1,0,1,0,0,1,0,0,0,0,0,0,0,0,0,0,0,0,0,0,0,1,0,0,0,0,0,0,0,0,0,0,0,0,0,0,0,0,0,0,0,0,0,0,0,0,0,0,0,0,0,0,0,0,1,0,0,0,0,0,0,0,0,0,0,0,0,0,0,0,0,0,0,0,1,0,0,1,0,0,1,0,0,1,0,0,1,0,0,1,0,0,0,0,1,1,0,1,0,0,1,0,1,0,1,0,1,0,0,0,1,0,1,0,0,1,0,0,0,0,0,0,0,0,0,0,0,0,0,0,0,0,0,0,0,0,0,0,0,0,0,0,0,0,0,0,0,0,0,0,0,0,0,0,0,0,0,0,0,0,0,0,0,0,0,0,0,1,0,0,0,1,0,0,0,0,0,0,0,0,0,1,0,0,1,0,0,1,1,1,0,0,1,0,0,0.0,0.0
14,061,42,1,41,0,1,41,0,2,0,2,3,35,2,0,2,3,35,4,38,0,0,30,12,0,0,0,0,0,0,0,0,0,0,1,0,0,0,31,0,0,0,4,0,0,0,0,0,0,0,0,0,0,0,0,0,6,0,0,0,0,0,0,0,0,0,0,0,0,0,0,24,0,0,0,1,0,0,0,0,0,0,0,0,0,0,0,0,0,17,6,36,0,29,13,0,3,39,0,31,11,0,3,39,0,1,34,7,0,0,0,42,42,0,29,13,1,41,0,42,0,40,2,9,31,2,0,42,0,42,0,0,0,0,2,0,0,0,0,0,0,0,0,2,0,2,0,2,0,0,0,30,0,1,0,0,3,0,0,0,0,0,2,0,0,0,0,0,0,0,0,1,0,0,0,0,0,0,30,0,1,0,0,3,5,0,0,0,24,0,15,0,0,1,1,1,0,0,30,12,4,38,0,7,35,42,39,3,0,35,7,0,31.785714285714285,19.5
14,062,2,0,2,0,0,2,0,0,0,0,1,1,0,0,0,1,1,1,1,0,0,1,1,0,0,0,0,0,0,0,0,0,0,0,0,0,0,2,0,0,0,0,0,0,0,0,0,0,0,0,0,0,0,0,0,0,0,0,0,0,0,0,0,0,0,0,0,0,0,0,2,0,0,0,0,0,0,0,0,0,0,0,0,0,0,0,0,0,0,0,2,0,0,2,0,1,1,0,0,2,0,0,2,0,0,0,2,0,0,0,2,2,0,0,2,1,1,0,2,0,2,0,0,2,0,0,2,0,2,0,0,0,0,0,0,0,0,0,0,0,0,0,0,0,0,0,0,0,0,0,1,0,0,0,0,1,0,0,0,0,0,0,0,0,0,0,0,0,0,0,0,0,0,0,0,0,0,1,0,0,0,0,1,0,0,0,0,2,0,0,0,0,0,0,0,0,0,1,1,0,2,0,2,0,2,1,1,0,0,2,0,26.0,26.0
14,063,16,1,15,0,2,14,0,0,0,1,4,11,2,0,1,4,9,4,12,0,0,7,9,0,0,0,0,0,0,0,0,0,0,0,0,0,0,14,1,1,0,0,0,0,0,0,0,0,0,0,0,0,0,0,0,0,0,0,0,0,0,0,0,0,0,0,0,0,0,0,15,0,1,0,0,0,0,0,0,0,0,0,0,0,0,0,0,0,0,4,12,0,0,14,2,3,13,0,0,14,2,0,16,0,0,10,6,0,0,0,16,16,0,2,14,2,14,0,16,0,16,0,1,15,0,0,16,0,16,1,0,0,0,1,0,0,0,0,0,0,0,0,0,0,1,0,0,0,0,0,9,0,0,0,0,4,0,0,0,0,0,1,0,0,0,0,0,0,0,0,0,0,0,0,0,0,0,9,0,0,0,0,4,2,0,0,0,15,0,1,0,0,0,0,0,0,0,7,9,3,13,0,6,10,16,12,4,0,10,6,0,47.9375,47.0
14,064,16,1,15,0,3,13,0,0,0,0,6,10,0,0,0,6,10,2,14,0,0,6,10,0,2,0,0,0,0,0,0,0,0,0,1,0,0,12,1,0,0,0,0,0,0,0,0,0,0,0,0,0,0,0,0,0,0,9,0,0,0,0,0,0,0,0,0,1,0,0,6,0,0,0,0,0,0,0,0,0,0,0,0,0,0,0,0,0,0,4,12,0,0,15,1,4,12,0,1,14,1,1,15,0,1,10,5,0,0,0,16,16,0,6,10,4,12,0,16,2,14,0,7,8,1,1,15,0,16,0,0,1,0,0,0,0,0,0,0,0,0,0,0,0,0,0,0,0,0,0,9,0,0,0,0,6,0,0,0,0,0,0,0,0,0,0,0,0,0,0,0,0,0,0,0,0,0,9,0,0,0,0,6,1,0,0,0,13,0,0,0,0,0,0,3,0,0,6,10,3,13,0,5,11,16,10,6,3,8,5,0,24.1875,3.0
14,065,8,0,8,0,1,7,0,0,0,0,2,6,1,0,0,2,5,0,8,0,0,1,7,0,0,0,0,0,0,1,0,0,0,0,0,0,0,7,0,0,0,0,0,0,0,0,0,0,0,0,0,0,0,0,0,0,0,0,0,0,0,0,7,0,0,0,0,0,0,0,1,0,0,0,0,0,0,0,0,0,0,0,0,0,0,0,0,0,0,0,8,0,0,8,0,1,7,0,0,8,0,1,7,0,0,7,1,0,0,0,8,8,0,3,5,0,8,0,8,0,8,0,1,7,0,2,6,0,8,0,0,0,0,0,0,0,0,0,0,0,0,0,2,0,1,0,0,0,0,0,3,0,0,0,0,1,1,0,0,0,0,0,0,0,0,0,0,0,0,0,0,0,0,0,0,0,0,3,0,0,0,0,1,3,1,0,0,1,0,4,0,0,3,0,0,0,0,1,7,3,5,0,1,7,8,7,1,0,7,1,0,67.75,82.5
14,066,16,1,15,0,0,16,0,0,0,1,2,13,0,0,1,2,13,1,15,0,0,7,9,0,0,0,0,0,0,0,0,0,0,0,0,0,0,16,0,0,0,0,0,0,0,0,0,0,0,0,0,0,0,0,0,0,0,0,0,0,0,0,0,0,0,0,0,0,0,0,16,0,0,0,0,0,0,0,0,0,0,0,0,0,0,0,0,0,0,1,15,0,0,16,0,3,13,0,0,16,0,1,15,0,1,11,4,0,0,0,16,16,0,2,14,1,15,0,16,0,13,3,1,15,0,2,14,0,16,0,0,0,0,1,0,0,0,0,0,0,0,0,0,0,0,0,0,0,0,0,13,0,0,0,0,2,0,0,0,0,0,1,0,0,0,0,0,0,0,0,0,0,0,0,0,0,0,13,0,0,0,0,2,0,0,0,0,15,0,0,0,0,1,0,0,0,0,7,9,2,14,0,4,12,16,14,2,0,12,4,0,20.0625,3.5
14,067,121,0,121,0,1,120,0,5,0,3,80,33,11,0,3,80,27,3,118,0,2,72,47,0,0,0,0,1,0,0,3,0,3,0,7,7,0,76,2,2,1,14,0,0,1,1,0,0,1,0,0,1,0,0,0,1,0,1,0,0,0,0,0,0,0,0,0,0,0,0,115,1,0,0,4,0,0,0,0,0,0,0,0,0,0,0,0,0,0,0,121,0,0,121,0,3,118,0,0,121,0,1,120,0,1,6,114,0,0,0,121,121,0,5,116,1,120,0,121,1,120,0,0,120,1,1,120,0,121,3,1,0,0,3,0,0,0,0,0,0,0,0,0,1,7,0,5,0,0,1,20,0,0,0,0,78,2,0,0,0,0,3,0,0,0,0,0,0,0,0,0,0,0,0,0,0,0,20,0,1,0,0,78,17,2,0,0,3,0,0,0,0,118,0,0,0,0,74,47,2,119,0,114,7,121,43,78,1,6,114,0,33.21487603305785,31.0
14,068,1,0,1,0,1,0,0,0,0,0,0,1,0,0,0,0,1,0,1,0,0,0,1,0,0,0,0,0,0,0,0,0,0,0,0,0,0,1,0,0,0,0,0,0,0,0,0,0,0,0,0,0,0,0,0,0,0,0,0,0,0,0,0,0,0,0,0,0,0,0,1,0,0,0,0,0,0,0,0,0,0,0,0,0,0,0,0,0,0,1,0,0,0,1,0,0,1,0,0,1,0,0,1,0,1,0,0,0,0,0,1,1,0,1,0,0,1,0,1,0,0,1,0,1,0,0,0,1,1,0,0,0,0,0,0,0,0,0,0,0,0,0,0,0,0,0,0,0,0,0,1,0,0,0,0,0,0,0,0,0,0,0,0,0,0,0,0,0,0,0,0,0,0,0,0,0,0,1,0,0,0,0,0,0,0,0,0,1,0,0,0,0,0,0,0,0,0,0,1,0,1,0,0,1,1,1,0,1,0,0,0,13.0,13.0
14,069,2,0,2,0,0,2,0,0,0,0,0,2,0,0,0,0,2,0,2,0,0,0,2,0,0,0,0,0,0,0,0,0,0,0,0,0,0,2,0,0,0,0,0,0,0,0,0,0,0,0,0,0,0,0,0,0,0,0,0,0,0,0,0,0,0,0,0,0,0,0,2,0,0,0,0,0,0,0,0,0,0,0,0,0,0,0,0,0,0,1,1,0,0,2,0,1,1,0,0,2,0,0,2,0,0,2,0,0,0,0,2,2,0,0,2,1,1,0,2,0,2,0,0,2,0,0,2,0,2,0,0,0,0,0,0,0,0,0,0,0,0,0,0,0,0,0,0,0,0,0,2,0,0,0,0,0,0,0,0,0,0,0,0,0,0,0,0,0,0,0,0,0,0,0,0,0,0,2,0,0,0,0,0,0,0,0,0,2,0,0,0,0,0,0,0,0,0,0,2,1,1,0,0,2,2,2,0,0,2,0,0,70.5,70.5
14,070,98,6,91,1,2,96,0,0,0,1,59,38,8,0,1,59,30,4,94,0,3,60,35,0,0,0,0,0,0,1,0,0,0,0,0,0,0,88,1,1,1,2,0,1,0,0,0,0,1,0,0,0,0,1,0,1,0,0,0,0,0,0,0,0,0,1,0,0,0,0,97,0,0,0,0,0,0,0,0,0,0,0,0,0,0,0,0,0,0,2,95,1,0,98,0,9,89,0,0,98,0,2,96,0,0,30,68,0,0,0,98,98,0,16,82,10,88,0,98,2,78,18,26,72,0,1,97,0,98,5,1,0,0,1,0,0,0,0,0,0,0,0,1,0,2,0,0,0,0,1,27,0,1,0,0,59,0,0,0,0,0,1,0,0,0,0,0,0,0,0,2,0,0,0,0,0,0,27,0,0,0,0,59,9,0,0,0,28,0,0,0,0,70,0,0,0,0,63,35,5,93,0,68,30,98,39,59,0,30,68,0,26.887755102040817,26.0
14,071,2,0,2,0,0,2,0,0,0,0,0,2,0,0,0,0,2,0,2,0,0,2,0,0,0,0,0,0,0,0,0,0,0,0,0,0,0,1,0,0,0,0,0,0,0,0,0,0,0,0,0,0,0,0,0,1,0,0,0,0,0,0,0,0,0,0,0,0,0,0,2,0,0,0,0,0,0,0,0,0,0,0,0,0,0,0,0,0,0,1,1,0,0,2,0,0,2,0,0,2,0,0,2,0,0,2,0,0,0,0,2,2,0,2,0,0,2,0,2,0,2,0,1,1,0,1,1,0,2,0,0,0,0,0,0,0,0,0,0,0,0,0,0,0,0,0,0,0,0,0,2,0,0,0,0,0,0,0,0,0,0,0,0,0,0,0,0,0,0,0,0,0,0,0,0,0,0,2,0,0,0,0,0,0,0,0,0,2,0,0,0,0,0,0,0,0,0,2,0,1,1,0,0,2,2,2,0,0,2,0,0,48.5,48.5
14,072,1,0,1,0,1,0,0,0,0,0,0,1,0,0,0,0,1,1,0,0,0,1,0,0,0,0,0,0,0,0,0,0,0,0,0,0,0,1,0,0,0,0,0,0,0,0,0,0,0,0,0,0,0,0,0,0,0,0,0,0,0,0,0,0,0,0,0,1,0,0,0,0,0,0,0,0,0,0,0,0,0,0,0,0,0,0,0,0,0,0,1,0,0,1,0,1,0,0,0,1,0,0,1,0,0,1,0,0,0,0,1,1,0,1,0,0,1,0,1,0,1,0,0,1,0,1,0,0,1,0,0,0,0,0,0,0,0,0,0,0,0,0,0,0,0,0,0,0,0,0,1,0,0,0,0,0,0,0,0,0,0,0,0,0,0,0,0,0,0,0,0,0,0,0,0,0,0,1,0,0,0,0,0,0,0,0,0,0,0,0,0,0,0,0,1,0,0,1,0,0,1,0,0,1,1,1,0,0,1,0,0,82.0,82.0
14,073,8,1,7,0,0,8,0,0,0,0,2,6,0,0,0,2,6,1,7,0,0,3,5,0,1,0,0,0,0,0,0,0,0,0,0,0,0,6,0,0,0,0,0,0,0,0,0,0,0,0,0,0,0,0,0,1,0,1,0,0,0,0,0,0,0,0,0,0,0,0,7,0,0,0,0,0,0,0,0,0,0,0,0,0,0,0,0,0,0,1,7,0,0,7,1,1,7,0,0,7,1,0,8,0,1,5,2,0,0,0,8,8,0,6,2,2,6,0,8,0,7,1,1,6,1,1,7,0,8,0,0,0,0,0,0,0,0,0,0,0,0,0,0,0,0,0,0,0,0,0,6,0,0,0,0,2,0,0,0,0,0,0,0,0,0,0,0,0,0,0,0,0,0,0,0,0,0,6,0,0,0,0,2,0,0,0,0,7,0,0,0,0,1,0,0,0,0,3,5,1,7,0,2,6,8,6,2,2,4,2,0,15.125,1.0
14,076,5,0,5,0,0,5,0,0,0,0,0,5,2,0,0,0,3,1,4,0,0,4,1,0,0,0,0,0,0,0,0,0,0,0,0,0,0,3,0,0,0,2,0,0,0,0,0,0,0,0,0,0,0,0,0,0,0,0,0,0,0,0,0,0,0,0,0,0,0,0,2,0,0,0,0,0,0,0,0,0,0,0,0,0,0,0,0,0,3,1,4,0,0,5,0,3,2,0,0,5,0,0,5,0,0,5,0,0,0,0,5,5,0,3,2,0,5,0,5,0,5,0,1,4,0,0,5,0,5,1,0,0,0,0,0,0,0,0,0,0,0,0,0,0,0,0,0,0,0,1,3,0,0,0,0,0,0,0,0,0,0,0,0,0,0,0,0,0,0,0,0,0,0,0,0,0,0,3,0,0,0,0,0,2,0,0,0,2,0,2,0,0,0,1,0,0,0,4,1,0,5,0,0,5,5,5,0,0,5,0,0,65.8,76.0
14,077,4,0,4,0,0,4,0,0,0,0,1,3,0,0,0,1,3,0,4,0,0,4,0,0,0,0,0,0,0,0,0,0,0,0,0,0,0,4,0,0,0,0,0,0,0,0,0,0,0,0,0,0,0,0,0,0,0,0,0,0,0,0,0,0,0,0,0,0,0,0,4,0,0,0,0,0,0,0,0,0,0,0,0,0,0,0,0,0,0,0,4,0,1,3,0,0,4,0,1,3,0,0,4,0,1,2,1,0,0,0,4,4,0,2,2,0,4,0,4,0,2,2,3,1,0,0,4,0,4,0,0,0,0,0,0,0,0,0,0,0,0,0,0,0,0,0,0,0,0,0,3,0,0,0,0,0,1,0,0,0,0,0,0,0,0,0,0,0,0,0,0,0,0,0,0,0,0,3,0,0,0,0,0,0,1,0,0,4,0,0,0,0,0,0,0,0,0,4,0,0,4,0,1,3,4,4,0,0,3,1,0,17.25,16.0
14,078,3,0,3,0,0,3,0,0,0,0,1,2,0,0,0,1,2,0,3,0,0,3,0,0,0,0,0,0,0,0,0,0,0,0,0,0,0,3,0,0,0,0,0,0,0,0,0,0,0,0,0,0,0,0,0,0,0,0,0,0,0,0,0,0,0,0,0,0,0,0,3,0,0,0,0,0,0,0,0,0,0,0,0,0,0,0,0,0,0,0,3,0,0,2,1,1,2,0,0,2,1,0,3,0,1,1,1,0,0,0,3,3,0,1,2,1,2,0,3,1,2,0,0,3,0,1,2,0,3,0,0,0,0,0,0,0,0,0,0,0,0,0,0,0,0,0,0,0,0,0,2,0,0,0,0,1,0,0,0,0,0,0,0,0,0,0,0,0,0,0,0,0,0,0,0,0,0,2,0,0,0,0,1,0,0,0,0,3,0,0,0,0,0,0,0,0,0,3,0,0,3,0,1,2,3,2,1,0,2,1,0,56.333333333333336,61.0
14,079,11,0,11,0,0,11,0,2,0,0,0,9,2,0,0,0,9,1,10,0,0,3,8,0,0,0,0,0,0,0,0,0,0,0,0,0,0,8,3,0,0,0,0,0,0,0,0,0,0,0,0,0,0,0,0,0,0,0,0,0,0,0,0,0,0,0,0,0,0,0,11,0,0,0,0,0,0,0,0,0,0,0,0,0,0,0,0,0,0,3,8,0,0,6,5,1,10,0,0,8,3,0,11,0,0,11,0,0,0,0,11,11,0,2,9,0,11,0,11,0,11,0,0,11,0,1,10,0,11,2,0,0,0,0,0,0,0,0,0,0,0,0,0,0,0,0,2,0,0,0,7,0,0,0,0,0,0,0,0,0,0,0,0,0,0,0,0,0,0,0,0,0,0,0,0,0,0,7,0,0,0,0,0,4,0,0,0,11,0,0,0,0,0,0,0,0,0,3,8,2,9,0,0,11,11,11,0,1,10,0,0,47.90909090909091,69.0
14,080,3,0,3,0,1,2,0,0,0,1,0,2,0,0,1,0,2,1,2,0,0,1,2,0,0,0,0,0,0,0,0,0,0,0,0,0,0,1,0,0,0,2,0,0,0,0,0,0,0,0,0,0,0,0,0,0,0,0,0,0,0,0,0,0,0,0,0,0,0,0,0,0,0,0,3,0,0,0,0,0,0,0,0,0,0,0,0,0,0,0,3,0,0,3,0,2,1,0,0,3,0,0,3,0,0,3,0,0,0,0,3,3,0,2,1,0,3,0,3,0,3,0,0,3,0,1,2,0,3,0,0,0,0,1,0,0,0,0,0,0,0,0,0,0,0,0,0,0,0,0,2,0,0,0,0,0,0,0,0,0,0,1,0,0,0,0,0,0,0,0,0,0,0,0,0,0,0,2,0,0,0,0,0,0,0,0,0,0,0,3,0,0,0,0,0,0,0,1,2,0,3,0,0,3,3,3,0,0,3,0,0,61.666666666666664,84.0
14,081,13,2,11,0,1,12,0,2,0,0,3,8,5,0,0,3,5,3,10,0,0,4,9,0,0,0,0,0,0,0,0,0,2,0,0,0,0,9,0,0,0,0,0,0,0,0,0,0,0,0,0,0,0,0,0,2,0,0,0,0,0,0,0,0,0,0,0,0,0,0,13,0,0,0,0,0,0,0,0,0,0,0,0,0,0,0,0,0,0,3,10,0,0,13,0,3,10,0,0,13,0,0,13,0,1,8,4,0,0,0,13,13,0,7,6,3,10,0,13,0,12,1,2,11,0,0,13,0,13,3,0,0,0,0,0,0,0,0,0,0,0,0,1,0,2,0,2,0,0,0,2,0,0,0,0,3,0,0,0,0,0,0,0,0,0,0,0,0,0,0,0,0,0,0,0,0,0,2,0,0,0,0,3,8,0,0,0,13,0,0,0,0,0,0,0,0,0,4,9,0,13,0,4,9,13,10,3,1,8,4,0,48.69230769230769,67.0
14,082,2,0,2,0,0,2,0,0,0,0,0,2,1,0,0,0,1,1,1,0,0,2,0,0,0,0,0,0,0,0,0,0,0,0,0,0,0,2,0,0,0,0,0,0,0,0,0,0,0,0,0,0,0,0,0,0,0,0,0,0,0,0,0,0,0,0,0,0,0,0,2,0,0,0,0,0,0,0,0,0,0,0,0,0,0,0,0,0,0,0,2,0,0,2,0,1,1,0,0,2,0,0,2,0,0,2,0,0,0,0,2,2,0,0,2,0,2,0,2,0,1,1,0,2,0,1,1,0,2,0,0,0,0,0,0,0,0,0,0,0,0,0,0,0,1,0,0,0,0,0,1,0,0,0,0,0,0,0,0,0,0,0,0,0,0,0,0,0,0,0,0,0,0,0,0,0,0,1,0,0,0,0,0,1,0,0,0,2,0,0,0,0,0,0,0,0,0,2,0,0,2,0,0,2,2,2,0,0,2,0,0,39.5,39.5
14,083,7,1,6,0,1,6,0,1,0,0,2,4,0,0,0,2,5,0,7,0,0,6,1,0,0,0,0,0,0,0,0,0,0,0,0,0,0,7,0,0,0,0,0,0,0,0,0,0,0,0,0,0,0,0,0,0,0,0,0,0,0,0,0,0,0,2,0,0,0,0,5,0,0,0,0,0,0,0,0,0,0,0,0,0,0,0,0,0,0,0,7,0,0,7,0,1,6,0,0,7,0,0,7,0,1,2,4,0,0,0,7,7,0,1,6,0,7,0,7,1,6,0,0,7,0,0,7,0,7,0,0,0,0,0,0,0,0,0,0,0,0,0,0,0,0,0,1,0,0,0,3,0,1,0,0,1,1,0,0,0,0,0,0,0,0,0,0,0,0,0,1,0,0,0,0,0,0,3,0,0,0,0,1,1,1,0,0,4,0,0,0,0,3,0,0,0,0,6,1,0,7,0,4,3,7,6,1,1,2,4,0,20.714285714285715,25.0
14,084,1,0,1,0,0,1,0,0,0,0,0,1,0,0,0,0,1,0,1,0,0,0,1,0,0,0,0,0,0,0,0,0,0,0,0,0,0,1,0,0,0,0,0,0,0,0,0,0,0,0,0,0,0,0,0,0,0,0,0,0,0,0,0,0,0,0,0,0,0,0,1,0,0,0,0,0,0,0,0,0,0,0,0,0,0,0,0,0,0,0,1,0,0,1,0,0,1,0,0,1,0,0,1,0,0,1,0,0,0,0,1,1,0,1,0,0,1,0,1,0,1,0,0,1,0,0,1,0,1,0,0,0,0,0,0,0,0,0,0,0,0,0,0,0,0,0,0,0,0,0,1,0,0,0,0,0,0,0,0,0,0,0,0,0,0,0,0,0,0,0,0,0,0,0,0,0,0,1,0,0,0,0,0,0,0,0,0,1,0,0,0,0,0,0,0,0,0,0,1,0,1,0,0,1,1,1,0,0,1,0,0,4.0,4.0
14,085,146,3,143,0,1,145,0,4,0,6,74,62,15,0,6,74,51,33,113,0,0,87,59,0,0,0,0,0,1,1,0,0,0,0,0,0,1,134,0,2,0,2,0,1,1,0,0,0,0,0,0,1,0,0,0,0,2,0,0,0,0,0,0,0,0,0,0,0,0,0,146,0,0,0,0,0,0,0,0,0,0,0,0,0,0,0,0,0,0,7,139,0,1,142,3,35,111,0,1,142,3,1,145,0,0,60,86,0,0,2,144,144,2,4,142,4,142,0,146,2,143,1,2,141,3,2,144,0,146,2,0,0,0,6,0,0,0,0,0,0,0,0,0,0,11,0,4,0,0,2,47,0,0,0,0,74,0,0,0,0,0,6,0,0,0,0,0,0,0,0,0,0,0,0,0,0,0,47,0,0,0,0,74,19,0,0,0,146,0,0,0,0,0,0,0,0,0,87,59,4,141,1,86,60,146,72,74,0,60,86,0,41.15068493150685,38.5
14,086,3,0,3,0,0,3,0,0,0,0,0,3,0,0,0,0,3,1,2,0,0,1,2,0,0,0,0,0,0,0,0,0,0,0,0,0,0,3,0,0,0,0,0,0,0,0,0,0,0,0,0,0,0,0,0,0,0,0,0,0,0,0,0,0,0,0,0,0,0,0,3,0,0,0,0,0,0,0,0,0,0,0,0,0,0,0,0,0,0,1,2,0,0,3,0,0,2,1,0,3,0,0,3,0,0,3,0,0,0,0,3,3,0,1,2,1,2,0,3,0,1,2,0,3,0,0,3,0,3,0,1,0,0,0,0,0,0,0,0,0,0,0,0,0,0,0,0,0,0,0,2,0,0,0,0,0,0,0,0,0,0,0,0,0,0,0,0,0,0,0,0,0,0,0,0,0,0,2,0,0,0,0,0,1,0,0,0,3,0,0,0,0,0,0,0,0,0,1,2,1,2,0,0,3,3,3,0,0,3,0,0,30.666666666666668,4.0
14,087,10,1,9,0,0,10,0,0,0,0,0,10,1,0,0,0,9,1,9,0,0,3,7,0,0,0,0,0,0,0,0,0,0,0,0,0,0,10,0,0,0,0,0,0,0,0,0,0,0,0,0,0,0,0,0,0,0,0,0,0,0,0,0,0,0,0,0,0,0,0,10,0,0,0,0,0,0,0,0,0,0,0,0,0,0,0,0,0,0,1,9,0,0,10,0,2,8,0,0,10,0,3,7,0,0,10,0,0,0,0,10,10,0,4,6,0,10,0,10,0,7,3,0,10,0,0,10,0,10,1,0,0,0,0,0,0,0,0,0,0,0,0,0,0,0,0,0,0,0,0,9,0,0,0,0,0,0,0,0,0,0,0,0,0,0,0,0,0,0,0,0,0,0,0,0,0,0,9,0,0,0,0,0,1,0,0,0,10,0,0,0,0,0,0,0,0,0,3,7,1,9,0,0,10,10,10,0,0,10,0,0,29.1,7.0
14,088,1,0,1,0,0,1,0,0,0,0,0,1,1,0,0,0,0,0,1,0,0,0,1,0,0,0,0,0,0,0,0,0,0,0,0,0,0,1,0,0,0,0,0,0,0,0,0,0,0,0,0,0,0,0,0,0,0,0,0,0,0,0,0,0,0,0,0,0,0,0,1,0,0,0,0,0,0,0,0,0,0,0,0,0,0,0,0,0,0,0,1,0,0,1,0,0,1,0,0,1,0,0,1,0,0,1,0,0,0,0,1,1,0,1,0,0,1,0,1,0,1,0,0,1,0,0,1,0,1,1,0,0,0,0,0,0,0,0,0,0,0,0,0,0,0,0,0,0,0,0,0,0,0,0,0,0,0,0,0,0,0,0,0,0,0,0,0,0,0,0,0,0,0,0,0,0,0,0,0,0,0,0,0,1,0,0,0,1,0,0,0,0,0,0,0,0,0,0,1,0,1,0,0,1,1,1,0,0,1,0,0,4.0,4.0
14,089,1,0,1,0,0,1,0,0,0,0,0,1,1,0,0,0,0,1,0,0,0,0,1,0,0,0,0,0,0,0,0,0,0,0,0,0,0,1,0,0,0,0,0,0,0,0,0,0,0,0,0,0,0,0,0,0,0,0,0,0,0,0,0,0,0,0,0,0,0,0,1,0,0,0,0,0,0,0,0,0,0,0,0,0,0,0,0,0,0,0,1,0,0,1,0,0,1,0,0,1,0,0,1,0,0,1,0,0,0,0,1,1,0,0,1,0,1,0,1,0,1,0,0,1,0,1,0,0,1,1,0,0,0,0,0,0,0,0,0,0,0,0,0,0,0,0,0,0,0,0,0,0,0,0,0,0,0,0,0,0,0,0,0,0,0,0,0,0,0,0,0,0,0,0,0,0,0,0,0,0,0,0,0,1,0,0,0,1,0,0,0,0,0,0,0,0,0,0,1,0,1,0,0,1,1,1,0,0,1,0,0,70.0,70.0
14,091,9,1,8,0,0,9,0,0,0,0,1,8,3,0,0,1,5,2,7,0,0,5,4,0,0,0,0,0,0,0,0,0,0,0,0,0,0,9,0,0,0,0,0,0,0,0,0,0,0,0,0,0,0,0,0,0,0,3,0,0,0,0,0,0,0,0,0,0,0,0,6,0,0,0,0,0,0,0,0,0,0,0,0,0,0,0,0,0,0,1,8,0,0,8,1,3,6,0,0,8,1,0,9,0,0,8,1,0,0,0,9,9,0,6,3,2,7,0,9,0,8,1,2,7,0,0,9,0,9,3,0,0,0,0,0,0,0,0,0,0,0,0,0,0,0,0,0,0,0,0,5,0,0,0,0,1,0,0,0,0,0,0,0,0,0,0,0,0,0,0,0,0,0,0,0,0,0,5,0,0,0,0,1,3,0,0,0,9,0,0,0,0,0,0,0,0,0,5,4,2,7,0,1,8,9,8,1,0,8,1,0,49.44444444444444,51.0
14,092,2,0,2,0,0,2,0,1,0,0,0,1,0,0,0,0,2,0,2,0,0,1,1,0,0,0,0,0,0,0,0,0,0,0,0,0,0,2,0,0,0,0,0,0,0,0,0,0,0,0,0,0,0,0,0,0,0,0,0,0,0,0,0,0,0,0,0,0,0,0,2,0,0,0,0,0,0,0,0,0,0,0,0,0,0,0,0,0,0,0,2,0,0,2,0,1,1,0,0,2,0,0,2,0,0,2,0,0,0,0,2,2,0,0,2,0,2,0,2,0,2,0,0,2,0,0,2,0,2,0,0,0,0,0,0,0,0,0,0,0,0,0,0,0,0,0,1,0,0,0,1,0,0,0,0,0,0,0,0,0,0,0,0,0,0,0,0,0,0,0,0,0,0,0,0,0,0,1,0,0,0,0,0,1,0,0,0,2,0,0,0,0,0,0,0,0,0,1,1,0,2,0,0,2,2,2,0,0,2,0,0,43.0,43.0
14,093,74,4,70,0,4,70,0,2,0,1,3,68,23,0,1,3,47,15,59,0,1,32,41,0,0,0,0,0,0,0,0,0,0,0,1,0,0,72,1,0,0,0,0,0,0,0,0,0,0,0,0,0,0,0,0,0,0,1,0,0,0,0,0,0,0,0,0,0,0,0,73,0,0,0,0,0,0,0,0,0,0,0,0,0,0,0,0,0,0,7,66,1,0,70,4,17,57,0,0,73,1,0,74,0,2,51,21,0,0,0,74,74,0,40,34,9,65,0,74,1,73,0,27,47,0,4,70,0,74,13,0,3,0,1,0,0,0,0,0,0,0,0,1,0,3,0,2,0,0,7,41,0,0,0,0,2,1,0,0,0,0,1,0,0,0,0,0,0,0,0,0,0,0,0,0,0,0,41,0,0,0,0,2,29,1,0,0,72,0,0,0,0,1,0,1,0,0,33,41,12,62,0,21,53,74,72,2,1,52,21,0,33.63513513513514,25.5
14,094,10,0,10,0,1,9,0,1,0,0,0,9,1,0,0,0,9,3,7,0,0,6,4,0,0,0,0,0,0,0,0,0,0,0,0,0,0,8,1,0,0,0,0,0,0,0,0,0,0,0,0,0,0,0,0,1,0,0,0,0,0,0,0,0,0,0,0,0,0,0,9,0,0,0,1,0,0,0,0,0,0,0,0,0,0,0,0,0,0,1,8,1,0,10,0,3,7,0,0,10,0,1,9,0,3,7,0,0,0,0,10,10,0,3,7,0,10,0,10,0,6,4,2,8,0,0,10,0,10,0,0,0,0,0,0,0,0,0,0,0,0,0,0,0,1,0,1,0,0,0,8,0,0,0,0,0,0,0,0,0,0,0,0,0,0,0,0,0,0,0,0,0,0,0,0,0,0,8,0,0,0,0,0,2,0,0,0,7,0,0,0,0,2,0,1,0,0,6,4,1,9,0,0,10,10,10,0,0,10,0,0,26.6,7.0
14,095,1,0,1,0,0,1,0,0,0,0,0,1,0,0,0,0,1,0,1,0,0,1,0,0,0,0,0,0,0,0,0,0,0,0,0,0,0,1,0,0,0,0,0,0,0,0,0,0,0,0,0,0,0,0,0,0,0,0,0,0,0,0,0,0,0,0,0,0,0,0,1,0,0,0,0,0,0,0,0,0,0,0,0,0,0,0,0,0,0,0,1,0,0,1,0,0,1,0,0,1,0,0,1,0,0,1,0,0,0,0,1,1,0,0,1,1,0,0,1,0,1,0,1,0,0,0,1,0,1,0,0,0,0,0,0,0,0,0,0,0,0,0,0,0,0,0,0,0,0,0,1,0,0,0,0,0,0,0,0,0,0,0,0,0,0,0,0,0,0,0,0,0,0,0,0,0,0,1,0,0,0,0,0,0,0,0,0,1,0,0,0,0,0,0,0,0,0,1,0,0,1,0,0,1,1,1,0,1,0,0,0,19.0,19.0
14,096,3,2,1,0,0,3,0,0,0,0,0,3,0,0,0,0,3,0,3,0,0,0,3,0,0,0,0,0,0,0,0,0,0,0,0,0,0,3,0,0,0,0,0,0,0,0,0,0,0,0,0,0,0,0,0,0,0,0,0,0,0,0,0,0,0,0,0,0,0,0,3,0,0,0,0,0,0,0,0,0,0,0,0,0,0,0,0,0,0,0,3,0,0,3,0,0,3,0,0,3,0,0,3,0,0,3,0,0,0,0,3,3,0,3,0,0,3,0,3,0,2,1,0,3,0,0,3,0,3,0,0,1,0,0,0,0,0,0,0,0,0,0,0,0,0,0,0,0,0,0,2,0,0,0,0,0,0,0,0,0,0,0,0,0,0,0,0,0,0,0,0,0,0,0,0,0,0,2,0,0,0,0,0,1,0,0,0,3,0,0,0,0,0,0,0,0,0,0,3,0,3,0,0,3,3,3,0,1,2,0,0,22.666666666666668,5.0
14,097,280,16,262,2,7,272,1,6,0,2,178,94,20,0,2,178,80,20,259,1,11,149,120,0,0,0,1,0,0,2,1,1,3,0,4,1,1,231,3,8,2,4,0,2,1,1,0,0,5,0,0,0,0,4,0,3,2,0,0,0,0,0,0,0,0,1,0,1,0,0,274,0,0,0,0,0,0,0,3,0,0,0,0,0,0,0,0,0,1,5,272,3,2,278,0,30,249,1,2,278,0,1,279,0,8,75,197,0,0,0,280,278,2,39,241,28,251,1,280,6,226,48,102,176,2,6,273,1,280,9,2,2,0,2,0,0,0,0,1,0,0,0,1,1,5,0,6,0,0,6,66,0,1,0,0,176,2,0,0,1,0,2,0,0,0,0,1,0,0,0,1,0,0,0,0,0,0,66,0,1,0,0,176,30,2,0,0,70,0,0,0,0,203,0,4,0,3,160,120,18,261,1,197,83,280,104,176,5,78,197,0,28.775,28.0
14,098,470,26,441,3,11,454,5,17,0,8,174,271,70,0,8,174,218,42,426,2,25,258,186,1,3,1,0,0,2,2,1,0,6,0,2,3,0,424,4,8,0,3,0,0,2,0,0,2,1,0,0,0,0,2,0,4,0,0,0,0,0,0,0,0,0,2,0,1,0,0,464,0,0,0,1,0,1,0,1,0,0,0,0,0,0,0,0,0,0,21,447,2,3,465,2,53,415,2,3,466,1,8,462,0,5,221,244,0,0,0,470,470,0,99,371,40,428,2,470,25,384,61,98,370,2,13,454,3,470,28,5,9,0,8,0,0,0,0,0,1,0,0,11,4,24,0,17,0,2,17,167,0,2,1,0,169,5,0,1,10,0,8,0,0,0,0,0,0,0,0,4,0,1,0,0,1,0,167,0,2,0,0,169,102,5,0,0,104,0,1,0,0,364,0,0,0,1,284,186,28,441,1,244,226,470,301,169,9,217,244,0,27.88936170212766,25.0
14,099,3,0,3,0,1,2,0,0,0,0,0,3,1,0,0,0,2,1,2,0,0,1,2,0,0,0,0,0,0,0,0,0,0,0,0,0,0,3,0,0,0,0,0,0,0,0,0,0,0,0,0,0,0,0,0,0,0,0,0,0,0,0,0,0,0,0,0,0,0,0,3,0,0,0,0,0,0,0,0,0,0,0,0,0,0,0,0,0,0,1,2,0,0,3,0,1,2,0,0,3,0,0,3,0,0,3,0,0,0,0,3,3,0,1,2,0,3,0,3,0,3,0,0,3,0,1,2,0,3,1,0,0,0,0,0,0,0,0,0,0,0,0,0,0,0,0,0,0,0,0,2,0,0,0,0,0,0,0,0,0,0,0,0,0,0,0,0,0,0,0,0,0,0,0,0,0,0,2,0,0,0,0,0,1,0,0,0,3,0,0,0,0,0,0,0,0,0,1,2,2,1,0,0,3,3,3,0,0,3,0,0,56.666666666666664,53.0
14,100,1,0,1,0,0,1,0,1,0,0,0,0,0,0,0,0,1,0,1,0,0,1,0,0,0,0,0,0,0,0,0,0,0,0,0,0,0,0,0,0,0,1,0,0,0,0,0,0,0,0,0,0,0,0,0,0,0,0,0,0,0,0,0,0,0,0,0,0,0,0,0,0,0,0,1,0,0,0,0,0,0,0,0,0,0,0,0,0,0,0,1,0,0,1,0,1,0,0,0,1,0,0,1,0,0,1,0,0,0,0,1,1,0,1,0,1,0,0,1,0,1,0,0,1,0,0,1,0,1,0,0,0,0,0,0,0,0,0,0,0,0,0,0,0,0,0,1,0,0,0,0,0,0,0,0,0,0,0,0,0,0,0,0,0,0,0,0,0,0,0,0,0,0,0,0,0,0,0,0,0,0,0,0,1,0,0,0,0,0,0,0,0,0,0,1,0,0,1,0,0,1,0,0,1,1,1,0,0,1,0,0,65.0,65.0
14,101,134,11,120,3,8,124,2,5,0,4,20,105,15,0,4,20,95,8,126,0,3,65,66,0,0,0,1,0,0,0,0,0,0,0,0,0,0,125,2,4,0,0,0,0,0,0,0,0,0,0,0,0,0,0,0,0,2,0,0,0,0,0,1,0,0,2,0,0,0,0,130,0,0,0,0,0,0,0,0,0,0,0,0,0,0,0,0,0,1,14,119,1,0,133,1,13,119,2,0,133,1,2,132,0,10,101,23,0,1,1,132,132,2,39,95,10,124,0,134,2,55,77,21,112,1,3,130,1,134,7,0,3,0,4,0,0,0,0,1,0,0,0,0,2,6,0,5,0,0,2,84,0,0,0,0,19,1,0,0,1,0,4,0,0,0,0,0,0,0,0,0,0,0,0,0,0,0,84,0,1,0,0,19,24,1,0,0,111,0,2,0,0,19,0,0,0,2,68,66,11,122,1,23,111,134,115,19,12,99,23,0,18.30597014925373,5.0
14,102,6,1,5,0,0,6,0,0,0,0,3,3,0,0,0,3,3,1,5,0,0,6,0,0,0,0,0,0,0,0,0,0,0,0,0,0,0,6,0,0,0,0,0,0,0,0,0,0,0,0,0,0,0,0,0,0,0,0,0,0,0,0,0,0,0,0,0,0,0,0,6,0,0,0,0,0,0,0,0,0,0,0,0,0,0,0,0,0,0,1,5,0,0,5,1,2,4,0,0,6,0,0,6,0,0,2,4,0,0,0,6,6,0,2,4,1,5,0,6,0,6,0,0,6,0,0,6,0,6,0,0,0,0,0,0,0,0,0,0,0,0,0,0,0,0,0,0,0,0,0,3,0,0,0,0,3,0,0,0,0,0,0,0,0,0,0,0,0,0,0,0,0,0,0,0,0,0,3,0,0,0,0,3,0,0,0,0,6,0,0,0,0,0,0,0,0,0,6,0,0,6,0,4,2,6,3,3,0,2,4,0,56.0,67.5
14,103,13,1,12,0,0,13,0,1,0,0,3,9,1,0,0,3,9,6,7,0,0,6,7,0,0,0,0,0,0,7,0,0,0,0,0,0,0,5,0,0,0,0,0,0,0,0,0,0,0,0,0,1,0,0,0,0,0,0,0,0,0,0,13,0,0,0,0,0,0,0,0,0,0,0,0,0,0,0,0,0,0,0,0,0,0,0,0,0,0,0,13,0,0,13,0,6,7,0,0,13,0,1,12,0,0,10,3,0,0,0,13,13,0,6,7,1,12,0,13,1,12,0,3,10,0,2,11,0,13,1,0,0,0,0,0,0,0,0,0,0,0,0,0,0,0,0,1,0,0,0,8,0,0,0,0,3,0,0,0,0,0,0,0,0,0,0,0,0,0,0,0,0,0,0,0,0,0,8,0,0,0,0,3,2,0,0,0,0,0,3,0,0,8,0,2,0,0,6,7,0,13,0,3,10,13,10,3,0,10,3,0,51.0,60.0
14,104,6,1,5,0,1,5,0,0,0,0,0,6,1,0,0,0,5,1,5,0,0,3,3,0,0,0,0,0,0,0,0,0,0,0,0,0,0,6,0,0,0,0,0,0,0,0,0,0,0,0,0,0,0,0,0,0,0,0,0,0,0,0,0,0,0,0,0,0,0,0,5,0,0,0,0,0,0,0,0,0,0,0,0,0,0,0,0,0,1,4,2,0,0,6,0,3,3,0,0,6,0,0,6,0,0,5,1,0,0,0,6,6,0,4,2,1,5,0,6,0,6,0,2,4,0,0,6,0,6,1,0,0,0,0,0,0,0,0,0,0,0,0,0,0,0,0,0,0,0,0,5,0,0,0,0,0,0,0,0,0,0,0,0,0,0,0,0,0,0,0,0,0,0,0,0,0,0,5,0,0,0,0,0,1,0,0,0,5,0,0,0,0,0,1,0,0,0,3,3,1,5,0,1,5,6,6,0,0,5,1,0,80.0,77.5
14,105,6,1,5,0,0,6,0,1,0,0,0,5,0,0,0,0,6,0,6,0,0,4,2,0,0,0,0,0,0,0,0,0,0,0,0,0,0,4,0,0,0,0,0,0,0,0,0,0,0,0,0,0,0,0,0,0,2,0,0,0,0,0,0,0,0,0,0,0,0,0,6,0,0,0,0,0,0,0,0,0,0,0,0,0,0,0,0,0,0,1,5,0,0,6,0,1,5,0,0,6,0,0,6,0,0,5,1,0,0,2,4,4,2,0,6,1,5,0,6,0,4,2,4,2,0,1,5,0,6,0,0,0,0,0,0,0,0,0,0,0,0,0,0,0,0,0,1,0,0,0,5,0,0,0,0,0,0,0,0,0,0,0,0,0,0,0,0,0,0,0,0,0,0,0,0,0,0,5,0,0,0,0,0,1,0,0,0,6,0,0,0,0,0,0,0,0,0,4,2,0,6,0,1,5,6,6,0,0,5,1,0,11.833333333333334,4.5
14,106,7,0,7,0,1,6,0,0,0,0,3,4,1,0,0,3,3,1,6,0,0,1,4,2,0,0,0,0,0,0,0,0,0,0,0,0,0,7,0,0,0,0,0,0,0,0,0,0,0,0,0,0,0,0,0,0,0,0,0,0,0,0,1,0,0,0,0,0,0,0,6,0,0,0,0,0,0,0,0,0,0,0,0,0,0,0,0,0,0,0,7,0,0,7,0,0,7,0,0,7,0,0,7,0,0,2,5,0,0,0,7,7,0,2,5,0,7,0,7,0,7,0,1,6,0,0,7,0,7,0,0,1,1,0,0,0,0,0,0,0,0,0,0,0,0,0,0,0,0,0,2,0,0,0,0,2,1,0,0,0,0,0,0,0,0,0,0,0,0,0,0,0,0,0,0,0,0,2,0,0,0,0,2,2,1,0,0,6,0,1,0,0,0,0,0,0,0,3,4,0,7,0,5,2,7,5,2,1,1,5,0,40.57142857142857,15.0
14,107,1,0,1,0,0,1,0,0,0,0,0,1,0,0,0,0,1,0,1,0,0,0,1,0,0,0,0,0,0,0,0,0,0,0,0,0,0,1,0,0,0,0,0,0,0,0,0,0,0,0,0,0,0,0,0,0,0,0,0,0,0,0,0,0,0,0,0,0,0,0,1,0,0,0,0,0,0,0,0,0,0,0,0,0,0,0,0,0,0,0,1,0,0,1,0,0,1,0,0,1,0,0,1,0,0,1,0,0,0,0,1,1,0,0,1,0,1,0,1,0,0,1,0,1,0,0,0,1,1,0,0,0,0,0,0,0,0,0,0,0,0,0,0,0,0,0,0,0,0,0,1,0,0,0,0,0,0,0,0,0,0,0,0,0,0,0,0,0,0,0,0,0,0,0,0,0,0,1,0,0,0,0,0,0,0,0,0,1,0,0,0,0,0,0,0,0,0,0,1,0,1,0,0,1,1,1,0,0,1,0,0,14.0,14.0
14,108,12,0,12,0,1,11,0,0,0,2,1,9,0,0,2,1,9,1,11,0,0,6,6,0,0,0,0,0,0,0,0,0,0,0,0,0,0,12,0,0,0,0,0,0,0,0,0,0,0,0,0,0,0,0,0,0,0,0,0,0,0,0,1,0,0,0,0,0,0,0,11,0,0,0,0,0,0,0,0,0,0,0,0,0,0,0,0,0,0,2,10,0,0,9,3,3,9,0,0,11,1,0,12,0,0,11,1,0,0,0,12,12,0,4,8,1,11,0,12,0,12,0,0,12,0,1,11,0,12,0,0,0,0,2,0,0,0,0,0,0,0,0,0,0,0,0,0,0,0,0,9,0,0,0,0,1,0,0,0,0,0,2,0,0,0,0,0,0,0,0,0,0,0,0,0,0,0,9,0,0,0,0,1,0,0,0,0,11,0,1,0,0,0,0,0,0,0,6,6,1,11,0,1,11,12,11,1,0,11,1,0,40.25,42.0
14,109,6,0,6,0,0,6,0,0,0,0,2,4,0,0,0,2,4,2,4,0,0,2,4,0,0,0,0,0,0,0,0,0,0,0,0,0,0,6,0,0,0,0,0,0,0,0,0,0,0,0,0,0,0,0,0,0,0,0,0,0,0,0,0,0,0,0,0,0,0,0,6,0,0,0,0,0,0,0,0,0,0,0,0,0,0,0,0,0,0,0,6,0,0,6,0,1,5,0,0,6,0,0,6,0,1,3,2,0,0,0,6,6,0,4,2,1,5,0,6,0,6,0,2,4,0,0,6,0,6,0,0,0,0,0,0,0,0,0,0,0,0,0,0,0,0,0,0,0,0,0,4,0,0,0,0,2,0,0,0,0,0,0,0,0,0,0,0,0,0,0,0,0,0,0,0,0,0,4,0,0,0,0,2,0,0,0,0,6,0,0,0,0,0,0,0,0,0,2,4,2,4,0,2,4,6,4,2,0,4,2,0,41.5,49.5
14,110,3,0,3,0,0,3,0,0,0,1,1,1,0,0,1,1,1,0,3,0,0,1,2,0,0,0,0,0,0,0,0,0,0,0,0,0,0,3,0,0,0,0,0,0,0,0,0,0,0,0,0,0,0,0,0,0,0,0,0,0,0,0,0,0,0,0,0,0,0,0,3,0,0,0,0,0,0,0,0,0,0,0,0,0,0,0,0,0,0,0,3,0,0,3,0,0,3,0,0,3,0,0,3,0,0,1,2,0,0,0,3,3,0,0,3,0,3,0,3,0,2,1,1,2,0,0,3,0,3,0,0,0,0,1,0,0,0,0,0,0,0,0,0,0,0,0,0,0,0,0,1,0,0,0,0,1,0,0,0,0,0,1,0,0,0,0,0,0,0,0,0,0,0,0,0,0,0,1,0,0,0,0,1,0,0,0,0,3,0,0,0,0,0,0,0,0,0,1,2,0,3,0,2,1,3,2,1,0,1,2,0,43.333333333333336,29.0
14,111,1,0,1,0,0,1,0,0,0,0,0,1,0,0,0,0,1,0,1,0,0,0,1,0,0,0,0,0,0,0,0,0,0,0,0,0,0,1,0,0,0,0,0,0,0,0,0,0,0,0,0,0,0,0,0,0,0,0,0,0,0,0,0,0,0,0,0,0,0,0,1,0,0,0,0,0,0,0,0,0,0,0,0,0,0,0,0,0,0,0,1,0,0,1,0,0,1,0,0,1,0,0,1,0,0,1,0,0,0,0,1,1,0,1,0,0,1,0,1,0,1,0,1,0,0,0,1,0,1,0,0,0,0,0,0,0,0,0,0,0,0,0,0,0,0,0,0,0,0,0,1,0,0,0,0,0,0,0,0,0,0,0,0,0,0,0,0,0,0,0,0,0,0,0,0,0,0,1,0,0,0,0,0,0,0,0,0,1,0,0,0,0,0,0,0,0,0,0,1,0,1,0,0,1,1,1,0,0,1,0,0,2.0,2.0
14,113,7,0,7,0,2,5,0,0,0,0,0,7,4,0,0,0,3,2,5,0,0,3,4,0,0,0,0,0,0,0,0,0,0,0,0,1,0,6,0,0,0,0,0,0,0,0,0,0,0,0,0,0,0,0,0,0,0,0,0,0,0,0,0,0,0,0,0,0,0,0,7,0,0,0,0,0,0,0,0,0,0,0,0,0,0,0,0,0,0,2,5,0,0,7,0,2,5,0,0,6,1,0,7,0,0,7,0,0,0,0,7,7,0,2,5,1,6,0,7,1,6,0,0,7,0,0,7,0,7,2,0,0,0,0,0,0,0,0,0,0,0,0,0,0,1,0,0,0,0,1,3,0,0,0,0,0,0,0,0,0,0,0,0,0,0,0,0,0,0,0,0,0,0,0,0,0,0,3,0,0,0,0,0,4,0,0,0,7,0,0,0,0,0,0,0,0,0,3,4,1,6,0,0,7,7,7,0,1,6,0,0,53.0,54.0
14,114,1,0,1,0,0,1,0,0,0,0,0,1,0,0,0,0,1,0,1,0,0,1,0,0,0,0,0,0,0,0,0,0,0,0,0,0,0,1,0,0,0,0,0,0,0,0,0,0,0,0,0,0,0,0,0,0,0,0,0,0,0,0,0,0,0,0,0,0,0,0,1,0,0,0,0,0,0,0,0,0,0,0,0,0,0,0,0,0,0,0,1,0,0,1,0,0,1,0,0,1,0,0,1,0,0,1,0,0,0,0,1,1,0,1,0,1,0,0,1,0,0,1,0,1,0,0,1,0,1,0,0,0,0,0,0,0,0,0,0,0,0,0,0,0,0,0,0,0,0,0,1,0,0,0,0,0,0,0,0,0,0,0,0,0,0,0,0,0,0,0,0,0,0,0,0,0,0,1,0,0,0,0,0,0,0,0,0,1,0,0,0,0,0,0,0,0,0,1,0,0,1,0,0,1,1,1,0,0,1,0,0,41.0,41.0
14,115,7,0,7,0,0,7,0,0,0,1,1,5,1,0,1,1,4,2,5,0,0,3,4,0,0,0,0,0,0,0,0,0,0,0,0,0,0,6,0,0,0,0,0,0,0,0,0,0,0,0,0,0,0,0,0,1,0,0,0,0,0,0,0,0,0,0,0,0,0,0,6,0,0,0,0,0,0,0,0,0,0,0,0,0,0,0,0,0,1,0,7,0,0,7,0,0,7,0,0,7,0,0,7,0,0,6,1,0,0,0,7,7,0,4,3,0,7,0,7,0,7,0,3,4,0,0,7,0,7,1,0,1,0,1,0,0,0,0,0,0,0,0,0,0,0,0,0,0,0,0,3,0,0,0,0,1,0,0,0,0,0,1,0,0,0,0,0,0,0,0,0,0,0,0,0,0,0,3,0,0,0,0,1,2,0,0,0,6,0,0,0,0,0,1,0,0,0,3,4,0,7,0,1,6,7,6,1,0,6,1,0,36.285714285714285,34.0
14,116,3,1,2,0,0,3,0,0,0,0,0,3,1,0,0,0,2,1,2,0,0,0,3,0,0,0,0,0,0,0,0,0,0,0,0,0,0,3,0,0,0,0,0,0,0,0,0,0,0,0,0,0,0,0,0,0,0,2,0,0,0,0,0,0,0,0,0,0,0,0,1,0,0,0,0,0,0,0,0,0,0,0,0,0,0,0,0,0,0,0,3,0,0,3,0,1,2,0,0,3,0,0,3,0,0,3,0,0,0,0,3,3,0,2,1,0,3,0,3,1,2,0,1,2,0,0,3,0,3,1,0,0,0,0,0,0,0,0,0,0,0,0,0,0,0,0,0,0,0,0,2,0,0,0,0,0,0,0,0,0,0,0,0,0,0,0,0,0,0,0,0,0,0,0,0,0,0,2,0,0,0,0,0,1,0,0,0,3,0,0,0,0,0,0,0,0,0,0,3,0,3,0,0,3,3,3,0,0,3,0,0,68.0,72.0
14,117,2,0,2,0,0,2,0,0,0,0,0,2,0,0,0,0,2,0,2,0,0,1,1,0,0,0,0,0,0,0,0,0,0,0,0,0,0,2,0,0,0,0,0,0,0,0,0,0,0,0,0,0,0,0,0,0,0,0,0,0,0,0,0,0,0,0,0,0,0,0,2,0,0,0,0,0,0,0,0,0,0,0,0,0,0,0,0,0,0,0,2,0,0,2,0,0,2,0,0,2,0,0,2,0,1,1,0,0,0,0,2,2,0,2,0,0,2,0,2,0,2,0,1,0,1,0,2,0,2,0,0,0,0,0,0,0,0,0,0,0,0,0,0,0,0,0,0,0,0,0,2,0,0,0,0,0,0,0,0,0,0,0,0,0,0,0,0,0,0,0,0,0,0,0,0,0,0,2,0,0,0,0,0,0,0,0,0,2,0,0,0,0,0,0,0,0,0,1,1,0,2,0,0,2,2,2,0,0,2,0,0,20.5,20.5
14,118,1,0,1,0,0,1,0,0,0,0,0,1,0,0,0,0,1,0,1,0,0,1,0,0,0,0,0,0,0,0,0,0,0,0,0,0,0,1,0,0,0,0,0,0,0,0,0,0,0,0,0,0,0,0,0,0,0,0,0,0,0,0,0,0,0,0,0,0,0,0,0,0,0,0,1,0,0,0,0,0,0,0,0,0,0,0,0,0,0,0,1,0,0,1,0,0,1,0,0,1,0,0,1,0,0,1,0,0,0,0,1,1,0,0,1,1,0,0,1,0,1,0,0,1,0,0,1,0,1,0,0,0,0,0,0,0,0,0,0,0,0,0,0,0,0,0,0,0,0,0,1,0,0,0,0,0,0,0,0,0,0,0,0,0,0,0,0,0,0,0,0,0,0,0,0,0,0,1,0,0,0,0,0,0,0,0,0,0,0,1,0,0,0,0,0,0,0,1,0,0,1,0,0,1,1,1,0,0,1,0,0,28.0,28.0
14,119,8,1,7,0,0,8,0,0,0,1,1,6,0,0,1,1,6,2,5,1,0,4,4,0,0,0,0,0,0,0,0,0,0,0,0,0,0,7,1,0,0,0,0,0,0,0,0,0,0,0,0,0,0,0,0,0,0,0,0,0,0,0,0,0,0,0,0,0,0,0,8,0,0,0,0,0,0,0,0,0,0,0,0,0,0,0,0,0,0,2,6,0,0,8,0,3,5,0,0,8,0,0,8,0,0,8,0,0,0,0,8,8,0,5,3,1,7,0,8,0,5,3,1,7,0,0,8,0,8,0,0,0,0,1,0,0,0,0,0,0,0,0,0,0,0,0,0,0,0,0,6,0,0,0,0,1,0,0,0,0,0,1,0,0,0,0,0,0,0,0,0,0,0,0,0,0,0,6,0,0,0,0,1,0,0,0,0,8,0,0,0,0,0,0,0,0,0,4,4,1,7,0,0,8,8,7,1,0,8,0,0,38.125,37.0
14,120,299,19,279,1,13,285,1,13,0,5,70,211,40,0,5,70,184,25,274,0,17,141,141,0,1,3,1,0,0,0,2,0,3,2,2,0,1,262,3,3,0,1,0,3,2,0,0,2,2,0,0,0,0,0,0,4,2,1,0,1,0,0,1,0,0,5,0,1,0,1,277,1,0,0,1,0,0,2,3,0,1,3,0,0,0,0,0,1,0,20,279,0,1,296,2,40,258,1,6,292,1,17,281,1,21,181,97,0,0,1,298,297,2,90,209,34,262,3,299,12,226,61,113,181,5,16,280,3,299,16,1,5,0,5,0,0,0,0,1,0,0,0,4,0,15,1,13,0,0,9,158,0,1,0,0,66,4,0,1,1,0,5,0,0,0,0,0,0,0,0,3,0,0,0,0,0,0,158,0,0,0,0,66,61,4,0,0,226,0,9,0,0,45,0,3,2,14,158,141,21,278,0,97,202,299,233,66,18,184,97,0,28.39799331103679,25.0
14,121,22,1,21,0,2,20,0,0,0,1,1,20,2,0,1,1,18,6,16,0,0,10,12,0,0,0,0,0,0,1,0,0,0,0,0,0,0,17,1,1,0,0,0,0,0,0,0,0,0,0,0,0,0,0,0,0,2,0,0,0,0,0,0,0,0,0,0,0,0,0,22,0,0,0,0,0,0,0,0,0,0,0,0,0,0,0,0,0,0,4,18,0,0,22,0,5,17,0,0,21,1,1,21,0,0,20,2,0,0,2,20,20,2,6,16,4,18,0,22,0,21,1,1,21,0,1,21,0,22,1,0,0,0,1,0,0,0,0,0,0,0,0,0,0,0,0,0,0,0,1,18,0,0,0,0,1,0,0,0,0,0,1,0,0,0,0,0,0,0,0,0,0,0,0,0,0,0,18,0,0,0,0,1,2,0,0,0,22,0,0,0,0,0,0,0,0,0,10,12,4,18,0,2,20,22,21,1,0,20,2,0,41.40909090909091,41.5
14,122,1,0,1,0,0,1,0,0,0,0,0,1,1,0,0,0,0,1,0,0,0,0,1,0,0,0,0,0,0,0,0,0,0,0,0,0,0,1,0,0,0,0,0,0,0,0,0,0,0,0,0,0,0,0,0,0,0,0,0,0,0,0,1,0,0,0,0,0,0,0,0,0,0,0,0,0,0,0,0,0,0,0,0,0,0,0,0,0,0,0,1,0,0,1,0,1,0,0,0,1,0,0,1,0,0,1,0,0,0,0,1,1,0,1,0,0,1,0,1,0,1,0,1,0,0,0,1,0,1,1,0,0,0,0,0,0,0,0,0,0,0,0,0,0,0,0,0,0,0,0,0,0,0,0,0,0,0,0,0,0,0,0,0,0,0,0,0,0,0,0,0,0,0,0,0,0,0,0,0,0,0,0,0,1,0,0,0,0,0,1,0,0,0,0,0,0,0,0,1,0,1,0,0,1,1,1,0,0,1,0,0,84.0,84.0
14,123,2,0,2,0,0,2,0,0,0,0,0,2,1,0,0,0,1,1,1,0,0,1,1,0,0,0,0,0,0,0,0,0,0,0,0,0,0,2,0,0,0,0,0,0,0,0,0,0,0,0,0,0,0,0,0,0,0,0,0,0,0,0,0,0,0,0,0,0,0,0,2,0,0,0,0,0,0,0,0,0,0,0,0,0,0,0,0,0,0,0,2,0,0,2,0,1,1,0,0,2,0,1,1,0,1,1,0,0,0,0,2,2,0,1,1,0,2,0,2,0,2,0,0,2,0,0,2,0,2,0,0,0,0,0,1,0,0,0,0,0,0,0,0,0,0,0,0,0,0,0,1,0,0,0,0,0,0,0,0,0,0,0,0,0,0,0,0,1,0,0,0,0,0,0,0,0,0,1,0,0,0,0,0,0,0,0,0,2,0,0,0,0,0,0,0,0,0,1,1,0,2,0,0,2,2,2,0,1,1,0,0,41.0,41.0
14,124,20,1,19,0,3,17,0,0,0,0,1,19,2,0,0,1,17,3,17,0,0,8,12,0,2,0,0,0,0,0,0,0,0,0,0,0,0,17,0,0,0,1,0,0,0,0,0,0,0,0,0,0,0,0,0,0,0,2,0,0,0,0,0,0,0,0,0,0,0,0,18,0,0,0,0,0,0,0,0,0,0,0,0,0,0,0,0,0,0,3,17,0,0,20,0,4,16,0,0,20,0,0,20,0,1,15,4,0,0,0,20,20,0,12,8,3,17,0,20,0,16,4,2,18,0,2,18,0,20,2,1,0,0,0,0,0,0,0,0,0,0,0,1,0,0,0,0,0,0,0,15,0,0,0,0,1,0,0,0,0,0,0,0,0,0,0,0,0,0,0,0,0,0,0,0,0,0,15,0,0,0,0,1,4,0,0,0,17,0,0,0,0,3,0,0,0,0,8,12,3,17,0,4,16,20,19,1,3,13,4,0,32.7,19.5
14,125,6,1,5,0,0,6,0,0,0,0,1,5,0,0,0,1,5,0,6,0,0,4,2,0,0,0,0,0,0,0,0,0,0,0,0,0,1,5,0,0,0,0,0,0,0,0,0,0,0,0,0,0,0,0,0,0,0,0,0,0,0,0,0,0,0,0,0,0,0,0,6,0,0,0,0,0,0,0,0,0,0,0,0,0,0,0,0,0,0,0,6,0,0,6,0,2,4,0,0,6,0,0,6,0,0,6,0,0,0,0,6,6,0,3,3,0,6,0,6,0,3,3,0,6,0,1,5,0,6,0,1,0,0,0,0,0,0,0,0,0,0,0,0,0,0,0,0,0,0,0,4,0,0,0,0,0,1,0,0,0,0,0,0,0,0,0,0,0,0,0,1,0,0,0,0,0,0,4,0,0,0,0,0,0,1,0,0,6,0,0,0,0,0,0,0,0,0,4,2,1,5,0,0,6,6,6,0,0,6,0,0,27.5,4.0
15,001,25,0,25,0,3,22,0,0,0,0,6,19,1,0,0,6,18,4,21,0,0,14,11,0,0,0,0,0,0,0,0,0,4,1,0,0,0,0,18,0,0,1,0,0,0,1,0,0,0,0,0,0,0,0,0,0,0,0,0,0,0,0,0,0,0,7,0,0,0,0,0,15,0,0,1,0,0,0,2,0,0,0,0,0,0,0,0,0,0,1,24,0,1,22,2,4,21,0,1,22,2,5,20,0,0,13,12,0,0,0,25,25,0,6,19,0,25,0,25,3,22,0,6,10,9,5,20,0,25,0,0,0,1,0,0,0,0,0,1,0,0,0,0,0,0,0,0,0,0,0,17,0,0,0,0,6,0,0,0,0,0,0,0,0,0,0,0,0,0,0,0,0,0,0,0,0,0,17,0,0,0,0,6,2,0,0,0,8,0,16,0,0,0,0,1,0,0,14,11,1,24,0,12,13,25,19,6,1,12,12,0,36.24,41.0
15,002,35,3,32,0,3,32,0,3,0,0,7,25,4,0,0,7,24,5,30,0,0,18,17,0,0,0,0,0,0,0,0,0,12,0,0,0,1,0,19,0,0,0,0,0,1,0,0,0,0,0,0,0,0,2,0,0,0,0,0,0,0,0,0,0,0,23,0,0,0,0,0,12,0,0,0,0,0,0,0,0,0,0,0,0,0,0,0,0,0,2,33,0,0,34,1,5,30,0,0,34,1,1,34,0,3,16,16,0,0,0,35,35,0,6,29,3,32,0,35,1,34,0,4,31,0,3,32,0,35,1,0,0,0,0,0,0,1,0,0,0,0,0,2,0,2,0,3,0,0,1,18,0,0,0,0,7,0,0,0,0,0,0,0,0,0,0,0,0,0,0,1,0,1,0,0,0,0,18,0,0,0,0,7,8,0,0,0,19,0,3,0,0,3,0,8,2,0,18,17,2,33,0,16,19,35,28,7,2,17,16,0,35.02857142857143,33.0
15,003,16,0,16,0,1,15,0,1,0,0,1,14,1,0,0,1,14,3,13,0,0,7,9,0,0,0,0,0,0,0,0,0,0,0,0,0,0,0,8,0,0,0,0,1,0,7,0,0,0,0,0,0,0,0,0,0,0,0,0,0,0,0,0,0,0,4,0,0,0,0,1,5,0,0,0,0,0,0,6,0,0,0,0,0,0,0,0,0,0,1,15,0,0,16,0,1,15,0,0,16,0,3,13,0,1,13,2,0,0,0,16,16,0,10,6,1,15,0,16,4,12,0,1,12,3,1,15,0,16,1,0,1,0,0,0,0,0,0,0,0,0,0,0,1,0,0,1,0,0,0,11,0,0,0,0,1,0,0,0,0,0,0,0,0,0,0,0,0,0,0,0,0,0,0,0,0,0,11,0,0,0,0,1,4,0,0,0,6,0,5,0,0,5,0,0,0,0,7,9,2,14,0,2,14,16,15,1,0,14,2,0,22.9375,11.0
15,004,3,0,3,0,0,3,0,0,0,0,0,3,1,0,0,0,2,0,3,0,0,1,2,0,0,0,0,0,0,0,0,0,0,0,0,0,0,0,3,0,0,0,0,0,0,0,0,0,0,0,0,0,0,0,0,0,0,0,0,0,0,0,0,0,0,1,0,0,0,0,0,2,0,0,0,0,0,0,0,0,0,0,0,0,0,0,0,0,0,0,3,0,0,3,0,0,3,0,0,3,0,0,3,0,0,2,1,0,0,0,3,3,0,0,3,0,3,0,3,0,3,0,1,1,1,0,3,0,3,1,0,1,0,0,0,0,0,0,0,0,0,0,0,0,0,0,0,0,0,0,1,0,0,0,0,0,0,0,0,0,0,0,0,0,0,0,0,0,0,0,0,0,0,0,0,0,0,1,0,0,0,0,0,2,0,0,0,1,0,2,0,0,0,0,0,0,0,1,2,1,2,0,1,2,3,3,0,0,2,1,0,16.666666666666668,21.0
15,005,107,2,105,0,4,103,0,10,0,0,19,78,10,0,0,19,78,6,101,0,0,53,54,0,0,0,0,0,0,0,0,0,1,0,0,1,0,0,104,0,0,0,1,0,0,0,0,0,0,0,0,0,0,0,0,0,0,0,0,0,0,0,0,0,0,1,0,0,0,0,0,106,0,0,0,0,0,0,0,0,0,0,0,0,0,0,0,0,0,1,106,0,0,106,1,6,101,0,0,106,1,4,102,1,5,82,20,0,0,0,107,107,0,51,56,1,106,0,107,2,105,0,9,35,63,1,106,0,107,0,0,15,5,0,0,0,0,0,0,0,0,0,0,0,1,0,10,0,0,3,54,0,0,0,0,18,1,0,0,0,0,0,0,0,0,0,0,0,0,0,0,0,1,0,0,0,0,54,0,0,0,0,18,33,1,0,0,1,0,96,0,4,6,0,0,0,0,53,54,2,105,0,20,87,107,89,18,5,82,20,0,12.88785046728972,3.0
15,006,3,1,2,0,0,3,0,0,0,0,1,2,0,0,0,1,2,0,3,0,0,2,1,0,0,0,0,0,0,0,0,0,1,0,0,0,0,0,2,0,0,0,0,0,0,0,0,0,0,0,0,0,0,0,0,0,0,0,0,0,0,0,0,0,0,1,0,0,0,0,0,2,0,0,0,0,0,0,0,0,0,0,0,0,0,0,0,0,0,0,3,0,0,3,0,2,1,0,0,3,0,0,3,0,0,3,0,0,0,0,3,3,0,2,1,0,3,0,3,0,3,0,1,1,1,1,2,0,3,0,0,1,0,0,0,0,0,0,0,0,0,0,0,0,0,0,0,0,0,0,1,0,0,0,0,1,0,0,0,0,0,0,0,0,0,0,0,0,0,0,0,0,0,0,0,0,0,1,0,0,0,0,1,1,0,0,0,1,0,1,0,1,0,0,0,0,0,2,1,0,3,0,0,3,3,2,1,0,3,0,0,51.0,57.0
15,007,5,0,5,0,0,5,0,0,0,0,1,4,1,0,0,1,3,0,5,0,0,4,1,0,0,0,0,0,0,0,0,0,0,0,0,0,0,0,5,0,0,0,0,0,0,0,0,0,0,0,0,0,0,0,0,0,0,0,0,0,0,0,0,0,0,3,0,0,0,0,0,2,0,0,0,0,0,0,0,0,0,0,0,0,0,0,0,0,0,0,5,0,0,5,0,1,4,0,0,5,0,0,5,0,0,3,2,0,0,0,5,5,0,1,4,0,5,0,5,0,5,0,0,5,0,1,4,0,5,0,0,0,0,0,0,0,0,0,0,0,0,0,0,0,0,0,0,0,0,1,3,0,0,0,0,1,0,0,0,0,0,0,0,0,0,0,0,0,0,0,0,0,0,0,0,0,0,3,0,0,0,0,1,1,0,0,0,3,0,0,0,1,1,0,0,0,0,4,1,0,5,0,2,3,5,4,1,0,3,2,0,32.2,30.0
15,008,13,0,13,0,0,13,0,1,0,0,3,9,4,0,0,3,6,1,12,0,0,5,8,0,1,0,0,0,0,0,0,0,0,0,0,0,0,0,12,0,0,0,0,0,0,0,0,0,0,0,0,0,0,0,0,0,0,1,0,0,0,0,0,0,0,1,0,0,0,0,0,11,0,0,0,0,0,0,0,0,0,0,0,0,0,0,0,0,0,0,13,0,0,13,0,3,10,0,0,13,0,1,12,0,0,7,6,0,0,0,13,13,0,9,4,0,13,0,13,1,12,0,1,8,4,0,13,0,13,1,0,0,3,0,0,0,0,0,0,0,0,0,0,0,0,0,1,0,0,0,5,0,0,0,0,3,0,0,0,0,0,0,0,0,0,0,0,0,0,0,0,0,0,0,0,0,0,5,0,0,0,0,3,5,0,0,0,1,0,11,0,0,1,0,0,0,0,5,8,0,13,0,6,7,13,10,3,0,7,6,0,26.53846153846154,5.0
15,009,13,0,13,0,0,13,0,0,0,0,4,9,2,0,0,4,7,0,13,0,0,4,9,0,0,0,0,0,0,0,0,0,2,0,0,0,0,0,11,0,0,0,0,0,0,0,0,0,0,0,0,0,0,0,0,0,0,0,0,0,0,0,0,0,0,13,0,0,0,0,0,0,0,0,0,0,0,0,0,0,0,0,0,0,0,0,0,0,0,0,13,0,0,12,1,0,13,0,0,12,1,1,12,0,0,3,10,0,0,0,13,13,0,2,11,1,12,0,13,4,9,0,4,9,0,0,13,0,13,0,0,0,0,0,0,0,0,0,0,0,0,0,1,0,2,0,0,0,0,0,5,0,0,0,1,3,1,0,0,0,0,0,0,0,0,0,0,0,0,0,0,0,0,0,0,0,0,5,0,0,0,0,3,4,1,0,0,8,0,1,0,0,1,0,3,0,0,4,9,2,11,0,10,3,13,10,3,0,3,10,0,27.923076923076923,25.0
15,010,12,0,12,0,1,11,0,1,0,0,0,11,1,0,0,0,11,1,11,0,0,3,9,0,0,0,0,0,0,0,0,0,1,0,0,0,2,0,8,0,0,0,0,0,0,0,0,0,0,0,0,0,0,1,0,0,0,0,0,0,0,0,0,0,0,0,0,0,0,1,0,11,0,0,0,0,0,0,0,0,0,0,0,0,0,0,0,0,0,0,12,0,0,12,0,3,9,0,0,12,0,2,10,0,0,12,0,0,0,0,12,12,0,4,8,1,11,0,12,2,10,0,0,12,0,0,12,0,12,0,1,0,0,0,0,0,0,0,0,0,0,0,0,0,1,0,1,0,0,0,9,0,0,0,0,0,0,0,0,0,0,0,0,0,0,0,0,0,0,0,0,0,0,0,0,0,0,9,0,0,0,0,0,3,0,0,0,0,0,0,0,0,11,0,0,1,0,3,9,1,11,0,0,12,12,12,0,0,12,0,0,47.916666666666664,60.5
15,011,9,1,8,0,0,9,0,3,0,0,1,5,1,0,0,1,7,1,8,0,0,5,4,0,0,0,0,0,0,0,0,0,0,0,0,0,0,0,9,0,0,0,0,0,0,0,0,0,0,0,0,0,0,0,0,0,0,0,0,0,0,0,0,0,0,8,0,0,0,0,0,0,0,0,0,0,0,0,1,0,0,0,0,0,0,0,0,0,0,0,9,0,0,8,1,0,9,0,0,8,1,2,7,0,0,4,5,0,0,0,9,9,0,2,7,0,9,0,9,1,8,0,3,6,0,0,9,0,9,0,0,0,0,0,0,0,1,0,0,0,0,0,0,0,1,0,3,0,0,0,3,0,0,0,0,1,0,0,0,0,0,0,0,0,0,0,0,0,0,0,0,0,0,0,0,1,0,3,0,0,0,0,1,4,0,0,0,8,0,0,0,0,1,0,0,0,0,5,4,0,9,0,5,4,9,8,1,0,4,5,0,27.555555555555557,28.0
15,012,10,0,10,0,0,10,0,0,0,1,4,5,0,0,1,4,5,2,8,0,0,5,4,1,0,0,0,0,0,0,0,0,1,0,0,0,0,0,7,0,0,0,0,0,1,0,0,0,0,0,0,0,0,1,0,0,0,0,0,0,0,0,0,0,0,4,0,0,0,0,0,6,0,0,0,0,0,0,0,0,0,0,0,0,0,0,0,0,0,0,10,0,0,10,0,2,8,0,0,10,0,0,10,0,0,7,3,0,0,0,10,10,0,3,7,2,8,0,10,1,9,0,2,8,0,0,10,0,10,0,0,0,0,1,0,0,0,0,0,0,0,0,0,0,0,0,0,0,0,0,5,0,0,0,0,4,0,0,0,0,0,1,0,0,0,0,0,0,0,0,0,0,0,0,0,0,0,5,0,0,0,0,4,0,0,0,0,2,0,0,0,2,5,0,0,1,0,6,4,0,10,0,3,7,10,6,4,0,7,3,0,48.4,52.0
15,013,273,10,263,0,11,262,0,21,0,7,62,183,34,0,7,62,170,57,216,0,2,149,122,0,0,0,0,0,0,0,2,0,69,0,4,1,5,3,154,9,0,1,0,2,5,2,0,1,2,1,1,1,0,7,0,1,2,1,0,0,0,1,0,0,0,67,0,0,0,3,0,199,0,0,0,0,1,0,1,0,0,0,0,0,0,0,0,0,0,14,259,0,0,269,4,84,189,0,0,268,5,10,263,0,9,173,91,0,1,0,272,271,2,59,214,11,262,0,273,51,222,0,44,228,1,25,248,0,273,13,0,1,3,7,0,0,0,0,5,0,0,0,8,1,9,0,21,0,1,8,132,0,0,0,2,45,17,1,0,0,0,7,0,0,0,0,0,0,0,0,0,0,0,0,0,0,0,132,0,0,0,0,45,71,17,1,0,48,0,40,0,8,128,0,40,8,0,151,122,6,267,0,91,182,273,228,45,4,178,91,0,46.84615384615385,48.0
15,014,60,1,59,0,0,60,0,3,0,0,35,22,3,0,0,35,22,8,52,0,0,42,18,0,0,0,0,0,0,0,0,0,3,0,0,0,0,0,57,0,0,0,0,0,0,0,0,0,0,0,0,0,0,0,0,0,0,0,0,0,0,0,0,0,0,14,0,0,0,0,0,44,0,0,0,0,0,0,2,0,0,0,0,0,0,0,0,0,0,1,59,0,0,58,2,9,51,0,3,56,1,2,58,0,2,17,41,0,0,0,60,60,0,8,52,2,58,0,60,6,54,0,23,33,4,2,58,0,60,0,1,1,0,0,0,0,0,0,0,0,0,0,3,0,3,0,3,0,0,0,14,0,0,0,0,35,0,0,0,0,0,0,0,0,0,0,0,0,0,0,1,0,0,0,0,0,0,14,0,0,0,0,35,10,0,0,0,13,0,41,0,2,1,0,1,2,0,42,18,0,60,0,41,19,60,25,35,2,17,41,0,32.86666666666667,28.5
15,015,5,0,5,0,1,4,0,1,0,0,1,3,0,0,0,1,4,0,5,0,0,2,3,0,0,0,0,0,0,0,0,0,2,0,0,0,0,0,3,0,0,0,0,0,0,0,0,0,0,0,0,0,0,0,0,0,0,0,0,0,0,0,0,0,0,5,0,0,0,0,0,0,0,0,0,0,0,0,0,0,0,0,0,0,0,0,0,0,0,0,5,0,0,4,1,0,5,0,0,4,1,1,4,0,0,2,3,0,0,0,5,5,0,0,5,0,5,0,5,2,3,0,0,4,1,0,5,0,5,0,0,0,0,0,0,0,0,0,1,0,0,0,1,0,0,0,1,0,0,0,1,0,0,0,0,0,1,0,0,0,0,0,0,0,0,0,0,0,0,0,0,0,0,0,0,0,0,1,0,0,0,0,0,3,1,0,0,5,0,0,0,0,0,0,0,0,0,2,3,0,5,0,3,2,5,5,0,0,2,3,0,22.0,22.0
15,016,15,0,15,0,0,15,0,1,0,0,2,12,0,0,0,2,13,1,14,0,0,6,9,0,0,0,0,0,0,0,0,0,5,0,0,0,1,0,9,0,0,0,0,0,0,0,0,0,0,0,0,0,0,0,0,0,0,0,0,0,0,0,0,0,0,8,0,0,0,3,0,4,0,0,0,0,0,0,0,0,0,0,0,0,0,0,0,0,0,0,15,0,0,15,0,1,14,0,0,15,0,0,15,0,1,11,3,0,0,0,15,15,0,0,15,0,15,0,15,4,11,0,1,14,0,0,15,0,15,0,0,0,0,0,0,0,0,0,0,0,0,0,2,0,0,0,1,0,0,0,10,0,0,0,0,2,0,0,0,0,0,0,0,0,0,0,0,0,0,0,0,0,0,0,0,0,0,10,0,0,0,0,2,3,0,0,0,8,0,1,0,0,3,0,3,0,0,6,9,2,13,0,3,12,15,13,2,1,11,3,0,20.8,13.0
15,017,2,0,2,0,0,2,0,0,0,0,1,1,0,0,0,1,1,0,2,0,0,0,2,0,0,0,0,0,0,0,0,0,0,0,0,0,0,0,2,0,0,0,0,0,0,0,0,0,0,0,0,0,0,0,0,0,0,0,0,0,0,0,0,0,0,1,0,0,0,0,0,1,0,0,0,0,0,0,0,0,0,0,0,0,0,0,0,0,0,1,1,0,0,2,0,1,1,0,0,2,0,0,2,0,0,2,0,0,0,0,2,2,0,1,1,0,2,0,2,0,2,0,0,2,0,1,1,0,2,0,0,0,0,0,0,0,0,0,0,0,0,0,0,0,0,0,0,0,0,0,1,0,0,0,0,1,0,0,0,0,0,0,0,0,0,0,0,0,0,0,0,0,0,0,0,0,0,1,0,0,0,0,1,0,0,0,0,1,0,0,0,1,0,0,0,0,0,0,2,1,1,0,0,2,2,1,1,0,2,0,0,60.5,60.5
15,018,21,2,19,0,2,19,0,2,0,0,6,13,3,0,0,6,12,3,18,0,0,5,16,0,0,0,0,0,0,0,0,0,1,0,0,0,0,0,19,0,0,0,0,0,0,0,0,0,0,0,0,0,0,0,0,0,1,0,0,0,0,0,0,0,0,3,0,0,0,0,0,18,0,0,0,0,0,0,0,0,0,0,0,0,0,0,0,0,0,0,21,0,0,21,0,4,17,0,0,21,0,3,18,0,0,15,6,0,1,0,20,20,1,8,13,2,19,0,21,1,20,0,2,14,5,2,19,0,21,1,1,1,0,0,0,0,0,0,0,0,0,0,0,0,1,0,2,0,0,1,8,0,0,0,0,6,0,0,0,0,0,0,0,0,0,0,0,0,0,0,0,0,0,0,0,0,0,8,0,0,0,0,6,7,0,0,0,3,0,14,0,2,2,0,0,0,0,5,16,0,21,0,6,15,21,15,6,0,15,6,0,33.285714285714285,27.0
15,019,13,0,13,0,1,12,0,2,0,1,1,9,3,0,1,1,8,1,12,0,0,6,7,0,0,0,0,0,0,0,0,0,0,0,0,0,0,0,13,0,0,0,0,0,0,0,0,0,0,0,0,0,0,0,0,0,0,0,0,0,0,0,0,0,0,0,0,0,0,0,0,13,0,0,0,0,0,0,0,0,0,0,0,0,0,0,0,0,0,1,12,0,0,13,0,2,11,0,0,13,0,0,13,0,1,10,2,0,0,0,13,13,0,7,6,1,12,0,13,0,13,0,1,4,8,1,12,0,13,1,0,1,0,1,0,0,0,0,0,0,0,0,0,0,1,0,2,0,0,1,5,0,0,0,0,1,0,0,0,0,0,1,0,0,0,0,0,0,0,0,0,0,0,0,0,0,0,5,0,0,0,0,1,6,0,0,0,0,0,11,0,0,2,0,0,0,0,6,7,1,12,0,2,11,13,12,1,0,11,2,0,15.384615384615385,5.0
15,020,107,6,101,0,3,104,0,5,0,4,9,89,20,0,4,9,74,20,87,0,4,57,46,0,1,0,0,0,1,0,0,0,48,0,0,2,1,2,43,0,0,0,0,3,2,0,0,2,0,0,0,0,0,2,0,0,0,1,0,0,0,0,0,0,0,32,0,0,0,2,0,71,0,0,0,0,0,0,1,0,0,0,0,0,0,0,0,0,0,5,102,0,0,100,7,23,84,0,0,102,5,1,106,0,4,48,55,0,0,0,107,107,0,18,89,3,104,0,107,6,101,0,14,90,3,2,105,0,107,6,0,1,2,4,0,1,0,0,0,0,0,0,2,1,11,0,5,0,0,1,64,0,0,0,0,8,1,0,0,0,0,4,0,0,0,0,0,0,0,0,0,0,0,0,0,0,0,64,0,0,1,0,8,29,1,0,0,25,0,3,0,0,9,0,70,0,0,61,46,2,105,0,55,52,107,99,8,1,51,55,0,41.700934579439256,44.0
15,021,9,1,8,0,1,8,0,1,0,0,1,7,0,0,0,1,8,1,8,0,0,1,8,0,0,0,0,0,0,0,0,0,2,0,0,0,0,0,7,0,0,0,0,0,0,0,0,0,0,0,0,0,0,0,0,0,0,0,0,0,0,0,0,0,0,2,0,0,0,0,0,7,0,0,0,0,0,0,0,0,0,0,0,0,0,0,0,0,0,0,9,0,0,9,0,1,8,0,0,9,0,0,9,0,0,8,1,0,0,0,9,9,0,6,3,0,9,0,9,2,7,0,0,6,3,0,9,0,9,0,0,0,0,0,0,0,0,0,0,0,0,0,2,0,0,0,1,0,0,0,5,0,0,0,0,1,0,0,0,0,0,0,0,0,0,0,0,0,0,0,0,0,0,0,0,0,0,5,0,0,0,0,1,3,0,0,0,2,0,7,0,0,0,0,0,0,0,1,8,1,8,0,1,8,9,8,1,0,8,1,0,19.444444444444443,4.0
15,022,4,0,4,0,0,4,0,2,0,0,0,2,0,0,0,0,4,1,3,0,0,2,2,0,0,0,0,0,0,0,0,0,0,0,0,0,0,0,4,0,0,0,0,0,0,0,0,0,0,0,0,0,0,0,0,0,0,0,0,0,0,0,0,0,0,2,0,0,0,0,0,2,0,0,0,0,0,0,0,0,0,0,0,0,0,0,0,0,0,0,4,0,0,4,0,0,4,0,0,4,0,1,3,0,0,3,1,0,0,0,4,4,0,2,2,0,4,0,4,1,3,0,1,3,0,0,4,0,4,0,0,0,0,0,0,0,0,0,0,0,0,0,0,0,0,0,2,0,0,0,2,0,0,0,0,0,0,0,0,0,0,0,0,0,0,0,0,0,0,0,0,0,0,0,0,0,0,2,0,0,0,0,0,2,0,0,0,2,0,2,0,0,0,0,0,0,0,2,2,0,4,0,1,3,4,4,0,0,3,1,0,34.0,36.0
15,023,8,0,8,0,0,8,0,0,0,0,2,6,0,0,0,2,6,0,8,0,0,5,3,0,0,0,0,0,0,0,0,0,1,0,0,0,0,0,7,0,0,0,0,0,0,0,0,0,0,0,0,0,0,0,0,0,0,0,0,0,0,0,0,0,0,6,0,0,0,0,0,2,0,0,0,0,0,0,0,0,0,0,0,0,0,0,0,0,0,0,8,0,0,8,0,1,7,0,0,8,0,1,7,0,0,4,4,0,0,0,8,8,0,0,8,0,8,0,8,0,8,0,4,4,0,0,8,0,8,0,1,0,0,0,0,0,0,0,0,0,0,0,0,1,0,0,0,0,0,0,4,0,0,0,0,2,0,0,0,0,0,0,0,0,0,1,0,0,0,0,0,0,0,0,0,0,0,4,0,0,0,0,2,1,0,0,0,4,0,0,0,0,2,0,1,1,0,5,3,0,8,0,4,4,8,6,2,0,4,4,0,30.625,31.0
15,024,140,7,133,0,9,131,0,8,0,1,30,101,13,0,1,30,96,21,118,1,5,79,56,0,0,1,0,1,0,0,1,0,51,0,2,1,1,0,71,2,1,0,0,1,4,0,0,1,0,0,0,0,1,1,0,0,0,0,0,0,0,0,0,0,0,50,0,0,0,0,0,87,0,0,0,0,0,1,2,0,0,0,0,0,0,0,0,0,0,3,136,1,1,130,9,24,116,0,1,131,8,7,133,0,7,56,77,0,0,0,140,140,0,21,119,9,131,0,140,12,128,0,20,117,3,6,134,0,140,6,0,0,2,1,1,0,1,0,0,0,0,0,2,2,2,0,8,0,0,2,83,0,0,0,0,25,5,0,0,0,0,1,0,0,0,0,0,0,0,0,0,0,0,0,0,0,0,83,0,0,0,0,25,26,5,0,0,41,0,19,0,7,4,0,67,2,0,84,56,8,132,0,77,63,140,115,25,6,57,77,0,38.67142857142857,37.0
15,025,298,10,288,0,3,295,0,17,0,8,41,232,36,0,8,41,213,30,268,0,0,154,144,0,0,0,0,0,0,0,0,0,49,0,0,0,1,0,240,1,0,0,0,4,1,1,0,0,0,0,0,0,0,1,0,0,0,0,0,0,0,0,0,0,0,126,0,0,0,2,0,169,0,0,0,0,0,1,0,0,0,0,0,0,0,0,0,0,0,4,294,0,0,284,14,13,285,0,1,284,13,5,293,0,4,206,88,0,0,0,298,298,0,21,277,18,280,0,298,16,282,0,37,259,2,5,293,0,298,17,2,5,0,8,1,0,0,1,1,1,0,0,18,2,12,0,17,0,2,6,161,0,1,1,1,35,6,0,1,0,0,8,0,0,0,1,0,0,0,0,2,1,1,0,0,0,0,161,0,0,0,1,35,81,6,0,0,76,0,20,0,0,167,0,26,9,0,154,144,10,288,0,88,210,298,263,35,2,208,88,0,44.855704697986575,47.0
15,026,4,0,3,1,0,4,0,0,0,0,0,4,1,0,0,0,3,0,4,0,0,2,2,0,0,0,0,0,0,0,0,0,0,0,0,0,0,0,4,0,0,0,0,0,0,0,0,0,0,0,0,0,0,0,0,0,0,0,0,0,0,0,0,0,0,1,0,0,0,0,0,3,0,0,0,0,0,0,0,0,0,0,0,0,0,0,0,0,0,0,4,0,0,4,0,0,4,0,0,4,0,0,4,0,0,4,0,0,0,0,4,4,0,2,2,0,4,0,4,0,4,0,0,1,3,0,4,0,4,0,0,1,1,0,0,0,0,0,0,0,0,0,0,0,0,0,0,0,0,0,2,0,0,0,0,0,0,0,0,0,0,0,0,0,0,0,0,0,0,0,0,0,0,0,0,0,0,2,0,0,0,0,0,2,0,0,0,1,0,3,0,0,0,0,0,0,0,2,2,0,4,0,0,4,4,4,0,1,3,0,0,20.5,5.0
15,027,5,0,5,0,0,5,0,0,0,0,2,3,0,0,0,2,3,0,5,0,1,0,4,0,0,0,0,0,0,0,0,0,0,0,0,0,0,0,5,0,0,0,0,0,0,0,0,0,0,0,0,0,0,0,0,0,0,0,0,0,0,0,0,0,0,0,0,0,0,0,0,5,0,0,0,0,0,0,0,0,0,0,0,0,0,0,0,0,0,0,5,0,0,5,0,1,4,0,0,5,0,0,5,0,2,2,1,0,0,0,5,5,0,3,2,1,4,0,5,0,5,0,0,3,2,0,5,0,5,0,0,0,0,0,0,0,0,0,0,0,0,0,1,0,0,0,0,0,0,0,2,0,0,0,0,2,0,0,1,0,0,0,0,0,0,0,0,0,0,0,0,0,0,0,0,0,0,2,0,0,0,0,2,0,0,0,0,0,0,4,0,1,0,0,0,0,0,1,4,1,4,0,1,4,5,3,2,1,3,1,0,18.8,15.0
15,028,7,0,7,0,0,7,0,0,0,0,0,7,1,0,0,0,6,1,6,0,0,5,2,0,0,0,0,0,0,0,0,0,4,0,0,0,0,0,3,0,0,0,0,0,0,0,0,0,0,0,0,0,0,0,0,0,0,0,0,0,0,0,0,0,0,7,0,0,0,0,0,0,0,0,0,0,0,0,0,0,0,0,0,0,0,0,0,0,0,0,7,0,0,6,1,1,6,0,0,6,1,1,6,0,1,5,1,0,0,0,7,7,0,4,3,1,6,0,7,1,6,0,2,5,0,0,7,0,7,0,0,1,0,0,0,0,0,0,0,0,0,0,0,1,0,0,0,0,0,1,4,0,0,0,0,0,0,0,0,0,0,0,0,0,0,0,0,0,0,0,0,0,0,0,0,0,0,4,0,0,0,0,0,3,0,0,0,6,0,0,0,0,0,0,0,1,0,5,2,1,6,0,1,6,7,7,0,2,4,1,0,45.0,30.0
15,029,38,3,35,0,0,38,0,8,0,2,4,24,5,0,2,4,27,3,35,0,1,16,20,1,0,0,0,0,0,0,0,0,14,0,0,1,0,0,23,0,0,0,0,0,0,0,0,0,0,0,0,0,0,0,0,0,0,0,0,0,0,0,0,0,0,36,0,0,0,0,0,2,0,0,0,0,0,0,0,0,0,0,0,0,0,0,0,0,0,1,37,0,0,36,2,4,34,0,0,36,2,4,34,0,1,26,11,0,0,0,38,38,0,5,33,1,37,0,38,8,30,0,4,34,0,1,37,0,38,2,0,0,0,2,0,0,0,0,0,2,0,0,3,1,2,0,8,0,0,1,13,0,0,0,0,4,0,0,1,2,0,2,0,0,0,1,0,0,0,0,2,0,0,0,0,0,0,13,0,0,1,0,4,12,0,0,0,30,0,0,0,0,4,0,4,0,0,18,20,0,38,0,11,27,38,34,4,0,27,11,0,28.710526315789473,24.0
15,030,6,0,6,0,0,6,0,0,0,0,2,4,0,0,0,2,4,1,5,0,0,6,0,0,0,0,0,0,0,0,0,0,2,0,0,0,0,0,4,0,0,0,0,0,0,0,0,0,0,0,0,0,0,0,0,0,0,0,0,0,0,0,0,0,0,5,0,0,0,0,0,1,0,0,0,0,0,0,0,0,0,0,0,0,0,0,0,0,0,0,6,0,0,5,1,1,5,0,0,5,1,0,6,0,0,3,3,0,0,0,6,6,0,1,5,0,6,0,6,0,6,0,0,5,1,0,6,0,6,0,0,0,0,0,0,0,0,0,0,0,0,0,0,0,0,0,0,0,0,0,4,0,0,0,0,2,0,0,0,0,0,0,0,0,0,0,0,0,0,0,0,0,0,0,0,0,0,4,0,0,0,0,2,0,0,0,0,4,0,0,0,0,0,0,2,0,0,6,0,0,6,0,3,3,6,4,2,0,3,3,0,27.5,20.5
15,031,140,7,133,0,5,135,0,12,0,2,16,110,18,0,2,16,104,17,123,0,1,72,66,1,1,0,0,0,0,0,0,0,42,0,0,1,5,1,81,0,0,0,0,7,0,0,0,0,0,0,0,1,0,1,0,0,0,0,0,0,0,0,0,0,0,132,0,0,0,1,0,7,0,0,0,0,0,0,0,0,0,0,0,0,0,0,0,0,0,5,134,1,1,135,4,16,124,0,0,136,4,8,132,0,4,74,62,0,0,0,140,140,0,40,100,5,135,0,140,22,118,0,23,113,4,3,137,0,140,9,3,5,2,2,1,0,0,0,1,0,0,0,13,1,6,0,12,0,0,0,68,0,1,0,0,16,0,0,0,1,0,2,0,0,0,0,1,0,0,0,1,0,0,0,0,0,0,68,0,0,0,0,16,51,0,0,0,101,0,9,0,0,15,0,13,2,0,74,66,5,133,2,62,78,140,124,16,3,75,62,0,31.52857142857143,31.0
15,032,9,0,9,0,0,9,0,0,0,0,0,9,1,0,0,0,8,0,9,0,0,2,7,0,0,0,0,0,0,0,0,0,0,0,0,0,0,0,9,0,0,0,0,0,0,0,0,0,0,0,0,0,0,0,0,0,0,0,0,0,0,0,0,0,0,3,0,0,0,0,0,6,0,0,0,0,0,0,0,0,0,0,0,0,0,0,0,0,0,0,9,0,0,9,0,0,9,0,0,9,0,4,5,0,0,8,1,0,0,0,9,9,0,7,2,0,9,0,9,3,6,0,1,2,6,0,9,0,9,0,0,2,0,0,0,0,0,0,0,0,0,0,1,0,0,0,0,0,0,1,5,0,0,0,0,0,0,0,0,0,0,0,0,0,0,0,0,0,0,0,0,0,0,0,0,0,0,5,0,0,0,0,0,4,0,0,0,3,0,6,0,0,0,0,0,0,0,2,7,0,9,0,1,8,9,9,0,1,7,1,0,15.88888888888889,6.0
15,033,508,31,477,0,10,498,0,34,0,6,77,391,66,0,6,77,359,66,441,1,11,277,217,3,0,0,0,0,0,0,0,0,191,0,8,3,6,4,247,7,3,0,0,9,9,1,0,3,1,0,1,1,1,10,0,1,2,0,0,1,0,0,0,0,0,371,0,1,1,6,0,120,1,0,0,0,1,1,0,0,0,1,0,0,0,3,1,0,0,11,496,1,0,494,14,82,426,0,0,494,14,27,481,0,18,290,200,0,0,2,506,506,2,132,376,24,484,0,508,52,456,0,82,417,9,33,475,0,508,28,8,5,4,6,1,6,3,2,5,1,0,0,22,8,22,1,34,0,0,11,260,0,2,1,1,73,4,0,0,1,0,6,0,0,0,0,1,0,0,0,6,0,1,0,0,0,0,260,0,1,0,0,73,155,4,0,0,223,0,52,0,4,49,0,177,3,0,291,217,23,485,0,200,308,508,435,73,11,297,200,0,34.830708661417326,33.0
15,034,3,0,3,0,0,3,0,0,0,0,1,2,0,0,0,1,2,0,3,0,0,0,3,0,0,0,0,0,0,0,0,0,0,0,0,0,0,0,3,0,0,0,0,0,0,0,0,0,0,0,0,0,0,0,0,0,0,0,0,0,0,0,0,0,0,3,0,0,0,0,0,0,0,0,0,0,0,0,0,0,0,0,0,0,0,0,0,0,0,0,3,0,0,3,0,0,3,0,0,3,0,1,2,0,0,2,1,0,0,0,3,3,0,0,3,0,3,0,3,2,1,0,0,3,0,0,3,0,3,0,0,0,0,0,0,0,0,0,0,1,0,0,0,0,0,0,0,0,0,0,1,0,0,0,0,1,0,0,0,0,0,0,0,0,0,0,0,0,0,0,0,0,0,0,0,0,0,1,0,0,0,0,1,1,0,0,0,2,0,0,0,0,0,0,1,0,0,0,3,0,3,0,1,2,3,2,1,0,2,1,0,23.333333333333332,4.0
15,035,23,1,22,0,3,20,0,3,0,0,4,16,3,0,0,4,16,0,23,0,0,14,9,0,0,0,0,0,0,0,0,0,8,0,0,1,0,1,11,0,0,0,0,0,2,0,0,0,0,0,0,0,0,0,0,0,0,0,0,0,0,0,0,0,0,14,0,0,0,2,0,7,0,0,0,0,0,0,0,0,0,0,0,0,0,0,0,0,0,0,23,0,0,23,0,5,18,0,0,23,0,1,22,0,2,16,5,0,0,0,23,23,0,7,16,3,20,0,23,5,18,0,5,15,3,3,20,0,23,1,0,1,1,0,0,0,0,0,0,0,0,0,1,0,1,1,3,0,0,0,10,0,0,0,0,4,0,0,0,0,0,0,0,0,0,0,0,0,0,0,1,0,0,0,0,0,0,10,0,0,0,0,4,8,0,0,0,10,0,3,0,0,2,0,6,2,0,14,9,1,22,0,5,18,23,19,4,1,17,5,0,36.30434782608695,39.0
15,036,10,0,10,0,1,9,0,0,0,0,1,9,1,0,0,1,8,1,9,0,0,7,3,0,0,0,0,0,0,0,0,0,4,0,0,0,2,0,4,0,0,0,0,0,0,0,0,0,0,0,0,0,0,0,0,0,0,0,0,0,0,0,0,0,0,4,0,0,0,2,0,4,0,0,0,0,0,0,0,0,0,0,0,0,0,0,0,0,0,0,10,0,0,10,0,2,8,0,0,10,0,0,10,0,0,9,1,0,0,0,10,10,0,4,6,0,10,0,10,0,10,0,1,9,0,4,6,0,10,0,0,1,0,0,0,0,0,0,0,0,0,0,0,0,1,0,0,0,0,0,7,0,0,0,0,0,1,0,0,0,0,0,0,0,0,0,0,0,0,0,0,0,0,0,0,0,0,7,0,0,0,0,0,2,1,0,0,4,0,1,1,0,4,0,0,0,0,7,3,0,10,0,1,9,10,10,0,0,9,1,0,38.5,33.5
15,037,88,1,87,0,6,82,0,6,0,4,21,57,10,0,4,21,53,14,74,0,1,48,39,0,0,0,0,0,0,0,0,0,33,0,0,0,0,0,46,2,1,0,0,0,1,0,0,0,0,0,0,0,0,2,0,0,3,0,0,0,0,0,0,0,0,69,0,0,0,0,0,19,0,0,0,0,0,0,0,0,0,0,0,0,0,0,0,0,0,6,82,0,0,85,3,19,69,0,0,85,3,6,82,0,1,50,37,0,0,3,85,85,3,16,72,5,83,0,88,10,78,0,18,62,8,7,81,0,88,2,4,3,1,4,0,0,0,0,0,0,0,0,0,2,2,1,6,0,0,5,37,0,0,0,0,20,1,0,0,0,0,4,0,0,0,0,0,0,0,0,2,0,0,0,0,0,0,37,0,0,0,0,20,24,1,1,0,28,0,18,0,0,23,0,11,7,0,49,39,6,82,0,37,51,88,68,20,3,48,37,0,36.35227272727273,33.0
15,038,4,0,4,0,1,3,0,0,0,0,2,2,1,0,0,2,1,1,3,0,0,2,2,0,0,0,0,0,0,0,0,0,0,0,1,0,0,0,3,0,0,0,0,0,0,0,0,0,0,0,0,0,0,0,0,0,0,0,0,0,0,0,0,0,0,1,0,0,0,0,0,3,0,0,0,0,0,0,0,0,0,0,0,0,0,0,0,0,0,1,3,0,0,4,0,1,3,0,0,4,0,0,4,0,0,3,1,0,0,0,4,4,0,0,4,0,4,0,4,0,4,0,2,2,0,0,4,0,4,1,0,0,0,0,0,0,0,0,0,0,0,0,0,0,0,0,0,0,0,0,1,0,0,0,0,1,1,0,0,0,0,0,0,0,0,0,0,0,0,0,0,0,0,0,0,0,0,1,0,0,0,0,1,1,1,0,0,1,0,1,0,1,1,0,0,0,0,2,2,1,3,0,1,3,4,3,1,0,3,1,0,41.25,42.5
15,039,105,3,102,0,1,104,0,11,0,2,21,71,11,0,2,21,71,8,97,0,0,59,46,0,0,0,0,0,0,0,0,0,33,0,0,0,0,0,59,2,0,0,0,4,2,0,0,0,0,0,0,1,0,2,0,0,2,0,0,0,0,1,0,0,0,94,0,1,0,1,0,4,0,1,0,1,0,0,1,0,0,0,0,0,0,0,0,1,0,1,104,0,0,99,6,5,100,0,0,99,6,7,98,0,4,49,52,0,0,2,103,103,2,27,78,9,96,0,105,20,85,0,32,69,4,2,103,0,105,3,1,2,1,2,2,0,0,0,3,0,0,0,10,2,1,0,11,0,0,4,42,0,0,0,0,21,0,0,0,0,0,2,0,0,0,0,0,0,0,0,2,0,0,0,0,0,0,42,0,0,0,1,21,37,0,0,0,63,0,14,0,0,5,0,19,4,0,59,46,3,102,0,52,53,105,84,21,1,52,52,0,34.48571428571429,33.0
15,040,7,1,6,0,1,6,0,1,0,0,4,2,0,0,0,4,3,2,5,0,0,1,6,0,0,0,0,0,0,0,0,0,0,0,0,0,0,0,7,0,0,0,0,0,0,0,0,0,0,0,0,0,0,0,0,0,0,0,0,0,0,0,0,0,0,0,0,0,0,0,0,7,0,0,0,0,0,0,0,0,0,0,0,0,0,0,0,0,0,0,7,0,0,7,0,2,5,0,0,7,0,0,7,0,0,4,3,0,0,0,7,7,0,4,3,0,7,0,7,0,7,0,1,5,1,2,5,0,7,0,0,0,0,0,0,0,0,0,0,0,0,0,0,0,0,0,1,0,0,0,2,0,0,0,0,4,0,0,0,0,0,0,0,0,0,0,0,0,0,0,0,0,0,0,0,0,0,2,0,0,0,0,4,1,0,0,0,0,0,5,0,2,0,0,0,0,0,1,6,0,7,0,3,4,7,3,4,0,4,3,0,34.57142857142857,28.0
15,041,8,0,8,0,0,8,0,0,0,0,0,8,0,0,0,0,8,0,8,0,0,2,6,0,0,0,0,0,0,0,0,0,0,0,0,0,0,0,8,0,0,0,0,0,0,0,0,0,0,0,0,0,0,0,0,0,0,0,0,0,0,0,0,0,0,0,0,0,0,0,0,8,0,0,0,0,0,0,0,0,0,0,0,0,0,0,0,0,0,0,8,0,0,8,0,0,8,0,0,8,0,0,8,0,0,8,0,0,0,0,8,8,0,5,3,0,8,0,8,0,8,0,0,0,8,0,8,0,8,0,0,1,0,0,0,0,0,0,0,0,0,0,0,0,0,0,0,0,0,0,7,0,0,0,0,0,0,0,0,0,0,0,0,0,0,0,0,0,0,0,0,0,0,0,0,0,0,7,0,0,0,0,0,1,0,0,0,0,0,8,0,0,0,0,0,0,0,2,6,0,8,0,0,8,8,8,0,1,7,0,0,0.125,0.0
15,042,23,1,22,0,0,23,0,0,0,1,3,19,2,0,1,3,17,1,22,0,0,10,13,0,0,0,0,0,0,0,0,0,0,0,0,0,0,0,23,0,0,0,0,0,0,0,0,0,0,0,0,0,0,0,0,0,0,0,0,0,0,0,0,0,0,6,0,0,0,0,0,17,0,0,0,0,0,0,0,0,0,0,0,0,0,0,0,0,0,2,21,0,1,22,0,5,18,0,1,22,0,2,21,0,1,17,5,0,0,0,23,23,0,13,10,1,22,0,23,0,23,0,2,10,11,2,21,0,23,1,0,2,0,1,0,0,0,0,1,0,0,0,2,0,0,0,0,0,0,1,11,0,1,0,0,3,0,0,0,1,0,1,0,0,0,0,0,0,0,0,0,0,0,0,0,0,0,11,0,0,0,0,3,7,0,0,0,6,0,14,0,1,1,1,0,0,0,10,13,2,21,0,5,18,23,20,3,2,16,5,0,24.73913043478261,11.0
15,043,9,0,9,0,0,9,0,0,0,0,3,6,1,0,0,3,5,1,8,0,0,4,5,0,0,0,0,0,0,0,0,0,1,0,0,0,0,0,8,0,0,0,0,0,0,0,0,0,0,0,0,0,0,0,0,0,0,0,0,0,0,0,0,0,0,5,0,0,0,0,0,4,0,0,0,0,0,0,0,0,0,0,0,0,0,0,0,0,0,0,9,0,0,9,0,2,7,0,0,9,0,0,9,0,0,5,4,0,0,0,9,9,0,3,6,0,9,0,9,0,9,0,2,4,3,1,8,0,9,0,0,1,1,0,0,0,0,0,0,0,0,0,0,0,0,0,0,0,0,0,4,0,0,0,0,3,0,0,0,0,0,0,0,0,0,0,0,0,0,0,0,0,0,0,0,0,0,4,0,0,0,0,3,2,0,0,0,3,0,3,0,1,0,0,1,1,0,4,5,0,9,0,4,5,9,6,3,0,5,4,0,25.444444444444443,33.0
15,044,8,1,7,0,0,8,0,1,0,0,0,7,2,0,0,0,6,1,7,0,0,4,4,0,0,0,0,0,0,0,0,0,3,0,0,0,0,1,4,0,0,0,0,0,0,0,0,0,0,0,0,0,0,0,0,0,0,0,0,0,0,0,1,0,0,5,0,0,0,0,0,2,0,0,0,0,0,0,0,0,0,0,0,0,0,0,0,0,0,0,8,0,0,8,0,0,8,0,0,8,0,1,7,0,0,7,1,0,0,0,8,8,0,4,4,1,7,0,8,1,7,0,1,6,1,0,8,0,8,1,0,1,0,0,0,0,0,0,0,0,0,0,1,0,1,0,1,0,0,0,3,0,0,0,0,0,0,0,1,0,0,0,0,0,0,0,0,0,0,0,0,0,0,0,0,0,0,3,0,0,0,0,0,4,0,0,0,4,0,0,0,0,2,0,1,1,0,4,4,0,8,0,1,7,8,8,0,0,7,1,0,22.5,10.5
15,045,11,0,11,0,1,10,0,1,0,0,2,8,1,0,0,2,8,2,9,0,0,2,9,0,0,0,0,0,0,0,0,0,1,0,0,0,0,0,10,0,0,0,0,0,0,0,0,0,0,0,0,0,0,0,0,0,0,0,0,0,0,0,0,0,0,7,0,0,0,1,0,3,0,0,0,0,0,0,0,0,0,0,0,0,0,0,0,0,0,2,9,0,0,11,0,2,9,0,0,11,0,1,10,0,0,10,1,0,0,0,11,11,0,4,7,2,9,0,11,4,7,0,2,8,1,0,11,0,11,1,0,2,0,0,0,0,0,0,0,0,0,0,1,0,0,0,1,0,0,0,4,0,0,0,0,2,0,0,0,0,0,0,0,0,0,0,0,0,0,0,0,0,0,0,0,0,0,4,0,0,0,0,2,5,0,0,0,6,0,3,0,1,0,0,1,0,0,2,9,0,11,0,1,10,11,9,2,0,10,1,0,38.27272727272727,17.0
15,046,2,0,2,0,1,1,0,0,0,0,1,1,0,0,0,1,1,1,1,0,0,2,0,0,0,0,0,0,0,0,0,0,0,0,0,0,0,0,2,0,0,0,0,0,0,0,0,0,0,0,0,0,0,0,0,0,0,0,0,0,0,0,0,0,0,1,0,0,0,0,0,1,0,0,0,0,0,0,0,0,0,0,0,0,0,0,0,0,0,0,2,0,0,2,0,1,1,0,0,2,0,0,2,0,0,1,1,0,0,0,2,2,0,0,2,0,2,0,2,0,2,0,1,1,0,1,1,0,2,0,0,0,0,0,0,0,0,0,0,0,0,0,0,0,0,0,0,0,0,0,1,0,0,0,0,1,0,0,0,0,0,0,0,0,0,0,0,0,0,0,0,0,0,0,0,0,0,1,0,0,0,0,1,0,0,0,0,0,0,1,0,0,0,0,1,0,0,2,0,0,2,0,1,1,2,1,1,0,1,1,0,49.0,49.0
15,047,17,0,17,0,0,17,0,1,0,0,2,14,2,0,0,2,13,2,15,0,0,9,8,0,0,0,0,0,0,0,0,0,1,0,0,0,0,0,16,0,0,0,0,0,0,0,0,0,0,0,0,0,0,0,0,0,0,0,0,0,0,0,0,0,0,1,0,0,0,0,0,16,0,0,0,0,0,0,0,0,0,0,0,0,0,0,0,0,0,1,16,0,0,17,0,2,15,0,0,17,0,2,15,0,1,13,3,0,0,0,17,17,0,12,5,0,17,0,17,2,15,0,1,6,10,1,16,0,17,1,0,0,0,0,0,0,0,0,0,0,0,0,0,0,0,0,1,0,0,1,12,0,0,0,0,2,0,0,0,0,0,0,0,0,0,0,0,0,0,0,0,0,0,0,0,0,0,12,0,0,0,0,2,3,0,0,0,1,0,14,0,1,1,0,0,0,0,9,8,2,15,0,3,14,17,15,2,3,11,3,0,18.176470588235293,6.0
15,048,18,0,18,0,0,18,0,2,0,1,8,7,3,0,1,8,6,3,15,0,0,11,7,0,2,0,0,0,0,0,0,0,0,0,0,0,0,0,16,0,0,0,0,0,0,0,0,0,0,0,0,0,0,0,0,0,0,0,0,0,0,0,0,0,0,2,0,0,0,0,0,15,0,0,0,0,0,0,1,0,0,0,0,0,0,0,0,0,0,1,17,0,0,17,1,2,16,0,0,17,1,2,16,0,0,6,12,0,0,0,18,18,0,3,15,0,18,0,18,1,17,0,2,12,4,0,18,0,18,0,1,0,2,1,0,0,0,0,0,0,0,0,0,0,0,0,2,0,0,1,3,0,0,0,0,8,0,0,0,0,0,1,0,0,0,0,0,0,0,0,0,0,0,0,0,0,0,3,0,0,0,0,8,6,0,0,0,3,0,15,0,0,0,0,0,0,0,11,7,0,18,0,12,6,18,10,8,0,6,12,0,28.444444444444443,15.5
15,049,3,0,3,0,1,2,0,0,0,0,1,2,0,0,0,1,2,0,3,0,0,2,1,0,0,0,0,0,0,0,0,0,0,0,0,0,0,0,3,0,0,0,0,0,0,0,0,0,0,0,0,0,0,0,0,0,0,0,0,0,0,0,0,0,0,0,0,0,0,0,0,3,0,0,0,0,0,0,0,0,0,0,0,0,0,0,0,0,0,0,3,0,0,3,0,1,2,0,0,3,0,0,3,0,1,2,0,0,0,0,3,3,0,3,0,1,2,0,3,0,3,0,0,3,0,0,3,0,3,0,0,0,0,0,0,0,0,0,0,0,0,0,0,0,0,0,0,0,0,0,2,0,0,0,0,1,0,0,0,0,0,0,0,0,0,0,0,0,0,0,0,0,0,0,0,0,0,2,0,0,0,0,1,0,0,0,0,0,0,2,0,1,0,0,0,0,0,2,1,1,2,0,0,3,3,2,1,0,3,0,0,37.666666666666664,49.0
15,050,4,0,4,0,0,4,0,0,0,0,0,4,0,0,0,0,4,0,4,0,0,2,2,0,0,0,0,0,0,0,0,0,1,0,0,0,0,0,3,0,0,0,0,0,0,0,0,0,0,0,0,0,0,0,0,0,0,0,0,0,0,0,0,0,0,4,0,0,0,0,0,0,0,0,0,0,0,0,0,0,0,0,0,0,0,0,0,0,0,0,4,0,0,2,2,0,4,0,0,2,2,0,4,0,0,2,2,0,0,0,4,4,0,1,3,1,3,0,4,1,3,0,0,4,0,0,4,0,4,0,0,0,0,0,0,0,0,0,1,0,0,0,3,0,0,0,0,0,0,0,0,0,0,0,0,0,0,0,0,1,0,0,0,0,0,0,0,0,0,0,0,0,0,0,0,0,0,0,0,0,0,0,0,3,0,0,0,4,0,0,0,0,0,0,0,0,0,2,2,0,4,0,2,2,4,4,0,0,2,2,0,33.75,32.0
15,051,39,1,38,0,1,38,0,2,0,0,5,32,5,0,0,5,29,3,36,0,0,20,19,0,0,0,0,0,0,0,0,0,0,0,0,0,0,0,38,1,0,0,0,0,0,0,0,0,0,0,0,0,0,0,0,0,0,0,0,0,0,0,0,0,0,6,0,0,0,0,0,32,0,1,0,0,0,0,0,0,0,0,0,0,0,0,0,0,0,0,39,0,0,39,0,2,36,1,0,39,0,3,36,0,2,26,11,0,0,0,39,39,0,17,22,1,38,0,39,1,38,0,7,15,17,1,38,0,39,2,0,6,1,0,0,0,0,0,0,0,0,0,1,0,1,0,2,0,0,1,20,0,0,0,0,5,0,0,0,0,0,0,0,0,0,0,0,0,0,0,0,0,0,0,0,0,0,20,0,0,0,0,5,14,0,0,0,6,0,27,0,5,1,0,0,0,0,20,19,1,38,0,11,28,39,34,5,0,28,11,0,21.333333333333332,11.0
15,052,12,0,12,0,1,11,0,2,1,0,0,9,2,1,0,0,9,4,8,0,0,4,8,0,0,0,0,0,0,0,0,0,0,0,0,0,0,0,12,0,0,0,0,0,0,0,0,0,0,0,0,0,0,0,0,0,0,0,0,0,0,0,0,0,0,1,0,0,0,0,0,11,0,0,0,0,0,0,0,0,0,0,0,0,0,0,0,0,0,1,11,0,0,8,4,4,8,0,0,12,0,0,12,0,1,11,0,0,0,0,12,12,0,12,0,2,10,0,12,2,10,0,0,11,1,1,11,0,12,1,0,0,0,0,0,0,1,0,0,0,0,0,0,0,1,0,2,0,0,0,6,1,0,0,0,0,0,0,0,0,0,0,0,0,0,0,0,0,0,0,0,0,0,0,0,0,0,6,1,0,0,1,0,4,0,0,0,1,0,11,0,0,0,0,0,0,0,4,8,0,12,0,0,12,12,12,0,0,12,0,0,22.166666666666668,3.5
15,053,19,0,19,0,0,19,0,2,0,0,4,13,3,0,0,4,12,1,18,0,0,7,11,1,0,0,0,0,0,0,0,0,6,0,0,0,0,0,12,0,0,0,0,1,0,0,0,0,0,0,0,0,0,0,0,0,0,0,0,0,0,0,0,0,0,9,0,0,0,0,0,10,0,0,0,0,0,0,0,0,0,0,0,0,0,0,0,0,0,2,17,0,0,19,0,1,18,0,0,19,0,2,17,0,1,11,7,0,0,0,19,19,0,3,16,1,18,0,19,2,17,0,6,13,0,1,18,0,19,1,0,0,0,0,0,0,0,0,0,0,0,0,2,1,2,0,2,0,0,0,7,0,0,0,0,3,1,0,0,0,0,0,0,0,0,0,0,0,0,0,0,0,0,0,0,0,0,7,0,0,0,0,3,8,1,0,0,9,0,1,0,2,0,0,7,0,0,8,11,2,17,0,7,12,19,16,3,0,12,7,0,27.473684210526315,29.0
15,054,110,3,107,0,5,105,0,10,0,1,57,42,10,0,1,57,42,23,87,0,0,51,59,0,0,0,0,0,0,0,1,0,3,0,0,2,2,2,94,2,1,0,1,1,0,0,0,0,0,0,0,0,0,0,1,0,0,0,0,0,0,0,0,0,0,10,0,0,0,1,0,95,0,0,0,1,1,1,1,0,0,0,0,0,0,0,0,0,0,6,104,0,0,107,3,28,82,0,0,108,2,8,101,1,2,68,40,0,0,0,110,110,0,53,57,10,100,0,110,7,103,0,25,62,23,13,97,0,110,3,0,2,5,1,0,0,0,0,0,0,0,0,1,0,0,0,10,0,0,1,30,0,0,0,0,57,0,1,0,1,0,1,0,0,0,0,0,0,0,0,0,0,0,0,0,0,0,30,0,0,0,0,57,20,0,0,0,9,1,42,0,48,9,0,1,0,0,51,59,9,101,0,40,70,110,53,57,3,67,40,0,42.99090909090909,46.0
15,055,8,0,8,0,0,8,0,0,0,0,1,7,2,0,0,1,5,1,7,0,0,1,7,0,0,0,0,0,0,0,0,0,0,0,0,0,0,0,8,0,0,0,0,0,0,0,0,0,0,0,0,0,0,0,0,0,0,0,0,0,0,0,0,0,0,0,0,0,0,0,0,8,0,0,0,0,0,0,0,0,0,0,0,0,0,0,0,0,0,0,8,0,0,8,0,2,6,0,0,8,0,1,6,1,0,7,1,0,0,0,8,8,0,4,4,1,7,0,8,0,8,0,1,3,4,0,8,0,8,0,0,1,2,0,0,0,0,0,0,0,0,0,0,0,0,0,0,0,0,0,4,0,0,0,0,1,0,0,0,0,0,0,0,0,0,0,0,0,0,0,0,0,0,0,0,0,1,4,0,0,0,0,1,2,0,0,0,0,0,6,0,1,1,0,0,0,0,1,7,1,7,0,1,7,8,7,1,0,7,1,0,18.0,4.0
15,056,12,0,12,0,0,12,0,0,0,0,2,10,0,0,0,2,10,0,12,0,1,3,8,0,0,0,0,0,0,0,0,0,0,0,0,0,0,0,12,0,0,0,0,0,0,0,0,0,0,0,0,0,0,0,0,0,0,0,0,0,0,0,0,0,0,4,0,0,0,0,0,8,0,0,0,0,0,0,0,0,0,0,0,0,0,0,0,0,0,0,12,0,0,12,0,2,10,0,0,12,0,2,10,0,1,8,3,0,0,0,12,12,0,4,8,0,12,0,12,1,11,0,2,5,5,5,7,0,12,0,0,0,0,0,0,0,0,0,0,0,0,0,1,0,0,0,0,0,0,0,8,0,1,0,0,2,0,0,0,0,0,0,0,0,0,0,1,0,0,0,0,0,0,0,0,0,0,8,0,0,0,0,2,1,0,0,0,4,0,8,0,0,0,0,0,0,0,4,8,0,12,0,3,9,12,10,2,0,9,3,0,19.666666666666668,11.0
15,057,820,26,794,0,14,806,0,56,0,16,163,585,94,0,16,163,547,72,748,0,8,427,385,0,0,0,0,0,0,1,1,2,176,1,3,6,9,2,587,7,1,0,0,8,2,0,0,3,0,1,0,0,0,9,0,0,1,0,0,0,0,0,0,0,0,264,0,0,0,3,1,547,0,0,0,0,0,2,2,0,0,0,0,0,0,0,1,0,0,19,801,0,1,797,22,88,732,0,1,797,22,23,797,0,8,602,210,0,0,1,819,819,1,67,753,25,795,0,820,53,767,0,91,720,9,28,792,0,820,41,4,7,1,16,1,0,0,2,2,0,0,0,28,4,34,0,56,0,0,16,437,0,4,1,3,123,40,0,0,1,1,16,0,0,0,0,0,0,0,0,6,2,0,0,0,0,0,437,0,0,0,1,123,193,40,0,0,129,0,57,0,13,514,0,97,10,0,435,385,28,792,0,210,610,820,697,123,7,603,210,0,44.06341463414634,48.0
15,058,596,16,579,1,15,580,1,38,1,11,261,285,55,1,11,261,268,74,520,2,0,332,263,1,0,0,0,0,1,0,0,1,292,2,5,2,4,1,261,7,0,0,0,8,5,0,0,0,0,0,0,0,5,1,0,0,1,2,0,0,0,0,0,0,1,459,0,0,0,2,0,125,1,0,0,0,0,2,1,0,0,1,0,0,0,1,0,0,1,8,587,1,1,581,14,69,526,1,0,580,16,29,567,0,8,165,423,0,0,1,595,595,1,78,518,56,540,0,596,68,526,2,103,478,15,13,582,1,596,22,3,5,5,11,0,0,1,1,7,3,0,0,18,4,15,0,38,1,0,12,180,1,3,3,2,253,8,1,0,0,0,11,0,0,0,0,0,0,0,0,1,0,1,0,0,0,0,180,1,0,0,0,253,140,8,1,0,214,0,30,0,0,203,0,76,72,0,333,263,28,568,0,423,173,596,343,253,4,169,423,0,38.78691275167785,37.5
15,059,15,1,14,0,0,15,0,2,0,0,1,12,1,0,0,1,13,3,12,0,1,9,5,0,0,0,0,0,0,0,0,0,3,0,0,1,0,0,9,0,0,0,0,0,0,0,0,0,0,0,0,0,0,2,0,0,0,0,0,0,0,0,0,0,0,4,0,0,0,0,0,11,0,0,0,0,0,0,0,0,0,0,0,0,0,0,0,0,0,0,15,0,0,15,0,3,12,0,0,15,0,0,15,0,0,12,3,0,0,0,15,15,0,5,10,1,14,0,15,1,14,0,2,12,1,0,15,0,15,1,0,0,0,0,0,0,0,0,0,0,0,0,0,0,0,0,2,0,0,0,11,0,0,0,0,1,0,0,0,0,0,0,0,0,0,0,0,0,0,0,0,0,0,0,0,0,0,11,0,0,0,0,1,3,0,0,0,3,0,0,0,0,9,0,3,0,0,10,5,0,15,0,3,12,15,14,1,0,12,3,0,41.733333333333334,46.0
15,060,277,17,260,0,8,269,0,14,0,7,50,206,32,0,7,50,188,62,215,0,1,133,143,0,0,0,0,0,0,0,0,0,36,0,4,1,1,1,205,11,0,0,0,3,7,0,0,1,0,0,0,0,0,5,0,1,1,0,0,0,0,0,0,0,0,39,0,0,0,2,0,234,0,0,0,0,0,0,1,1,0,0,0,0,0,0,0,0,0,25,252,0,1,273,3,102,175,0,2,273,2,6,271,0,2,236,39,0,0,0,277,276,1,65,212,11,266,0,277,35,242,0,24,252,1,31,246,0,277,17,3,1,2,7,0,1,0,0,1,0,0,0,5,1,8,0,14,0,0,3,162,0,1,1,0,31,19,1,0,0,0,7,0,0,0,0,0,0,0,0,2,0,0,0,0,0,1,162,0,0,0,0,31,54,19,0,0,30,0,40,0,6,178,0,18,5,0,134,143,11,266,0,39,238,277,246,31,0,238,39,0,42.231046931407946,47.0
15,061,5,0,5,0,0,5,0,1,0,0,2,2,0,0,0,2,3,0,5,0,0,2,3,0,0,0,0,0,0,0,0,0,0,0,0,0,1,0,4,0,0,0,0,0,0,0,0,0,0,0,0,0,0,0,0,0,0,0,0,0,0,0,0,0,0,1,0,0,0,4,0,0,0,0,0,0,0,0,0,0,0,0,0,0,0,0,0,0,0,0,5,0,0,4,1,0,5,0,0,5,0,0,5,0,0,3,2,0,0,0,5,5,0,3,2,0,5,0,5,1,4,0,1,4,0,0,5,0,5,0,0,0,0,0,0,0,0,0,0,0,0,0,0,1,0,0,1,0,0,0,1,0,0,0,0,2,0,0,0,0,0,0,0,0,0,0,0,0,0,0,1,0,0,0,0,0,0,1,0,0,0,0,2,1,0,0,0,1,0,1,2,0,0,0,1,0,0,2,3,1,4,0,2,3,5,3,2,1,2,2,0,17.8,5.0
15,062,25,0,25,0,1,24,0,0,0,0,6,19,2,0,0,6,17,1,24,0,0,8,17,0,0,0,0,0,0,0,0,0,1,0,0,0,0,1,23,0,0,0,0,0,0,0,0,0,0,0,0,0,0,0,0,0,0,0,0,0,0,0,0,0,0,6,0,0,0,0,0,19,0,0,0,0,0,0,0,0,0,0,0,0,0,0,0,0,0,1,24,0,0,23,2,2,23,0,0,24,1,2,23,0,2,16,7,0,0,0,25,25,0,11,14,1,24,0,25,3,22,0,6,9,10,1,24,0,25,0,1,1,0,0,0,0,0,0,0,0,0,0,0,1,1,0,0,0,0,1,14,0,0,0,0,5,1,0,0,0,0,0,0,0,0,0,0,0,0,0,0,0,0,0,0,0,0,14,0,0,0,0,5,5,1,0,0,4,0,15,0,4,0,0,2,0,0,8,17,2,23,0,7,18,25,20,5,1,17,7,0,20.2,11.0
15,063,12,0,12,0,0,12,0,1,0,0,1,10,3,0,0,1,8,2,10,0,0,4,8,0,0,0,0,0,0,0,0,0,1,0,0,0,0,0,11,0,0,0,0,0,0,0,0,0,0,0,0,0,0,0,0,0,0,0,0,0,0,0,0,0,0,2,0,0,0,0,0,10,0,0,0,0,0,0,0,0,0,0,0,0,0,0,0,0,0,0,12,0,0,11,1,1,11,0,0,12,0,0,12,0,1,9,2,0,0,0,12,12,0,7,5,1,11,0,12,0,12,0,2,7,3,2,10,0,12,0,0,0,2,0,0,0,0,0,0,0,0,0,1,0,0,0,1,0,0,1,5,0,1,0,0,1,0,0,0,0,0,0,0,0,0,0,0,0,0,0,0,0,0,0,0,0,1,5,0,0,0,0,1,5,0,0,0,2,0,10,0,0,0,0,0,0,0,4,8,1,11,0,2,10,12,11,1,1,9,2,0,24.75,16.0
15,064,15,1,14,0,0,15,0,0,1,0,2,12,1,1,0,2,11,0,15,0,0,8,7,0,0,0,0,0,0,0,0,0,0,0,0,0,0,0,15,0,0,0,0,0,0,0,0,0,0,0,0,0,0,0,0,0,0,0,0,0,0,0,0,0,0,3,0,0,0,0,0,12,0,0,0,0,0,0,0,0,0,0,0,0,0,0,0,0,0,0,15,0,0,15,0,0,15,0,0,15,0,5,10,0,0,12,3,0,0,0,15,15,0,8,7,0,15,0,15,1,14,0,0,7,8,0,15,0,15,0,0,0,1,0,0,0,0,0,1,0,0,0,0,0,0,0,0,0,0,0,10,1,0,0,0,2,0,0,0,0,0,0,0,0,0,0,0,0,0,0,0,0,0,0,0,0,0,10,1,0,0,0,2,2,0,0,0,3,0,12,0,0,0,0,0,0,0,8,7,0,15,0,3,12,15,13,2,0,12,3,0,13.0,9.0
15,065,12,0,12,0,1,11,0,1,0,0,1,10,1,0,0,1,10,0,12,0,0,4,8,0,0,0,0,0,0,0,0,0,0,0,0,0,1,0,11,0,0,0,0,0,0,0,0,0,0,0,0,0,0,0,0,0,0,0,0,0,0,0,0,0,0,4,0,0,0,3,0,5,0,0,0,0,0,0,0,0,0,0,0,0,0,0,0,0,0,0,12,0,0,10,2,2,10,0,0,10,2,0,12,0,0,11,1,0,0,0,12,12,0,4,8,0,12,0,12,1,11,0,3,8,1,2,10,0,12,1,0,0,0,0,0,0,0,0,0,0,0,0,0,0,0,0,1,0,1,0,8,0,0,0,0,1,0,0,0,0,0,0,0,0,0,0,0,0,0,0,0,0,0,0,0,0,0,8,0,0,0,0,1,3,0,0,0,2,0,3,2,0,4,0,0,1,0,4,8,0,12,0,1,11,12,11,1,0,11,1,0,25.25,22.0
15,066,1,0,1,0,0,1,0,0,0,0,1,0,0,0,0,1,0,0,1,0,0,0,1,0,0,0,0,0,0,0,0,0,0,0,0,0,0,0,1,0,0,0,0,0,0,0,0,0,0,0,0,0,0,0,0,0,0,0,0,0,0,0,0,0,0,0,0,0,0,0,0,1,0,0,0,0,0,0,0,0,0,0,0,0,0,0,0,0,0,0,1,0,0,1,0,0,1,0,0,1,0,0,1,0,0,0,1,0,0,0,1,1,0,0,1,0,1,0,1,0,1,0,0,1,0,0,1,0,1,0,0,0,0,0,0,0,0,0,0,0,0,0,0,0,0,0,0,0,0,0,0,0,0,0,0,1,0,0,0,0,0,0,0,0,0,0,0,0,0,0,0,0,0,0,0,0,0,0,0,0,0,0,1,0,0,0,0,0,0,1,0,0,0,0,0,0,0,0,1,0,1,0,1,0,1,0,1,0,0,1,0,21.0,21.0
15,067,34,1,33,0,0,34,0,1,0,0,8,25,3,0,0,8,23,5,29,0,0,12,22,0,0,0,0,0,0,0,0,0,0,0,0,0,0,0,34,0,0,0,0,0,0,0,0,0,0,0,0,0,0,0,0,0,0,0,0,0,0,0,0,0,0,2,0,0,0,0,0,32,0,0,0,0,0,0,0,0,0,0,0,0,0,0,0,0,0,0,34,0,0,31,3,2,32,0,0,32,2,3,31,0,2,25,7,0,0,0,34,34,0,19,15,0,34,0,34,0,34,0,2,16,16,1,33,0,34,0,0,2,1,0,0,0,0,0,0,0,0,0,0,0,1,0,1,0,0,1,20,0,0,0,0,7,1,0,0,0,0,0,0,0,0,0,0,0,0,0,0,0,0,0,0,0,0,20,0,0,0,0,7,6,1,0,0,1,0,30,0,1,1,0,0,1,0,12,22,1,33,0,7,27,34,27,7,2,25,7,0,23.147058823529413,7.5
15,068,8,0,8,0,1,7,0,1,0,0,1,6,0,0,0,1,7,0,8,0,0,4,4,0,0,0,0,0,0,0,0,0,1,0,0,0,0,0,7,0,0,0,0,0,0,0,0,0,0,0,0,0,0,0,0,0,0,0,0,0,0,0,0,0,0,8,0,0,0,0,0,0,0,0,0,0,0,0,0,0,0,0,0,0,0,0,0,0,0,0,8,0,0,5,3,0,8,0,0,5,3,2,6,0,0,4,4,0,0,0,8,8,0,1,7,0,8,0,8,2,6,0,2,6,0,0,8,0,8,0,0,0,0,0,0,0,0,0,0,1,0,0,1,0,0,0,1,0,0,0,4,0,0,0,0,1,0,0,0,0,0,0,0,0,0,0,0,0,0,0,0,0,0,0,0,0,0,4,0,0,0,0,1,3,0,0,0,7,0,0,0,0,0,0,1,0,0,4,4,0,8,0,4,4,8,7,1,0,4,4,0,29.125,27.5
15,069,2,0,2,0,0,2,0,0,0,0,0,2,0,0,0,0,2,0,2,0,0,1,1,0,0,0,0,0,0,0,0,0,1,0,0,0,0,0,1,0,0,0,0,0,0,0,0,0,0,0,0,0,0,0,0,0,0,0,0,0,0,0,0,0,0,1,0,0,0,0,0,1,0,0,0,0,0,0,0,0,0,0,0,0,0,0,0,0,0,0,2,0,0,2,0,0,2,0,0,2,0,0,2,0,0,0,2,0,0,0,2,2,0,0,2,0,2,0,2,0,2,0,1,1,0,0,2,0,2,0,0,0,0,0,0,0,0,0,0,0,0,0,0,0,0,0,0,0,0,0,2,0,0,0,0,0,0,0,0,0,0,0,0,0,0,0,0,0,0,0,0,0,0,0,0,0,0,2,0,0,0,0,0,0,0,0,0,1,0,0,0,0,1,0,0,0,0,1,1,0,2,0,2,0,2,2,0,0,0,2,0,39.0,39.0
15,070,56,5,51,0,2,54,0,5,0,1,5,45,8,0,1,5,42,8,48,0,0,30,26,0,0,0,0,0,0,0,1,0,18,0,0,1,1,0,27,0,1,0,0,3,2,0,0,0,0,0,0,0,0,1,0,0,1,0,0,0,0,0,0,0,0,51,0,0,0,0,0,4,0,0,0,0,0,0,0,0,0,0,0,0,0,0,1,0,0,0,56,0,0,54,2,11,45,0,0,54,2,5,51,0,2,29,25,0,1,0,55,55,1,14,42,1,55,0,56,9,47,0,12,43,1,3,53,0,56,2,2,1,1,1,2,0,0,0,2,1,0,0,5,0,1,0,5,0,0,2,25,0,0,0,1,5,0,0,2,0,0,1,0,0,0,0,1,0,0,0,1,1,0,0,0,0,0,25,0,0,0,0,5,20,0,0,0,38,0,5,0,0,7,0,4,2,0,30,26,5,51,0,25,31,56,51,5,1,30,25,0,31.267857142857142,28.0
15,072,3,0,3,0,0,3,0,1,0,0,0,2,0,0,0,0,3,2,1,0,0,2,1,0,0,0,0,0,0,0,0,0,0,0,0,0,0,0,3,0,0,0,0,0,0,0,0,0,0,0,0,0,0,0,0,0,0,0,0,0,0,0,0,0,0,0,0,0,0,0,0,3,0,0,0,0,0,0,0,0,0,0,0,0,0,0,0,0,0,0,3,0,0,3,0,1,2,0,0,3,0,0,3,0,0,3,0,0,0,0,3,3,0,3,0,1,2,0,3,0,3,0,0,2,1,0,3,0,3,0,0,0,0,0,0,0,0,0,0,0,0,0,0,0,0,0,1,0,0,0,2,0,0,0,0,0,0,0,0,0,0,0,0,0,0,0,0,0,0,0,0,0,0,0,0,0,0,2,0,0,0,0,0,1,0,0,0,0,0,3,0,0,0,0,0,0,0,2,1,0,3,0,0,3,3,3,0,0,3,0,0,43.333333333333336,48.0
15,073,3,0,3,0,0,3,0,0,0,0,1,2,0,0,0,1,2,0,3,0,0,0,3,0,0,0,0,0,0,0,0,0,0,0,0,0,0,0,3,0,0,0,0,0,0,0,0,0,0,0,0,0,0,0,0,0,0,0,0,0,0,0,0,0,0,0,0,0,0,0,0,3,0,0,0,0,0,0,0,0,0,0,0,0,0,0,0,0,0,0,3,0,0,3,0,0,3,0,0,3,0,0,3,0,0,2,1,0,0,0,3,3,0,1,2,0,3,0,3,0,3,0,0,1,2,0,3,0,3,0,0,0,0,0,0,0,0,0,0,0,0,0,0,0,0,0,0,0,0,0,2,0,0,0,0,1,0,0,0,0,0,0,0,0,0,0,0,0,0,0,0,0,0,0,0,0,0,2,0,0,0,0,1,0,0,0,0,0,0,2,0,1,0,0,0,0,0,0,3,0,3,0,1,2,3,2,1,0,2,1,0,12.666666666666666,5.0
15,074,38,1,37,0,1,37,0,1,0,1,8,28,4,0,1,8,25,3,35,0,0,24,14,0,0,0,0,0,0,0,0,0,1,0,0,0,0,0,37,0,0,0,0,0,0,0,0,0,0,0,0,0,0,0,0,0,0,0,0,0,0,0,0,0,0,9,0,0,0,0,0,27,0,0,0,0,0,0,2,0,0,0,0,0,0,0,0,0,0,0,38,0,0,36,2,3,35,0,0,37,1,2,36,0,1,24,13,0,0,0,38,38,0,14,24,1,37,0,38,2,36,0,5,14,19,2,36,0,38,1,0,1,0,1,0,0,0,0,0,0,0,0,0,0,2,0,1,0,0,1,23,0,0,0,0,8,0,0,0,0,0,1,0,0,0,0,0,0,0,0,1,0,0,0,0,0,0,23,0,0,0,0,8,5,0,0,0,11,0,24,0,2,0,1,0,0,0,24,14,0,38,0,13,25,38,30,8,2,23,13,0,20.44736842105263,12.5
15,075,4,1,3,0,0,4,0,0,0,1,1,2,1,0,1,1,1,1,3,0,0,1,3,0,0,0,0,0,0,0,0,0,1,0,0,1,0,0,2,0,0,0,0,0,0,0,0,0,0,0,0,0,0,0,0,0,0,0,0,0,0,0,0,0,0,1,0,0,0,1,0,2,0,0,0,0,0,0,0,0,0,0,0,0,0,0,0,0,0,0,4,0,0,4,0,3,1,0,0,4,0,0,4,0,0,3,1,0,0,0,4,4,0,0,4,1,3,0,4,0,4,0,1,3,0,0,4,0,4,1,0,0,0,1,0,0,0,0,0,0,0,0,0,0,0,0,0,0,0,0,1,0,0,0,0,1,0,0,0,0,0,1,0,0,0,0,0,0,0,0,0,0,0,0,0,0,0,1,0,0,0,0,1,1,0,0,0,1,0,0,0,0,2,0,1,0,0,1,3,1,3,0,1,3,4,3,1,0,3,1,0,37.25,39.0
15,076,33,1,32,0,2,31,0,1,0,0,6,26,6,0,0,6,21,1,32,0,0,16,17,0,0,0,0,0,0,0,0,0,2,0,0,0,1,0,30,0,0,0,0,0,0,0,0,0,0,0,0,0,0,0,0,0,0,0,0,0,0,0,0,0,0,3,0,0,0,0,0,30,0,0,0,0,0,0,0,0,0,0,0,0,0,0,0,0,0,1,32,0,0,33,0,2,31,0,0,33,0,1,32,0,0,23,10,0,0,0,33,33,0,14,19,3,30,0,33,0,33,0,2,14,17,1,32,0,33,2,0,3,1,0,0,0,0,0,0,0,0,0,0,0,2,0,1,0,0,1,17,0,0,0,0,6,0,0,0,0,0,0,0,0,0,0,0,0,0,0,0,0,0,0,0,0,0,17,0,0,0,0,6,10,0,0,0,2,0,26,0,2,3,0,0,0,0,16,17,2,31,0,10,23,33,27,6,0,23,10,0,25.242424242424242,4.0
15,077,8,0,8,0,0,8,0,0,0,0,1,7,1,0,0,1,6,0,8,0,0,5,3,0,0,0,0,0,0,0,0,0,0,0,0,0,0,0,8,0,0,0,0,0,0,0,0,0,0,0,0,0,0,0,0,0,0,0,0,0,0,0,0,0,0,0,0,0,0,0,0,8,0,0,0,0,0,0,0,0,0,0,0,0,0,0,0,0,0,0,8,0,0,8,0,1,7,0,0,8,0,0,8,0,1,6,1,0,0,0,8,8,0,6,2,1,7,0,8,0,8,0,3,3,2,0,8,0,8,0,0,0,0,0,0,0,0,0,0,0,0,0,0,0,0,0,0,0,0,1,6,0,0,0,0,1,0,0,0,0,0,0,0,0,0,0,0,0,0,0,0,0,0,0,0,0,0,6,0,0,0,0,1,1,0,0,0,0,0,8,0,0,0,0,0,0,0,5,3,0,8,0,1,7,8,7,1,1,6,1,0,17.875,5.0
15,078,2,0,2,0,0,2,0,0,0,0,0,2,0,0,0,0,2,0,2,0,0,2,0,0,0,0,0,0,0,0,0,0,0,0,0,0,0,0,2,0,0,0,0,0,0,0,0,0,0,0,0,0,0,0,0,0,0,0,0,0,0,0,0,0,0,1,0,0,0,0,0,1,0,0,0,0,0,0,0,0,0,0,0,0,0,0,0,0,0,0,2,0,0,2,0,0,2,0,0,2,0,0,2,0,0,2,0,0,0,0,2,2,0,1,1,0,2,0,2,0,2,0,0,1,1,1,1,0,2,0,0,0,0,0,0,0,0,0,0,0,0,0,0,0,0,0,0,0,0,0,2,0,0,0,0,0,0,0,0,0,0,0,0,0,0,0,0,0,0,0,0,0,0,0,0,0,0,2,0,0,0,0,0,0,0,0,0,1,0,1,0,0,0,0,0,0,0,2,0,0,2,0,0,2,2,2,0,0,2,0,0,18.0,18.0
15,079,4,0,4,0,0,4,0,0,0,0,0,4,0,0,0,0,4,1,3,0,0,3,1,0,0,0,0,0,0,0,0,0,0,0,0,0,3,0,1,0,0,0,0,0,0,0,0,0,0,0,0,0,0,0,0,0,0,0,0,0,0,0,0,0,0,3,0,0,0,0,0,1,0,0,0,0,0,0,0,0,0,0,0,0,0,0,0,0,0,0,4,0,0,4,0,0,4,0,0,4,0,3,1,0,0,4,0,0,0,0,4,4,0,1,3,0,4,0,4,2,2,0,1,2,1,1,3,0,4,0,0,0,0,0,0,0,0,0,0,0,0,0,0,0,0,0,0,0,0,0,4,0,0,0,0,0,0,0,0,0,0,0,0,0,0,0,0,0,0,0,0,0,0,0,0,0,0,4,0,0,0,0,0,0,0,0,0,3,0,1,0,0,0,0,0,0,0,3,1,0,4,0,0,4,4,4,0,0,4,0,0,45.75,59.0
15,080,6,0,6,0,0,6,0,1,0,0,0,5,1,0,0,0,5,0,6,0,0,3,3,0,0,0,0,0,0,0,0,0,0,0,0,0,0,0,6,0,0,0,0,0,0,0,0,0,0,0,0,0,0,0,0,0,0,0,0,0,0,0,0,0,0,1,0,0,0,0,0,5,0,0,0,0,0,0,0,0,0,0,0,0,0,0,0,0,0,0,6,0,0,6,0,0,6,0,0,6,0,0,6,0,2,3,1,0,0,0,6,6,0,2,4,0,6,0,6,0,6,0,3,0,3,0,6,0,6,0,0,0,1,0,0,0,0,0,0,0,0,0,0,0,0,0,1,0,0,0,4,0,0,0,0,0,0,0,0,0,0,0,0,0,0,0,0,0,0,0,0,0,0,0,0,0,0,4,0,0,0,0,0,2,0,0,0,1,0,4,0,1,0,0,0,0,0,3,3,0,6,0,1,5,6,6,0,1,4,1,0,20.166666666666668,9.5
15,081,296,13,283,0,8,287,1,20,1,3,30,242,44,1,3,30,218,59,236,1,10,150,136,0,0,1,0,0,0,0,3,0,114,0,4,2,9,1,121,5,1,0,1,6,12,0,0,2,0,0,1,0,2,9,1,0,1,0,0,0,0,0,0,0,0,88,0,0,1,10,0,196,0,0,0,0,0,1,0,0,0,0,0,0,0,0,0,0,0,7,289,0,0,288,8,71,224,1,0,287,9,9,287,0,5,202,89,0,0,1,295,295,1,41,255,15,281,0,296,25,270,1,35,259,2,31,265,0,296,19,4,0,2,3,1,0,2,0,1,0,0,1,8,0,16,0,20,0,1,5,181,0,2,0,0,29,1,0,0,0,0,3,0,0,0,0,1,0,0,1,0,0,1,0,0,0,0,181,0,0,0,0,29,79,1,0,0,48,0,20,0,1,159,0,66,2,0,160,136,12,284,0,89,207,296,267,29,1,206,89,0,39.395270270270274,42.5
15,082,112,6,106,0,1,111,0,5,0,1,48,58,15,0,1,48,48,11,101,0,3,53,56,0,0,0,0,0,0,0,0,0,0,0,0,7,0,0,104,1,0,0,0,0,0,0,0,0,0,0,0,0,0,0,0,0,0,0,0,0,0,0,0,0,0,3,0,0,0,0,0,109,0,0,0,0,0,0,0,0,0,0,0,0,0,0,0,0,0,8,104,0,0,111,1,9,103,0,0,110,2,5,107,0,0,51,61,0,0,0,112,112,0,42,70,4,108,0,112,0,112,0,50,54,8,1,111,0,112,1,0,1,7,1,0,0,0,0,0,0,0,0,0,0,4,0,5,0,0,3,42,0,0,0,0,42,6,0,0,0,0,1,0,0,0,0,0,0,0,0,0,0,0,0,0,0,0,42,0,0,0,0,42,21,6,0,0,3,0,109,0,0,0,0,0,0,0,56,56,7,105,0,61,51,112,70,42,4,47,61,0,22.973214285714285,15.0
15,083,5,0,5,0,0,5,0,1,0,0,0,4,0,0,0,0,5,0,5,0,0,3,1,1,0,0,0,0,0,0,0,0,0,0,0,0,0,0,4,0,0,0,0,0,0,1,0,0,0,0,0,0,0,0,0,0,0,0,0,0,0,0,0,0,0,3,0,0,0,0,0,1,0,0,0,0,0,0,1,0,0,0,0,0,0,0,0,0,0,0,5,0,0,4,1,0,5,0,0,4,1,1,4,0,0,4,1,0,0,0,5,5,0,1,4,0,5,0,5,2,3,0,0,5,0,0,5,0,5,0,1,0,0,0,0,0,0,0,0,0,0,0,1,0,0,0,1,0,0,0,2,0,0,0,0,0,0,0,0,0,0,0,0,0,0,0,0,0,0,0,0,0,0,0,0,0,0,2,0,0,0,0,0,3,0,0,0,4,0,1,0,0,0,0,0,0,0,4,1,0,5,0,1,4,5,5,0,0,4,1,0,20.4,16.0
15,084,10,0,10,0,0,10,0,0,0,0,3,7,2,0,0,3,5,1,9,0,0,5,5,0,0,0,0,0,0,0,0,0,0,0,0,0,3,0,7,0,0,0,0,0,0,0,0,0,0,0,0,0,0,0,0,0,0,0,0,0,0,0,0,0,0,2,0,0,0,2,0,6,0,0,0,0,0,0,0,0,0,0,0,0,0,0,0,0,0,0,10,0,0,10,0,3,7,0,0,10,0,0,10,0,0,7,3,0,0,0,10,10,0,0,10,1,9,0,10,2,8,0,2,8,0,2,8,0,10,0,0,0,1,0,0,0,0,0,0,0,0,0,1,0,1,0,0,0,0,0,4,0,0,0,0,2,1,0,0,0,0,0,0,0,0,0,0,0,0,0,0,0,0,0,0,0,0,4,0,0,0,0,2,3,1,0,0,2,0,1,0,0,6,0,1,0,0,5,5,0,10,0,3,7,10,8,2,0,7,3,0,40.0,32.0
15,085,11,0,11,0,0,11,0,3,0,0,4,4,2,0,0,4,5,2,9,0,0,6,5,0,0,0,0,0,0,0,0,0,0,0,0,0,0,0,11,0,0,0,0,0,0,0,0,0,0,0,0,0,0,0,0,0,0,0,0,0,0,0,0,0,0,2,0,0,0,1,0,7,0,0,0,0,0,0,1,0,0,0,0,0,0,0,0,0,0,1,10,0,0,11,0,1,10,0,0,11,0,0,11,0,0,7,4,0,0,0,11,11,0,4,7,1,10,0,11,1,10,0,4,6,1,2,9,0,11,0,0,0,2,0,0,0,0,0,0,0,0,0,0,0,0,0,3,0,0,0,2,0,0,0,0,3,1,0,0,0,0,0,0,0,0,0,0,0,0,0,0,0,0,0,0,0,0,2,0,0,0,0,3,5,1,0,0,3,0,8,0,0,0,0,0,0,0,6,5,0,11,0,4,7,11,8,3,0,7,4,0,33.27272727272727,24.0
15,086,20,0,20,0,1,19,0,0,0,0,2,18,5,0,0,2,13,3,17,0,0,7,13,0,0,0,0,0,0,0,0,0,0,0,0,0,0,0,20,0,0,0,0,0,0,0,0,0,0,0,0,0,0,0,0,0,0,0,0,0,0,0,0,0,0,3,0,0,0,1,0,16,0,0,0,0,0,0,0,0,0,0,0,0,0,0,0,0,0,3,17,0,0,19,1,3,17,0,0,19,1,3,17,0,2,13,5,0,0,0,20,20,0,11,9,0,20,0,20,2,18,0,2,7,11,0,20,0,20,0,0,1,4,0,0,0,0,0,0,0,0,0,0,0,1,0,0,0,0,0,12,0,0,0,0,2,0,0,0,0,0,0,0,0,0,0,0,0,0,0,0,0,0,0,0,0,0,12,0,0,0,0,2,6,0,0,0,3,0,16,0,0,0,0,1,0,0,7,13,0,20,0,5,15,20,18,2,2,13,5,0,23.2,3.0
15,087,48,0,48,0,2,46,0,4,0,0,9,35,7,0,0,9,32,6,42,0,0,23,25,0,0,0,0,0,0,0,0,0,0,0,0,0,0,0,48,0,0,0,0,0,0,0,0,0,0,0,0,0,0,0,0,0,0,0,0,0,0,0,0,0,0,6,0,0,0,0,0,42,0,0,0,0,0,0,0,0,0,0,0,0,0,0,0,0,0,1,47,0,3,45,0,7,41,0,3,45,0,6,42,0,2,32,14,0,0,0,48,48,0,24,24,1,47,0,48,2,46,0,6,23,19,3,45,0,48,2,0,2,2,0,0,0,0,0,0,0,0,0,1,1,3,0,4,0,0,0,24,0,0,0,0,9,0,0,0,0,0,0,0,0,0,0,0,0,0,0,0,0,0,0,0,0,0,24,0,0,0,0,9,15,0,0,0,5,0,41,0,0,2,0,0,0,0,23,25,0,48,0,14,34,48,39,9,0,34,14,0,23.583333333333332,8.0
15,088,90,7,83,0,4,86,0,5,1,2,5,77,14,1,2,5,68,14,76,0,0,44,46,0,0,0,0,0,0,0,0,0,2,0,0,1,0,0,87,0,0,0,0,0,0,0,0,0,0,0,0,0,0,0,0,0,0,0,0,0,0,0,0,0,0,3,0,0,0,0,0,87,0,0,0,0,0,0,0,0,0,0,0,0,0,0,0,0,0,10,80,0,0,87,3,16,74,0,0,90,0,3,87,0,2,65,23,0,0,0,90,90,0,62,28,7,83,0,90,1,89,0,25,59,6,7,83,0,90,2,0,0,7,2,0,2,0,0,0,0,0,0,2,2,5,0,5,0,0,0,57,1,0,0,0,1,4,0,0,0,0,2,0,0,0,0,0,0,0,0,0,0,0,0,0,0,0,57,1,0,0,0,1,25,4,0,0,3,0,86,0,1,0,0,0,0,0,44,46,5,85,0,23,67,90,89,1,1,66,23,0,35.388888888888886,29.0
15,089,1,0,1,0,0,1,0,0,0,0,0,1,0,0,0,0,1,0,1,0,0,1,0,0,0,0,0,0,0,0,0,0,1,0,0,0,0,0,0,0,0,0,0,0,0,0,0,0,0,0,0,0,0,0,0,0,0,0,0,0,0,0,0,0,0,1,0,0,0,0,0,0,0,0,0,0,0,0,0,0,0,0,0,0,0,0,0,0,0,0,1,0,0,1,0,0,1,0,0,1,0,1,0,0,0,1,0,0,0,0,1,1,0,0,1,0,1,0,1,1,0,0,0,1,0,0,1,0,1,0,0,0,0,0,0,0,0,0,0,0,0,0,1,0,0,0,0,0,0,0,0,0,0,0,0,0,0,0,0,0,0,0,0,0,0,0,0,0,0,0,0,0,0,0,0,0,0,0,0,0,0,0,0,1,0,0,0,1,0,0,0,0,0,0,0,0,0,1,0,0,1,0,0,1,1,1,0,0,1,0,0,17.0,17.0
15,090,31,1,30,0,4,27,0,4,0,1,6,20,2,0,1,6,22,4,26,1,0,20,11,0,0,0,0,0,0,0,0,0,1,0,0,0,0,0,30,0,0,0,0,0,0,0,0,0,0,0,0,0,0,0,0,0,0,0,0,0,0,0,0,0,0,1,0,0,0,0,0,30,0,0,0,0,0,0,0,0,0,0,0,0,0,0,0,0,0,3,27,1,0,29,2,10,21,0,0,29,2,3,28,0,0,23,8,0,0,0,31,31,0,20,11,5,26,0,31,2,29,0,8,15,8,3,28,0,31,1,0,2,0,1,0,0,0,0,0,0,0,0,0,1,1,0,4,0,0,0,15,0,0,0,0,5,1,0,0,0,0,1,0,0,0,0,0,0,0,0,1,0,0,0,0,0,0,15,0,0,0,0,5,8,1,0,0,1,0,26,0,4,0,0,0,0,0,20,11,0,31,0,8,23,31,26,5,1,22,8,0,42.903225806451616,48.0
15,091,19,0,19,0,0,19,0,0,0,0,5,14,5,0,0,5,9,1,18,0,0,8,11,0,0,0,0,0,0,0,0,0,2,0,0,0,0,0,16,0,0,0,0,0,0,0,0,0,0,0,0,0,0,1,0,0,0,0,0,0,0,0,0,0,0,10,0,0,0,1,0,8,0,0,0,0,0,0,0,0,0,0,0,0,0,0,0,0,0,0,19,0,0,19,0,2,17,0,0,19,0,1,18,0,0,13,6,0,0,0,19,19,0,6,13,0,19,0,19,2,17,0,4,15,0,0,19,0,19,1,1,0,1,0,0,0,0,0,0,0,0,0,1,1,2,0,0,0,0,1,6,0,0,0,0,4,1,0,0,0,0,0,0,0,0,0,0,0,0,0,1,0,0,0,0,0,0,6,0,1,0,0,4,6,1,0,0,6,0,1,1,2,0,0,9,0,0,8,11,2,17,0,6,13,19,15,4,0,13,6,0,28.31578947368421,25.0
15,092,24,0,24,0,1,23,0,3,0,0,2,19,3,0,0,2,19,4,20,0,0,15,9,0,0,0,0,0,0,0,0,0,6,0,0,0,1,1,12,2,0,0,0,0,2,0,0,0,0,0,0,0,0,0,0,0,0,0,0,0,0,0,0,0,0,11,0,0,0,0,0,13,0,0,0,0,0,0,0,0,0,0,0,0,0,0,0,0,0,1,23,0,0,24,0,5,19,0,0,24,0,2,22,0,1,18,5,0,0,0,24,24,0,5,19,1,23,0,24,3,21,0,4,20,0,3,21,0,24,2,1,0,0,0,0,1,0,0,0,0,0,0,1,0,1,0,3,0,0,0,13,0,0,0,0,2,0,1,0,0,0,0,0,0,0,0,0,0,0,0,0,0,0,0,0,0,0,13,0,0,0,0,2,8,0,0,0,10,0,0,0,0,10,0,4,0,0,15,9,0,24,0,5,19,24,22,2,0,19,5,0,45.666666666666664,48.0
15,093,6,0,6,0,0,6,0,0,0,0,0,6,1,0,0,0,5,2,3,1,0,3,3,0,0,0,0,0,0,0,0,0,0,0,0,0,0,0,6,0,0,0,0,0,0,0,0,0,0,0,0,0,0,0,0,0,0,0,0,0,0,0,0,0,0,3,0,0,0,0,0,0,0,0,0,0,0,0,0,0,0,0,0,0,0,3,0,0,0,0,3,3,0,6,0,2,3,1,0,6,0,1,5,0,3,3,0,0,0,0,6,6,0,4,2,0,6,0,6,2,4,0,1,2,3,1,5,0,6,1,0,0,0,0,0,0,0,0,0,0,0,0,0,0,0,0,0,0,0,0,4,0,0,1,0,0,0,0,0,0,0,0,0,0,0,0,0,0,0,0,0,0,0,0,0,0,0,4,0,0,0,0,0,2,0,0,0,3,0,3,0,0,0,0,0,0,0,3,3,0,6,0,0,6,6,6,0,1,5,0,0,40.833333333333336,43.5
15,094,6,0,6,0,0,6,0,0,0,0,0,6,1,0,0,0,5,0,6,0,0,2,4,0,0,0,0,0,0,0,0,0,0,0,0,0,0,0,4,0,0,0,0,2,0,0,0,0,0,0,0,0,0,0,0,0,0,0,0,0,0,0,0,0,0,6,0,0,0,0,0,0,0,0,0,0,0,0,0,0,0,0,0,0,0,0,0,0,0,0,6,0,0,5,1,0,6,0,0,5,1,0,6,0,0,3,3,0,0,0,6,6,0,1,5,0,6,0,6,2,4,0,2,4,0,0,6,0,6,0,0,0,0,0,0,0,0,0,1,0,0,0,0,0,0,0,0,0,0,1,4,0,0,0,0,0,0,0,0,0,0,0,0,0,0,0,0,0,0,0,0,0,0,0,0,0,0,4,0,0,0,0,0,2,0,0,0,5,0,0,0,0,0,0,1,0,0,2,4,0,6,0,3,3,6,6,0,0,3,3,0,37.5,32.0
15,095,9,0,9,0,1,8,0,0,0,0,3,6,2,0,0,3,4,3,6,0,1,4,4,0,0,0,0,0,0,0,0,0,2,0,0,0,0,0,5,2,0,0,0,0,0,0,0,0,0,0,0,0,0,0,0,0,0,0,0,0,0,0,0,0,0,2,0,0,0,0,0,7,0,0,0,0,0,0,0,0,0,0,0,0,0,0,0,0,0,1,8,0,0,9,0,3,6,0,0,9,0,0,9,0,0,7,2,0,0,0,9,9,0,1,8,0,9,0,9,0,9,0,0,9,0,1,8,0,9,0,0,0,0,0,0,0,0,0,0,0,0,0,0,0,2,0,0,0,0,0,4,0,0,0,0,2,1,0,0,0,0,0,0,0,0,0,1,0,0,0,0,0,0,0,0,0,0,4,0,0,0,0,2,1,1,0,0,2,0,0,0,1,0,0,6,0,0,5,4,2,7,0,2,7,9,7,2,0,7,2,0,53.0,57.0
15,096,13,0,13,0,1,12,0,2,0,0,0,11,3,0,0,0,10,2,11,0,1,7,5,0,0,0,0,0,0,0,0,0,3,0,0,0,0,0,10,0,0,0,0,0,0,0,0,0,0,0,0,0,0,0,0,0,0,0,0,0,0,0,0,0,0,8,0,0,0,0,0,5,0,0,0,0,0,0,0,0,0,0,0,0,0,0,0,0,0,1,12,0,0,12,1,3,10,0,0,13,0,1,12,0,1,9,3,0,0,0,13,13,0,3,10,1,12,0,13,2,11,0,0,13,0,3,10,0,13,1,1,0,0,0,1,0,0,0,0,0,0,0,0,2,1,0,2,0,0,0,5,0,0,0,0,0,0,0,0,0,0,0,0,0,0,0,0,0,0,0,0,0,0,0,0,0,0,5,0,0,0,0,0,8,0,0,0,8,0,0,0,0,4,0,1,0,0,8,5,1,12,0,3,10,13,13,0,1,9,3,0,31.53846153846154,31.0
15,097,2,0,2,0,1,1,0,0,0,0,1,1,0,0,0,1,1,1,1,0,0,0,2,0,0,0,0,0,0,0,0,0,0,0,0,0,0,0,2,0,0,0,0,0,0,0,0,0,0,0,0,0,0,0,0,0,0,0,0,0,0,0,0,0,0,0,0,0,0,0,0,2,0,0,0,0,0,0,0,0,0,0,0,0,0,0,0,0,0,0,2,0,0,2,0,0,2,0,0,2,0,1,1,0,0,2,0,0,0,0,2,2,0,1,1,1,1,0,2,0,2,0,0,1,1,0,2,0,2,0,0,0,0,0,0,0,0,0,0,0,0,0,0,0,0,0,0,0,0,0,1,0,0,0,0,1,0,0,0,0,0,0,0,0,0,0,0,0,0,0,0,0,0,0,0,0,0,1,0,0,0,0,1,0,0,0,0,0,0,1,0,1,0,0,0,0,0,0,2,0,2,0,0,2,2,1,1,0,2,0,0,39.5,39.5
15,098,2,0,2,0,0,2,0,0,0,0,1,1,1,0,0,1,0,1,1,0,0,2,0,0,0,0,0,0,0,0,0,0,0,0,0,1,0,0,1,0,0,0,0,0,0,0,0,0,0,0,0,0,0,0,0,0,0,0,0,0,0,0,0,0,0,0,0,0,0,1,0,1,0,0,0,0,0,0,0,0,0,0,0,0,0,0,0,0,0,0,2,0,0,2,0,0,2,0,0,2,0,0,2,0,0,1,1,0,0,0,2,2,0,1,1,0,2,0,2,0,2,0,1,1,0,0,2,0,2,0,0,0,0,0,0,0,0,0,0,0,0,0,0,0,1,0,0,0,0,0,0,0,0,0,0,1,0,0,0,0,0,0,0,0,0,0,0,0,0,0,0,0,0,0,0,0,0,0,0,0,0,0,1,1,0,0,0,0,0,1,0,0,0,0,1,0,0,2,0,0,2,0,1,1,2,1,1,0,1,1,0,58.5,58.5
15,099,74,3,71,0,3,71,0,9,0,0,7,58,13,0,0,7,54,9,63,2,1,35,38,0,0,0,0,0,0,0,0,1,15,0,0,0,1,0,53,0,0,1,0,0,2,0,0,0,0,1,0,0,0,0,0,0,0,0,0,0,0,0,0,0,0,46,0,0,0,2,0,21,1,0,0,0,0,2,0,0,0,0,0,0,0,2,0,0,0,2,70,2,0,69,5,7,67,0,0,69,5,5,69,0,1,40,33,0,0,0,74,74,0,14,60,3,71,0,74,13,61,0,16,56,2,2,72,0,74,6,0,4,1,0,0,0,0,0,1,0,0,0,4,1,3,0,9,0,0,2,34,0,1,1,0,7,0,0,0,1,0,0,1,0,0,0,0,0,0,0,1,1,0,0,0,0,0,34,0,0,0,0,7,29,0,0,0,36,0,5,0,1,22,0,9,1,0,36,38,5,69,0,33,41,74,67,7,2,39,33,0,34.054054054054056,33.0
15,100,6,0,5,1,0,6,0,1,0,0,1,4,2,0,0,1,3,1,4,1,0,4,2,0,0,0,0,0,0,0,0,0,1,0,0,1,0,0,4,0,0,0,0,0,0,0,0,0,0,0,0,0,0,0,0,0,0,0,0,0,0,0,0,0,0,6,0,0,0,0,0,0,0,0,0,0,0,0,0,0,0,0,0,0,0,0,0,0,0,0,5,1,0,5,1,1,5,0,0,5,1,2,4,0,1,0,5,0,0,0,6,6,0,1,5,0,6,0,6,4,2,0,3,3,0,0,6,0,6,1,0,0,0,0,0,0,0,0,0,0,0,0,0,0,1,0,1,0,0,0,2,0,0,0,0,1,0,0,0,0,0,0,0,0,0,0,0,0,0,0,0,0,0,0,0,0,0,2,0,0,0,0,1,3,0,0,0,5,0,0,0,0,0,0,1,0,0,4,2,0,6,0,5,1,6,5,1,0,1,5,0,47.666666666666664,46.0
15,101,27,1,26,0,1,26,0,1,0,0,3,23,6,0,0,3,18,2,25,0,0,16,11,0,0,0,0,0,0,0,0,0,0,0,0,0,0,0,27,0,0,0,0,0,0,0,0,0,0,0,0,0,0,0,0,0,0,0,0,0,0,0,0,0,0,3,0,0,0,0,0,24,0,0,0,0,0,0,0,0,0,0,0,0,0,0,0,0,0,0,27,0,0,27,0,0,27,0,0,27,0,0,27,0,2,20,5,0,0,0,27,27,0,12,15,1,26,0,27,1,26,0,1,13,13,1,26,0,27,0,0,3,2,0,0,0,0,0,0,0,0,0,0,1,1,0,1,0,0,3,13,0,0,0,0,3,0,0,0,0,0,0,0,0,0,0,0,0,0,0,0,0,0,0,0,0,0,13,0,0,0,0,3,11,0,0,0,3,0,24,0,0,0,0,0,0,0,16,11,0,26,1,5,22,27,24,3,2,20,5,0,13.037037037037036,4.0
15,102,3,0,3,0,0,3,0,0,0,0,1,2,1,0,0,1,1,0,3,0,0,1,2,0,0,0,0,0,0,0,0,0,0,0,0,0,0,1,2,0,0,0,0,0,0,0,0,0,0,0,0,0,0,0,0,0,0,0,0,0,0,0,0,0,0,0,0,0,0,0,1,2,0,0,0,0,0,0,0,0,0,0,0,0,0,0,0,0,0,0,3,0,0,3,0,0,3,0,0,3,0,0,3,0,0,2,1,0,0,0,3,3,0,0,3,0,3,0,3,0,3,0,2,0,1,0,3,0,3,0,0,0,0,0,0,0,0,0,0,0,0,0,0,0,1,0,0,0,0,0,1,0,0,0,0,1,0,0,0,0,0,0,0,0,0,0,0,0,0,0,0,0,0,0,0,0,0,1,0,0,0,0,1,1,0,0,0,1,0,2,0,0,0,0,0,0,0,1,2,0,3,0,1,2,3,2,1,0,2,1,0,22.666666666666668,17.0
15,103,5,0,5,0,0,5,0,0,0,0,1,4,1,0,0,1,3,0,5,0,0,4,1,0,0,0,0,0,0,0,0,0,2,0,0,0,0,0,3,0,0,0,0,0,0,0,0,0,0,0,0,0,0,0,0,0,0,0,0,0,0,0,0,0,0,5,0,0,0,0,0,0,0,0,0,0,0,0,0,0,0,0,0,0,0,0,0,0,0,0,5,0,0,5,0,2,3,0,0,5,0,0,5,0,0,1,4,0,0,0,5,5,0,0,5,1,4,0,5,0,5,0,2,3,0,0,5,0,5,1,0,0,0,0,0,0,0,0,1,0,0,0,1,0,0,0,0,0,0,0,1,0,0,0,0,1,0,0,0,0,0,0,0,0,0,0,0,0,0,0,0,0,0,0,0,0,0,1,0,0,0,0,1,3,0,0,0,4,0,0,0,0,0,0,0,1,0,4,1,0,5,0,4,1,5,4,1,0,1,4,0,44.2,46.0
15,104,633,30,603,0,20,613,0,28,0,10,262,333,48,0,10,262,313,99,534,0,6,380,245,2,0,0,0,0,0,1,1,0,324,1,8,2,14,0,230,9,0,0,2,7,7,3,0,2,0,0,0,2,3,13,0,4,0,0,0,0,0,0,0,0,0,483,0,0,0,4,0,142,2,0,0,0,0,0,1,0,0,0,0,0,0,0,1,0,0,15,618,0,0,619,14,123,510,0,2,619,12,25,608,0,12,245,376,0,0,0,633,633,0,75,558,30,603,0,633,46,587,0,64,565,4,22,611,0,633,15,1,4,3,10,1,1,2,0,4,0,0,0,16,5,21,0,28,0,3,6,249,0,0,2,0,256,6,1,0,0,0,10,0,0,0,0,0,0,0,0,2,0,0,0,0,2,1,249,0,0,0,0,256,106,6,0,0,116,0,50,0,8,355,0,89,15,0,388,245,26,607,0,376,257,633,377,256,5,252,376,0,39.199052132701425,38.0
15,105,7,0,7,0,0,7,0,0,0,0,3,4,1,0,0,3,3,2,5,0,0,4,3,0,0,0,0,0,0,0,0,0,0,0,0,0,0,0,6,1,0,0,0,0,0,0,0,0,0,0,0,0,0,0,0,0,0,0,0,0,0,0,0,0,0,1,0,0,1,0,0,5,0,0,0,0,0,0,0,0,0,0,0,0,0,0,0,0,0,1,6,0,0,7,0,2,5,0,0,7,0,0,7,0,1,4,2,0,0,0,7,7,0,3,4,0,7,0,7,0,7,0,1,6,0,0,7,0,7,1,0,0,0,0,0,0,0,0,0,0,0,0,0,0,0,0,0,0,0,0,3,0,0,0,0,3,0,0,0,0,0,0,0,0,0,0,0,0,0,0,0,0,0,0,0,0,0,3,0,0,0,0,3,1,0,0,0,2,0,5,0,0,0,0,0,0,0,4,3,1,6,0,2,5,7,4,3,0,5,2,0,58.714285714285715,69.0
15,106,706,24,680,2,24,679,3,53,1,11,167,474,88,1,11,167,439,98,605,3,1,331,372,2,1,0,0,0,0,0,0,0,11,1,0,2,1,2,672,5,0,0,0,1,3,2,0,2,1,0,0,0,0,0,0,0,2,0,0,0,0,0,0,1,1,52,0,1,0,0,0,644,1,0,0,0,0,2,2,0,1,0,0,0,1,0,0,0,0,24,680,2,0,690,16,107,596,3,1,691,14,26,677,3,16,446,244,0,1,1,704,704,2,208,498,51,653,2,706,24,680,2,93,418,195,47,656,3,706,20,0,34,34,11,0,2,0,0,0,0,0,0,5,4,13,0,53,0,1,21,338,1,2,0,0,163,4,0,2,2,0,11,0,0,0,0,0,0,0,0,1,0,0,0,0,0,0,338,1,0,0,0,163,184,4,0,0,46,0,419,0,54,178,0,3,6,0,334,372,36,668,2,244,462,706,543,163,18,444,244,0,29.940509915014164,28.0
15,107,2,0,2,0,0,2,0,0,0,0,0,2,1,0,0,0,1,1,1,0,0,2,0,0,0,0,0,0,0,0,0,0,0,0,0,0,0,0,2,0,0,0,0,0,0,0,0,0,0,0,0,0,0,0,0,0,0,0,0,0,0,0,0,0,0,1,0,0,0,0,0,1,0,0,0,0,0,0,0,0,0,0,0,0,0,0,0,0,0,0,2,0,0,2,0,1,1,0,0,2,0,0,2,0,0,1,1,0,0,0,2,2,0,0,2,0,2,0,2,1,1,0,1,0,1,0,2,0,2,0,0,0,0,0,0,0,0,0,0,0,0,0,0,0,1,0,0,0,0,0,1,0,0,0,0,0,0,0,0,0,0,0,0,0,0,0,0,0,0,0,0,0,0,0,0,0,0,1,0,0,0,0,0,1,0,0,0,1,0,1,0,0,0,0,0,0,0,2,0,0,2,0,1,1,2,2,0,0,1,1,0,31.5,31.5
15,108,54,4,49,1,1,52,1,4,0,1,13,36,7,0,1,13,33,8,45,1,4,30,20,0,0,0,0,0,0,0,0,0,18,0,0,0,0,0,34,0,0,0,0,1,0,0,0,1,0,0,0,0,0,0,0,0,0,0,0,0,0,0,1,0,0,21,0,0,0,1,0,29,0,0,0,0,0,0,0,0,0,1,0,0,0,0,1,0,0,1,52,1,0,45,9,8,45,1,0,45,9,2,51,1,4,21,29,0,0,0,54,54,0,10,44,6,47,1,54,6,47,1,11,42,1,4,49,1,54,1,0,0,3,1,0,0,0,0,0,0,0,0,4,0,2,0,4,0,0,1,25,0,0,0,0,10,3,0,0,1,0,1,0,0,0,0,0,0,0,0,0,0,0,0,0,0,0,25,0,0,0,0,10,14,3,0,0,16,0,4,0,3,3,0,27,1,0,34,20,2,51,1,29,25,54,44,10,1,24,29,0,35.907407407407405,31.0
15,109,182,6,176,0,3,179,0,8,0,5,30,139,21,0,5,30,126,24,158,0,5,110,65,2,0,0,0,0,0,0,1,0,56,0,0,5,6,2,103,1,0,0,0,1,1,1,0,0,0,0,0,0,2,2,0,0,1,0,0,0,0,0,0,0,0,59,0,0,0,4,0,117,0,0,0,0,0,0,1,0,0,0,0,0,0,1,0,0,0,6,176,0,0,171,11,28,154,0,2,170,10,9,173,0,4,87,91,0,0,1,181,181,1,31,151,4,178,0,182,8,174,0,20,162,0,8,174,0,182,12,1,2,1,5,0,0,1,0,1,0,0,0,6,2,7,0,8,0,0,1,105,0,0,0,0,26,4,0,0,0,0,5,0,0,0,0,0,0,0,0,0,0,0,0,0,0,0,105,0,0,0,0,26,42,4,0,0,45,0,20,0,5,13,0,99,0,0,117,65,5,177,0,91,91,182,156,26,2,89,91,0,34.51648351648352,31.0
15,110,8,0,8,0,0,8,0,1,0,0,0,7,1,0,0,0,7,3,5,0,0,5,3,0,0,0,0,0,0,0,0,0,0,0,0,0,0,0,8,0,0,0,0,0,0,0,0,0,0,0,0,0,0,0,0,0,0,0,0,0,0,0,0,0,0,2,0,0,0,0,0,6,0,0,0,0,0,0,0,0,0,0,0,0,0,0,0,0,0,1,7,0,0,8,0,3,5,0,0,8,0,2,6,0,1,4,3,0,0,0,8,8,0,1,7,3,5,0,8,1,7,0,2,4,2,1,7,0,8,0,0,0,1,0,0,0,0,0,0,0,0,0,0,0,0,0,1,0,0,0,6,0,0,0,0,0,0,0,0,0,0,0,0,0,0,0,0,0,0,0,0,0,0,0,0,0,0,6,0,0,0,0,0,2,0,0,0,2,0,3,0,1,2,0,0,0,0,5,3,1,7,0,3,5,8,8,0,0,5,3,0,43.875,57.5
15,111,11,1,10,0,0,11,0,1,0,0,0,10,3,0,0,0,8,2,9,0,0,7,4,0,0,0,0,0,0,0,0,0,0,0,0,0,0,0,11,0,0,0,0,0,0,0,0,0,0,0,0,0,0,0,0,0,0,0,0,0,0,0,0,0,0,2,0,0,0,0,0,9,0,0,0,0,0,0,0,0,0,0,0,0,0,0,0,0,0,0,11,0,0,11,0,0,11,0,0,11,0,0,11,0,1,9,1,0,0,0,11,11,0,4,7,0,11,0,11,0,11,0,0,3,8,0,11,0,11,0,0,1,3,0,0,0,0,0,0,0,0,0,0,0,0,0,1,0,0,0,6,0,0,0,0,0,0,0,0,1,0,0,0,0,0,0,0,0,0,0,0,0,0,0,0,0,0,6,0,0,0,0,0,4,0,0,0,2,0,9,0,0,0,0,0,0,0,7,4,0,11,0,1,10,11,11,0,1,9,1,0,14.454545454545455,4.0
15,112,17,0,17,0,0,17,0,0,0,0,3,14,4,0,0,3,10,3,14,0,0,7,10,0,0,0,0,0,0,0,0,0,2,0,0,0,0,1,14,0,0,0,0,0,0,0,0,0,0,0,0,0,0,0,0,0,0,0,0,0,0,0,0,0,0,5,0,0,0,0,0,12,0,0,0,0,0,0,0,0,0,0,0,0,0,0,0,0,0,0,17,0,0,17,0,3,14,0,0,17,0,1,16,0,5,8,4,0,0,0,17,17,0,8,9,1,16,0,17,0,17,0,2,9,6,0,17,0,17,1,0,0,1,0,0,1,0,0,0,0,0,0,1,0,2,0,0,0,0,0,8,0,0,0,0,2,1,0,0,0,0,0,0,0,1,0,0,0,0,0,0,0,0,0,0,0,0,8,0,0,0,0,2,5,1,0,0,4,0,11,0,0,2,0,0,0,0,7,10,0,17,0,4,13,17,15,2,3,10,4,0,25.647058823529413,10.0
15,113,30,1,29,0,2,28,0,1,0,0,0,29,3,0,0,0,27,5,25,0,0,12,18,0,0,0,0,0,0,0,0,0,0,0,0,0,0,0,30,0,0,0,0,0,0,0,0,0,0,0,0,0,0,0,0,0,0,0,0,0,0,0,0,0,0,0,0,0,0,0,0,30,0,0,0,0,0,0,0,0,0,0,0,0,0,0,0,0,0,3,27,0,0,28,2,5,25,0,0,30,0,4,26,0,2,24,4,0,0,0,30,30,0,18,12,3,27,0,30,1,29,0,1,14,15,0,30,0,30,0,0,5,2,0,0,0,0,0,0,0,0,0,0,0,0,0,1,0,0,1,21,0,0,0,0,0,0,0,0,0,0,0,0,0,0,0,0,0,0,0,0,0,0,0,0,0,0,21,0,0,0,0,0,9,0,0,0,0,0,30,0,0,0,0,0,0,0,12,18,2,28,0,4,26,30,30,0,0,26,4,0,22.966666666666665,5.0
15,114,50,0,50,0,2,48,0,3,0,0,3,44,2,0,0,3,45,3,47,0,0,11,39,0,0,0,0,0,0,0,0,0,0,0,0,0,0,0,50,0,0,0,0,0,0,0,0,0,0,0,0,0,0,0,0,0,0,0,0,0,0,0,0,0,0,3,0,0,0,0,0,47,0,0,0,0,0,0,0,0,0,0,0,0,0,0,0,0,0,1,49,0,0,50,0,4,46,0,0,50,0,3,47,0,2,42,6,0,0,0,50,50,0,23,27,2,48,0,50,2,48,0,1,15,34,2,48,0,50,1,0,2,0,0,0,0,0,0,0,0,0,0,1,0,0,0,3,0,0,1,38,0,1,0,0,3,0,0,0,0,0,0,0,0,0,0,0,0,0,0,0,0,0,0,0,0,0,38,0,0,0,0,3,9,0,0,0,3,0,42,0,0,4,1,0,0,0,11,39,0,50,0,6,44,50,47,3,1,43,6,0,13.48,2.0
15,115,19,1,18,0,1,18,0,3,0,1,8,7,1,0,1,8,9,5,14,0,0,10,9,0,0,0,0,0,0,0,0,0,0,0,0,0,0,0,19,0,0,0,0,0,0,0,0,0,0,0,0,0,0,0,0,0,0,0,0,0,0,0,0,0,0,2,0,0,0,0,0,17,0,0,0,0,0,0,0,0,0,0,0,0,0,0,0,0,0,0,19,0,0,19,0,5,14,0,0,19,0,0,19,0,0,10,9,0,0,0,19,19,0,4,15,1,18,0,19,0,19,0,2,13,4,2,17,0,19,0,0,0,1,1,0,0,0,0,0,0,0,0,1,0,0,0,3,0,0,0,5,0,0,0,0,7,1,0,0,0,0,1,0,0,0,0,0,0,0,0,0,0,0,0,0,0,0,5,0,0,0,0,7,5,1,0,0,2,0,11,0,2,4,0,0,0,0,10,9,0,19,0,9,10,19,12,7,0,10,9,0,33.78947368421053,31.0
15,117,3,0,3,0,0,3,0,0,0,0,1,2,1,0,0,1,1,0,3,0,0,1,2,0,0,0,0,0,0,0,0,0,0,0,0,0,0,0,3,0,0,0,0,0,0,0,0,0,0,0,0,0,0,0,0,0,0,0,0,0,0,0,0,0,0,0,0,0,0,0,0,3,0,0,0,0,0,0,0,0,0,0,0,0,0,0,0,0,0,0,3,0,0,3,0,0,3,0,0,3,0,0,3,0,0,2,1,0,0,0,3,3,0,2,1,0,3,0,3,0,3,0,0,3,0,0,3,0,3,0,0,0,1,0,0,0,0,0,0,0,0,0,0,0,0,0,0,0,0,0,1,0,0,0,0,1,0,0,0,0,0,0,0,0,0,0,0,0,0,0,0,0,0,0,0,0,0,1,0,0,0,0,1,1,0,0,0,0,0,3,0,0,0,0,0,0,0,1,2,0,3,0,1,2,3,2,1,0,2,1,0,35.666666666666664,32.0
15,118,127,2,124,1,5,121,1,4,0,1,16,106,12,0,1,16,98,6,121,0,0,53,74,0,0,0,0,0,0,0,0,0,1,0,0,0,0,0,123,0,0,0,0,0,1,0,0,0,0,0,0,0,0,2,0,0,0,0,0,0,0,0,0,0,0,1,0,0,0,0,0,126,0,0,0,0,0,0,0,0,0,0,0,0,0,0,0,0,0,2,125,0,0,127,0,7,119,1,0,127,0,6,121,0,5,101,21,0,0,0,127,127,0,71,56,4,123,0,127,0,127,0,9,37,81,5,122,0,127,0,0,15,8,1,0,0,0,0,0,0,0,0,0,0,1,0,4,0,0,3,78,0,0,1,0,16,0,0,0,1,0,1,0,0,0,0,0,0,0,0,0,0,0,0,0,1,0,78,0,0,0,0,16,30,0,0,0,1,0,120,0,6,0,0,0,0,0,53,74,1,126,0,21,106,127,111,16,8,98,21,0,12.803149606299213,3.0
15,119,21,1,20,0,1,20,0,1,0,0,1,19,8,0,0,1,12,2,19,0,0,11,10,0,0,0,0,0,0,0,0,0,2,0,0,0,0,0,19,0,0,0,0,0,0,0,0,0,0,0,0,0,0,0,0,0,0,0,0,0,0,0,0,0,0,1,0,0,0,0,0,20,0,0,0,0,0,0,0,0,0,0,0,0,0,0,0,0,0,0,21,0,0,19,2,2,19,0,0,21,0,2,19,0,1,16,4,0,0,0,21,21,0,10,11,1,20,0,21,1,20,0,3,15,3,1,20,0,21,3,1,0,3,0,0,0,0,0,0,0,0,0,0,2,2,0,1,0,0,0,8,0,0,0,0,0,1,0,0,0,0,0,0,0,0,0,0,0,0,0,0,0,1,0,0,0,0,8,0,0,0,0,0,11,1,0,0,1,0,20,0,0,0,0,0,0,0,11,10,0,21,0,4,17,21,21,0,0,17,4,0,17.952380952380953,4.0
15,120,136,6,130,0,3,133,0,8,0,3,9,116,12,0,3,9,112,23,113,0,2,73,60,1,0,0,0,0,0,0,1,0,31,0,1,0,6,0,84,2,3,0,0,3,1,1,0,0,0,0,0,0,0,3,0,0,0,0,0,0,0,0,0,0,0,46,0,0,0,10,0,79,0,0,0,0,0,1,0,0,0,0,0,0,0,0,0,0,0,3,133,0,0,131,5,25,111,0,0,132,4,10,126,0,4,102,30,0,0,0,136,136,0,30,106,6,130,0,136,16,120,0,14,121,1,8,128,0,136,3,1,3,1,3,0,0,1,1,2,0,0,0,11,1,5,0,8,0,0,2,82,0,2,1,0,8,1,0,0,0,0,3,0,0,0,0,0,0,0,0,2,0,1,0,0,0,0,82,0,0,0,0,8,39,1,0,0,35,0,7,3,0,74,0,15,2,0,76,60,4,132,0,30,106,136,128,8,0,106,30,0,35.330882352941174,34.0
15,121,71,3,68,0,3,68,0,4,0,2,12,53,9,0,2,12,48,12,59,0,5,42,24,0,0,0,0,0,0,0,0,0,29,0,0,0,3,0,29,3,0,0,0,2,2,0,0,0,0,0,0,0,1,0,2,0,0,0,0,0,0,0,0,0,0,32,0,1,1,0,0,37,0,0,0,0,0,0,0,0,0,0,0,0,0,0,0,0,0,4,67,0,0,71,0,15,56,0,0,71,0,4,67,0,0,42,29,0,0,0,71,71,0,12,59,3,68,0,71,11,60,0,13,58,0,1,70,0,71,3,0,0,0,2,0,0,0,0,2,0,0,0,5,2,5,0,4,0,0,1,35,0,0,0,0,8,4,0,0,0,0,2,0,0,0,0,0,0,0,0,0,0,0,0,0,0,0,35,0,0,0,0,8,22,4,0,0,25,0,6,0,4,18,0,18,0,0,47,24,2,69,0,29,42,71,63,8,0,42,29,0,40.46478873239437,36.0
15,122,93,6,87,0,2,89,2,4,1,5,6,77,18,1,5,6,63,16,77,0,0,38,55,0,0,0,0,0,0,0,0,0,40,0,0,4,2,0,34,1,0,0,0,3,3,0,0,0,0,0,0,0,1,4,0,0,1,0,0,0,0,0,0,0,0,55,0,0,0,0,0,38,0,0,0,0,0,0,0,0,0,0,0,0,0,0,0,0,0,9,84,0,1,92,0,16,76,1,2,91,0,8,85,0,4,67,22,0,1,0,92,92,1,48,45,11,81,1,93,14,78,1,14,77,2,2,90,1,93,6,0,0,6,5,0,0,0,0,2,0,0,0,8,1,4,1,4,0,0,1,48,1,0,0,0,5,1,0,1,0,0,5,0,0,0,0,0,0,0,0,0,0,0,0,0,0,1,48,1,0,0,0,5,31,1,0,0,46,0,39,0,0,3,0,4,1,0,38,55,8,81,4,22,71,93,88,5,1,70,22,0,42.946236559139784,45.0
15,123,21,0,21,0,0,21,0,1,0,0,4,16,3,0,0,4,14,2,19,0,0,6,15,0,0,0,0,0,0,0,0,0,0,0,0,0,0,0,21,0,0,0,0,0,0,0,0,0,0,0,0,0,0,0,0,0,0,0,0,0,0,0,0,0,0,2,0,0,0,0,0,19,0,0,0,0,0,0,0,0,0,0,0,0,0,0,0,0,0,2,19,0,0,21,0,1,20,0,0,21,0,4,17,0,0,16,5,0,0,0,21,21,0,12,9,1,20,0,21,0,21,0,3,10,8,0,21,0,21,0,0,2,2,0,0,1,0,0,0,0,0,0,0,0,0,0,1,0,0,1,10,0,0,0,0,4,0,0,0,0,0,0,0,0,0,0,0,0,0,0,0,0,0,0,0,0,0,10,0,0,0,0,4,7,0,0,0,0,0,21,0,0,0,0,0,0,0,6,15,0,21,0,5,16,21,17,4,1,15,5,0,23.285714285714285,6.0
15,124,72,1,71,0,2,70,0,3,1,0,21,47,5,1,0,21,45,8,64,0,0,32,40,0,0,0,1,0,0,0,0,0,0,0,0,0,0,0,70,0,1,0,0,0,0,0,0,0,0,0,0,0,0,0,0,0,0,0,0,0,0,0,0,0,0,6,0,0,0,0,0,66,0,0,0,0,0,0,0,0,0,0,0,0,0,0,0,0,0,2,70,0,0,72,0,1,71,0,0,72,0,3,68,1,1,45,26,0,0,0,72,72,0,32,40,0,72,0,72,4,68,0,4,55,13,2,70,0,72,3,0,1,0,0,0,0,0,0,0,0,0,0,1,0,2,0,3,0,0,0,40,1,0,0,0,21,0,0,0,0,0,0,0,0,0,0,0,0,0,0,0,0,0,0,0,0,0,40,1,0,0,0,21,10,0,0,0,6,0,23,0,0,0,43,0,0,0,32,40,1,71,0,26,46,72,51,21,1,45,26,0,20.208333333333332,6.5
15,125,5,0,5,0,1,4,0,0,0,0,0,5,2,0,0,0,3,0,5,0,0,3,2,0,0,0,0,0,0,0,0,0,0,0,0,0,0,0,5,0,0,0,0,0,0,0,0,0,0,0,0,0,0,0,0,0,0,0,0,0,0,0,0,0,0,1,0,0,0,0,0,4,0,0,0,0,0,0,0,0,0,0,0,0,0,0,0,0,0,1,4,0,0,5,0,2,3,0,0,5,0,1,4,0,0,4,1,0,0,0,5,5,0,0,5,0,5,0,5,0,5,0,0,5,0,2,3,0,5,1,0,0,0,0,0,0,0,0,0,0,0,0,1,0,1,0,0,0,0,0,2,0,0,0,0,0,0,0,0,0,0,0,0,0,0,0,0,0,0,0,0,0,0,0,0,0,0,2,0,0,0,0,0,3,0,0,0,1,0,0,0,0,4,0,0,0,0,3,2,0,5,0,1,4,5,5,0,0,4,1,0,25.4,21.0
16,001,7,0,7,0,0,7,0,0,0,0,0,7,0,0,0,0,7,0,7,0,0,3,4,0,0,0,0,0,0,0,0,0,0,0,0,0,0,0,0,6,0,0,0,0,0,0,0,0,0,0,0,0,0,0,0,0,1,0,0,0,0,0,0,0,0,2,0,0,0,0,0,0,5,0,0,0,0,0,0,0,0,0,0,0,0,0,0,0,0,0,7,0,0,7,0,0,7,0,0,7,0,0,7,0,1,6,0,0,0,1,6,6,1,4,3,0,7,0,7,2,5,0,1,6,0,0,7,0,7,0,0,0,0,0,0,0,0,0,0,0,0,0,1,1,0,0,0,0,0,0,5,0,0,0,0,0,0,0,0,0,0,0,0,0,0,0,0,0,0,0,0,0,0,0,0,0,0,5,0,0,0,0,0,2,0,0,0,5,0,0,0,0,1,0,1,0,0,3,4,0,7,0,0,7,7,7,0,0,7,0,0,29.285714285714285,13.0
16,002,3,0,3,0,0,3,0,0,0,0,0,3,1,0,0,0,2,0,3,0,0,1,2,0,0,0,0,0,0,0,0,0,1,0,0,0,0,0,0,2,0,0,0,0,0,0,0,0,0,0,0,0,0,0,0,0,0,0,0,0,0,0,0,0,0,0,0,0,0,0,0,0,3,0,0,0,0,0,0,0,0,0,0,0,0,0,0,0,0,0,3,0,0,3,0,1,2,0,0,3,0,0,3,0,1,2,0,0,0,0,3,3,0,2,1,1,2,0,3,0,3,0,1,2,0,0,3,0,3,1,0,0,0,0,0,0,0,0,0,0,0,0,0,0,0,0,0,0,0,0,2,0,0,0,0,0,0,0,0,0,0,0,0,0,0,0,0,0,0,0,0,0,0,0,0,0,0,2,0,0,0,0,0,1,0,0,0,1,0,2,0,0,0,0,0,0,0,1,2,0,3,0,0,3,3,3,0,1,2,0,0,42.333333333333336,58.0
16,003,4,0,4,0,0,4,0,0,0,0,1,3,2,0,0,1,1,1,3,0,1,2,1,0,0,0,0,0,0,0,0,0,0,0,0,0,0,0,1,3,0,0,0,0,0,0,0,0,0,0,0,0,0,0,0,0,0,0,0,0,0,0,0,0,0,0,0,0,0,0,0,1,3,0,0,0,0,0,0,0,0,0,0,0,0,0,0,0,0,0,4,0,0,4,0,0,4,0,0,4,0,0,4,0,0,3,1,0,0,0,4,4,0,2,2,1,3,0,4,0,4,0,1,3,0,0,4,0,4,1,0,0,0,0,0,0,0,0,0,0,0,0,0,0,1,0,0,0,0,0,1,0,0,0,0,1,0,0,0,0,0,0,0,0,0,0,0,0,0,0,0,0,0,0,0,0,0,1,0,0,0,0,1,2,0,0,0,3,0,1,0,0,0,0,0,0,0,3,1,0,4,0,1,3,4,3,1,0,3,1,0,36.5,39.5
16,005,4,0,4,0,0,4,0,0,0,0,0,4,1,0,0,0,3,2,2,0,0,1,3,0,0,0,0,0,0,0,0,0,0,0,0,0,0,0,0,4,0,0,0,0,0,0,0,0,0,0,0,0,0,0,0,0,0,0,0,0,0,0,0,0,0,0,0,0,0,0,0,0,4,0,0,0,0,0,0,0,0,0,0,0,0,0,0,0,0,0,4,0,0,4,0,1,3,0,0,4,0,0,4,0,0,4,0,0,0,0,4,4,0,4,0,0,4,0,4,0,4,0,0,2,2,1,3,0,4,0,0,0,0,0,0,0,0,0,0,0,0,0,0,0,1,0,0,0,0,0,3,0,0,0,0,0,0,0,0,0,0,0,0,0,0,0,0,0,0,0,0,0,0,0,0,0,0,3,0,0,0,0,0,1,0,0,0,0,0,3,0,0,1,0,0,0,0,1,3,0,4,0,0,4,4,4,0,0,4,0,0,52.5,57.0
16,006,65,2,62,1,4,60,1,2,1,0,8,54,9,1,0,8,47,10,54,1,0,25,40,0,0,0,0,0,0,0,0,0,1,0,0,1,0,0,0,60,0,1,0,0,0,0,0,0,0,0,0,0,0,0,0,1,1,0,0,0,0,0,0,0,0,1,0,0,0,0,0,0,63,0,0,0,0,0,0,0,0,0,0,0,0,0,1,0,0,2,62,1,0,60,5,17,47,1,0,62,3,3,61,1,5,50,10,0,1,0,64,64,1,19,46,6,58,1,65,0,64,1,19,43,3,11,53,1,65,2,0,0,3,0,0,0,0,0,0,0,0,0,0,0,1,0,2,0,0,3,45,1,0,0,0,7,1,0,0,0,0,0,0,0,0,0,0,0,0,0,0,0,0,0,0,0,0,45,1,0,0,0,7,11,1,0,0,12,0,48,0,0,1,0,4,0,0,25,40,8,56,1,10,55,65,58,7,2,53,10,0,39.184615384615384,40.0
16,008,4,0,4,0,0,4,0,0,0,1,0,3,1,0,1,0,2,0,4,0,0,3,1,0,0,0,0,0,0,2,0,0,0,0,0,0,0,1,0,1,0,0,0,0,0,0,0,0,0,0,0,0,0,0,0,0,0,0,0,0,0,0,3,0,0,0,0,0,0,0,1,0,0,0,0,0,0,0,0,0,0,0,0,0,0,0,0,0,0,0,4,0,0,4,0,0,4,0,0,4,0,0,4,0,2,2,0,0,0,0,4,4,0,4,0,0,4,0,4,0,4,0,1,3,0,0,4,0,4,1,0,0,0,1,0,0,0,0,0,0,0,0,1,0,0,0,0,0,0,0,1,0,0,0,0,0,0,0,0,0,0,1,0,0,0,0,0,0,0,0,0,0,0,0,0,0,0,1,0,0,0,0,0,2,0,0,0,1,0,3,0,0,0,0,0,0,0,3,1,0,4,0,0,4,4,4,0,1,3,0,0,2.75,1.0
16,009,2,0,2,0,0,2,0,0,0,0,0,2,0,0,0,0,2,0,2,0,0,1,1,0,0,0,0,0,0,0,0,0,0,0,0,0,0,0,0,2,0,0,0,0,0,0,0,0,0,0,0,0,0,0,0,0,0,0,0,0,0,0,0,0,0,0,0,0,0,0,0,0,2,0,0,0,0,0,0,0,0,0,0,0,0,0,0,0,0,0,2,0,1,1,0,0,2,0,0,2,0,1,1,0,0,2,0,0,0,0,2,2,0,2,0,0,2,0,2,0,2,0,0,2,0,0,2,0,2,0,0,0,0,0,0,0,0,0,0,0,0,0,1,0,0,0,0,0,0,0,0,0,0,1,0,0,0,0,0,0,0,0,0,0,0,0,0,0,0,0,0,0,0,0,0,0,0,0,0,0,0,0,0,2,0,0,0,1,0,0,0,0,1,0,0,0,0,1,1,0,2,0,0,2,2,2,0,0,2,0,0,6.5,6.5
16,010,6,0,6,0,0,6,0,0,0,0,0,6,1,0,0,0,5,1,5,0,0,5,1,0,0,0,0,0,0,0,0,0,0,0,0,0,0,0,0,6,0,0,0,0,0,0,0,0,0,0,0,0,0,0,0,0,0,0,0,0,0,0,0,0,0,1,0,0,0,0,0,0,5,0,0,0,0,0,0,0,0,0,0,0,0,0,0,0,0,1,5,0,0,6,0,2,4,0,0,6,0,0,6,0,0,6,0,0,0,0,6,6,0,6,0,0,6,0,6,2,4,0,0,6,0,0,6,0,6,0,0,0,0,0,1,0,0,0,0,0,0,0,0,0,0,0,0,0,0,0,5,0,0,0,0,0,0,0,0,0,0,0,0,0,0,0,0,0,0,0,0,0,0,0,0,0,0,5,0,0,0,0,0,1,0,0,0,1,0,4,0,0,0,0,1,0,0,5,1,0,6,0,0,6,6,6,0,0,6,0,0,50.5,63.5
16,011,10,0,10,0,1,9,0,0,0,0,1,9,3,0,0,1,6,3,7,0,0,7,3,0,0,0,0,0,0,0,0,0,0,0,0,0,0,5,1,4,0,0,0,0,0,0,0,0,0,0,0,0,0,0,0,0,0,0,0,0,0,0,0,0,0,0,0,0,0,0,10,0,0,0,0,0,0,0,0,0,0,0,0,0,0,0,0,0,0,3,7,0,0,10,0,5,5,0,0,10,0,0,10,0,0,7,3,0,0,0,10,10,0,1,9,1,9,0,10,0,10,0,1,9,0,1,9,0,10,1,0,0,0,0,0,0,0,0,0,0,0,0,0,0,2,0,0,0,0,0,6,0,0,0,0,1,0,0,0,0,0,0,0,0,0,0,0,0,0,0,0,0,0,0,0,0,0,6,0,0,0,0,1,3,0,0,0,10,0,0,0,0,0,0,0,0,0,7,3,1,9,0,3,7,10,9,1,0,7,3,0,52.5,57.0
16,012,9,0,9,0,0,9,0,0,0,0,0,9,0,0,0,0,9,1,8,0,0,3,6,0,0,0,0,0,0,0,0,0,0,0,0,0,0,0,0,9,0,0,0,0,0,0,0,0,0,0,0,0,0,0,0,0,0,0,0,0,0,0,1,0,0,0,0,0,0,0,0,0,8,0,0,0,0,0,0,0,0,0,0,0,0,0,0,0,0,0,9,0,1,7,1,1,8,0,1,7,1,1,8,0,0,8,1,0,0,0,9,9,0,3,6,0,9,0,9,0,9,0,1,8,0,0,9,0,9,0,0,0,0,0,0,0,0,0,0,0,0,0,1,0,0,0,0,0,0,0,8,0,0,0,0,0,0,0,0,0,0,0,0,0,0,0,0,0,0,0,0,0,0,0,0,0,0,8,0,0,0,0,0,1,0,0,0,4,0,5,0,0,0,0,0,0,0,3,6,0,9,0,1,8,9,9,0,0,8,1,0,19.444444444444443,16.0
16,013,1,0,1,0,0,1,0,0,0,0,0,1,0,0,0,0,1,1,0,0,0,1,0,0,0,0,0,0,0,0,0,0,0,0,0,0,0,0,0,1,0,0,0,0,0,0,0,0,0,0,0,0,0,0,0,0,0,0,0,0,0,0,0,0,0,0,0,0,0,0,0,0,1,0,0,0,0,0,0,0,0,0,0,0,0,0,0,0,0,0,1,0,0,0,1,1,0,0,0,0,1,0,1,0,0,1,0,0,0,0,1,1,0,0,1,0,1,0,1,0,1,0,0,1,0,1,0,0,1,0,0,0,0,0,0,0,0,0,0,0,0,0,0,0,0,0,0,0,0,0,1,0,0,0,0,0,0,0,0,0,0,0,0,0,0,0,0,0,0,0,0,0,0,0,0,0,0,1,0,0,0,0,0,0,0,0,0,1,0,0,0,0,0,0,0,0,0,1,0,0,1,0,0,1,1,1,0,0,1,0,0,39.0,39.0
16,014,1,0,1,0,0,1,0,0,0,0,1,0,0,0,0,1,0,0,1,0,0,0,1,0,0,0,0,0,0,0,0,0,0,0,0,0,0,0,0,1,0,0,0,0,0,0,0,0,0,0,0,0,0,0,0,0,0,0,0,0,0,0,1,0,0,0,0,0,0,0,0,0,0,0,0,0,0,0,0,0,0,0,0,0,0,0,0,0,0,0,1,0,0,1,0,1,0,0,0,1,0,0,1,0,0,0,1,0,0,0,1,1,0,0,1,0,1,0,1,0,1,0,1,0,0,0,1,0,1,0,0,0,0,0,0,0,0,0,0,0,0,0,0,0,0,0,0,0,0,0,0,0,0,0,0,1,0,0,0,0,0,0,0,0,0,0,0,0,0,0,0,0,0,0,0,0,0,0,0,0,0,0,1,0,0,0,0,0,0,0,0,0,0,0,1,0,0,0,1,0,1,0,1,0,1,0,1,0,0,1,0,93.0,93.0
16,015,1,0,1,0,0,1,0,0,0,0,0,1,0,0,0,0,1,0,1,0,0,1,0,0,0,0,0,0,0,0,0,0,0,0,0,0,0,0,0,1,0,0,0,0,0,0,0,0,0,0,0,0,0,0,0,0,0,0,0,0,0,0,1,0,0,0,0,0,0,0,0,0,0,0,0,0,0,0,0,0,0,0,0,0,0,0,0,0,0,0,1,0,0,1,0,0,1,0,0,1,0,0,1,0,0,1,0,0,0,0,1,1,0,1,0,0,1,0,1,0,1,0,0,1,0,0,1,0,1,0,0,0,0,0,0,0,0,0,0,0,0,0,0,0,0,0,0,0,1,0,0,0,0,0,0,0,0,0,0,0,0,0,0,0,0,0,0,0,0,0,0,0,0,0,0,0,0,0,0,0,0,0,0,1,0,0,0,0,0,0,0,0,1,0,0,0,0,1,0,1,0,0,0,1,1,1,0,0,1,0,0,60.0,60.0
16,016,6,0,6,0,0,6,0,0,0,1,0,5,0,0,1,0,5,0,6,0,0,2,4,0,0,0,0,0,0,0,0,0,0,0,0,0,0,0,0,6,0,0,0,0,0,0,0,0,0,0,0,0,0,0,0,0,0,0,0,0,0,0,0,0,0,0,0,0,0,0,1,0,5,0,0,0,0,0,0,0,0,0,0,0,0,0,0,0,0,0,6,0,0,6,0,0,6,0,0,6,0,2,4,0,1,5,0,0,0,0,6,6,0,2,4,0,6,0,6,1,4,1,0,6,0,0,6,0,6,0,0,0,0,1,0,0,0,0,0,0,0,0,0,0,0,0,0,0,0,0,5,0,0,0,0,0,0,0,0,0,0,1,0,0,0,0,0,0,0,0,0,0,0,0,0,0,0,5,0,0,0,0,0,0,0,0,0,5,0,0,0,0,1,0,0,0,0,2,4,0,6,0,0,6,6,6,0,1,5,0,0,24.666666666666668,18.0
16,017,3,0,3,0,0,3,0,0,0,0,0,3,0,0,0,0,3,0,3,0,0,2,1,0,0,0,0,0,0,0,0,0,0,0,0,0,0,0,1,2,0,0,0,0,0,0,0,0,0,0,0,0,0,0,0,0,0,0,0,0,0,0,0,0,0,1,0,0,0,0,0,0,2,0,0,0,0,0,0,0,0,0,0,0,0,0,0,0,0,0,3,0,0,2,1,0,3,0,0,2,1,0,3,0,0,3,0,0,0,0,3,3,0,0,3,0,3,0,3,0,3,0,0,3,0,0,3,0,3,0,0,0,0,0,0,0,0,0,0,1,0,0,0,0,0,0,0,0,0,0,2,0,0,0,0,0,0,0,0,0,0,0,0,0,0,0,0,0,0,0,0,0,0,0,0,0,0,2,0,0,0,0,0,1,0,0,0,3,0,0,0,0,0,0,0,0,0,2,1,0,3,0,0,3,3,3,0,0,3,0,0,36.666666666666664,51.0
16,018,1,0,1,0,0,1,0,0,0,0,0,1,0,0,0,0,1,0,1,0,0,1,0,0,0,0,0,0,0,0,0,0,0,0,0,0,0,0,0,1,0,0,0,0,0,0,0,0,0,0,0,0,0,0,0,0,0,0,0,0,0,0,0,0,0,0,0,0,0,0,0,0,1,0,0,0,0,0,0,0,0,0,0,0,0,0,0,0,0,0,1,0,0,1,0,0,1,0,0,1,0,0,1,0,0,1,0,0,0,0,1,1,0,1,0,0,1,0,1,0,1,0,0,1,0,0,1,0,1,0,0,0,0,0,0,0,0,0,0,0,0,0,0,0,0,0,0,0,0,0,1,0,0,0,0,0,0,0,0,0,0,0,0,0,0,0,0,0,0,0,0,0,0,0,0,0,0,1,0,0,0,0,0,0,0,0,0,1,0,0,0,0,0,0,0,0,0,1,0,0,1,0,0,1,1,1,0,0,1,0,0,12.0,12.0
16,020,11,0,11,0,0,11,0,0,0,0,0,11,1,0,0,0,10,1,10,0,0,8,3,0,0,0,0,0,0,0,0,0,0,0,1,0,0,0,0,10,0,0,0,0,0,0,0,0,0,0,0,0,0,0,0,0,0,0,0,0,0,0,0,0,0,0,0,0,0,0,0,0,10,0,0,0,0,0,0,0,0,0,0,0,0,0,1,0,0,0,11,0,0,9,2,3,8,0,0,9,2,0,11,0,0,10,0,1,0,0,11,11,0,5,6,1,10,0,11,0,11,0,0,11,0,2,9,0,11,1,0,0,0,0,0,0,0,0,0,0,0,0,0,0,0,0,0,0,0,0,10,0,0,0,0,0,0,0,0,0,0,0,0,0,0,0,0,0,0,0,0,0,0,0,0,0,0,10,0,0,0,0,0,1,0,0,0,4,0,1,0,0,6,0,0,0,0,8,3,1,10,0,0,11,11,11,0,0,10,0,1,38.54545454545455,39.0
16,021,2,0,2,0,0,2,0,1,0,0,0,1,0,0,0,0,2,0,2,0,0,1,1,0,0,0,0,0,0,0,0,0,0,0,0,0,0,0,0,2,0,0,0,0,0,0,0,0,0,0,0,0,0,0,0,0,0,0,0,0,0,0,0,0,0,0,0,0,0,0,0,0,2,0,0,0,0,0,0,0,0,0,0,0,0,0,0,0,0,1,1,0,1,1,0,1,1,0,2,0,0,0,2,0,0,2,0,0,0,0,2,2,0,0,2,1,1,0,2,0,2,0,0,1,1,0,2,0,2,0,0,0,0,0,0,0,0,0,0,0,0,0,0,0,0,0,1,0,0,0,1,0,0,0,0,0,0,0,0,0,0,0,0,0,0,0,0,0,0,0,0,0,0,0,0,0,0,1,0,0,0,0,0,1,0,0,0,0,0,0,0,0,0,0,2,0,0,1,1,1,1,0,0,2,2,2,0,0,2,0,0,61.0,61.0
16,022,10,0,10,0,0,10,0,0,0,0,0,10,1,0,0,0,9,3,7,0,0,2,8,0,0,0,0,0,0,0,0,0,0,0,0,0,0,0,0,9,1,0,0,0,0,0,0,0,0,0,0,0,0,0,0,0,0,0,0,0,0,0,0,0,0,0,0,0,0,0,0,0,10,0,0,0,0,0,0,0,0,0,0,0,0,0,0,0,0,1,9,0,0,10,0,0,10,0,0,10,0,1,9,0,0,10,0,0,0,0,10,10,0,3,7,0,10,0,10,0,10,0,1,9,0,2,8,0,10,1,0,0,0,0,0,0,0,0,0,0,0,0,1,0,0,0,0,0,0,0,8,0,0,0,0,0,0,0,0,0,0,0,0,0,0,0,0,0,0,0,0,0,0,0,0,0,0,8,0,0,0,0,0,2,0,0,0,8,0,0,0,0,1,0,1,0,0,2,8,0,10,0,0,10,10,10,0,0,10,0,0,32.4,15.5
16,023,2,0,2,0,0,2,0,0,0,0,1,1,0,0,0,1,1,0,2,0,0,1,1,0,0,0,0,0,0,0,0,0,0,0,0,0,0,1,0,1,0,0,0,0,0,0,0,0,0,0,0,0,0,0,0,0,0,0,0,0,0,0,0,0,0,0,0,0,0,0,1,0,1,0,0,0,0,0,0,0,0,0,0,0,0,0,0,0,0,0,2,0,0,2,0,0,2,0,0,2,0,0,2,0,1,1,0,0,0,0,2,2,0,1,1,0,2,0,2,1,1,0,0,2,0,0,2,0,2,0,0,0,0,0,0,0,0,0,0,0,0,0,0,0,0,0,0,0,0,0,1,0,0,0,0,0,1,0,0,0,0,0,0,0,0,0,0,0,0,0,0,0,0,0,0,0,0,1,0,0,0,0,0,0,1,0,0,1,0,0,0,0,1,0,0,0,0,1,1,0,2,0,0,2,2,2,0,0,2,0,0,17.0,17.0
16,024,4,0,4,0,0,4,0,0,0,0,1,3,1,0,0,1,2,0,4,0,0,2,2,0,0,0,0,0,0,0,0,0,0,0,0,0,0,0,0,4,0,0,0,0,0,0,0,0,0,0,0,0,0,0,0,0,0,0,0,0,0,0,0,0,0,0,0,0,0,0,0,0,4,0,0,0,0,0,0,0,0,0,0,0,0,0,0,0,0,0,4,0,0,3,1,0,4,0,0,3,1,0,4,0,0,2,2,0,0,0,4,4,0,1,3,0,4,0,4,0,4,0,1,3,0,0,4,0,4,0,0,0,0,0,0,0,0,0,0,0,0,0,0,0,0,0,0,0,0,1,2,0,0,0,0,1,0,0,0,0,0,0,0,0,0,0,0,0,0,0,0,0,0,0,0,0,0,2,0,0,0,0,1,1,0,0,0,2,0,0,0,0,0,0,2,0,0,2,2,0,4,0,2,2,4,3,1,0,2,2,0,10.5,8.0
16,025,9,0,9,0,0,9,0,1,0,0,0,8,1,0,0,0,8,1,8,0,1,5,3,0,0,0,0,0,0,0,0,0,0,0,0,0,0,0,0,9,0,0,0,0,0,0,0,0,0,0,0,0,0,0,0,0,0,0,0,0,0,0,0,0,0,0,0,0,0,0,2,0,7,0,0,0,0,0,0,0,0,0,0,0,0,0,0,0,0,1,8,0,5,4,0,1,8,0,5,3,1,0,9,0,1,8,0,0,0,0,9,9,0,7,2,0,9,0,9,0,8,1,1,8,0,1,8,0,9,0,0,0,0,0,0,0,0,0,0,0,0,0,0,0,1,0,1,0,0,0,7,0,0,0,0,0,0,0,0,0,0,0,0,0,0,0,0,0,0,0,0,0,0,0,0,0,0,7,0,0,0,0,0,2,0,0,0,2,0,6,0,0,1,0,0,0,0,6,3,0,9,0,0,9,9,9,0,0,9,0,0,28.0,19.0
16,029,1,0,1,0,0,1,0,0,0,0,0,1,0,0,0,0,1,0,1,0,0,1,0,0,0,0,0,0,0,0,0,0,0,0,0,0,0,0,0,1,0,0,0,0,0,0,0,0,0,0,0,0,0,0,0,0,0,0,0,0,0,0,0,0,0,0,0,0,0,0,0,0,1,0,0,0,0,0,0,0,0,0,0,0,0,0,0,0,0,0,1,0,0,1,0,0,1,0,0,1,0,0,1,0,0,1,0,0,0,0,1,1,0,0,1,0,1,0,1,0,1,0,0,1,0,0,1,0,1,0,0,0,0,0,0,0,0,0,0,0,0,0,0,0,0,0,0,0,0,0,1,0,0,0,0,0,0,0,0,0,0,0,0,0,0,0,0,0,0,0,0,0,0,0,0,0,0,1,0,0,0,0,0,0,0,0,0,1,0,0,0,0,0,0,0,0,0,1,0,0,1,0,0,1,1,1,0,0,1,0,0,14.0,14.0
16,030,1,0,1,0,0,1,0,0,0,0,0,1,0,0,0,0,1,0,1,0,0,0,1,0,0,0,0,0,0,0,0,0,0,0,0,0,0,0,0,1,0,0,0,0,0,0,0,0,0,0,0,0,0,0,0,0,0,0,0,0,0,0,0,0,0,0,0,0,0,0,0,0,1,0,0,0,0,0,0,0,0,0,0,0,0,0,0,0,0,0,1,0,0,1,0,0,1,0,0,1,0,0,1,0,0,1,0,0,0,0,1,1,0,1,0,0,1,0,1,0,1,0,0,1,0,0,1,0,1,0,0,0,0,0,0,0,0,0,0,0,0,0,0,0,0,0,0,0,0,0,1,0,0,0,0,0,0,0,0,0,0,0,0,0,0,0,0,0,0,0,0,0,0,0,0,0,0,1,0,0,0,0,0,0,0,0,0,0,0,1,0,0,0,0,0,0,0,0,1,0,1,0,0,1,1,1,0,0,1,0,0,1.0,1.0
16,031,3,0,3,0,0,3,0,0,0,0,0,3,1,0,0,0,2,0,3,0,0,1,2,0,0,0,0,0,0,0,0,0,0,0,0,0,0,0,0,2,0,0,0,0,0,1,0,0,0,0,0,0,0,0,0,0,0,0,0,0,0,0,0,0,0,0,0,0,0,0,0,0,0,0,0,0,0,0,3,0,0,0,0,0,0,0,0,0,0,0,3,0,0,3,0,0,3,0,0,3,0,0,3,0,0,3,0,0,0,0,3,3,0,0,3,0,3,0,3,0,3,0,0,3,0,0,3,0,3,1,0,0,0,0,0,0,0,0,0,0,0,0,0,0,0,0,0,0,0,0,2,0,0,0,0,0,0,0,0,0,0,0,0,0,0,0,0,0,0,0,0,0,0,0,0,0,0,2,0,0,0,0,0,1,0,0,0,3,0,0,0,0,0,0,0,0,0,1,2,0,3,0,0,3,3,3,0,0,3,0,0,63.0,60.0
16,032,8,0,8,0,1,7,0,0,0,0,1,7,1,0,0,1,6,1,7,0,0,4,4,0,0,0,0,0,0,0,0,0,0,0,0,0,0,0,0,8,0,0,0,0,0,0,0,0,0,0,0,0,0,0,0,0,0,0,0,0,0,0,0,0,0,0,0,0,0,0,0,0,8,0,0,0,0,0,0,0,0,0,0,0,0,0,0,0,0,2,6,0,1,7,0,2,6,0,3,5,0,2,6,0,0,7,1,0,0,0,8,8,0,3,5,0,8,0,8,1,7,0,1,7,0,0,8,0,8,0,0,0,0,0,0,1,0,0,0,0,0,0,0,0,0,0,0,0,0,1,5,0,0,0,0,1,0,0,0,0,0,0,0,0,0,0,0,0,0,0,0,0,0,0,0,0,0,5,0,0,0,0,1,2,0,0,0,3,0,5,0,0,0,0,0,0,0,4,4,1,7,0,1,7,8,7,1,0,7,1,0,31.875,20.0
16,033,14,0,14,0,2,12,0,0,0,0,3,11,2,0,0,3,9,4,10,0,1,6,7,0,0,1,0,0,0,0,0,0,0,0,0,0,0,0,0,13,0,0,0,0,0,0,0,0,0,0,0,0,0,0,0,0,0,0,0,0,0,0,0,0,0,0,0,0,0,0,0,0,14,0,0,0,0,0,0,0,0,0,0,0,0,0,0,0,0,3,11,0,0,13,1,7,7,0,0,14,0,0,14,0,0,10,4,0,0,0,14,14,0,7,7,2,12,0,14,0,14,0,1,13,0,2,12,0,14,1,0,0,1,0,0,0,0,0,0,0,0,0,0,0,0,0,0,0,0,0,9,0,0,0,0,3,0,0,0,0,0,0,0,0,0,0,0,0,0,0,0,0,0,0,0,0,0,9,0,0,0,0,3,2,0,0,0,1,0,5,0,0,0,0,8,0,0,7,7,1,13,0,4,10,14,11,3,0,10,4,0,60.785714285714285,66.0
16,034,25,0,25,0,1,24,0,3,0,0,0,22,4,0,0,0,21,7,18,0,0,16,9,0,0,0,0,0,0,0,0,0,0,0,1,0,0,0,1,23,0,0,0,0,0,0,0,0,0,0,0,0,0,0,0,0,0,0,0,0,0,0,0,0,0,5,0,0,0,0,0,1,18,0,0,0,0,0,1,0,0,0,0,0,0,0,0,0,0,2,23,0,0,23,2,5,20,0,0,23,2,4,21,0,3,20,2,0,0,0,25,25,0,10,15,1,24,0,25,3,22,0,3,21,1,4,21,0,25,4,0,0,0,0,0,0,0,0,1,0,0,0,1,0,0,0,3,0,1,0,15,0,0,0,0,0,0,0,0,0,0,0,0,0,0,0,0,0,0,0,2,0,0,0,0,0,0,15,0,0,0,0,0,8,0,0,0,18,0,1,0,0,6,0,0,0,0,16,9,1,24,0,2,23,25,25,0,2,21,2,0,31.36,13.0
16,035,8,0,8,0,0,8,0,0,0,0,1,7,1,0,0,1,6,2,6,0,1,3,4,0,0,0,0,0,0,0,0,0,0,0,0,1,0,0,0,7,0,0,0,0,0,0,0,0,0,0,0,0,0,0,0,0,0,0,0,0,0,0,0,0,0,0,0,0,0,0,0,0,8,0,0,0,0,0,0,0,0,0,0,0,0,0,0,0,0,0,8,0,0,7,1,1,7,0,0,7,1,3,5,0,0,8,0,0,0,0,8,8,0,1,7,0,8,0,8,1,7,0,1,6,1,1,7,0,8,1,0,0,0,0,0,0,0,0,0,0,0,0,0,0,0,0,0,0,0,0,6,0,0,0,0,1,0,0,0,0,0,0,0,0,0,0,0,0,0,0,0,0,0,0,0,0,0,6,0,0,0,0,1,1,0,0,0,5,0,2,0,0,0,0,1,0,0,4,4,1,7,0,0,8,8,7,1,0,8,0,0,39.5,37.5
16,036,4,0,4,0,2,2,0,0,0,0,1,3,1,0,0,1,2,1,3,0,0,3,1,0,0,0,0,0,0,0,0,0,0,0,0,0,0,0,0,4,0,0,0,0,0,0,0,0,0,0,0,0,0,0,0,0,0,0,0,0,0,0,0,0,0,0,0,0,0,0,0,0,4,0,0,0,0,0,0,0,0,0,0,0,0,0,0,0,0,0,4,0,0,3,1,1,3,0,0,3,1,0,4,0,0,4,0,0,0,0,4,4,0,2,2,0,4,0,4,0,4,0,0,2,2,0,4,0,4,0,0,0,0,0,0,0,0,0,0,0,0,0,0,0,0,0,0,0,0,1,2,0,0,0,0,0,1,0,0,0,0,0,0,0,0,0,0,0,0,0,0,0,0,0,0,0,0,2,0,0,0,0,0,1,1,0,0,3,0,0,0,0,0,0,1,0,0,3,1,0,4,0,0,4,4,4,0,0,4,0,0,67.5,89.0
16,037,3,0,3,0,0,3,0,0,0,0,0,3,0,0,0,0,3,0,3,0,1,0,2,0,0,0,0,0,0,0,0,0,0,0,0,0,0,0,0,3,0,0,0,0,0,0,0,0,0,0,0,0,0,0,0,0,0,0,0,0,0,0,0,0,0,0,0,1,0,0,0,0,2,0,0,0,0,0,0,0,0,0,0,0,0,0,0,0,0,0,3,0,0,3,0,1,2,0,0,3,0,0,3,0,0,3,0,0,0,0,3,3,0,1,2,0,3,0,3,0,3,0,0,3,0,0,3,0,3,0,0,0,0,0,0,0,0,0,0,0,0,0,0,0,0,0,0,0,0,0,3,0,0,0,0,0,0,0,0,0,0,0,0,0,0,0,0,0,0,0,0,0,0,0,0,0,0,3,0,0,0,0,0,0,0,0,0,1,0,0,0,0,0,0,2,0,0,1,2,0,3,0,0,3,3,3,0,0,3,0,0,41.0,29.0
16,038,16,0,16,0,1,15,0,0,0,0,0,16,0,0,0,0,16,3,13,0,0,10,6,0,0,0,0,0,0,0,0,0,0,0,0,0,0,0,0,16,0,0,0,0,0,0,0,0,0,0,0,0,0,0,0,0,0,0,0,0,0,0,0,0,0,0,0,0,0,0,0,0,16,0,0,0,0,0,0,0,0,0,0,0,0,0,0,0,0,1,15,0,0,14,2,2,14,0,0,14,2,2,14,0,1,13,1,1,0,0,16,16,0,2,14,2,14,0,16,0,16,0,4,8,4,1,15,0,16,0,1,0,0,0,0,0,0,0,0,0,0,0,1,0,0,0,0,0,0,0,14,0,0,0,0,0,0,0,0,0,0,0,0,0,0,0,0,0,0,0,0,0,0,0,0,0,0,14,0,1,0,0,0,1,0,0,0,11,0,1,0,0,0,0,4,0,0,10,6,1,15,0,1,15,16,16,0,0,14,1,1,26.4375,9.0
16,039,1,0,1,0,0,1,0,0,0,0,0,1,0,0,0,0,1,1,0,0,0,1,0,0,0,0,0,0,0,0,0,0,0,0,0,0,0,0,0,1,0,0,0,0,0,0,0,0,0,0,0,0,0,0,0,0,0,0,0,0,0,0,0,0,0,0,0,0,0,0,0,0,1,0,0,0,0,0,0,0,0,0,0,0,0,0,0,0,0,0,1,0,0,1,0,0,1,0,0,1,0,0,1,0,0,1,0,0,0,0,1,1,0,0,1,0,1,0,1,0,1,0,0,1,0,0,1,0,1,0,0,0,0,0,0,0,0,0,0,0,0,0,0,0,0,0,0,0,0,0,1,0,0,0,0,0,0,0,0,0,0,0,0,0,0,0,0,0,0,0,0,0,0,0,0,0,0,1,0,0,0,0,0,0,0,0,0,0,0,1,0,0,0,0,0,0,0,1,0,0,1,0,0,1,1,1,0,0,1,0,0,41.0,41.0
16,040,11,0,11,0,0,11,0,0,0,0,1,10,1,0,0,1,9,1,10,0,0,5,6,0,0,0,0,0,0,0,0,0,0,0,0,0,0,0,0,11,0,0,0,0,0,0,0,0,0,0,0,0,0,0,0,0,0,0,0,0,0,0,0,0,0,0,0,0,0,0,0,0,11,0,0,0,0,0,0,0,0,0,0,0,0,0,0,0,0,0,11,0,0,11,0,2,9,0,0,11,0,0,11,0,0,9,2,0,0,0,11,11,0,6,5,1,10,0,11,0,11,0,5,5,1,0,11,0,11,0,0,0,0,0,0,0,0,0,0,0,0,0,0,0,1,0,0,0,0,0,9,0,0,0,0,1,0,0,0,0,0,0,0,0,0,0,0,0,0,0,0,0,0,0,0,0,0,9,0,0,0,0,1,1,0,0,0,10,0,0,0,0,0,0,1,0,0,5,6,0,11,0,2,9,11,10,1,0,9,2,0,20.818181818181817,1.0
16,041,3,0,3,0,0,3,0,0,0,0,0,3,1,0,0,0,2,0,3,0,0,2,1,0,0,0,0,0,0,0,0,0,0,0,0,0,0,0,0,3,0,0,0,0,0,0,0,0,0,0,0,0,0,0,0,0,0,0,0,0,0,0,0,0,0,0,0,0,0,0,0,0,3,0,0,0,0,0,0,0,0,0,0,0,0,0,0,0,0,0,3,0,0,3,0,2,1,0,0,3,0,1,2,0,0,3,0,0,0,0,3,3,0,0,3,0,3,0,3,0,3,0,1,2,0,2,1,0,3,1,0,0,0,0,0,0,0,0,0,0,0,0,0,0,0,0,0,0,0,0,2,0,0,0,0,0,0,0,0,0,0,0,0,0,0,0,0,0,0,0,0,0,0,0,0,0,0,2,0,0,0,0,0,1,0,0,0,1,0,0,0,0,2,0,0,0,0,2,1,0,3,0,0,3,3,3,0,0,3,0,0,26.666666666666668,36.0
16,042,5,0,5,0,0,5,0,2,0,0,0,3,0,0,0,0,5,2,3,0,0,1,4,0,0,0,0,0,0,0,0,0,0,0,0,0,0,1,0,4,0,0,0,0,0,0,0,0,0,0,0,0,0,0,0,0,0,0,0,0,0,0,0,0,0,0,0,0,0,0,4,0,1,0,0,0,0,0,0,0,0,0,0,0,0,0,0,0,0,0,5,0,1,4,0,2,3,0,1,4,0,0,5,0,0,5,0,0,0,0,5,5,0,1,4,0,5,0,5,0,5,0,1,4,0,1,4,0,5,0,0,0,0,0,0,0,0,0,0,0,0,0,0,0,0,0,2,0,0,0,3,0,0,0,0,0,0,0,0,0,0,0,0,0,0,0,0,0,0,0,0,0,0,0,0,0,0,3,0,0,0,0,0,2,0,0,0,4,0,1,0,0,0,0,0,0,0,1,4,0,5,0,0,5,5,5,0,0,5,0,0,64.8,74.0
16,043,23,0,23,0,1,22,0,1,0,2,1,19,4,0,2,1,16,2,21,0,2,11,10,0,0,0,0,0,0,0,0,0,0,0,0,0,0,0,0,23,0,0,0,0,0,0,0,0,0,0,0,0,0,0,0,0,0,0,0,0,0,0,0,0,0,0,0,0,0,0,0,0,23,0,0,0,0,0,0,0,0,0,0,0,0,0,0,0,0,3,20,0,0,23,0,3,20,0,0,23,0,2,21,0,0,19,4,0,0,0,23,23,0,18,5,1,22,0,23,1,22,0,1,21,1,2,21,0,23,1,0,0,0,2,0,0,0,0,0,0,0,0,0,0,3,0,1,0,1,0,14,0,0,0,0,0,1,0,0,0,0,2,0,0,0,0,0,0,0,0,1,0,0,0,0,0,0,14,0,0,0,0,0,5,1,0,0,1,0,3,0,0,19,0,0,0,0,13,10,2,21,0,4,19,23,23,0,0,19,4,0,38.130434782608695,33.0
16,045,2,0,2,0,0,2,0,1,0,0,1,0,0,0,0,1,1,0,2,0,0,1,1,0,0,0,0,0,0,0,0,0,0,0,0,0,0,0,0,2,0,0,0,0,0,0,0,0,0,0,0,0,0,0,0,0,0,0,0,0,0,0,0,0,0,1,0,0,0,0,0,0,1,0,0,0,0,0,0,0,0,0,0,0,0,0,0,0,0,0,2,0,0,2,0,0,2,0,0,2,0,0,2,0,0,0,2,0,0,0,2,2,0,0,2,0,2,0,2,1,1,0,1,1,0,0,2,0,2,0,0,0,0,0,0,0,0,0,0,0,0,0,0,0,0,0,1,0,0,0,0,0,0,0,0,1,0,0,0,0,0,0,0,0,0,0,0,0,0,0,0,0,0,0,0,0,0,0,0,0,0,0,1,1,0,0,0,2,0,0,0,0,0,0,0,0,0,1,1,0,2,0,2,0,2,1,1,0,0,2,0,21.0,21.0
16,046,1,0,1,0,0,1,0,0,0,0,0,1,0,0,0,0,1,1,0,0,0,0,1,0,0,0,0,0,0,0,0,0,0,0,0,0,0,0,0,1,0,0,0,0,0,0,0,0,0,0,0,0,0,0,0,0,0,0,0,0,0,0,0,0,0,0,0,0,0,0,0,0,1,0,0,0,0,0,0,0,0,0,0,0,0,0,0,0,0,1,0,0,0,1,0,1,0,0,0,1,0,0,1,0,0,1,0,0,0,0,1,1,0,1,0,0,1,0,1,0,1,0,0,1,0,0,1,0,1,0,0,0,0,0,0,0,0,0,0,0,0,0,0,0,0,0,0,0,0,0,1,0,0,0,0,0,0,0,0,0,0,0,0,0,0,0,0,0,0,0,0,0,0,0,0,0,0,1,0,0,0,0,0,0,0,0,0,0,0,1,0,0,0,0,0,0,0,0,1,0,1,0,0,1,1,1,0,0,1,0,0,59.0,59.0
16,047,5,0,5,0,0,5,0,0,0,0,0,5,1,0,0,0,4,1,4,0,0,1,4,0,0,0,0,0,0,0,0,0,0,0,0,0,0,0,1,4,0,0,0,0,0,0,0,0,0,0,0,0,0,0,0,0,0,0,0,0,0,0,0,0,0,1,0,0,0,0,0,1,3,0,0,0,0,0,0,0,0,0,0,0,0,0,0,0,0,1,4,0,0,5,0,1,4,0,0,5,0,0,5,0,0,5,0,0,0,0,5,5,0,3,2,0,5,0,5,1,4,0,0,2,3,0,5,0,5,0,0,0,0,0,0,0,0,0,0,0,0,0,0,0,1,0,0,0,0,0,4,0,0,0,0,0,0,0,0,0,0,0,0,0,0,0,0,0,0,0,0,0,0,0,0,0,0,4,0,0,0,0,0,1,0,0,0,2,0,3,0,0,0,0,0,0,0,1,4,0,5,0,0,5,5,5,0,0,5,0,0,34.8,9.0
16,048,2,0,2,0,0,2,0,0,0,0,0,2,1,0,0,0,1,0,2,0,0,2,0,0,0,0,0,0,0,0,0,0,0,0,0,0,0,0,0,2,0,0,0,0,0,0,0,0,0,0,0,0,0,0,0,0,0,0,0,0,0,0,0,0,0,0,0,0,0,0,0,0,2,0,0,0,0,0,0,0,0,0,0,0,0,0,0,0,0,1,1,0,0,2,0,1,1,0,0,2,0,0,2,0,0,2,0,0,0,0,2,2,0,0,2,1,1,0,2,0,2,0,0,2,0,0,2,0,2,0,0,0,1,0,0,0,0,0,0,0,0,0,0,0,0,0,0,0,0,0,1,0,0,0,0,0,0,0,0,0,0,0,0,0,0,0,0,0,0,0,0,0,0,0,0,0,0,1,0,0,0,0,0,1,0,0,0,0,0,2,0,0,0,0,0,0,0,2,0,0,2,0,0,2,2,2,0,0,2,0,0,43.5,43.5
16,049,10,0,10,0,1,9,0,0,0,0,1,9,2,0,0,1,7,1,9,0,0,4,6,0,0,0,0,0,0,0,0,0,0,0,0,0,0,0,0,10,0,0,0,0,0,0,0,0,0,0,0,0,0,0,0,0,0,0,0,0,0,0,0,0,0,0,0,0,0,0,0,0,10,0,0,0,0,0,0,0,0,0,0,0,0,0,0,0,0,0,10,0,0,10,0,2,8,0,0,10,0,1,9,0,1,9,0,0,0,0,10,10,0,4,6,0,10,0,10,0,10,0,3,7,0,2,8,0,10,1,0,0,0,0,0,0,0,0,0,0,0,0,0,0,0,0,0,0,0,1,7,0,0,0,0,0,1,0,0,0,0,0,0,0,0,0,0,0,0,0,0,0,0,0,0,0,0,7,0,0,0,0,0,2,1,0,0,10,0,0,0,0,0,0,0,0,0,4,6,0,10,0,0,10,10,10,0,0,10,0,0,13.7,5.0
16,050,18,0,18,0,1,17,0,1,0,2,0,15,5,0,2,0,11,1,17,0,0,8,10,0,0,0,0,0,0,0,0,0,0,0,0,0,0,0,0,18,0,0,0,0,0,0,0,0,0,0,0,0,0,0,0,0,0,0,2,0,0,0,0,0,0,3,0,0,0,0,0,0,13,0,0,0,0,0,0,0,0,0,0,0,0,0,0,0,0,1,17,0,0,12,6,2,16,0,0,13,5,4,14,0,0,15,3,0,0,0,18,18,0,6,12,1,17,0,18,3,15,0,4,13,1,2,16,0,18,1,0,0,0,2,0,0,0,0,0,0,0,0,2,0,3,0,1,0,0,1,8,0,0,0,0,0,0,0,0,0,0,2,0,0,0,0,0,0,0,0,0,0,0,0,0,0,0,8,0,0,0,0,0,8,0,0,0,10,0,2,0,0,5,0,1,0,0,8,10,1,17,0,3,15,18,18,0,0,15,3,0,35.77777777777778,32.0
16,051,3,0,3,0,0,3,0,0,0,0,0,3,0,0,0,0,3,1,2,0,0,0,3,0,0,0,0,0,0,0,0,0,0,0,0,0,0,2,0,1,0,0,0,0,0,0,0,0,0,0,0,0,0,0,0,0,0,0,0,0,0,0,0,0,0,0,0,0,0,0,3,0,0,0,0,0,0,0,0,0,0,0,0,0,0,0,0,0,0,0,2,1,0,3,0,1,2,0,2,1,0,0,3,0,0,3,0,0,0,0,3,3,0,0,3,0,3,0,3,0,2,1,0,3,0,0,3,0,3,0,0,0,0,0,0,0,0,0,0,0,0,0,0,0,0,0,0,0,0,0,3,0,0,0,0,0,0,0,0,0,0,0,0,0,0,0,0,0,0,0,0,0,0,0,0,0,0,3,0,0,0,0,0,0,0,0,0,3,0,0,0,0,0,0,0,0,0,0,3,0,3,0,0,3,3,3,0,0,3,0,0,25.0,3.0
16,052,152,9,143,0,12,140,0,6,0,1,13,132,16,0,1,13,122,32,120,0,1,87,64,0,0,0,0,0,0,0,0,0,0,0,2,7,0,0,0,143,0,0,0,0,0,0,0,0,0,0,0,0,0,0,0,0,0,0,0,0,0,0,0,0,0,1,0,0,1,0,0,0,147,0,0,0,0,1,2,0,0,0,0,0,0,0,0,0,0,9,143,0,0,149,3,33,119,0,0,149,3,14,138,0,1,127,24,0,0,0,152,152,0,104,48,15,137,0,152,25,127,0,5,142,5,5,147,0,152,10,0,0,1,1,0,0,0,0,0,0,0,0,3,2,3,0,6,0,2,2,109,0,0,0,0,2,11,0,0,0,0,1,0,0,0,0,0,0,0,0,0,0,0,0,0,0,0,109,0,3,0,0,2,26,11,0,0,9,0,24,0,0,116,0,2,1,0,88,64,10,142,0,24,128,152,150,2,1,127,24,0,45.51973684210526,45.0
16,053,609,20,588,1,26,583,0,50,0,1,41,517,152,0,1,41,415,75,534,0,3,333,272,1,1,0,0,1,0,0,2,2,17,1,6,5,0,1,12,550,0,1,0,2,0,0,0,0,1,0,1,1,1,1,0,0,3,1,0,0,0,0,1,0,0,13,0,2,0,2,0,1,581,0,1,0,1,0,5,0,0,1,0,0,0,0,0,0,0,11,597,1,0,540,69,74,535,0,1,542,66,31,578,0,23,290,296,0,1,2,606,606,3,149,460,26,583,0,609,22,587,0,122,449,38,23,586,0,609,51,7,2,6,1,4,0,0,0,0,0,0,0,2,2,64,0,50,0,4,27,345,0,1,2,0,26,15,0,1,1,0,1,0,0,0,0,0,0,0,0,3,0,0,0,0,0,0,345,0,2,0,0,26,215,15,0,0,241,0,13,0,0,129,0,224,2,0,337,272,26,583,0,296,313,609,583,26,12,301,296,0,34.89819376026273,33.0
16,054,1,0,1,0,0,1,0,0,0,0,0,1,0,0,0,0,1,0,1,0,0,1,0,0,0,0,0,0,0,0,0,0,0,0,0,0,0,0,0,1,0,0,0,0,0,0,0,0,0,0,0,0,0,0,0,0,0,0,0,0,0,0,0,0,0,0,0,0,0,0,0,0,1,0,0,0,0,0,0,0,0,0,0,0,0,0,0,0,0,0,1,0,0,1,0,0,1,0,0,1,0,0,1,0,0,1,0,0,0,0,1,1,0,1,0,0,1,0,1,0,1,0,1,0,0,0,1,0,1,0,0,0,0,0,0,0,0,0,0,0,0,0,0,0,0,0,0,0,0,0,1,0,0,0,0,0,0,0,0,0,0,0,0,0,0,0,0,0,0,0,0,0,0,0,0,0,0,1,0,0,0,0,0,0,0,0,0,1,0,0,0,0,0,0,0,0,0,1,0,0,1,0,0,1,1,1,0,0,1,0,0,5.0,5.0
16,055,9,0,9,0,2,7,0,1,0,0,0,8,2,0,0,0,7,2,7,0,0,5,4,0,0,0,0,0,0,0,0,0,0,0,0,0,0,0,0,9,0,0,0,0,0,0,0,0,0,0,0,0,0,0,0,0,0,0,0,0,0,0,0,0,0,1,0,0,0,0,0,0,8,0,0,0,0,0,0,0,0,0,0,0,0,0,0,0,0,2,7,0,0,8,1,3,6,0,0,9,0,2,7,0,0,9,0,0,0,0,9,9,0,3,6,1,8,0,9,1,8,0,2,6,1,1,8,0,9,0,0,0,0,0,0,0,0,0,0,0,0,0,0,0,1,0,1,0,0,1,6,0,0,0,0,0,0,0,0,0,0,0,0,0,0,0,0,0,0,0,0,0,0,0,0,0,0,6,0,0,0,0,0,3,0,0,0,5,0,2,0,0,0,0,2,0,0,5,4,2,7,0,0,9,9,9,0,0,9,0,0,38.44444444444444,24.0
16,056,16,0,16,0,1,15,0,0,0,0,0,16,3,0,0,0,13,1,15,0,0,11,5,0,0,0,0,0,0,0,0,0,0,0,0,0,0,0,0,16,0,0,0,0,0,0,0,0,0,0,0,0,0,0,0,0,0,0,0,0,0,0,0,0,0,1,0,0,0,0,0,0,15,0,0,0,0,0,0,0,0,0,0,0,0,0,0,0,0,2,14,0,3,12,1,2,14,0,6,9,1,6,10,0,1,13,2,0,0,0,16,16,0,7,9,0,16,0,16,2,14,0,7,9,0,2,14,0,16,0,0,0,0,0,0,0,0,0,0,0,0,0,0,0,3,0,0,0,0,0,13,0,0,0,0,0,0,0,0,0,0,0,0,0,0,0,0,0,0,0,0,0,0,0,0,0,0,13,0,0,0,0,0,3,0,0,0,9,0,5,0,0,0,0,2,0,0,11,5,0,16,0,2,14,16,16,0,0,14,2,0,16.125,3.0
16,057,1,0,1,0,0,1,0,0,0,0,0,1,1,0,0,0,0,0,1,0,0,0,1,0,0,0,0,0,0,0,0,0,0,0,0,0,0,0,0,1,0,0,0,0,0,0,0,0,0,0,0,0,0,0,0,0,0,0,0,0,0,0,0,0,0,0,0,0,0,0,0,0,1,0,0,0,0,0,0,0,0,0,0,0,0,0,0,0,0,0,1,0,0,1,0,0,1,0,0,1,0,0,1,0,0,1,0,0,0,0,1,1,0,0,1,0,1,0,1,0,1,0,1,0,0,0,1,0,1,0,0,0,0,0,0,0,0,0,0,0,0,0,0,0,1,0,0,0,0,0,0,0,0,0,0,0,0,0,0,0,0,0,0,0,0,0,0,0,0,0,0,0,0,0,0,0,0,0,0,0,0,0,0,1,0,0,0,1,0,0,0,0,0,0,0,0,0,0,1,0,1,0,0,1,1,1,0,0,1,0,0,1.0,1.0
16,058,14,1,13,0,1,13,0,0,0,0,3,11,1,0,0,3,10,4,10,0,0,7,7,0,0,0,0,0,0,0,0,0,0,0,0,0,0,0,0,13,0,1,0,0,0,0,0,0,0,0,0,0,0,0,0,0,0,0,0,0,0,0,0,0,0,1,0,0,0,0,0,0,13,0,0,0,0,0,0,0,0,0,0,0,0,0,0,0,0,0,14,0,0,14,0,4,10,0,0,14,0,1,13,0,1,10,3,0,0,0,14,14,0,6,8,1,13,0,14,1,13,0,3,11,0,2,12,0,14,0,0,0,0,0,0,0,0,0,0,0,0,0,1,0,0,0,0,0,0,1,9,0,0,0,0,3,0,0,0,0,0,0,0,0,0,0,0,0,0,0,0,0,0,0,0,0,0,9,0,0,0,0,3,2,0,0,0,4,0,6,0,0,1,0,3,0,0,7,7,1,13,0,3,11,14,11,3,1,10,3,0,35.857142857142854,34.0
16,059,4,0,3,1,0,3,1,0,0,0,1,3,0,0,0,1,3,1,3,0,0,2,2,0,0,0,0,0,0,0,0,0,0,0,0,0,0,0,0,4,0,0,0,0,0,0,0,0,0,0,0,0,0,0,0,0,0,0,0,0,0,0,0,0,0,0,0,0,0,0,0,0,4,0,0,0,0,0,0,0,0,0,0,0,0,0,0,0,0,0,3,1,0,4,0,2,2,0,0,4,0,0,3,1,0,3,1,0,0,0,4,4,0,3,1,1,3,0,4,0,3,1,1,3,0,0,3,1,4,0,0,0,0,0,0,0,0,0,0,0,0,0,1,0,0,0,0,0,0,0,2,0,0,0,0,1,0,0,0,0,0,0,0,0,0,0,0,0,0,0,0,0,0,0,0,0,0,2,0,0,0,0,1,1,0,0,0,0,0,3,0,0,0,0,1,0,0,2,2,0,3,1,1,3,4,3,1,0,3,1,0,55.75,52.5
16,060,1,0,1,0,0,1,0,0,0,0,0,1,0,0,0,0,1,0,1,0,0,1,0,0,0,0,0,0,0,0,0,0,0,0,0,0,0,0,0,1,0,0,0,0,0,0,0,0,0,0,0,0,0,0,0,0,0,0,0,0,0,0,0,0,0,0,0,0,0,0,0,0,1,0,0,0,0,0,0,0,0,0,0,0,0,0,0,0,0,0,1,0,0,1,0,0,1,0,0,1,0,0,1,0,0,1,0,0,0,0,1,1,0,1,0,0,1,0,1,0,1,0,0,0,1,0,1,0,1,0,0,0,0,0,0,0,0,0,0,0,0,0,0,0,0,0,0,0,0,0,1,0,0,0,0,0,0,0,0,0,0,0,0,0,0,0,0,0,0,0,0,0,0,0,0,0,0,1,0,0,0,0,0,0,0,0,0,0,0,1,0,0,0,0,0,0,0,1,0,0,1,0,0,1,1,1,0,0,1,0,0,55.0,55.0
16,061,8,1,7,0,1,7,0,0,0,0,0,8,2,0,0,0,6,1,7,0,0,3,5,0,0,0,0,0,0,0,0,0,0,0,0,0,0,0,0,8,0,0,0,0,0,0,0,0,0,0,0,0,0,0,0,0,0,0,0,0,0,0,0,0,0,1,0,0,0,0,0,0,7,0,0,0,0,0,0,0,0,0,0,0,0,0,0,0,0,2,6,0,0,6,2,2,6,0,0,7,1,0,8,0,1,6,1,0,0,0,8,8,0,3,5,1,7,0,8,2,6,0,2,3,3,1,7,0,8,2,0,0,0,0,0,0,0,0,0,0,0,0,0,0,0,0,0,0,0,0,6,0,0,0,0,0,0,0,0,0,0,0,0,0,0,0,0,0,0,0,0,0,0,0,0,0,0,6,0,0,0,0,0,2,0,0,0,4,0,4,0,0,0,0,0,0,0,3,5,1,7,0,1,7,8,8,0,0,7,1,0,32.625,32.5
16,062,7,0,7,0,1,6,0,0,0,0,1,6,3,0,0,1,3,1,6,0,0,4,3,0,0,0,0,1,0,0,0,0,0,0,0,0,0,2,0,4,0,0,0,0,0,0,0,0,0,0,0,0,0,0,0,0,0,0,0,0,0,0,0,0,0,0,0,0,0,0,6,0,1,0,0,0,0,0,0,0,0,0,0,0,0,0,0,0,0,1,6,0,0,7,0,3,4,0,0,7,0,0,7,0,0,5,2,0,0,0,7,7,0,0,7,2,5,0,7,0,7,0,2,5,0,1,6,0,7,3,0,0,0,0,0,0,0,0,0,0,0,0,0,0,0,0,0,0,0,0,3,0,0,0,0,1,0,0,0,0,0,0,0,0,0,0,0,0,0,0,0,0,0,0,0,0,0,3,0,0,0,0,1,3,0,0,0,7,0,0,0,0,0,0,0,0,0,4,3,1,6,0,2,5,7,6,1,0,5,2,0,53.42857142857143,65.0
16,063,2,0,2,0,0,2,0,0,0,0,0,2,0,0,0,0,2,0,2,0,0,1,1,0,0,0,0,0,0,0,0,0,0,0,0,0,0,0,0,2,0,0,0,0,0,0,0,0,0,0,0,0,0,0,0,0,0,0,0,0,0,0,0,0,0,0,0,0,0,0,0,0,2,0,0,0,0,0,0,0,0,0,0,0,0,0,0,0,0,0,2,0,0,2,0,0,2,0,0,2,0,0,2,0,0,2,0,0,0,0,2,2,0,0,2,0,2,0,2,0,2,0,0,2,0,0,2,0,2,0,0,0,0,0,0,0,0,0,0,0,0,0,0,0,0,0,0,0,0,0,2,0,0,0,0,0,0,0,0,0,0,0,0,0,0,0,0,0,0,0,0,0,0,0,0,0,0,2,0,0,0,0,0,0,0,0,0,2,0,0,0,0,0,0,0,0,0,1,1,0,2,0,0,2,2,2,0,0,2,0,0,24.0,24.0
16,064,21,0,21,0,2,19,0,2,0,0,5,14,0,0,0,5,16,4,17,0,0,5,16,0,0,0,0,0,0,0,0,0,0,0,1,1,0,0,0,19,0,0,0,0,0,0,0,0,0,0,0,0,0,0,0,0,0,0,0,0,0,0,0,0,0,3,0,1,0,0,0,0,17,0,0,0,0,0,0,0,0,0,0,0,0,0,0,0,0,1,20,0,0,21,0,4,17,0,0,21,0,6,15,0,1,19,1,0,0,0,21,21,0,4,17,2,19,0,21,3,18,0,2,18,1,1,20,0,21,0,0,0,0,0,0,0,0,0,0,0,0,0,0,0,0,0,2,0,0,0,14,0,0,0,0,4,1,0,0,0,0,0,0,0,0,0,0,0,0,0,0,0,0,0,0,0,0,14,0,0,0,0,4,2,1,0,0,11,0,9,0,0,0,0,1,0,0,5,16,2,19,0,1,20,21,17,4,0,20,1,0,27.904761904761905,7.0
16,065,13,1,12,0,1,12,0,0,0,0,0,13,1,0,0,0,12,8,5,0,0,5,8,0,0,0,0,0,0,0,0,0,0,0,0,0,0,0,0,13,0,0,0,0,0,0,0,0,0,0,0,0,0,0,0,0,0,0,0,0,0,0,0,0,0,0,0,0,0,0,0,0,13,0,0,0,0,0,0,0,0,0,0,0,0,0,0,0,0,2,11,0,1,10,2,6,7,0,2,10,1,0,13,0,1,10,2,0,0,0,13,13,0,6,7,2,11,0,13,0,13,0,1,12,0,3,10,0,13,0,0,0,0,0,0,0,0,0,0,0,0,0,0,0,0,0,0,0,0,1,12,0,0,0,0,0,0,0,0,0,0,0,0,0,0,0,0,0,0,0,0,0,0,0,0,0,0,12,0,0,0,0,0,1,0,0,0,2,0,3,0,0,0,0,8,0,0,5,8,3,10,0,2,11,13,13,0,0,11,2,0,61.07692307692308,73.0
16,066,74,0,74,0,1,73,0,3,0,2,5,64,12,0,2,5,55,10,64,0,2,30,42,0,0,0,0,0,0,0,0,0,1,0,0,0,0,0,0,73,0,0,0,0,0,0,0,0,0,0,0,0,0,0,0,0,0,0,0,0,0,0,0,0,0,2,0,0,0,0,0,0,72,0,0,0,0,0,0,0,0,0,0,0,0,0,0,0,0,5,69,0,2,67,5,10,64,0,3,66,5,1,73,0,2,65,7,0,0,0,74,74,0,39,35,2,72,0,74,4,70,0,13,60,1,5,69,0,74,3,0,0,3,2,0,0,0,0,0,0,0,0,1,0,4,0,3,0,0,2,51,0,0,0,0,0,5,0,0,0,0,2,0,0,0,0,0,0,0,0,0,0,0,0,0,0,0,51,0,0,0,0,0,16,5,0,0,15,0,55,0,0,1,0,3,0,0,32,42,3,71,0,7,67,74,74,0,1,66,7,0,29.83783783783784,22.5
16,067,2,0,2,0,0,2,0,0,0,0,0,2,1,0,0,0,1,1,1,0,0,2,0,0,0,0,0,0,0,0,0,0,0,0,0,0,0,0,0,2,0,0,0,0,0,0,0,0,0,0,0,0,0,0,0,0,0,0,0,0,0,0,0,0,0,1,0,0,0,0,0,0,1,0,0,0,0,0,0,0,0,0,0,0,0,0,0,0,0,0,2,0,0,2,0,1,1,0,0,2,0,0,2,0,0,2,0,0,0,0,2,2,0,2,0,0,2,0,2,0,2,0,0,1,1,0,2,0,2,1,0,0,0,0,0,0,0,0,0,0,0,0,0,0,0,0,0,0,0,0,1,0,0,0,0,0,0,0,0,0,0,0,0,0,0,0,0,0,0,0,0,0,0,0,0,0,0,1,0,0,0,0,0,1,0,0,0,1,0,1,0,0,0,0,0,0,0,2,0,0,2,0,0,2,2,2,0,0,2,0,0,68.0,68.0
16,068,1,0,1,0,0,1,0,0,0,0,0,1,1,0,0,0,0,0,1,0,0,1,0,0,0,0,0,0,0,0,0,0,0,0,0,0,0,0,0,1,0,0,0,0,0,0,0,0,0,0,0,0,0,0,0,0,0,0,0,0,0,0,0,0,0,0,0,0,0,0,0,0,1,0,0,0,0,0,0,0,0,0,0,0,0,0,0,0,0,0,1,0,0,1,0,0,1,0,0,1,0,0,1,0,1,0,0,0,0,0,1,1,0,1,0,0,1,0,1,0,1,0,1,0,0,0,1,0,1,1,0,0,0,0,0,0,0,0,0,0,0,0,0,0,0,0,0,0,0,0,0,0,0,0,0,0,0,0,0,0,0,0,0,0,0,0,0,0,0,0,0,0,0,0,0,0,0,0,0,0,0,0,0,1,0,0,0,1,0,0,0,0,0,0,0,0,0,1,0,0,1,0,0,1,1,1,0,0,1,0,0,5.0,5.0
16,069,24,1,23,0,0,24,0,0,0,0,8,16,0,0,0,8,16,7,17,0,0,12,12,0,0,0,0,0,0,0,0,0,0,0,4,0,0,0,0,20,0,0,0,0,0,0,0,0,0,0,0,0,0,0,0,0,0,0,0,0,0,0,0,0,0,2,0,0,0,0,0,0,21,0,0,0,0,0,1,0,0,0,0,0,0,0,0,0,0,2,22,0,1,20,3,5,19,0,0,23,1,1,23,0,0,19,5,0,0,0,24,24,0,16,8,0,24,0,24,5,19,0,7,7,10,2,22,0,24,0,0,0,0,0,0,0,0,0,0,0,0,0,0,0,0,0,0,0,0,0,16,0,0,0,0,5,3,0,0,0,0,0,0,0,0,0,0,0,0,0,0,0,0,0,0,0,0,16,0,0,0,0,5,0,3,0,0,3,0,18,0,0,2,0,1,0,0,12,12,1,23,0,5,19,24,19,5,0,19,5,0,45.75,51.5
16,070,1,0,1,0,0,1,0,0,0,0,0,1,0,0,0,0,1,0,1,0,0,1,0,0,0,0,0,0,0,0,0,0,0,0,0,0,0,0,0,0,0,0,0,0,0,1,0,0,0,0,0,0,0,0,0,0,0,0,0,0,0,0,0,0,0,0,0,0,0,0,0,0,0,0,0,0,0,0,1,0,0,0,0,0,0,0,0,0,0,0,1,0,0,1,0,0,1,0,0,1,0,0,1,0,0,0,1,0,0,0,1,1,0,0,1,0,1,0,1,0,1,0,0,0,1,0,1,0,1,0,0,0,0,0,0,0,0,0,0,0,0,0,0,0,0,0,0,0,0,0,1,0,0,0,0,0,0,0,0,0,0,0,0,0,0,0,0,0,0,0,0,0,0,0,0,0,0,1,0,0,0,0,0,0,0,0,0,1,0,0,0,0,0,0,0,0,0,1,0,0,1,0,1,0,1,1,0,0,0,1,0,30.0,30.0
16,071,12,0,12,0,1,11,0,1,0,0,0,11,0,0,0,0,12,0,12,0,0,7,5,0,0,0,0,0,0,0,0,0,1,1,0,0,0,0,0,10,0,0,0,0,0,0,0,0,0,0,0,0,0,0,0,0,0,0,0,0,0,0,0,0,0,0,0,0,0,0,0,0,10,0,0,0,0,0,1,0,1,0,0,0,0,0,0,0,0,0,12,0,0,9,3,1,11,0,0,9,3,5,7,0,0,9,3,0,0,0,12,12,0,1,11,1,11,0,12,0,12,0,3,9,0,0,12,0,12,0,0,0,0,0,0,0,0,0,0,0,0,0,0,0,0,0,1,0,0,0,11,0,0,0,0,0,0,0,0,0,0,0,0,0,0,0,0,0,0,0,0,0,0,0,0,0,0,11,0,0,0,0,0,1,0,0,0,10,0,0,0,0,1,0,1,0,0,7,5,0,12,0,3,9,12,12,0,0,9,3,0,21.666666666666668,11.0
16,072,6,0,6,0,0,6,0,0,0,0,0,6,0,0,0,0,6,0,6,0,1,2,3,0,0,0,0,0,0,0,0,0,0,0,0,0,0,0,0,6,0,0,0,0,0,0,0,0,0,0,0,0,0,0,0,0,0,0,0,0,0,0,0,0,0,0,0,0,0,0,0,0,6,0,0,0,0,0,0,0,0,0,0,0,0,0,0,0,0,1,5,0,0,5,1,0,6,0,0,5,1,0,6,0,0,6,0,0,0,0,6,6,0,0,6,0,6,0,6,0,6,0,4,2,0,0,6,0,6,0,0,0,0,0,0,1,0,0,0,0,0,0,0,0,0,0,0,0,0,0,5,0,0,0,0,0,0,0,0,0,0,0,0,0,0,0,0,0,0,0,0,0,0,0,0,0,0,5,0,0,0,0,0,1,0,0,0,6,0,0,0,0,0,0,0,0,0,3,3,0,6,0,0,6,6,6,0,0,6,0,0,14.833333333333334,4.0
16,073,12,0,12,0,0,12,0,0,0,0,0,12,2,0,0,0,10,4,8,0,0,6,6,0,0,0,0,0,0,0,0,0,0,0,0,0,0,0,0,12,0,0,0,0,0,0,0,0,0,0,0,0,0,0,0,0,0,0,0,0,0,0,0,0,0,0,0,0,0,0,0,0,12,0,0,0,0,0,0,0,0,0,0,0,0,0,0,0,0,0,12,0,0,12,0,2,10,0,2,10,0,2,10,0,1,8,3,0,0,0,12,12,0,6,6,0,12,0,12,0,12,0,2,10,0,2,10,0,12,1,0,0,0,0,0,0,0,0,0,0,0,0,0,0,1,0,0,0,0,0,10,0,0,0,0,0,0,0,0,0,0,0,0,0,0,0,0,0,0,0,0,0,0,0,0,0,0,10,0,0,0,0,0,2,0,0,0,4,0,5,0,0,0,0,3,0,0,6,6,1,11,0,3,9,12,12,0,1,8,3,0,37.75,43.0
16,075,4,0,4,0,0,4,0,0,0,0,0,4,2,0,0,0,2,1,3,0,0,1,3,0,0,0,0,0,0,0,0,0,0,0,0,0,0,0,0,4,0,0,0,0,0,0,0,0,0,0,0,0,0,0,0,0,0,0,0,0,0,0,0,0,0,1,0,0,0,0,0,0,3,0,0,0,0,0,0,0,0,0,0,0,0,0,0,0,0,0,4,0,0,4,0,1,3,0,0,4,0,2,2,0,0,3,1,0,0,0,4,4,0,2,2,0,4,0,4,1,3,0,1,3,0,2,2,0,4,1,0,0,0,0,0,0,0,0,0,0,0,0,0,0,0,0,0,0,0,1,2,0,0,0,0,0,0,0,0,0,0,0,0,0,0,0,0,0,0,0,0,0,0,0,0,0,0,2,0,0,0,0,0,2,0,0,0,2,0,0,0,0,2,0,0,0,0,1,3,0,4,0,1,3,4,4,0,0,3,1,0,34.5,34.5
16,076,7,1,6,0,0,7,0,0,0,0,0,7,4,0,0,0,3,1,6,0,0,3,4,0,0,0,0,0,0,0,0,0,0,0,0,0,0,0,0,7,0,0,0,0,0,0,0,0,0,0,0,0,0,0,0,0,0,0,0,0,0,0,0,0,0,2,0,0,0,0,0,0,4,0,0,0,0,0,1,0,0,0,0,0,0,0,0,0,0,0,7,0,0,7,0,1,6,0,0,7,0,0,7,0,1,4,2,0,0,0,7,7,0,5,2,1,6,0,7,1,6,0,1,6,0,0,7,0,7,2,0,0,0,0,0,0,0,0,0,0,0,0,0,0,2,0,0,0,0,0,3,0,0,0,0,0,0,0,0,0,0,0,0,0,0,0,0,0,0,0,0,0,0,0,0,0,0,3,0,0,0,0,0,4,0,0,0,3,0,0,0,0,4,0,0,0,0,3,4,0,7,0,2,5,7,7,0,0,5,2,0,33.0,32.0
16,077,4,1,3,0,0,4,0,0,0,0,0,4,0,0,0,0,4,1,3,0,0,2,2,0,0,0,0,0,0,0,0,0,0,0,0,0,0,0,0,4,0,0,0,0,0,0,0,0,0,0,0,0,0,0,0,0,0,0,0,1,0,0,0,0,0,1,0,0,0,0,0,0,2,0,0,0,0,0,0,0,0,0,0,0,0,0,0,0,0,0,4,0,0,4,0,1,3,0,0,4,0,0,4,0,1,3,0,0,0,0,4,4,0,3,1,0,4,0,4,1,3,0,1,3,0,0,4,0,4,0,0,0,0,0,0,0,0,0,0,0,0,0,1,0,0,0,0,0,0,0,3,0,0,0,0,0,0,0,0,0,0,0,0,0,0,0,0,0,0,0,0,0,0,0,0,0,0,3,0,0,0,0,0,1,0,0,0,3,0,1,0,0,0,0,0,0,0,2,2,0,4,0,0,4,4,4,0,0,4,0,0,29.25,13.0
16,078,5,0,5,0,0,5,0,0,0,0,0,5,0,0,0,0,5,1,4,0,0,4,1,0,0,0,0,0,0,0,0,0,0,0,0,0,0,0,0,5,0,0,0,0,0,0,0,0,0,0,0,0,0,0,0,0,0,0,0,0,0,0,0,0,0,0,0,0,0,0,0,0,5,0,0,0,0,0,0,0,0,0,0,0,0,0,0,0,0,0,5,0,0,5,0,1,4,0,0,5,0,1,4,0,0,5,0,0,0,0,5,5,0,0,5,0,5,0,5,0,5,0,1,4,0,0,5,0,5,0,0,0,0,0,0,0,0,0,0,0,0,0,0,0,0,0,0,0,0,0,5,0,0,0,0,0,0,0,0,0,0,0,0,0,0,0,0,0,0,0,0,0,0,0,0,0,0,5,0,0,0,0,0,0,0,0,0,4,0,0,0,0,0,0,1,0,0,4,1,0,5,0,0,5,5,5,0,0,5,0,0,17.6,11.0
16,079,23,0,23,0,2,21,0,2,0,0,1,20,2,0,0,1,20,4,19,0,0,10,13,0,0,0,0,0,0,0,0,0,0,0,0,0,0,0,0,23,0,0,0,0,0,0,0,0,0,0,0,0,0,0,0,0,0,0,0,0,0,0,0,0,0,1,0,0,0,0,0,0,22,0,0,0,0,0,0,0,0,0,0,0,0,0,0,0,0,2,21,0,0,21,2,6,17,0,2,19,2,5,18,0,1,21,1,0,0,0,23,23,0,11,12,3,20,0,23,2,21,0,3,20,0,2,21,0,23,0,0,0,0,0,0,1,0,0,0,0,0,0,1,0,2,0,2,0,0,0,16,0,0,0,0,0,1,0,0,0,0,0,0,0,0,0,0,0,0,0,0,0,0,0,0,0,0,16,0,0,0,0,0,6,1,0,0,7,0,13,0,0,2,0,1,0,0,10,13,1,22,0,1,22,23,23,0,1,21,1,0,27.304347826086957,12.0
16,080,3,1,2,0,0,3,0,1,0,0,0,2,0,0,0,0,3,0,3,0,1,2,0,0,0,0,0,0,0,0,0,0,0,0,0,0,0,0,0,3,0,0,0,0,0,0,0,0,0,0,0,0,0,0,0,0,0,0,0,0,0,0,0,0,0,1,0,0,0,0,0,0,2,0,0,0,0,0,0,0,0,0,0,0,0,0,0,0,0,0,3,0,0,3,0,0,3,0,0,3,0,0,3,0,0,3,0,0,0,0,3,3,0,1,2,0,3,0,3,1,2,0,0,3,0,0,3,0,3,0,0,0,0,0,0,0,0,0,0,0,0,0,1,0,0,0,1,0,0,0,1,0,0,0,0,0,0,0,0,0,0,0,0,0,0,0,0,0,0,0,0,0,0,0,0,0,0,1,0,0,0,0,0,2,0,0,0,2,0,0,0,0,1,0,0,0,0,3,0,0,3,0,0,3,3,3,0,0,3,0,0,26.0,17.0
16,081,1,0,1,0,0,1,0,0,0,0,0,1,0,0,0,0,1,0,1,0,0,1,0,0,0,0,0,0,0,0,0,0,0,0,0,0,0,0,0,1,0,0,0,0,0,0,0,0,0,0,0,0,0,0,0,0,0,0,0,0,0,0,0,0,0,0,0,0,0,0,0,0,1,0,0,0,0,0,0,0,0,0,0,0,0,0,0,0,0,0,1,0,0,1,0,1,0,0,0,1,0,0,1,0,0,1,0,0,0,0,1,1,0,1,0,0,1,0,1,0,1,0,0,0,1,0,1,0,1,0,0,0,0,0,0,0,0,0,0,0,0,0,0,0,0,0,0,0,0,0,1,0,0,0,0,0,0,0,0,0,0,0,0,0,0,0,0,0,0,0,0,0,0,0,0,0,0,1,0,0,0,0,0,0,0,0,0,0,0,1,0,0,0,0,0,0,0,1,0,0,1,0,0,1,1,1,0,0,1,0,0,90.0,90.0
16,082,13,0,13,0,0,13,0,1,0,0,2,10,3,0,0,2,8,1,12,0,0,4,9,0,0,0,0,0,0,0,0,0,0,0,0,0,0,0,0,13,0,0,0,0,0,0,0,0,0,0,0,0,0,0,0,0,0,0,0,0,0,0,0,0,0,0,0,0,0,0,0,0,13,0,0,0,0,0,0,0,0,0,0,0,0,0,0,0,0,0,13,0,0,11,2,1,12,0,0,11,2,2,11,0,1,6,6,0,0,0,13,13,0,4,9,0,13,0,13,0,13,0,4,9,0,1,12,0,13,1,0,0,0,0,0,0,0,0,0,0,0,0,0,0,2,0,1,0,0,0,7,0,0,0,0,2,0,0,0,0,0,0,0,0,0,0,0,0,0,0,0,0,0,0,0,0,0,7,0,0,0,0,2,4,0,0,0,9,0,1,0,0,1,0,2,0,0,4,9,0,13,0,6,7,13,11,2,1,6,6,0,21.307692307692307,16.0
16,083,9,0,9,0,0,9,0,1,0,0,0,8,1,0,0,0,8,1,8,0,0,3,6,0,0,0,0,0,0,0,0,0,0,0,0,0,0,0,0,9,0,0,0,0,0,0,0,0,0,0,0,0,0,0,0,0,0,0,0,0,0,0,0,0,0,0,0,0,0,0,0,0,9,0,0,0,0,0,0,0,0,0,0,0,0,0,0,0,0,1,8,0,0,9,0,2,7,0,1,8,0,2,7,0,1,7,1,0,0,0,9,9,0,4,5,0,9,0,9,0,9,0,2,6,1,0,9,0,9,0,0,0,0,0,0,0,0,0,0,0,0,0,1,0,0,0,1,0,0,1,6,0,0,0,0,0,0,0,0,0,0,0,0,0,0,0,0,0,0,0,0,0,0,0,0,0,0,6,0,1,0,0,0,2,0,0,0,3,0,6,0,0,0,0,0,0,0,3,6,0,9,0,1,8,9,9,0,1,7,1,0,31.11111111111111,22.0
16,084,5,0,5,0,1,4,0,0,0,0,0,5,1,0,0,0,4,0,5,0,0,2,3,0,0,0,0,0,0,0,0,0,0,0,0,0,0,0,0,5,0,0,0,0,0,0,0,0,0,0,0,0,0,0,0,0,0,0,0,0,0,0,0,0,0,0,0,0,0,0,0,0,5,0,0,0,0,0,0,0,0,0,0,0,0,0,0,0,0,0,5,0,0,5,0,0,5,0,2,3,0,0,5,0,0,4,1,0,0,0,5,5,0,3,2,0,5,0,5,0,5,0,0,5,0,0,5,0,5,0,0,0,0,0,0,0,0,0,0,0,0,0,0,0,1,0,0,0,0,0,4,0,0,0,0,0,0,0,0,0,0,0,0,0,0,0,0,0,0,0,0,0,0,0,0,0,0,4,0,0,0,0,0,1,0,0,0,1,0,3,0,0,1,0,0,0,0,2,3,0,5,0,1,4,5,5,0,0,4,1,0,9.4,3.0
16,085,1,0,1,0,0,1,0,0,0,0,0,1,0,0,0,0,1,1,0,0,0,0,1,0,0,0,0,0,0,0,0,0,0,0,0,0,0,0,0,1,0,0,0,0,0,0,0,0,0,0,0,0,0,0,0,0,0,0,0,0,0,0,0,0,0,0,0,0,0,0,0,0,1,0,0,0,0,0,0,0,0,0,0,0,0,0,0,0,0,0,1,0,0,1,0,1,0,0,0,1,0,0,1,0,0,1,0,0,0,0,1,1,0,1,0,0,1,0,1,0,1,0,0,1,0,1,0,0,1,0,0,0,0,0,0,0,0,0,0,0,0,0,0,0,0,0,0,0,0,0,1,0,0,0,0,0,0,0,0,0,0,0,0,0,0,0,0,0,0,0,0,0,0,0,0,0,0,1,0,0,0,0,0,0,0,0,0,0,0,1,0,0,0,0,0,0,0,0,1,0,1,0,0,1,1,1,0,0,1,0,0,75.0,75.0
16,086,1,0,1,0,0,1,0,0,0,0,0,1,0,0,0,0,1,0,1,0,0,0,1,0,0,0,0,0,0,0,0,0,0,0,0,0,0,0,0,1,0,0,0,0,0,0,0,0,0,0,0,0,0,0,0,0,0,0,0,0,0,0,0,0,0,0,0,0,0,0,0,0,1,0,0,0,0,0,0,0,0,0,0,0,0,0,0,0,0,0,1,0,0,1,0,0,1,0,0,1,0,0,1,0,0,1,0,0,0,0,1,1,0,1,0,0,1,0,1,1,0,0,0,0,1,0,1,0,1,0,0,0,0,0,0,0,0,0,0,0,0,0,0,0,0,0,0,0,0,0,1,0,0,0,0,0,0,0,0,0,0,0,0,0,0,0,0,0,0,0,0,0,0,0,0,0,0,1,0,0,0,0,0,0,0,0,0,0,0,1,0,0,0,0,0,0,0,0,1,0,1,0,0,1,1,1,0,0,1,0,0,53.0,53.0
16,087,8,1,7,0,0,8,0,0,0,0,1,7,0,0,0,1,7,2,6,0,0,4,4,0,0,0,0,0,0,0,0,0,0,0,0,0,0,0,0,8,0,0,0,0,0,0,0,0,0,0,0,0,0,0,0,0,0,0,0,0,0,0,0,0,0,0,0,0,0,0,0,0,8,0,0,0,0,0,0,0,0,0,0,0,0,0,0,0,0,1,7,0,0,8,0,5,3,0,0,8,0,0,8,0,0,6,2,0,0,0,8,8,0,6,2,2,6,0,8,0,8,0,2,6,0,1,7,0,8,0,0,0,0,0,0,0,0,0,0,0,0,0,0,0,0,0,0,0,0,0,7,0,0,0,0,1,0,0,0,0,0,0,0,0,0,0,0,0,0,0,0,0,0,0,0,0,0,7,0,0,0,0,1,0,0,0,0,0,0,4,0,0,0,0,4,0,0,4,4,1,7,0,2,6,8,7,1,0,6,2,0,56.75,56.5
16,088,36,3,33,0,2,34,0,5,0,0,1,30,4,0,0,1,31,3,33,0,0,17,19,0,0,0,0,0,0,0,0,0,6,0,2,0,0,0,1,27,0,0,0,0,0,0,0,0,0,0,0,0,0,0,0,0,0,0,0,0,0,0,0,0,0,0,0,0,0,0,0,0,31,0,0,0,0,0,5,0,0,0,0,0,0,0,0,0,0,2,34,0,0,33,3,5,31,0,0,33,3,1,35,0,1,26,9,0,0,0,36,36,0,11,25,3,33,0,36,2,34,0,6,25,5,0,36,0,36,2,0,0,0,0,1,0,0,0,0,0,0,0,0,1,1,0,5,0,0,0,25,0,0,0,0,1,0,0,0,0,0,0,0,0,0,0,0,0,0,0,0,0,0,0,0,0,0,25,0,0,0,0,1,10,0,0,0,24,0,0,0,0,3,0,9,0,0,17,19,1,35,0,9,27,36,35,1,0,27,9,0,35.27777777777778,26.0
16,089,5,0,5,0,2,3,0,0,0,0,1,4,0,0,0,1,4,0,5,0,0,2,3,0,0,0,0,0,0,0,0,0,0,0,0,0,0,0,0,5,0,0,0,0,0,0,0,0,0,0,0,0,0,0,0,0,0,0,0,0,0,0,0,0,0,0,0,0,0,0,0,0,5,0,0,0,0,0,0,0,0,0,0,0,0,0,0,0,0,0,5,0,0,5,0,1,4,0,0,5,0,0,5,0,0,5,0,0,0,0,5,5,0,4,1,1,4,0,5,0,5,0,3,2,0,0,5,0,5,0,0,0,0,0,0,0,0,0,0,0,0,0,0,0,0,0,0,0,0,0,4,0,0,0,0,1,0,0,0,0,0,0,0,0,0,0,0,0,0,0,0,0,0,0,0,0,0,4,0,0,0,0,1,0,0,0,0,1,0,3,0,0,0,0,1,0,0,2,3,2,3,0,0,5,5,4,1,0,5,0,0,68.0,75.0
16,090,12,1,11,0,1,11,0,2,0,0,3,7,0,0,0,3,9,0,12,0,0,6,6,0,0,0,0,0,0,0,0,0,0,0,0,0,0,0,0,12,0,0,0,0,0,0,0,0,0,0,0,0,0,0,0,0,0,0,0,0,0,0,0,0,0,0,0,0,0,0,0,0,12,0,0,0,0,0,0,0,0,0,0,0,0,0,0,0,0,1,11,0,0,11,1,0,12,0,1,10,1,0,12,0,0,8,4,0,0,0,12,12,0,7,5,0,12,0,12,0,12,0,5,6,1,0,12,0,12,0,0,0,0,0,0,0,0,0,0,0,0,0,0,0,0,0,2,0,0,0,7,0,0,0,0,1,2,0,0,0,0,0,0,0,0,0,0,0,0,0,0,0,0,0,0,0,0,7,0,0,0,0,1,2,2,0,0,2,0,6,0,0,0,0,4,0,0,6,6,1,11,0,4,8,12,11,1,0,8,4,0,24.916666666666668,23.0
16,092,7,0,7,0,3,4,0,1,0,0,2,4,1,0,0,2,4,2,5,0,0,4,3,0,0,0,0,0,0,0,0,0,0,0,0,0,0,0,0,7,0,0,0,0,0,0,0,0,0,0,0,0,0,0,0,0,0,0,0,0,0,0,0,0,0,0,0,0,0,0,0,0,7,0,0,0,0,0,0,0,0,0,0,0,0,0,0,0,0,0,7,0,0,6,1,1,6,0,0,6,1,0,7,0,0,7,0,0,0,0,7,7,0,3,4,0,7,0,7,0,7,0,2,4,1,0,7,0,7,0,0,0,0,0,0,0,0,0,0,0,0,0,0,0,1,0,1,0,0,0,3,0,0,0,0,1,1,0,0,0,0,0,0,0,0,0,0,0,0,0,0,0,0,0,0,0,0,3,0,0,0,0,1,2,1,0,0,6,0,0,0,0,0,0,1,0,0,4,3,0,7,0,0,7,7,6,1,0,7,0,0,22.142857142857142,2.0
16,093,2,0,2,0,0,2,0,0,0,0,0,2,0,0,0,0,2,0,2,0,0,1,1,0,0,0,0,0,0,0,0,0,0,0,0,0,0,0,0,2,0,0,0,0,0,0,0,0,0,0,0,0,0,0,0,0,0,0,0,0,0,0,0,0,0,0,0,0,0,0,0,0,2,0,0,0,0,0,0,0,0,0,0,0,0,0,0,0,0,0,2,0,0,2,0,0,2,0,0,2,0,0,2,0,0,2,0,0,0,0,2,2,0,1,1,0,2,0,2,0,2,0,1,1,0,0,2,0,2,0,0,0,0,0,0,0,0,0,0,0,0,0,0,0,0,0,0,0,0,0,2,0,0,0,0,0,0,0,0,0,0,0,0,0,0,0,0,0,0,0,0,0,0,0,0,0,0,2,0,0,0,0,0,0,0,0,0,2,0,0,0,0,0,0,0,0,0,1,1,0,2,0,0,2,2,2,0,0,2,0,0,14.5,14.5
16,095,1,0,1,0,0,1,0,0,0,0,0,1,1,0,0,0,0,0,1,0,0,1,0,0,0,0,0,0,0,0,0,0,0,0,0,0,0,0,0,1,0,0,0,0,0,0,0,0,0,0,0,0,0,0,0,0,0,0,0,0,0,0,0,0,0,0,0,0,0,0,0,0,1,0,0,0,0,0,0,0,0,0,0,0,0,0,0,0,0,0,1,0,0,1,0,0,1,0,0,1,0,1,0,0,0,1,0,0,0,0,1,1,0,0,1,0,1,0,1,0,1,0,0,1,0,0,1,0,1,1,0,0,0,0,0,0,0,0,0,0,0,0,0,0,0,0,0,0,0,0,0,0,0,0,0,0,0,0,0,0,0,0,0,0,0,0,0,0,0,0,0,0,0,0,0,0,0,0,0,0,0,0,0,1,0,0,0,1,0,0,0,0,0,0,0,0,0,1,0,0,1,0,0,1,1,1,0,0,1,0,0,11.0,11.0
16,097,4,0,4,0,0,4,0,1,0,0,0,3,0,0,0,0,4,0,4,0,0,0,4,0,0,0,0,0,0,0,0,0,0,0,0,0,0,0,0,4,0,0,0,0,0,0,0,0,0,0,0,0,0,0,0,0,0,0,0,0,0,0,0,0,0,0,0,0,0,0,0,0,4,0,0,0,0,0,0,0,0,0,0,0,0,0,0,0,0,0,4,0,0,1,3,0,4,0,0,2,2,1,3,0,0,3,1,0,0,0,4,4,0,1,3,0,4,0,4,0,4,0,1,3,0,0,4,0,4,0,0,0,0,0,0,0,0,0,0,0,0,0,0,0,0,0,1,0,0,0,3,0,0,0,0,0,0,0,0,0,0,0,0,0,0,0,0,0,0,0,0,0,0,0,0,0,0,3,0,0,0,0,0,1,0,0,0,3,0,0,0,0,1,0,0,0,0,0,4,0,4,0,1,3,4,4,0,0,3,1,0,18.25,21.0
16,098,5,0,5,0,1,4,0,0,0,0,0,5,0,0,0,0,5,1,4,0,0,2,3,0,0,0,0,0,0,0,0,0,0,0,0,0,0,0,0,5,0,0,0,0,0,0,0,0,0,0,0,0,0,0,0,0,0,0,0,0,0,0,0,0,0,1,0,0,0,0,0,1,3,0,0,0,0,0,0,0,0,0,0,0,0,0,0,0,0,0,5,0,0,4,1,0,5,0,0,4,1,0,5,0,0,5,0,0,0,0,5,5,0,3,2,1,4,0,5,0,5,0,1,3,1,1,4,0,5,0,0,1,0,0,0,0,0,0,0,0,0,0,1,0,0,0,0,0,1,0,2,0,0,0,0,0,0,0,0,0,0,0,0,0,0,0,0,0,0,0,0,0,0,0,0,0,0,2,0,0,0,0,0,3,0,0,0,4,0,1,0,0,0,0,0,0,0,2,3,0,5,0,0,5,5,5,0,0,5,0,0,21.6,18.0
16,099,1,0,1,0,0,1,0,0,0,0,0,1,0,0,0,0,1,1,0,0,0,0,1,0,0,0,0,0,0,0,0,0,0,0,0,0,0,0,0,1,0,0,0,0,0,0,0,0,0,0,0,0,0,0,0,0,0,0,0,0,0,0,0,0,0,0,0,0,0,0,0,0,1,0,0,0,0,0,0,0,0,0,0,0,0,0,0,0,0,0,1,0,0,1,0,0,1,0,0,1,0,0,1,0,0,1,0,0,0,0,1,1,0,0,1,0,1,0,1,0,1,0,0,0,1,0,1,0,1,0,0,0,0,0,0,0,0,0,0,0,0,0,0,0,0,0,0,0,0,0,1,0,0,0,0,0,0,0,0,0,0,0,0,0,0,0,0,0,0,0,0,0,0,0,0,0,0,1,0,0,0,0,0,0,0,0,0,1,0,0,0,0,0,0,0,0,0,0,1,0,1,0,0,1,1,1,0,1,0,0,0,52.0,52.0
16,100,7,0,7,0,0,7,0,0,0,0,2,5,1,0,0,2,4,1,6,0,0,3,4,0,0,0,0,0,0,0,0,0,0,0,0,0,0,0,0,7,0,0,0,0,0,0,0,0,0,0,0,0,0,0,0,0,0,0,0,0,0,0,0,0,0,0,0,0,0,0,0,0,7,0,0,0,0,0,0,0,0,0,0,0,0,0,0,0,0,2,5,0,2,5,0,1,6,0,2,5,0,0,7,0,0,7,0,0,0,0,7,7,0,6,1,0,7,0,7,0,7,0,2,5,0,0,7,0,7,1,0,0,0,0,0,0,0,0,0,0,0,0,0,1,0,0,0,0,0,0,3,0,0,0,0,0,2,0,0,0,0,0,0,0,0,0,0,0,0,0,0,0,0,0,0,0,0,3,0,0,0,0,0,2,2,0,0,0,0,7,0,0,0,0,0,0,0,3,4,0,7,0,0,7,7,7,0,0,7,0,0,53.42857142857143,73.0
16,101,10,0,10,0,0,10,0,0,0,0,0,10,0,0,0,0,10,0,10,0,0,4,6,0,0,0,0,0,0,0,0,0,0,0,0,0,0,0,0,10,0,0,0,0,0,0,0,0,0,0,0,0,0,0,0,0,0,0,0,0,0,0,0,0,0,0,0,0,0,0,0,0,10,0,0,0,0,0,0,0,0,0,0,0,0,0,0,0,0,0,10,0,0,10,0,0,10,0,0,10,0,1,9,0,0,10,0,0,0,0,10,10,0,5,5,0,10,0,10,0,10,0,3,6,1,0,10,0,10,0,0,0,0,0,0,0,0,0,0,0,0,0,0,0,0,0,0,0,0,0,10,0,0,0,0,0,0,0,0,0,0,0,0,0,0,0,0,0,0,0,0,0,0,0,0,0,0,10,0,0,0,0,0,0,0,0,0,9,0,0,0,0,0,0,1,0,0,4,6,0,10,0,0,10,10,10,0,0,10,0,0,10.4,1.0
16,102,312,16,295,1,13,298,1,13,1,0,57,241,55,1,0,57,199,64,247,1,3,170,137,2,0,0,0,0,2,0,0,0,1,0,1,0,1,1,5,293,0,0,0,0,0,0,1,1,0,1,0,0,1,2,0,0,2,1,0,0,0,0,0,0,0,3,0,0,0,2,1,3,299,0,0,0,0,0,3,0,0,0,0,0,0,0,0,0,0,35,276,1,15,287,10,86,225,1,17,289,6,8,303,1,16,182,114,0,2,0,310,310,2,164,148,27,284,1,312,8,302,2,113,196,3,23,288,1,312,18,0,0,7,0,0,0,0,0,0,0,0,0,1,0,19,0,13,0,2,11,183,1,0,0,0,50,7,0,0,0,0,0,0,0,0,0,0,0,0,0,1,0,0,0,0,0,0,183,1,0,0,0,50,70,7,0,0,17,0,181,0,2,6,0,106,0,0,175,137,39,272,1,114,198,312,262,50,9,189,114,0,43.25961538461539,42.5
16,103,4,0,4,0,0,4,0,1,0,0,0,3,0,0,0,0,4,0,4,0,1,1,2,0,0,0,0,0,0,0,0,0,0,0,0,0,0,0,0,4,0,0,0,0,0,0,0,0,0,0,0,0,0,0,0,0,0,0,0,0,0,0,0,0,0,0,0,0,0,0,2,0,2,0,0,0,0,0,0,0,0,0,0,0,0,0,0,0,0,0,4,0,0,4,0,0,4,0,0,4,0,1,3,0,1,3,0,0,0,0,4,4,0,0,4,0,4,0,4,0,4,0,1,3,0,0,4,0,4,0,0,0,0,0,0,0,0,0,0,0,0,0,0,0,0,0,1,0,0,0,3,0,0,0,0,0,0,0,0,0,0,0,0,0,0,0,0,0,0,0,0,0,0,0,0,0,0,3,0,0,0,0,0,1,0,0,0,3,0,0,0,0,0,0,1,0,0,2,2,0,4,0,0,4,4,4,0,1,3,0,0,15.0,12.0
16,105,12,1,11,0,2,10,0,0,0,0,5,7,0,0,0,5,7,4,8,0,0,5,7,0,0,0,0,0,0,0,0,0,0,0,0,0,0,3,1,8,0,0,0,0,0,0,0,0,0,0,0,0,0,0,0,0,0,0,0,0,0,0,0,0,0,0,0,0,0,0,12,0,0,0,0,0,0,0,0,0,0,0,0,0,0,0,0,0,0,0,12,0,0,12,0,2,10,0,0,12,0,0,12,0,0,7,5,0,0,0,12,12,0,2,10,1,11,0,12,0,12,0,2,10,0,1,11,0,12,0,0,0,0,0,0,0,0,0,0,0,0,0,0,0,0,0,0,0,0,0,7,0,0,0,0,5,0,0,0,0,0,0,0,0,0,0,0,0,0,0,0,0,0,0,0,0,0,7,0,0,0,0,5,0,0,0,0,12,0,0,0,0,0,0,0,0,0,5,7,0,12,0,5,7,12,7,5,0,7,5,0,30.25,38.5
16,106,13,0,13,0,1,12,0,0,0,0,1,12,1,0,0,1,11,0,13,0,0,5,8,0,0,0,0,0,0,0,0,0,0,0,0,1,0,0,0,12,0,0,0,0,0,0,0,0,0,0,0,0,0,0,0,0,0,0,0,0,0,0,0,0,0,2,0,0,0,0,3,0,8,0,0,0,0,0,0,0,0,0,0,0,0,0,0,0,0,0,13,0,1,11,1,0,13,0,1,11,1,3,10,0,0,11,2,0,0,0,13,13,0,2,11,0,13,0,13,2,11,0,2,10,1,0,13,0,13,1,0,0,0,0,0,0,0,0,0,0,0,0,0,0,0,0,0,0,0,0,11,0,0,0,0,1,0,0,0,0,0,0,0,0,0,0,0,0,0,0,0,0,0,0,0,0,0,11,0,0,0,0,1,1,0,0,0,10,0,3,0,0,0,0,0,0,0,5,8,0,13,0,2,11,13,12,1,0,11,2,0,18.76923076923077,15.0
16,107,3,0,3,0,0,3,0,0,0,0,0,3,0,0,0,0,3,1,2,0,0,0,3,0,0,0,0,0,0,0,0,0,0,0,0,0,0,0,0,3,0,0,0,0,0,0,0,0,0,0,0,0,0,0,0,0,0,0,0,0,0,0,0,0,0,0,0,0,0,0,0,0,3,0,0,0,0,0,0,0,0,0,0,0,0,0,0,0,0,0,3,0,0,2,1,1,2,0,0,2,1,0,3,0,0,3,0,0,0,0,3,3,0,0,3,0,3,0,3,0,3,0,2,1,0,0,3,0,3,0,0,0,0,0,0,0,0,0,0,0,0,0,0,0,0,0,0,0,0,0,3,0,0,0,0,0,0,0,0,0,0,0,0,0,0,0,0,0,0,0,0,0,0,0,0,0,0,3,0,0,0,0,0,0,0,0,0,2,0,0,0,0,0,0,1,0,0,0,3,1,2,0,0,3,3,3,0,0,3,0,0,41.333333333333336,56.0
16,108,70,4,66,0,1,69,0,4,0,2,1,63,17,0,2,1,50,11,59,0,2,37,31,0,0,0,0,0,0,0,0,0,1,0,0,0,0,0,0,69,0,0,0,0,0,0,0,0,0,0,0,0,0,0,0,0,0,0,0,0,0,0,0,0,0,0,0,0,0,1,2,0,67,0,0,0,0,0,0,0,0,0,0,0,0,0,0,0,0,2,68,0,1,67,2,13,57,0,1,68,1,0,70,0,1,42,27,0,0,0,70,70,0,38,32,4,66,0,70,7,62,1,4,65,1,3,67,0,70,5,0,3,0,2,0,0,0,0,0,1,0,0,3,0,5,0,4,0,0,7,38,0,0,1,0,1,0,0,1,0,0,2,0,0,0,0,0,0,0,0,0,0,0,0,0,0,0,38,0,0,0,1,1,27,0,0,0,3,0,12,0,0,52,0,3,0,0,39,31,2,68,0,27,43,70,69,1,0,43,27,0,37.42857142857143,34.5
16,110,21,0,21,0,0,21,0,0,0,0,0,21,6,0,0,0,15,5,16,0,0,9,12,0,0,0,0,0,0,0,0,0,0,0,0,0,0,0,0,21,0,0,0,0,0,0,0,0,0,0,0,0,0,0,0,0,0,0,0,0,0,0,0,0,0,0,0,0,0,0,0,0,21,0,0,0,0,0,0,0,0,0,0,0,0,0,0,0,0,0,21,0,0,19,2,4,17,0,0,19,2,6,15,0,3,18,0,0,0,0,21,21,0,7,14,1,20,0,21,0,21,0,5,16,0,3,18,0,21,2,0,0,0,0,1,0,0,0,0,0,0,0,1,0,1,0,0,0,0,2,14,0,0,0,0,0,0,0,0,0,0,0,0,0,0,0,0,0,0,0,0,0,0,0,0,0,0,14,0,0,0,0,0,7,0,0,0,19,0,0,0,0,2,0,0,0,0,9,12,0,21,0,0,21,21,21,0,2,19,0,0,21.80952380952381,9.0
16,111,10,0,10,0,0,10,0,0,0,0,1,9,4,0,0,1,5,3,7,0,0,5,5,0,0,0,0,0,0,0,0,0,0,0,0,0,0,0,0,10,0,0,0,0,0,0,0,0,0,0,0,0,0,0,0,0,0,0,0,0,0,0,0,0,0,0,0,0,0,0,0,0,10,0,0,0,0,0,0,0,0,0,0,0,0,0,0,0,0,0,10,0,0,10,0,3,7,0,2,8,0,0,10,0,1,6,3,0,0,0,10,10,0,6,4,1,9,0,10,0,10,0,3,7,0,0,10,0,10,0,0,0,0,0,0,0,0,0,0,0,0,0,0,0,1,0,0,0,0,3,5,0,0,0,0,1,0,0,0,0,0,0,0,0,0,0,0,0,0,0,0,0,0,0,0,0,0,5,0,0,0,0,1,4,0,0,0,1,0,8,0,0,0,0,1,0,0,5,5,0,10,0,3,7,10,9,1,0,7,3,0,30.1,17.5
16,112,56,0,56,0,4,52,0,2,0,0,4,50,12,0,0,4,40,10,46,0,0,28,27,1,0,0,0,0,0,0,0,0,1,0,0,0,0,0,1,54,0,0,0,0,0,0,0,0,0,0,0,0,0,0,0,0,0,0,0,0,0,0,0,0,0,0,0,0,0,0,0,4,52,0,0,0,0,0,0,0,0,0,0,0,0,0,0,0,0,10,46,0,0,51,5,9,47,0,0,50,6,2,54,0,1,44,11,0,0,0,56,56,0,36,20,3,53,0,56,1,55,0,8,25,23,4,52,0,56,5,0,0,0,0,0,0,0,0,0,0,0,0,0,1,5,0,2,0,0,2,37,0,0,0,0,4,0,0,0,0,0,0,0,0,0,0,0,0,0,0,0,0,0,0,0,0,0,37,0,0,0,0,4,15,0,0,0,12,0,36,0,0,7,0,1,0,0,29,27,4,52,0,11,45,56,52,4,1,44,11,0,39.714285714285715,43.0
17,001,24,0,24,0,0,24,0,1,0,1,0,22,1,0,1,0,22,5,19,0,0,15,9,0,0,0,0,0,0,0,0,0,0,0,0,1,0,0,3,0,20,0,0,0,0,0,0,0,0,0,0,0,0,0,0,0,0,0,0,0,0,0,0,0,0,2,0,0,0,0,0,0,0,22,0,0,0,0,0,0,0,0,0,0,0,0,0,0,0,3,21,0,0,24,0,4,20,0,0,24,0,0,24,0,0,16,8,0,0,0,24,24,0,2,22,0,24,0,24,1,23,0,5,19,0,0,24,0,24,1,0,0,0,1,0,0,0,0,1,0,0,0,1,0,0,0,1,0,0,0,19,0,0,0,0,0,0,0,0,0,0,1,0,0,0,0,0,0,0,0,0,0,0,0,0,0,0,19,0,0,0,0,0,4,0,0,0,2,0,22,0,0,0,0,0,0,0,15,9,0,24,0,8,16,24,24,0,0,16,8,0,42.625,46.5
17,002,9,0,9,0,0,9,0,0,0,0,1,8,3,0,0,1,5,1,8,0,0,6,3,0,0,0,0,0,0,0,0,0,0,0,0,0,0,0,1,0,8,0,0,0,0,0,0,0,0,0,0,0,0,0,0,0,0,0,0,0,0,0,0,0,0,1,0,0,0,0,0,0,0,7,0,0,0,1,0,0,0,0,0,0,0,0,0,0,0,0,9,0,0,7,2,1,8,0,0,8,1,1,8,0,1,6,2,0,0,0,9,9,0,3,6,0,9,0,9,0,9,0,6,3,0,0,9,0,9,1,1,0,0,0,0,0,0,0,0,0,0,0,1,0,1,0,0,0,0,1,3,0,0,0,0,1,0,0,0,0,0,0,0,0,0,0,0,0,0,0,0,0,0,0,0,0,0,3,0,0,0,0,1,5,0,0,0,1,0,7,0,1,0,0,0,0,0,6,3,0,9,0,2,7,9,8,1,1,6,2,0,18.77777777777778,2.0
17,003,33,0,33,0,0,33,0,1,0,1,14,17,1,0,1,14,17,6,27,0,0,21,12,0,0,0,0,0,0,0,0,0,0,0,0,0,0,0,1,0,29,1,0,0,2,0,0,0,0,0,0,0,0,0,0,0,0,0,0,0,0,0,0,0,0,0,0,0,0,0,0,0,0,29,0,0,0,4,0,0,0,0,0,0,0,0,0,0,0,4,29,0,0,27,6,3,30,0,0,29,4,0,33,0,0,17,16,0,0,0,33,33,0,15,18,0,33,0,33,1,32,0,1,31,1,2,31,0,33,0,0,1,0,1,0,0,0,0,0,0,0,0,0,2,1,0,1,0,0,0,13,0,0,0,0,14,0,0,0,0,0,1,0,0,0,0,0,0,0,0,0,0,0,0,0,0,0,13,0,0,0,0,14,5,0,0,0,0,1,30,0,2,0,0,0,0,0,21,12,0,33,0,16,17,33,19,14,0,17,16,0,38.42424242424242,41.0
17,004,31,2,29,0,0,31,0,2,0,3,2,24,6,0,3,2,20,8,23,0,0,17,14,0,0,0,0,0,0,0,0,0,3,0,0,0,0,0,3,0,24,0,0,0,0,0,0,0,0,0,0,0,0,0,0,0,1,0,0,0,0,0,0,0,0,1,0,0,0,0,0,0,0,30,0,0,0,0,0,0,0,0,0,0,0,0,0,0,0,1,30,0,3,25,3,8,23,0,3,25,3,2,29,0,1,23,7,0,0,1,30,30,1,11,20,4,27,0,31,3,28,0,5,25,1,2,29,0,31,5,0,0,0,3,0,0,0,0,0,0,0,0,0,0,1,0,2,0,0,0,18,0,0,0,0,2,0,0,0,0,0,3,0,0,0,0,0,0,0,0,0,0,0,0,0,0,0,18,0,0,0,0,2,8,0,0,0,1,0,26,0,0,4,0,0,0,0,17,14,1,30,0,7,24,31,29,2,0,24,7,0,34.45161290322581,45.0
17,005,3,1,2,0,0,3,0,0,0,0,0,3,0,0,0,0,3,1,2,0,0,0,3,0,0,0,0,0,0,0,0,0,1,0,0,0,0,0,0,0,2,0,0,0,0,0,0,0,0,0,0,0,0,0,0,0,0,0,0,0,0,0,0,0,0,1,0,0,0,0,0,1,0,1,0,0,0,0,0,0,0,0,0,0,0,0,0,0,0,1,2,0,0,2,1,0,3,0,0,2,1,0,3,0,0,3,0,0,0,0,3,3,0,1,2,0,3,0,3,0,3,0,2,1,0,0,3,0,3,0,1,0,0,0,0,0,0,0,0,0,0,0,0,0,0,0,0,0,0,0,2,0,0,0,0,0,0,0,0,0,0,0,0,0,0,0,0,0,0,0,0,0,0,0,0,0,0,2,0,0,0,0,0,1,0,0,0,0,0,2,0,0,1,0,0,0,0,0,3,1,2,0,0,3,3,3,0,1,2,0,0,26.666666666666668,1.0
17,006,105,3,101,1,5,99,1,8,0,4,17,76,20,0,4,17,64,13,91,1,2,55,48,0,0,0,0,0,0,0,0,0,16,0,0,4,1,1,3,1,76,0,0,0,1,0,0,0,0,0,0,0,0,1,0,1,0,0,0,0,0,0,0,0,0,15,0,0,0,0,0,0,0,89,0,0,0,1,0,0,0,0,0,0,0,0,0,0,0,7,97,1,3,89,13,19,85,1,5,87,13,6,98,1,6,66,33,0,0,0,105,105,0,29,76,19,85,1,105,8,96,1,40,65,0,3,101,1,105,8,1,0,0,4,0,0,0,0,1,0,0,0,1,0,9,0,8,0,0,3,51,0,1,1,0,16,1,0,0,0,0,4,0,0,0,0,0,0,0,0,0,0,0,0,0,0,0,51,0,0,0,0,16,33,1,1,0,9,0,72,0,0,17,0,2,4,0,57,48,7,97,1,33,72,105,89,16,1,71,33,0,37.93333333333333,31.0
17,007,549,26,522,1,17,531,1,39,0,22,147,341,85,0,22,147,295,82,466,1,7,284,256,2,0,0,0,2,2,0,1,0,46,1,0,21,0,1,11,4,449,0,0,3,2,0,0,1,0,0,0,1,0,3,0,0,1,0,0,0,0,0,0,0,1,55,0,0,0,0,0,3,0,487,0,0,0,0,1,1,0,0,0,0,0,0,1,0,0,13,535,1,2,543,4,90,459,0,1,544,4,17,531,1,7,281,261,0,0,1,548,548,1,164,385,38,510,1,549,42,506,1,65,482,2,19,529,1,549,23,1,3,2,22,0,0,0,0,2,0,0,0,8,3,39,1,39,0,2,19,237,0,0,1,0,139,8,2,0,0,0,22,0,0,0,0,0,0,0,0,3,0,0,0,0,0,0,237,0,1,0,0,139,137,8,1,0,42,0,36,0,2,455,0,11,2,0,293,256,19,529,1,261,288,549,410,139,5,283,261,0,42.34061930783242,37.0
17,008,54,2,52,0,1,53,0,3,0,2,6,43,11,0,2,6,35,6,48,0,2,34,18,0,0,0,0,0,0,0,0,1,4,0,0,1,0,0,0,0,45,1,0,0,0,0,0,0,0,0,0,0,0,1,0,0,1,0,0,0,0,0,0,0,0,5,0,0,1,0,0,0,0,48,0,0,0,0,0,0,0,0,0,0,0,0,0,0,0,2,52,0,0,52,2,9,45,0,0,53,1,5,49,0,1,34,19,0,0,0,54,53,1,19,35,2,52,0,54,7,47,0,7,46,1,2,52,0,54,5,0,0,0,2,0,0,0,0,0,0,0,0,1,1,3,0,3,0,0,3,30,0,0,0,0,5,1,0,0,0,0,2,0,0,0,0,0,0,0,0,0,0,0,0,0,0,0,30,0,0,0,0,5,16,1,0,0,3,0,7,0,0,41,0,2,1,0,36,18,0,54,0,19,35,54,49,5,0,35,19,0,39.94444444444444,37.5
17,009,20,3,17,0,0,20,0,2,0,0,2,16,4,0,0,2,14,2,18,0,0,12,8,0,0,0,0,0,0,0,0,0,2,0,0,0,1,0,1,1,15,0,0,0,0,0,0,0,0,0,0,0,0,0,0,0,0,1,0,0,0,0,0,0,0,12,0,0,0,0,0,0,0,7,0,0,0,0,0,0,0,0,0,0,0,0,0,0,0,1,19,0,0,20,0,1,19,0,0,20,0,0,20,0,0,13,7,0,0,0,20,20,0,5,15,0,20,0,20,2,18,0,3,17,0,0,20,0,20,3,1,0,0,0,0,0,0,0,1,0,0,0,3,0,1,0,2,0,0,0,7,0,0,0,0,2,0,0,0,1,0,0,0,0,0,0,0,0,0,0,0,0,0,0,0,0,0,7,0,0,0,0,2,10,0,0,0,12,0,0,0,0,7,0,1,0,0,12,8,0,20,0,7,13,20,18,2,0,13,7,0,28.6,26.5
17,010,7,0,7,0,1,6,0,0,0,0,0,7,1,0,0,0,6,1,6,0,0,3,4,0,0,0,0,0,0,0,0,0,0,0,0,0,0,0,0,0,7,0,0,0,0,0,0,0,0,0,0,0,0,0,0,0,0,0,0,0,0,0,0,0,0,0,0,0,0,0,0,0,0,7,0,0,0,0,0,0,0,0,0,0,0,0,0,0,0,0,7,0,0,6,1,1,6,0,0,6,1,0,7,0,0,4,3,0,0,0,7,7,0,2,5,1,6,0,7,0,7,0,2,5,0,1,6,0,7,0,0,0,0,0,0,0,0,0,0,0,0,0,0,0,1,0,0,0,0,0,5,0,1,0,0,0,0,0,0,0,0,0,0,0,0,0,0,0,0,0,0,0,0,0,0,1,0,5,0,0,0,0,0,1,0,0,0,0,0,7,0,0,0,0,0,0,0,3,4,0,7,0,3,4,7,7,0,0,4,3,0,22.571428571428573,5.0
17,011,169,10,159,0,3,166,0,8,0,7,30,124,36,0,7,30,96,42,127,0,1,94,74,0,1,0,0,0,1,0,1,0,8,1,0,10,1,0,3,0,139,0,0,0,2,0,0,0,0,0,0,0,0,1,0,1,0,1,0,0,0,0,0,0,0,7,0,0,0,0,0,0,0,158,0,0,0,2,0,0,0,0,0,0,0,0,0,0,1,3,166,0,1,167,1,39,130,0,1,167,1,5,164,0,5,102,62,0,0,0,169,169,0,74,95,10,159,0,169,16,153,0,16,153,0,10,159,0,169,8,0,1,0,7,0,0,0,1,0,0,0,0,1,0,18,0,8,0,0,9,86,0,0,0,0,28,2,0,0,0,0,7,0,0,0,0,0,0,0,0,0,0,0,0,0,0,1,86,0,0,0,0,28,45,2,0,0,6,0,13,0,0,148,0,1,1,0,95,74,8,161,0,62,107,169,141,28,3,104,62,0,41.337278106508876,40.0
17,012,65,2,63,0,0,65,0,3,0,2,4,56,18,0,2,4,41,9,56,0,2,32,31,0,0,0,0,0,0,0,0,0,1,0,0,2,0,0,4,0,58,0,0,0,0,0,0,0,0,0,0,0,0,0,0,0,0,0,0,0,0,0,0,0,0,2,0,1,0,0,0,0,0,60,0,1,0,1,0,0,0,0,0,0,0,0,0,0,0,2,63,0,2,59,4,9,56,0,1,60,4,0,65,0,2,20,43,0,0,0,65,65,0,3,62,4,61,0,65,1,64,0,24,41,0,1,64,0,65,7,0,1,0,2,0,0,0,0,0,0,0,0,1,1,9,0,3,0,0,2,35,0,0,0,0,4,0,0,0,0,0,2,0,0,0,0,0,0,0,0,0,0,0,0,0,0,0,35,0,0,0,0,4,24,0,0,0,4,0,55,0,0,6,0,0,0,0,34,31,8,57,0,43,22,65,61,4,0,22,43,0,35.292307692307695,31.0
17,013,4,0,4,0,0,4,0,0,0,0,1,3,0,0,0,1,3,2,2,0,0,4,0,0,0,0,0,0,0,0,0,0,1,0,0,0,0,0,0,0,3,0,0,0,0,0,0,0,0,0,0,0,0,0,0,0,0,0,0,0,0,0,0,0,0,2,0,0,0,0,0,0,0,2,0,0,0,0,0,0,0,0,0,0,0,0,0,0,0,0,4,0,0,3,1,1,3,0,0,2,2,0,4,0,0,2,2,0,0,0,4,4,0,1,3,0,4,0,4,1,3,0,2,2,0,1,3,0,4,0,1,0,0,0,0,0,0,0,0,0,0,0,0,0,0,0,0,0,0,0,2,0,0,0,0,1,0,0,0,0,0,0,0,0,0,0,0,0,0,0,0,0,0,0,0,0,0,2,0,0,0,0,1,1,0,0,0,1,0,2,0,0,0,0,1,0,0,4,0,1,3,0,2,2,4,3,1,0,2,2,0,43.75,43.0
17,014,2,0,2,0,0,2,0,0,0,0,0,2,1,0,0,0,1,0,2,0,0,1,1,0,0,0,0,0,0,0,0,0,0,0,0,0,0,0,0,0,2,0,0,0,0,0,0,0,0,0,0,0,0,0,0,0,0,0,0,0,0,0,0,0,0,1,0,0,0,0,0,0,0,1,0,0,0,0,0,0,0,0,0,0,0,0,0,0,0,0,2,0,0,2,0,0,2,0,0,2,0,0,2,0,0,1,1,0,0,0,2,2,0,0,2,0,2,0,2,0,2,0,1,1,0,0,2,0,2,0,0,0,0,0,0,0,0,0,0,0,0,0,0,0,1,0,0,0,0,0,1,0,0,0,0,0,0,0,0,0,0,0,0,0,0,0,0,0,0,0,0,0,0,0,0,0,0,1,0,0,0,0,0,1,0,0,0,1,0,1,0,0,0,0,0,0,0,1,1,0,2,0,1,1,2,2,0,0,1,1,0,47.5,47.5
17,015,3,0,3,0,0,3,0,0,0,0,0,3,1,0,0,0,2,0,3,0,0,3,0,0,0,0,0,0,0,0,0,0,0,0,0,0,0,0,0,0,3,0,0,0,0,0,0,0,0,0,0,0,0,0,0,0,0,0,0,0,0,0,0,0,0,0,0,0,0,0,0,0,0,3,0,0,0,0,0,0,0,0,0,0,0,0,0,0,0,0,3,0,0,3,0,0,3,0,0,3,0,0,3,0,0,2,1,0,0,0,3,3,0,1,2,0,3,0,3,0,3,0,2,1,0,0,3,0,3,1,0,0,0,0,0,0,0,0,0,0,0,0,0,0,0,0,0,0,0,0,2,0,0,0,0,0,0,0,0,0,0,0,0,0,0,0,0,0,0,0,0,0,0,0,0,0,0,2,0,0,0,0,0,1,0,0,0,0,0,2,0,0,1,0,0,0,0,3,0,0,3,0,1,2,3,3,0,0,2,1,0,37.333333333333336,24.0
17,016,5,0,5,0,0,5,0,0,0,1,0,4,0,0,1,0,4,0,5,0,0,2,3,0,0,0,0,0,0,0,0,0,1,0,0,0,0,0,0,0,4,0,0,0,0,0,0,0,0,0,0,0,0,0,0,0,0,0,0,0,0,0,0,0,0,0,0,0,0,0,0,0,0,5,0,0,0,0,0,0,0,0,0,0,0,0,0,0,0,0,5,0,0,5,0,0,5,0,1,4,0,0,5,0,1,3,1,0,0,0,5,5,0,4,1,1,4,0,5,0,5,0,4,1,0,0,5,0,5,0,0,0,0,1,0,0,0,0,0,0,0,0,0,0,0,0,0,0,0,0,4,0,0,0,0,0,0,0,0,0,0,1,0,0,0,0,0,0,0,0,0,0,0,0,0,0,0,4,0,0,0,0,0,0,0,0,0,0,0,4,0,0,1,0,0,0,0,2,3,0,5,0,1,4,5,5,0,0,4,1,0,9.6,4.0
17,017,56,4,52,0,2,54,0,2,0,0,3,51,14,0,0,3,39,8,48,0,0,30,26,0,0,0,0,0,0,0,0,0,0,0,0,3,0,0,4,0,46,0,0,2,1,0,0,0,0,0,0,0,0,0,0,0,0,0,0,0,0,0,0,0,0,3,0,0,0,0,0,0,0,53,0,0,0,0,0,0,0,0,0,0,0,0,0,0,0,1,55,0,0,54,2,9,47,0,0,54,2,2,54,0,1,26,29,0,0,0,56,56,0,5,51,3,53,0,56,2,54,0,9,47,0,5,51,0,56,1,0,0,0,0,0,0,0,0,0,0,0,0,0,0,7,0,2,0,0,6,37,0,0,0,0,3,0,0,0,0,0,0,0,0,0,0,0,0,0,0,0,0,0,0,0,0,0,37,0,0,0,0,3,16,0,0,0,3,0,47,0,0,6,0,0,0,0,30,26,1,55,0,29,27,56,53,3,0,27,29,0,36.982142857142854,32.5
17,018,45,3,42,0,0,45,0,5,0,1,4,35,8,0,1,4,32,11,34,0,2,23,20,0,0,0,0,0,0,0,0,0,0,0,0,4,0,0,1,0,37,0,1,2,0,0,0,0,0,0,0,0,0,0,0,0,0,0,0,0,0,0,0,0,0,3,0,0,0,0,0,0,0,39,0,0,0,1,2,0,0,0,0,0,0,0,0,0,0,3,42,0,0,44,1,12,33,0,0,45,0,0,45,0,3,28,14,0,0,0,45,45,0,21,24,0,45,0,45,4,41,0,5,39,1,1,44,0,45,2,1,1,0,1,0,0,0,0,0,0,0,0,2,0,5,0,5,0,0,0,24,0,0,0,0,4,0,0,0,0,0,1,0,0,0,0,0,0,0,0,0,0,1,0,0,0,0,24,0,0,0,1,4,14,0,0,0,5,0,5,0,0,35,0,0,0,0,25,20,1,44,0,14,31,45,41,4,2,29,14,0,46.84444444444444,56.0
17,019,4,0,4,0,0,4,0,0,0,1,1,2,0,0,1,1,2,2,2,0,0,1,3,0,0,0,0,0,0,0,0,0,0,0,0,0,0,0,1,0,3,0,0,0,0,0,0,0,0,0,0,0,0,0,0,0,0,0,0,0,0,0,0,0,0,1,0,0,0,0,0,0,0,3,0,0,0,0,0,0,0,0,0,0,0,0,0,0,0,1,3,0,0,4,0,1,3,0,0,4,0,0,4,0,0,3,1,0,0,0,4,4,0,1,3,0,4,0,4,1,3,0,1,3,0,0,4,0,4,0,0,0,0,1,0,0,0,0,0,0,0,0,1,0,0,0,0,0,0,0,1,0,0,0,0,1,0,0,0,0,0,1,0,0,0,0,0,0,0,0,0,0,0,0,0,0,0,1,0,0,0,0,1,1,0,0,0,1,0,3,0,0,0,0,0,0,0,1,3,1,3,0,1,3,4,3,1,0,3,1,0,61.25,77.5
17,020,17,0,17,0,0,17,0,1,0,1,1,14,4,0,1,1,11,6,11,0,1,11,5,0,0,0,0,0,0,0,0,0,1,0,0,1,0,0,0,0,14,0,0,0,0,0,0,0,0,0,0,0,0,0,0,0,1,0,0,0,0,0,0,0,0,3,0,0,0,0,0,0,0,14,0,0,0,0,0,0,0,0,0,0,0,0,0,0,0,0,17,0,0,15,2,4,13,0,0,15,2,1,16,0,1,13,3,0,0,1,16,16,1,11,6,1,16,0,17,2,15,0,3,14,0,2,15,0,17,1,1,0,0,1,0,0,0,0,0,0,0,0,1,0,1,0,1,0,0,2,8,0,0,0,0,1,0,0,0,0,0,1,0,0,0,0,0,0,0,0,0,0,0,0,0,0,0,8,0,0,0,0,1,7,0,0,0,3,0,5,0,0,9,0,0,0,0,12,5,1,16,0,3,14,17,16,1,1,13,3,0,49.05882352941177,51.0
17,022,2,0,2,0,0,2,0,0,0,0,0,2,1,0,0,0,1,0,2,0,0,2,0,0,0,0,0,0,0,0,0,0,0,0,0,0,0,0,0,0,2,0,0,0,0,0,0,0,0,0,0,0,0,0,0,0,0,0,0,0,0,0,0,0,0,0,0,0,0,0,0,0,0,2,0,0,0,0,0,0,0,0,0,0,0,0,0,0,0,0,2,0,0,2,0,0,2,0,0,2,0,0,2,0,1,0,1,0,0,0,2,2,0,1,1,0,2,0,2,0,2,0,2,0,0,0,2,0,2,0,0,0,0,0,0,0,0,0,0,0,0,0,0,0,0,0,0,0,0,1,1,0,0,0,0,0,0,0,0,0,0,0,0,0,0,0,0,0,0,0,0,0,0,0,0,0,0,1,0,0,0,0,0,1,0,0,0,0,0,2,0,0,0,0,0,0,0,2,0,0,2,0,1,1,2,2,0,1,0,1,0,5.5,5.5
17,023,1,0,1,0,0,1,0,0,0,0,0,1,0,0,0,0,1,1,0,0,0,1,0,0,0,0,0,0,0,0,0,0,0,0,0,0,0,0,0,0,1,0,0,0,0,0,0,0,0,0,0,0,0,0,0,0,0,0,0,0,0,0,0,0,0,0,0,0,0,0,0,0,0,1,0,0,0,0,0,0,0,0,0,0,0,0,0,0,0,1,0,0,0,1,0,0,1,0,0,1,0,0,1,0,0,1,0,0,0,0,1,1,0,1,0,0,1,0,1,0,1,0,0,0,1,0,1,0,1,0,0,0,0,0,0,0,0,0,0,0,0,0,0,0,0,0,0,0,0,0,1,0,0,0,0,0,0,0,0,0,0,0,0,0,0,0,0,0,0,0,0,0,0,0,0,0,0,1,0,0,0,0,0,0,0,0,0,0,0,1,0,0,0,0,0,0,0,1,0,0,0,1,0,1,1,1,0,0,1,0,0,65.0,65.0
17,024,31,2,29,0,0,31,0,4,0,1,0,26,9,0,1,0,21,4,27,0,0,21,10,0,0,0,0,0,0,0,0,0,0,0,0,0,0,0,0,0,29,0,0,0,1,0,0,0,0,0,1,0,0,0,0,0,0,0,0,0,0,0,0,0,0,5,0,0,0,0,0,0,0,26,0,0,0,0,0,0,0,0,0,0,0,0,0,0,0,3,28,0,0,29,2,5,26,0,0,29,2,2,29,0,1,15,15,0,0,0,31,31,0,9,22,0,31,0,31,4,27,0,15,16,0,0,31,0,31,4,0,0,0,1,0,0,0,0,0,0,0,0,1,0,3,0,4,0,0,2,16,0,0,0,0,0,0,0,0,0,0,1,0,0,0,0,0,0,0,0,0,0,0,0,0,0,0,16,0,0,0,0,0,14,0,0,0,3,0,23,0,0,4,0,1,0,0,21,10,2,29,0,15,16,31,31,0,1,15,15,0,31.516129032258064,25.0
17,025,16,1,15,0,1,15,0,1,0,0,2,13,6,0,0,2,8,0,16,0,0,8,8,0,0,0,0,0,0,0,0,0,0,0,0,0,0,0,0,0,16,0,0,0,0,0,0,0,0,0,0,0,0,0,0,0,0,0,0,0,0,0,0,0,0,0,0,0,0,0,0,0,0,16,0,0,0,0,0,0,0,0,0,0,0,0,0,0,0,0,16,0,0,16,0,4,12,0,0,16,0,2,14,0,0,6,10,0,0,0,16,16,0,1,15,2,14,0,16,0,16,0,6,10,0,1,15,0,16,3,0,0,0,0,0,0,0,0,0,0,0,0,0,0,2,0,1,0,0,1,7,0,0,0,0,2,0,0,0,0,0,0,0,0,0,0,0,0,0,0,0,0,0,0,0,0,0,7,0,0,0,0,2,7,0,0,0,0,0,15,0,0,1,0,0,0,0,8,8,0,16,0,10,6,16,14,2,0,6,10,0,42.3125,45.0
17,026,13,0,13,0,1,12,0,1,0,0,1,11,4,0,0,1,8,1,12,0,0,2,11,0,0,0,0,0,0,0,0,0,0,0,0,0,0,0,1,1,11,0,0,0,0,0,0,0,0,0,0,0,0,0,0,0,0,0,0,0,0,0,0,0,0,5,0,0,0,0,0,0,0,8,0,0,0,0,0,0,0,0,0,0,0,0,0,0,0,0,13,0,0,12,1,2,11,0,0,11,2,4,9,0,0,11,2,0,0,0,13,13,0,6,7,1,12,0,13,4,9,0,6,7,0,0,13,0,13,3,0,0,0,0,0,0,0,0,0,0,0,0,1,0,1,0,1,0,1,0,5,0,0,0,0,1,0,0,0,0,0,0,0,0,0,0,0,0,0,0,0,0,0,0,0,0,0,5,0,0,0,0,1,7,0,0,0,3,0,8,0,0,1,0,1,0,0,2,11,2,11,0,2,11,13,12,1,1,10,2,0,34.15384615384615,29.0
17,027,6,0,6,0,0,6,0,0,0,0,0,6,0,0,0,0,6,1,5,0,0,2,4,0,0,0,0,0,0,0,0,0,0,0,0,0,0,0,0,0,5,0,0,1,0,0,0,0,0,0,0,0,0,0,0,0,0,0,0,0,0,0,0,0,0,3,0,0,0,0,0,0,0,3,0,0,0,0,0,0,0,0,0,0,0,0,0,0,0,0,6,0,1,5,0,0,6,0,1,5,0,0,6,0,0,5,1,0,0,0,6,6,0,3,3,0,6,0,6,2,4,0,0,6,0,0,6,0,6,0,0,0,0,0,0,0,0,0,1,0,0,0,0,1,0,0,0,0,0,0,4,0,0,0,0,0,0,0,0,0,0,0,0,0,0,0,0,0,0,0,1,0,0,0,0,0,0,4,0,0,0,0,0,1,0,0,0,3,0,3,0,0,0,0,0,0,0,2,4,0,6,0,1,5,6,6,0,0,5,1,0,33.5,29.0
17,028,26,1,25,0,1,25,0,2,0,0,3,21,5,0,0,3,18,6,20,0,0,12,14,0,0,0,0,0,0,0,0,0,1,0,1,0,0,0,1,0,22,1,0,0,0,0,0,0,0,0,0,0,0,0,0,0,0,0,0,0,0,0,0,0,0,1,0,0,0,0,0,0,0,25,0,0,0,0,0,0,0,0,0,0,0,0,0,0,0,0,26,0,0,26,0,9,17,0,0,26,0,3,23,0,1,18,7,0,0,0,26,26,0,11,15,2,24,0,26,3,23,0,2,23,1,2,24,0,26,5,0,0,0,0,0,0,0,0,0,0,0,0,1,0,0,0,2,0,0,0,15,0,0,0,0,3,0,0,0,0,0,0,0,0,0,0,0,0,0,0,0,0,0,0,0,0,0,15,0,0,0,0,3,8,0,0,0,1,0,7,0,0,18,0,0,0,0,12,14,3,23,0,7,19,26,23,3,1,18,7,0,50.80769230769231,53.5
17,029,45,2,43,0,2,43,0,2,0,6,8,29,11,0,6,8,20,6,39,0,2,17,26,0,0,0,0,0,0,0,0,1,1,0,0,1,0,1,5,0,35,0,0,1,0,0,0,0,0,0,0,0,0,0,0,0,0,0,0,0,0,0,0,0,0,4,0,0,0,0,0,1,0,40,0,0,0,0,0,0,0,0,0,0,0,0,0,0,0,5,40,0,0,40,5,9,36,0,2,40,3,3,42,0,5,27,13,0,0,0,45,45,0,19,26,7,38,0,45,3,42,0,14,30,1,2,43,0,45,4,0,0,0,6,0,0,0,0,0,0,0,0,0,0,6,0,2,0,0,1,18,0,0,0,0,8,0,0,0,0,0,6,0,0,0,0,0,0,0,0,0,0,0,0,0,0,0,18,0,0,0,0,8,13,0,0,0,2,0,28,0,0,13,0,2,0,0,19,26,9,36,0,13,32,45,37,8,3,29,13,0,40.06666666666667,35.0
17,030,21,1,20,0,2,19,0,0,0,0,2,19,6,0,0,2,13,1,20,0,2,13,6,0,0,0,0,0,0,0,0,0,0,0,0,0,0,0,0,0,20,0,0,0,0,0,0,0,0,0,0,0,1,0,0,0,0,0,0,0,0,0,0,0,0,3,0,0,0,0,0,1,0,17,0,0,0,0,0,0,0,0,0,0,0,0,0,0,0,0,21,0,1,17,3,0,21,0,1,18,2,3,18,0,0,16,5,0,0,0,21,21,0,5,16,1,20,0,21,3,18,0,11,10,0,1,20,0,21,1,0,0,0,0,0,0,0,0,0,0,0,0,1,0,5,0,0,0,0,0,12,0,0,0,0,2,0,0,0,0,0,0,0,0,0,0,0,0,0,0,0,0,0,0,0,0,0,12,0,0,0,0,2,7,0,0,0,3,0,15,0,0,2,0,1,0,0,15,6,3,18,0,5,16,21,19,2,1,15,5,0,18.904761904761905,15.0
17,031,29,2,27,0,0,29,0,1,0,1,3,24,9,0,1,3,16,6,23,0,1,16,12,0,0,0,0,0,0,0,0,0,0,0,0,0,0,0,0,0,28,0,0,0,0,0,0,0,0,0,0,0,1,0,0,0,0,0,0,0,0,0,0,0,0,1,0,0,0,0,0,0,0,28,0,0,0,0,0,0,0,0,0,0,0,0,0,0,0,0,29,0,0,27,2,9,20,0,0,27,2,1,28,0,2,14,13,0,0,0,29,29,0,8,21,1,28,0,29,0,29,0,10,18,1,0,29,0,29,2,1,0,0,1,0,0,0,0,0,0,0,0,0,0,6,0,1,0,0,1,14,0,0,0,0,3,0,0,0,0,0,1,0,0,0,0,0,0,0,0,0,0,0,0,0,0,0,14,0,0,0,0,3,11,0,0,0,1,0,18,0,0,10,0,0,0,0,17,12,4,25,0,13,16,29,26,3,0,16,13,0,45.6551724137931,45.0
17,032,3,0,3,0,0,3,0,0,0,0,0,3,0,0,0,0,3,0,3,0,0,0,3,0,0,0,0,0,0,0,0,0,0,0,0,0,0,0,1,0,2,0,0,0,0,0,0,0,0,0,0,0,0,0,0,0,0,0,0,0,0,0,0,0,0,0,0,0,0,0,0,0,0,3,0,0,0,0,0,0,0,0,0,0,0,0,0,0,0,1,2,0,0,2,1,1,2,0,0,2,1,0,3,0,1,2,0,0,0,0,3,3,0,1,2,0,3,0,3,0,3,0,2,1,0,0,3,0,3,0,0,0,0,0,0,0,0,0,0,0,0,0,0,0,0,0,0,0,0,0,3,0,0,0,0,0,0,0,0,0,0,0,0,0,0,0,0,0,0,0,0,0,0,0,0,0,0,3,0,0,0,0,0,0,0,0,0,0,0,3,0,0,0,0,0,0,0,0,3,0,3,0,0,3,3,3,0,1,2,0,0,43.333333333333336,42.0
17,033,2,0,2,0,0,2,0,0,0,0,0,2,1,0,0,0,1,0,2,0,0,0,2,0,0,0,0,0,0,0,0,0,0,0,0,0,0,0,0,0,2,0,0,0,0,0,0,0,0,0,0,0,0,0,0,0,0,0,0,0,0,0,0,0,0,1,0,0,0,0,0,0,0,1,0,0,0,0,0,0,0,0,0,0,0,0,0,0,0,0,2,0,0,2,0,0,2,0,0,2,0,1,1,0,0,1,1,0,0,0,2,2,0,1,1,0,2,0,2,0,2,0,1,1,0,0,2,0,2,1,0,0,0,0,0,0,0,0,0,0,0,0,0,0,0,0,0,0,0,0,1,0,0,0,0,0,0,0,0,0,0,0,0,0,0,0,0,0,0,0,0,0,0,0,0,0,0,1,0,0,0,0,0,1,0,0,0,1,0,1,0,0,0,0,0,0,0,0,2,0,2,0,1,1,2,2,0,0,1,1,0,25.0,25.0
17,035,10,0,10,0,0,10,0,1,0,0,2,7,3,0,0,2,5,0,10,0,0,3,7,0,0,0,0,0,0,0,0,0,0,0,0,0,0,0,1,0,9,0,0,0,0,0,0,0,0,0,0,0,0,0,0,0,0,0,0,0,0,0,0,0,0,0,0,0,0,0,0,0,0,10,0,0,0,0,0,0,0,0,0,0,0,0,0,0,0,0,10,0,0,10,0,0,10,0,0,10,0,0,10,0,0,5,5,0,0,0,10,10,0,1,9,0,10,0,10,0,10,0,5,5,0,0,10,0,10,1,0,0,0,0,0,0,0,0,0,0,0,0,1,0,2,0,1,0,0,0,3,0,0,0,0,2,0,0,0,0,0,0,0,0,0,0,0,0,0,0,0,0,0,0,0,0,0,3,0,0,0,0,2,5,0,0,0,0,0,10,0,0,0,0,0,0,0,3,7,1,9,0,5,5,10,8,2,0,5,5,0,15.7,5.5
18,001,20,0,20,0,3,17,0,2,0,0,3,15,4,0,0,3,13,9,11,0,0,12,8,0,0,0,0,0,0,0,1,0,0,0,0,0,0,1,0,0,0,17,0,0,0,0,0,0,1,0,0,0,0,0,0,0,0,0,0,0,0,0,0,0,0,0,0,0,0,0,1,0,0,0,19,0,0,0,0,0,0,0,0,0,0,0,0,0,0,2,18,0,2,18,0,11,9,0,2,18,0,1,19,0,3,17,0,0,0,0,20,20,0,11,9,1,19,0,20,1,19,0,4,16,0,2,18,0,20,3,0,0,0,0,0,0,0,0,0,0,0,0,0,0,0,0,2,0,0,1,11,0,0,0,0,1,2,0,0,0,0,0,0,0,0,0,0,0,0,0,0,0,0,0,0,0,0,11,0,0,0,0,1,6,2,0,0,1,0,9,0,0,8,0,2,0,0,12,8,0,20,0,0,20,20,19,1,2,18,0,0,47.6,55.0
18,002,14,3,11,0,1,13,0,0,0,0,2,12,1,0,0,2,11,3,11,0,0,6,8,0,0,0,0,0,0,0,0,0,0,0,0,0,0,1,0,0,0,13,0,0,0,0,0,0,0,0,0,0,0,0,0,0,0,0,0,0,0,0,0,0,0,0,0,0,0,0,0,0,0,0,14,0,0,0,0,0,0,0,0,0,0,0,0,0,0,1,13,0,1,13,0,1,13,0,1,13,0,1,13,0,0,11,3,0,0,0,14,14,0,9,5,2,12,0,14,0,14,0,1,13,0,0,14,0,14,0,0,0,0,0,0,0,0,0,0,0,0,0,0,0,1,0,0,0,0,0,11,0,0,0,0,2,0,0,0,0,0,0,0,0,0,0,0,0,0,0,0,0,0,0,0,0,0,11,0,0,0,0,2,1,0,0,0,0,0,13,0,0,1,0,0,0,0,6,8,1,13,0,3,11,14,12,2,0,11,3,0,56.714285714285715,64.0
18,003,6,1,5,0,1,5,0,0,0,0,0,6,0,0,0,0,6,2,4,0,0,0,6,0,0,0,0,0,0,0,0,0,0,0,0,0,0,1,0,0,0,5,0,0,0,0,0,0,0,0,0,0,0,0,0,0,0,0,0,0,0,0,0,0,0,0,0,0,0,0,0,0,0,0,6,0,0,0,0,0,0,0,0,0,0,0,0,0,0,1,5,0,0,6,0,1,5,0,0,6,0,0,6,0,1,5,0,0,0,0,6,6,0,5,1,0,6,0,6,0,6,0,0,6,0,0,6,0,6,0,0,0,0,0,0,0,0,0,0,0,0,0,0,0,0,0,0,0,0,0,6,0,0,0,0,0,0,0,0,0,0,0,0,0,0,0,0,0,0,0,0,0,0,0,0,0,0,6,0,0,0,0,0,0,0,0,0,0,0,5,0,0,1,0,0,0,0,0,6,1,5,0,0,6,6,6,0,0,6,0,0,68.33333333333333,78.5
18,004,103,8,95,0,3,100,0,0,0,4,18,81,15,0,4,18,66,22,81,0,1,38,64,0,0,0,0,0,0,1,0,0,0,0,0,1,0,3,0,0,0,97,0,0,0,0,0,0,0,0,0,0,0,0,0,0,1,0,0,0,0,0,0,0,0,0,0,0,0,0,0,0,0,0,103,0,0,0,0,0,0,0,0,0,0,0,0,0,0,16,87,0,1,100,2,25,78,0,3,98,2,6,97,0,1,77,25,0,0,1,102,102,1,67,36,8,95,0,103,0,102,1,42,61,0,3,100,0,103,7,0,0,0,4,0,0,1,0,0,0,0,0,1,0,5,0,0,0,0,3,64,0,0,0,0,17,1,0,0,0,0,4,0,0,0,0,0,0,0,0,0,0,0,0,0,0,0,64,0,0,0,0,17,17,1,0,0,0,0,95,0,0,7,0,1,0,0,39,64,15,87,1,25,78,103,86,17,4,74,25,0,50.12621359223301,61.0
18,005,4,0,4,0,0,4,0,1,0,0,0,3,0,0,0,0,4,2,2,0,0,2,2,0,0,0,0,0,0,0,0,0,0,0,0,0,0,0,0,0,0,4,0,0,0,0,0,0,0,0,0,0,0,0,0,0,0,0,0,0,0,0,0,0,0,0,0,0,0,0,0,0,0,0,4,0,0,0,0,0,0,0,0,0,0,0,0,0,0,1,3,0,1,3,0,1,3,0,2,2,0,0,4,0,1,2,1,0,0,0,4,4,0,2,2,0,4,0,4,0,4,0,2,2,0,1,3,0,4,0,0,0,0,0,0,0,1,0,0,0,0,0,0,0,0,0,1,0,0,0,2,0,0,0,0,0,0,0,0,0,0,0,0,0,0,0,0,0,0,0,0,0,0,0,0,0,0,2,0,0,0,0,0,2,0,0,0,0,0,3,0,0,0,0,1,0,0,2,2,0,4,0,1,3,4,4,0,1,2,1,0,31.0,29.0
18,006,40,3,37,0,1,39,0,2,0,1,4,33,5,0,1,4,30,11,29,0,0,17,23,0,0,0,0,0,0,0,0,0,0,0,0,0,0,4,0,0,0,34,0,0,0,0,0,0,2,0,0,0,0,0,0,0,0,2,0,0,0,0,0,0,0,0,0,0,0,0,0,0,0,0,38,0,0,0,0,0,0,0,0,0,0,0,0,0,0,2,38,0,0,40,0,13,27,0,0,40,0,1,39,0,1,31,8,0,0,0,40,40,0,29,11,8,32,0,40,1,38,1,6,33,1,4,36,0,40,3,0,0,0,1,0,0,0,0,0,1,0,0,0,0,0,0,2,0,0,2,27,0,0,0,0,3,1,0,0,0,0,1,0,0,0,0,0,0,0,0,0,0,0,0,0,0,0,27,0,0,0,0,3,8,1,0,0,2,0,33,0,0,2,0,3,0,0,17,23,2,38,0,8,32,40,37,3,1,31,8,0,52.025,57.0
18,007,26,7,19,0,3,23,0,0,0,2,3,21,4,0,2,3,17,6,20,0,0,20,6,0,0,0,0,0,0,0,0,0,0,0,0,0,0,0,0,0,0,26,0,0,0,0,0,0,0,0,0,0,0,0,0,0,0,0,0,0,0,0,0,0,0,0,0,0,0,0,0,0,0,0,26,0,0,0,0,0,0,0,0,0,0,0,0,0,0,3,23,0,0,26,0,11,15,0,1,25,0,0,26,0,2,21,3,0,0,0,26,26,0,21,5,6,20,0,26,0,26,0,3,23,0,1,25,0,26,1,0,0,0,2,0,1,0,0,0,0,0,0,0,0,3,0,0,0,0,0,16,0,0,0,0,1,2,0,0,0,0,2,0,0,0,0,0,0,0,0,0,0,0,0,0,0,0,16,0,0,0,0,1,5,2,0,0,0,0,23,0,0,0,1,2,0,0,20,6,3,23,0,3,23,26,25,1,0,23,3,0,43.26923076923077,56.5
18,008,71,1,70,0,3,68,0,5,0,0,33,33,9,0,0,33,29,6,65,0,1,43,27,0,0,0,0,0,0,0,0,0,0,0,1,3,0,1,0,0,0,64,0,0,0,0,0,0,1,1,0,0,0,0,0,0,0,0,0,0,0,0,0,0,0,1,0,1,0,0,0,0,0,0,69,0,0,0,0,0,0,0,0,0,0,0,0,0,0,3,68,0,1,69,1,10,61,0,3,67,1,4,67,0,0,33,38,0,0,0,71,71,0,19,52,10,61,0,71,10,61,0,18,50,3,5,66,0,71,4,0,0,0,0,0,0,0,0,0,0,0,0,0,1,3,0,5,0,0,2,23,0,0,0,0,30,3,0,0,0,0,0,0,0,0,0,0,0,0,0,0,0,0,0,0,0,0,23,0,0,0,0,30,15,3,0,0,1,0,25,0,0,21,6,17,1,0,44,27,4,67,0,38,33,71,41,30,0,33,38,0,37.070422535211264,37.0
18,009,33,2,31,0,2,31,0,3,0,2,2,26,4,0,2,2,25,5,28,0,1,14,18,0,0,0,0,0,0,0,0,0,0,0,0,0,0,0,1,0,0,30,0,0,0,0,0,0,0,0,0,0,0,0,0,0,2,0,0,0,0,0,0,0,0,0,0,0,0,0,0,0,0,0,33,0,0,0,0,0,0,0,0,0,0,0,0,0,0,3,30,0,27,6,0,4,29,0,29,4,0,3,30,0,1,29,3,0,0,2,31,31,2,15,18,2,31,0,33,0,33,0,12,19,2,0,33,0,33,4,0,0,0,2,0,0,0,0,0,0,0,0,0,0,0,0,3,0,1,0,21,0,0,0,0,0,2,0,0,0,0,2,0,0,0,0,0,0,0,0,0,0,0,0,0,0,0,21,0,0,0,0,0,8,2,0,0,0,0,29,0,0,0,1,3,0,0,15,18,3,30,0,3,30,33,33,0,2,28,3,0,33.0,17.0
18,010,18,0,18,0,3,15,0,2,0,0,1,15,0,0,0,1,17,8,10,0,0,10,8,0,0,0,0,0,0,0,0,0,0,0,0,0,0,0,0,0,0,18,0,0,0,0,0,0,0,0,0,0,0,0,0,0,0,0,0,0,0,0,0,0,0,0,0,0,0,0,0,0,0,0,18,0,0,0,0,0,0,0,0,0,0,0,0,0,0,1,17,0,1,17,0,7,11,0,1,17,0,3,15,0,0,17,1,0,0,0,18,18,0,6,12,4,14,0,18,0,18,0,3,15,0,6,12,0,18,0,0,0,0,0,0,0,0,0,0,0,0,0,0,0,0,0,2,0,0,0,15,0,0,0,0,1,0,0,0,0,0,0,0,0,0,0,0,0,0,0,0,0,0,0,0,0,0,15,0,0,0,0,1,2,0,0,0,0,0,12,0,0,5,0,1,0,0,10,8,0,18,0,1,17,18,17,1,0,17,1,0,42.111111111111114,51.5
18,011,23,1,22,0,2,21,0,4,0,0,0,19,5,0,0,0,18,9,14,0,0,11,12,0,0,0,0,0,0,0,0,0,0,0,0,0,0,1,0,0,0,22,0,0,0,0,0,0,0,0,0,0,0,0,0,0,0,0,0,0,0,0,0,0,0,0,0,0,0,0,0,0,0,0,23,0,0,0,0,0,0,0,0,0,0,0,0,0,0,1,22,0,2,21,0,12,11,0,2,21,0,2,21,0,1,21,1,0,0,0,23,23,0,8,15,1,22,0,23,5,18,0,4,19,0,3,20,0,23,4,0,0,0,0,0,0,0,0,0,0,0,0,1,0,1,0,4,0,0,0,13,0,0,0,0,0,0,0,1,0,0,0,0,0,0,0,0,0,0,0,2,0,0,0,0,0,0,13,0,0,0,0,0,7,0,0,0,0,0,8,0,0,15,0,0,0,0,11,12,0,23,0,1,22,23,23,0,0,22,1,0,49.56521739130435,60.0
18,012,37,2,35,0,3,34,0,1,0,0,3,33,2,0,0,3,32,7,30,0,2,18,17,0,0,0,0,0,0,0,0,0,1,0,0,3,0,4,0,0,0,28,0,0,0,0,0,0,1,0,0,0,0,0,0,0,0,0,0,0,0,0,0,0,0,1,0,0,0,0,0,0,0,0,36,0,0,0,0,0,0,0,0,0,0,0,0,0,0,4,33,0,2,35,0,8,29,0,2,35,0,4,33,0,2,30,5,0,0,0,37,37,0,18,19,3,34,0,37,2,35,0,9,28,0,3,34,0,37,1,0,0,0,0,0,0,0,0,0,0,0,0,2,0,0,0,1,0,0,1,29,0,0,0,0,2,1,0,1,0,0,0,0,0,0,0,0,0,0,0,0,0,0,0,0,0,0,29,0,0,0,0,2,4,1,0,0,1,0,25,0,0,11,0,0,0,0,20,17,2,35,0,5,32,37,35,2,3,29,5,0,43.108108108108105,40.0
18,013,12,1,11,0,1,11,0,0,0,0,1,11,2,0,0,1,9,2,10,0,1,4,7,0,0,0,0,0,0,0,0,0,0,0,0,0,0,2,0,0,0,9,0,0,0,0,0,0,0,0,0,0,0,0,0,1,0,0,0,0,0,0,0,0,0,0,0,0,0,0,0,0,0,0,12,0,0,0,0,0,0,0,0,0,0,0,0,0,0,4,8,0,0,12,0,6,6,0,1,11,0,1,11,0,0,11,1,0,0,0,12,12,0,11,1,4,8,0,12,0,12,0,5,7,0,0,12,0,12,1,0,0,0,0,0,0,0,0,0,0,0,0,0,0,1,0,0,0,0,0,9,0,0,0,0,1,0,0,0,0,0,0,0,0,0,0,0,0,0,0,0,0,0,0,0,0,0,9,0,0,0,0,1,2,0,0,0,0,0,10,0,0,1,0,1,0,0,5,7,5,7,0,1,11,12,11,1,1,10,1,0,66.0,79.0
18,014,51,0,51,0,4,47,0,1,0,0,18,32,9,0,0,18,24,8,43,0,2,29,20,0,0,0,0,0,0,0,0,0,1,1,0,0,0,1,0,0,1,46,0,1,0,0,0,0,0,0,0,0,0,0,0,0,0,0,0,0,0,0,0,0,0,0,0,0,0,0,0,0,0,0,51,0,0,0,0,0,0,0,0,0,0,0,0,0,0,4,47,0,2,49,0,13,38,0,4,47,0,0,51,0,0,30,21,0,0,0,51,51,0,19,32,7,44,0,51,0,51,0,9,41,1,0,51,0,51,3,0,0,0,0,0,0,0,0,0,0,0,0,0,2,5,0,1,0,0,1,21,0,0,0,0,17,1,0,0,0,0,0,0,0,0,0,0,0,0,0,0,0,0,0,0,0,0,21,0,0,0,0,17,12,1,0,0,0,0,20,0,0,20,9,2,0,0,31,20,6,45,0,21,30,51,34,17,0,30,21,0,40.76470588235294,39.0
18,015,216,7,209,0,14,202,0,21,0,4,37,154,32,0,4,37,143,55,161,0,1,121,94,0,0,0,0,0,0,0,1,1,0,2,1,1,0,11,4,0,0,191,0,0,0,0,0,1,3,0,0,0,0,0,0,0,0,0,0,0,0,0,0,0,0,0,0,0,0,0,0,0,0,0,216,0,0,0,0,0,0,0,0,0,0,0,0,0,0,28,188,0,1,213,2,87,128,1,2,213,1,3,213,0,3,128,85,0,0,0,216,216,0,67,149,12,204,0,216,22,192,2,32,180,4,11,205,0,216,20,1,2,0,4,0,0,0,0,0,0,0,0,3,4,6,0,21,0,0,5,111,0,1,1,0,29,8,1,0,0,0,4,0,0,0,0,0,0,0,0,3,0,0,0,0,0,0,111,0,0,0,0,29,60,8,0,0,0,0,33,0,0,181,0,2,0,0,122,94,20,196,0,85,131,216,187,29,1,130,85,0,53.949074074074076,59.0
18,016,13,0,13,0,1,12,0,2,0,0,2,9,1,0,0,2,10,7,6,0,0,5,8,0,0,0,0,0,0,0,0,0,0,0,0,0,0,0,0,0,0,13,0,0,0,0,0,0,0,0,0,0,0,0,0,0,0,0,0,0,0,0,1,0,0,0,0,0,0,0,0,0,0,0,12,0,0,0,0,0,0,0,0,0,0,0,0,0,0,0,13,0,0,13,0,7,6,0,0,13,0,3,10,0,1,11,1,0,0,0,13,13,0,8,5,2,11,0,13,1,12,0,3,10,0,4,9,0,13,1,0,0,0,0,0,0,0,0,0,0,0,0,0,1,0,0,2,0,0,0,7,0,0,0,0,2,0,0,0,0,0,0,0,0,0,0,0,0,0,0,0,0,0,0,0,0,0,7,0,0,0,0,2,4,0,0,0,0,0,6,0,0,4,1,2,0,0,5,8,0,13,0,1,12,13,11,2,0,12,1,0,55.0,64.0
18,017,1412,69,1343,0,26,1386,0,39,1,16,899,457,135,1,16,899,361,132,1280,0,24,851,537,0,1,9,4,0,1,5,2,1,11,5,5,3,2,63,11,8,3,1226,2,2,1,1,0,5,16,8,2,0,0,1,0,9,5,0,0,0,0,0,0,0,0,1,1,0,0,0,2,0,0,0,1406,0,0,0,0,0,1,1,0,0,0,0,0,0,0,25,1387,0,15,1391,6,196,1216,0,15,1392,5,26,1386,0,16,280,1116,0,0,2,1410,1407,5,178,1234,137,1275,0,1412,90,1321,1,424,984,4,25,1387,0,1412,55,1,2,3,16,0,0,0,0,2,0,0,1,8,6,61,0,39,0,3,15,300,0,1,0,0,892,7,0,1,1,0,16,0,0,0,0,0,0,0,1,4,0,0,0,0,3,1,300,0,2,0,0,892,184,7,0,0,4,0,227,0,0,985,36,160,0,0,875,537,43,1369,0,1116,296,1412,520,892,6,290,1116,0,35.77762039660057,35.0
18,018,27,0,27,0,2,25,0,1,1,0,3,22,4,1,0,3,19,13,14,0,0,12,15,0,0,0,0,0,0,0,0,0,0,0,1,0,0,0,0,0,0,24,0,0,0,0,0,0,2,0,0,0,0,0,0,0,0,0,0,0,0,0,0,0,0,0,0,0,0,0,1,0,0,0,26,0,0,0,0,0,0,0,0,0,0,0,0,0,0,0,27,0,1,25,1,11,16,0,1,25,1,2,25,0,0,25,2,0,0,0,27,27,0,16,11,1,26,0,27,1,25,1,4,23,0,6,21,0,27,2,0,0,0,0,0,0,0,0,0,0,0,1,0,0,2,0,1,0,0,0,18,0,0,0,0,1,2,0,0,0,0,0,0,0,0,0,0,0,0,1,0,0,0,0,0,0,0,18,0,0,0,0,1,5,2,0,0,1,0,12,0,0,14,0,0,0,0,12,15,1,26,0,2,25,27,26,1,0,25,2,0,49.03703703703704,62.0
18,019,4,0,4,0,0,4,0,0,0,0,0,4,0,0,0,0,4,0,4,0,0,2,2,0,0,0,0,0,0,0,0,0,0,0,0,0,0,1,0,0,0,3,0,0,0,0,0,0,0,0,0,0,0,0,0,0,0,0,0,0,0,0,0,0,0,0,0,0,0,0,0,0,0,0,4,0,0,0,0,0,0,0,0,0,0,0,0,0,0,0,4,0,2,2,0,0,4,0,3,1,0,0,4,0,1,3,0,0,0,0,4,4,0,4,0,0,4,0,4,0,4,0,2,2,0,0,4,0,4,0,0,0,0,0,0,1,0,0,0,0,0,0,0,0,0,0,0,0,0,0,3,0,0,0,0,0,0,0,0,0,0,0,0,0,0,0,0,0,0,0,0,0,0,0,0,0,0,3,0,0,0,0,0,1,0,0,0,0,0,4,0,0,0,0,0,0,0,2,2,1,3,0,0,4,4,4,0,1,3,0,0,10.25,5.0
18,020,84,4,79,1,2,81,1,2,0,6,6,70,10,0,6,6,62,5,78,1,0,42,42,0,0,0,0,0,0,0,0,0,0,0,0,0,0,23,2,1,1,53,0,1,0,0,0,0,0,0,0,0,0,1,0,1,1,0,0,0,0,0,0,0,0,0,0,0,0,0,1,0,0,1,82,0,0,0,0,0,0,0,0,0,0,0,0,0,0,0,83,1,0,84,0,5,78,1,0,84,0,2,81,1,5,58,21,0,0,1,83,83,1,31,53,5,78,1,84,5,78,1,27,56,1,3,80,1,84,6,0,4,1,6,0,0,0,0,0,0,0,0,7,7,2,0,2,0,1,1,38,0,3,0,0,4,2,0,0,1,0,6,0,0,0,0,1,0,0,0,3,0,0,0,0,2,0,38,0,2,0,0,4,25,2,0,0,0,0,3,0,0,77,0,4,0,0,42,42,1,82,1,21,63,84,80,4,1,62,21,0,12.666666666666666,3.0
19,001,3,1,2,0,0,3,0,0,0,0,0,3,1,0,0,0,2,0,3,0,0,1,2,0,0,0,0,0,0,0,0,0,0,0,0,0,0,0,0,0,0,0,3,0,0,0,0,0,0,0,0,0,0,0,0,0,0,0,0,0,0,0,0,0,0,0,0,0,0,0,0,0,0,0,0,3,0,0,0,0,0,0,0,0,0,0,0,0,0,0,3,0,0,3,0,0,3,0,0,3,0,0,3,0,0,2,1,0,0,0,3,3,0,0,3,0,3,0,3,0,3,0,0,2,1,0,3,0,3,1,0,0,0,0,0,0,1,0,0,0,0,0,0,0,0,0,0,0,0,0,1,0,0,0,0,0,0,0,0,0,0,0,0,0,0,0,0,0,0,0,1,0,0,0,0,0,0,1,0,0,0,0,0,1,0,0,0,2,0,0,0,1,0,0,0,0,0,1,2,0,3,0,1,2,3,3,0,0,2,1,0,46.666666666666664,47.0
19,002,10,0,10,0,3,7,0,0,0,1,0,9,3,0,1,0,6,3,7,0,0,4,6,0,0,0,0,0,0,0,0,0,0,0,0,0,0,0,1,0,0,0,8,0,0,0,0,1,0,0,0,0,0,0,0,0,0,0,0,0,0,0,0,0,0,0,0,0,0,0,0,0,0,0,0,10,0,0,0,0,0,0,0,0,0,0,0,0,0,0,10,0,0,9,1,4,6,0,0,9,1,0,10,0,1,6,3,0,0,0,10,10,0,6,4,1,9,0,10,0,10,0,3,7,0,0,10,0,10,1,0,0,0,1,0,0,0,0,0,0,0,0,0,0,2,0,0,0,0,0,6,0,0,0,0,0,0,0,0,0,0,1,0,0,0,0,0,0,0,0,0,0,0,0,0,0,0,6,0,0,0,0,0,3,0,0,0,10,0,0,0,0,0,0,0,0,0,4,6,2,8,0,3,7,10,10,0,0,7,3,0,58.2,70.0
19,003,3,0,3,0,1,2,0,0,0,0,0,3,0,0,0,0,3,1,2,0,0,2,1,0,0,0,0,0,0,0,0,0,0,0,0,0,0,0,0,0,0,0,2,0,0,0,0,0,0,0,0,1,0,0,0,0,0,0,0,0,0,0,0,0,0,0,0,0,0,0,0,0,0,0,0,3,0,0,0,0,0,0,0,0,0,0,0,0,0,1,2,0,0,3,0,0,3,0,0,3,0,0,3,0,0,1,2,0,0,0,3,3,0,1,2,0,3,0,3,0,3,0,0,3,0,0,3,0,3,0,0,0,0,0,0,0,0,0,0,0,0,0,0,0,0,0,0,0,0,0,3,0,0,0,0,0,0,0,0,0,0,0,0,0,0,0,0,0,0,0,0,0,0,0,0,0,0,3,0,0,0,0,0,0,0,0,0,3,0,0,0,0,0,0,0,0,0,2,1,0,3,0,2,1,3,3,0,0,1,2,0,56.333333333333336,58.0
19,004,21,0,21,0,1,20,0,4,0,0,2,15,2,0,0,2,17,3,18,0,1,12,8,0,0,0,0,0,0,0,0,0,0,0,0,0,0,0,0,0,0,0,19,0,0,0,0,1,0,0,0,0,0,0,0,0,1,0,0,0,0,0,0,0,0,0,0,0,0,0,0,0,0,0,0,21,0,0,0,0,0,0,0,0,0,0,0,0,0,0,21,0,0,21,0,4,17,0,0,21,0,0,21,0,0,8,13,0,0,1,20,20,1,2,19,1,20,0,21,1,20,0,0,20,1,0,21,0,21,0,0,0,0,0,0,0,0,0,0,0,0,0,0,0,2,0,4,0,0,0,13,0,0,0,0,2,0,0,0,0,0,0,0,0,0,0,0,0,0,0,0,0,0,0,0,0,0,13,0,0,0,0,2,6,0,0,0,18,1,0,0,1,1,0,0,0,0,13,8,2,19,0,13,8,21,19,2,1,7,13,0,38.095238095238095,27.0
19,005,7,0,7,0,0,7,0,0,0,0,0,7,2,0,0,0,5,1,6,0,0,2,5,0,0,2,0,0,0,1,0,0,0,0,0,0,0,0,0,0,0,0,3,0,0,0,0,0,0,0,0,1,0,0,0,0,0,0,0,2,0,0,0,0,0,0,0,0,0,0,0,0,0,0,0,5,0,0,0,0,0,0,0,0,0,0,0,0,0,0,7,0,0,6,1,1,6,0,0,6,1,0,7,0,0,5,2,0,0,0,7,7,0,2,5,0,7,0,7,0,7,0,2,5,0,0,7,0,7,0,0,0,0,0,0,0,0,0,0,0,0,0,0,0,1,0,0,0,0,1,5,0,0,0,0,0,0,0,0,0,0,0,0,0,0,0,0,0,0,0,0,0,0,0,0,0,0,5,0,0,0,0,0,2,0,0,0,5,0,2,0,0,0,0,0,0,0,2,5,1,6,0,2,5,7,7,0,0,5,2,0,34.285714285714285,35.0
19,006,234,17,217,0,6,228,0,16,1,5,32,180,19,1,5,32,177,42,192,0,5,105,124,0,0,0,0,0,5,0,0,1,2,0,0,0,1,1,15,0,0,0,188,0,1,0,0,4,0,0,0,7,0,2,0,3,4,0,0,0,0,0,0,0,0,0,0,0,0,0,0,0,0,0,0,234,0,0,0,0,0,0,0,0,0,0,0,0,0,6,228,0,0,225,9,43,191,0,0,226,8,1,233,0,5,129,100,0,3,1,230,230,4,27,207,12,222,0,234,0,234,0,14,219,1,7,227,0,234,11,0,0,0,5,0,1,0,1,1,0,0,0,0,0,1,0,16,0,0,7,158,1,0,0,0,31,1,0,0,0,0,5,0,0,0,0,0,0,0,0,1,0,0,0,0,0,0,158,1,0,0,0,31,37,1,0,0,178,10,0,0,7,39,0,0,0,0,110,124,14,220,0,100,134,234,203,31,3,131,100,0,41.19230769230769,40.0
19,007,11,1,10,0,0,11,0,0,0,1,2,8,1,0,1,2,7,5,6,0,0,4,7,0,0,0,0,0,0,0,0,0,0,0,0,0,0,0,0,0,0,0,11,0,0,0,0,0,0,0,0,0,0,0,0,0,0,0,0,0,0,0,0,0,0,0,0,0,0,0,0,0,0,0,0,11,0,0,0,0,0,0,0,0,0,0,0,0,0,0,11,0,0,10,1,5,6,0,0,11,0,0,11,0,0,7,4,0,0,0,11,11,0,6,5,0,11,0,11,1,10,0,0,11,0,0,11,0,11,0,0,0,0,1,0,0,0,0,0,0,0,0,0,0,1,0,0,0,0,0,7,0,0,0,0,0,2,0,0,0,0,1,0,0,0,0,0,0,0,0,0,0,0,0,0,0,0,7,0,0,0,0,0,1,2,0,0,11,0,0,0,0,0,0,0,0,0,4,7,0,11,0,4,7,11,11,0,0,7,4,0,61.27272727272727,61.0
19,008,1,0,1,0,0,1,0,0,0,0,0,1,0,0,0,0,1,0,1,0,0,0,1,0,0,0,0,0,0,0,0,0,0,0,0,0,0,0,0,0,0,0,1,0,0,0,0,0,0,0,0,0,0,0,0,0,0,0,0,0,0,0,0,0,0,0,0,0,0,0,0,0,0,0,0,1,0,0,0,0,0,0,0,0,0,0,0,0,0,0,1,0,0,1,0,0,1,0,0,1,0,0,1,0,0,1,0,0,0,0,1,1,0,1,0,0,1,0,1,0,1,0,0,1,0,0,1,0,1,0,0,0,0,0,0,0,0,0,0,0,0,0,0,0,0,0,0,0,0,0,1,0,0,0,0,0,0,0,0,0,0,0,0,0,0,0,0,0,0,0,0,0,0,0,0,0,0,1,0,0,0,0,0,0,0,0,0,1,0,0,0,0,0,0,0,0,0,0,1,0,1,0,0,1,1,1,0,0,1,0,0,1.0,1.0
19,009,215,15,200,0,4,211,0,22,0,2,90,101,30,0,2,90,93,36,179,0,3,119,91,2,0,0,0,0,2,0,0,0,0,1,0,0,0,0,12,0,0,1,160,1,0,0,0,2,0,0,2,23,0,8,0,2,1,1,0,0,0,1,0,0,0,1,0,0,0,0,0,0,0,0,0,212,0,0,0,0,0,0,0,0,0,0,0,0,0,3,212,0,0,193,22,34,181,0,0,196,19,3,212,0,2,39,174,0,0,1,214,214,1,12,203,9,206,0,215,4,211,0,82,132,1,2,213,0,215,11,0,2,0,2,0,0,0,0,0,0,0,0,1,0,9,0,22,0,0,10,68,0,0,0,0,90,0,0,0,0,0,2,0,0,0,0,0,0,0,0,0,0,0,0,0,0,0,68,0,0,0,0,90,55,0,0,0,188,1,0,0,2,23,0,0,1,0,124,91,8,207,0,174,41,215,125,90,3,38,174,0,32.61395348837209,32.0
19,010,42,5,37,0,1,41,0,3,0,8,4,27,1,0,8,4,29,5,37,0,3,18,21,0,0,0,0,0,1,0,0,0,0,0,0,0,0,2,1,0,0,0,33,0,0,0,0,1,0,0,0,3,0,1,0,0,0,0,0,0,0,0,0,0,0,1,0,0,0,0,0,0,0,0,0,41,0,0,0,0,0,0,0,0,0,0,0,0,0,1,41,0,0,41,1,9,33,0,0,41,1,2,40,0,0,35,7,0,0,0,42,42,0,2,40,5,37,0,42,4,38,0,1,41,0,0,42,0,42,1,0,0,0,8,0,0,0,0,0,0,0,0,0,0,0,0,3,0,0,0,25,0,0,1,0,4,0,0,0,0,0,8,0,0,0,0,0,0,0,0,0,0,0,0,0,0,0,25,0,0,0,0,4,5,0,0,0,29,2,0,0,0,10,0,0,1,0,21,21,1,41,0,7,35,42,38,4,0,35,7,0,30.857142857142858,32.5
19,011,14,1,13,0,0,14,0,2,0,0,0,12,0,0,0,0,14,3,11,0,0,4,10,0,0,0,0,0,0,0,0,0,0,0,0,0,0,0,0,0,0,0,12,0,0,0,0,0,0,0,0,1,0,0,0,1,0,0,0,0,0,0,0,0,0,0,0,0,0,0,0,0,0,0,0,14,0,0,0,0,0,0,0,0,0,0,0,0,0,2,12,0,0,14,0,4,10,0,0,14,0,1,13,0,0,9,5,0,0,0,14,14,0,7,7,3,11,0,14,0,14,0,1,13,0,0,14,0,14,0,0,0,0,0,0,0,0,0,0,0,0,0,0,0,0,0,2,0,0,0,12,0,0,0,0,0,0,0,0,0,0,0,0,0,0,0,0,0,0,0,0,0,0,0,0,0,0,12,0,0,0,0,0,2,0,0,0,14,0,0,0,0,0,0,0,0,0,4,10,2,12,0,5,9,14,14,0,0,9,5,0,54.785714285714285,54.0
19,012,44,2,42,0,4,40,0,5,0,1,0,38,8,0,1,0,35,13,31,0,6,21,17,0,0,0,0,0,1,0,1,0,0,0,0,0,1,0,1,0,0,0,32,1,0,0,0,2,0,0,0,3,0,2,0,0,0,0,0,0,0,0,0,0,0,1,0,0,0,0,0,0,0,0,0,42,0,0,0,0,0,0,0,0,0,0,1,0,0,0,44,0,0,41,3,11,33,0,0,41,3,4,40,0,0,38,6,0,0,0,44,44,0,5,39,3,41,0,44,1,43,0,1,43,0,2,42,0,44,5,0,0,0,1,0,0,0,0,0,0,0,0,0,1,1,0,5,0,0,2,29,0,0,0,0,0,0,0,0,0,0,1,0,0,0,0,0,0,0,0,0,0,0,0,0,0,0,29,0,0,0,0,0,14,0,0,0,34,0,1,0,0,9,0,0,0,0,27,17,1,43,0,6,38,44,44,0,0,38,6,0,36.47727272727273,35.0
19,013,8,1,7,0,2,6,0,0,0,0,1,7,1,0,0,1,6,1,7,0,0,5,3,0,0,0,0,0,0,0,0,0,0,0,0,0,0,0,0,0,0,0,8,0,0,0,0,0,0,0,0,0,0,0,0,0,0,0,0,0,0,0,0,0,0,0,0,0,1,0,0,0,0,0,0,7,0,0,0,0,0,0,0,0,0,0,0,0,0,0,8,0,0,8,0,1,7,0,0,8,0,0,8,0,0,8,0,0,0,0,8,8,0,5,3,0,8,0,8,0,8,0,0,8,0,1,7,0,8,0,0,0,0,0,0,0,0,0,0,0,0,0,0,0,0,0,0,0,0,1,6,0,0,0,0,0,1,0,0,0,0,0,0,0,0,0,0,0,0,0,0,0,0,0,0,0,0,6,0,0,0,0,0,1,1,0,0,8,0,0,0,0,0,0,0,0,0,5,3,0,8,0,0,8,8,8,0,0,8,0,0,53.875,55.0
19,014,33,0,33,0,2,31,0,3,0,0,1,29,12,0,0,1,20,5,28,0,0,15,18,0,0,0,0,0,0,0,0,0,0,0,0,0,0,0,1,0,0,0,31,0,0,0,0,0,0,0,0,0,0,1,0,0,0,0,0,0,0,0,0,0,0,1,0,0,0,0,0,0,0,0,0,28,0,0,0,0,3,0,0,0,0,1,0,0,0,3,30,0,0,32,1,9,24,0,0,32,1,0,33,0,3,22,8,0,0,0,33,33,0,19,14,0,33,0,33,1,32,0,4,29,0,2,31,0,33,10,0,0,0,0,0,0,0,0,0,0,0,0,0,0,1,0,3,0,0,1,17,0,0,0,0,1,0,0,0,0,0,0,0,0,0,0,0,0,0,0,0,0,0,0,0,0,0,17,0,0,0,0,1,15,0,0,0,29,2,0,0,0,1,0,1,0,0,15,18,1,32,0,8,25,33,32,1,0,25,8,0,49.96969696969697,54.0
19,015,2,0,2,0,0,2,0,0,0,0,0,2,0,0,0,0,2,1,1,0,0,1,1,0,0,0,0,0,0,0,0,0,0,0,0,0,0,0,0,0,0,0,2,0,0,0,0,0,0,0,0,0,0,0,0,0,0,0,0,0,0,0,0,0,0,0,0,0,0,0,0,0,0,0,0,2,0,0,0,0,0,0,0,0,0,0,0,0,0,1,1,0,0,2,0,2,0,0,0,2,0,0,2,0,0,1,1,0,0,0,2,2,0,1,1,0,2,0,2,0,2,0,1,1,0,0,2,0,2,0,0,0,0,0,0,0,0,0,0,0,0,0,0,0,0,0,0,0,0,0,2,0,0,0,0,0,0,0,0,0,0,0,0,0,0,0,0,0,0,0,0,0,0,0,0,0,0,2,0,0,0,0,0,0,0,0,0,1,0,0,0,1,0,0,0,0,0,1,1,1,1,0,1,1,2,2,0,0,1,1,0,86.0,86.0
19,016,3,0,3,0,0,3,0,0,0,0,0,3,0,0,0,0,3,0,3,0,0,2,1,0,0,0,0,0,0,0,0,0,0,0,0,0,0,0,0,0,0,0,3,0,0,0,0,0,0,0,0,0,0,0,0,0,0,0,0,0,0,0,0,0,0,0,0,0,0,0,0,0,0,0,0,3,0,0,0,0,0,0,0,0,0,0,0,0,0,2,1,0,0,3,0,2,1,0,0,3,0,0,3,0,0,3,0,0,0,0,3,3,0,1,2,1,2,0,3,0,3,0,0,3,0,0,3,0,3,0,0,0,0,0,0,0,0,0,0,0,0,0,0,0,0,0,0,0,0,0,3,0,0,0,0,0,0,0,0,0,0,0,0,0,0,0,0,0,0,0,0,0,0,0,0,0,0,3,0,0,0,0,0,0,0,0,0,3,0,0,0,0,0,0,0,0,0,2,1,0,3,0,0,3,3,3,0,0,3,0,0,76.66666666666667,84.0
19,017,48,3,45,0,4,44,0,4,0,8,3,33,6,0,8,3,31,12,36,0,1,23,24,0,0,0,0,0,5,0,0,0,0,0,0,0,0,0,0,0,0,0,43,0,0,0,0,0,0,0,0,0,0,0,0,0,0,0,0,0,0,11,0,0,0,0,0,0,0,0,0,0,0,0,0,36,0,0,0,0,1,0,0,0,0,0,0,0,0,9,39,0,0,46,2,15,33,0,1,46,1,1,47,0,0,35,13,0,0,0,48,48,0,25,23,3,45,0,48,0,48,0,9,39,0,5,43,0,48,3,0,0,0,8,0,0,0,0,0,0,0,0,0,0,3,0,4,0,0,0,27,0,0,0,0,1,2,0,0,0,0,8,0,0,0,0,0,0,0,0,0,0,0,0,0,0,1,27,0,0,0,0,1,9,2,0,0,44,1,0,0,2,1,0,0,0,0,24,24,3,45,0,13,35,48,47,1,1,34,13,0,41.75,34.0
19,018,174,8,166,0,10,164,0,14,0,16,3,141,23,0,16,3,132,22,152,0,4,94,76,0,0,0,0,0,4,1,2,0,1,0,1,1,1,1,18,0,0,0,125,1,1,0,0,11,0,0,0,4,0,2,0,0,0,0,0,0,0,1,0,0,0,0,0,0,0,0,0,0,0,0,0,173,0,0,0,0,0,0,0,0,0,0,0,0,0,2,172,0,1,170,3,20,154,0,1,170,3,4,170,0,3,120,51,0,0,0,174,174,0,60,114,7,167,0,174,11,163,0,6,168,0,4,170,0,174,6,0,9,1,16,0,1,0,0,0,0,0,0,8,3,4,0,14,0,0,12,97,0,0,0,0,3,0,0,1,0,0,16,0,0,0,0,0,0,0,0,2,0,0,0,0,0,0,97,0,0,0,0,3,55,0,0,0,89,7,0,0,3,75,0,0,0,0,98,76,3,171,0,51,123,174,171,3,4,119,51,0,23.833333333333332,16.5
19,019,39,3,36,0,2,37,0,8,0,4,3,24,0,0,4,3,32,4,35,0,0,19,20,0,0,0,0,0,0,0,0,1,0,0,0,0,0,0,1,0,0,0,35,0,0,0,0,1,0,0,0,1,0,0,0,0,0,0,0,0,0,0,0,0,0,0,0,0,0,0,0,0,0,0,0,39,0,0,0,0,0,0,0,0,0,0,0,0,0,1,38,0,0,37,2,4,35,0,0,37,2,2,37,0,1,24,14,0,0,0,39,39,0,12,27,1,38,0,39,1,38,0,5,34,0,0,39,0,39,0,0,1,0,4,0,0,0,0,0,0,0,0,2,1,0,0,8,0,1,0,18,0,1,0,0,3,0,0,0,0,0,4,0,0,0,0,1,1,0,0,0,0,0,0,0,0,0,18,0,0,0,0,3,12,0,0,0,20,4,0,0,0,15,0,0,0,0,19,20,2,37,0,14,25,39,36,3,1,24,14,0,27.692307692307693,25.0
19,020,2,0,2,0,0,2,0,1,0,0,0,1,0,0,0,0,2,1,1,0,0,1,1,0,0,0,0,0,0,0,0,0,0,0,0,0,0,0,0,0,0,0,2,0,0,0,0,0,0,0,0,0,0,0,0,0,0,0,0,0,0,0,0,0,0,0,0,0,0,0,0,0,0,0,0,2,0,0,0,0,0,0,0,0,0,0,0,0,0,0,2,0,0,2,0,0,2,0,0,2,0,0,2,0,0,2,0,0,0,0,2,2,0,0,2,0,2,0,2,0,2,0,0,2,0,0,2,0,2,0,0,0,0,0,0,0,0,0,0,0,0,0,0,0,0,0,1,0,0,0,1,0,0,0,0,0,0,0,0,0,0,0,0,0,0,0,0,0,0,0,0,0,0,0,0,0,0,1,0,0,0,0,0,1,0,0,0,2,0,0,0,0,0,0,0,0,0,1,1,0,2,0,0,2,2,2,0,0,2,0,0,16.0,16.0
19,021,267,20,247,0,11,256,0,16,0,12,24,215,35,0,12,24,196,45,222,0,8,136,123,0,1,0,0,0,4,0,0,1,1,2,0,1,0,0,18,0,0,0,212,0,0,0,0,12,0,0,0,10,1,1,0,1,2,0,0,0,0,1,1,0,0,1,0,0,0,0,0,0,0,0,0,264,0,0,0,0,0,0,0,0,0,0,0,0,0,3,264,0,0,254,13,52,215,0,0,253,14,11,256,0,1,169,97,0,0,1,266,265,2,27,240,20,247,0,267,10,257,0,11,256,0,6,261,0,267,17,1,5,0,12,0,0,0,0,0,0,0,0,0,2,12,0,16,0,1,6,170,0,1,0,0,22,2,0,0,0,0,12,0,0,0,0,0,0,0,0,3,0,0,0,0,0,0,170,0,0,0,0,22,58,2,0,0,164,24,1,0,2,74,0,2,0,0,144,123,7,260,0,97,170,267,245,22,2,168,97,0,36.30711610486891,34.0
19,022,9,0,9,0,1,8,0,1,0,0,0,8,0,0,0,0,9,3,6,0,0,5,4,0,0,0,0,0,0,0,0,0,0,0,0,0,0,0,0,0,0,0,9,0,0,0,0,0,0,0,0,0,0,0,0,0,0,0,0,0,0,0,0,0,0,0,0,0,0,0,0,0,0,0,0,9,0,0,0,0,0,0,0,0,0,0,0,0,0,0,9,0,0,8,1,2,7,0,0,9,0,0,9,0,0,4,5,0,0,0,9,9,0,5,4,1,8,0,9,0,9,0,0,9,0,0,9,0,9,0,0,0,0,0,0,0,0,0,0,0,0,0,0,0,0,0,1,0,0,0,8,0,0,0,0,0,0,0,0,0,0,0,0,0,0,0,0,0,0,0,0,0,0,0,0,0,0,8,0,0,0,0,0,1,0,0,0,9,0,0,0,0,0,0,0,0,0,5,4,0,9,0,5,4,9,9,0,0,4,5,0,62.111111111111114,75.0
19,023,2,0,2,0,0,2,0,0,0,0,0,2,0,0,0,0,2,1,1,0,0,0,2,0,0,0,0,0,0,0,0,0,0,0,0,0,0,0,0,0,0,0,2,0,0,0,0,0,0,0,0,0,0,0,0,0,0,0,0,0,0,0,0,0,0,0,0,0,0,0,0,0,0,0,0,2,0,0,0,0,0,0,0,0,0,0,0,0,0,0,2,0,0,2,0,1,1,0,0,2,0,0,2,0,0,2,0,0,0,0,2,2,0,2,0,0,2,0,2,0,2,0,0,2,0,0,2,0,2,0,0,0,0,0,0,0,0,0,0,0,0,0,0,0,0,0,0,0,0,0,2,0,0,0,0,0,0,0,0,0,0,0,0,0,0,0,0,0,0,0,0,0,0,0,0,0,0,2,0,0,0,0,0,0,0,0,0,2,0,0,0,0,0,0,0,0,0,0,2,0,2,0,0,2,2,2,0,0,2,0,0,74.5,74.5
19,024,8,0,8,0,1,7,0,0,0,0,1,7,5,0,0,1,2,2,6,0,0,3,5,0,0,0,0,0,0,0,0,0,0,0,0,0,0,0,0,0,0,0,8,0,0,0,0,0,0,0,0,0,0,0,0,0,0,0,0,0,0,0,0,0,0,0,0,0,0,0,0,0,0,0,0,8,0,0,0,0,0,0,0,0,0,0,0,0,0,1,7,0,0,8,0,2,6,0,0,8,0,0,8,0,0,7,1,0,0,0,8,8,0,7,1,0,8,0,8,1,7,0,0,8,0,0,8,0,8,4,0,0,0,0,0,0,0,0,0,0,0,0,0,0,1,0,0,0,0,0,2,0,0,0,0,1,0,0,0,0,0,0,0,0,0,0,0,0,0,0,0,0,0,0,0,0,0,2,0,0,0,0,1,5,0,0,0,7,0,0,0,0,1,0,0,0,0,3,5,1,7,0,1,7,8,7,1,0,7,1,0,53.75,69.0
19,025,25,1,24,0,0,25,0,2,0,3,0,20,2,0,3,0,20,4,21,0,5,17,3,0,0,0,0,0,0,0,0,0,0,0,0,0,0,0,1,0,0,0,21,0,0,0,0,0,0,0,0,2,0,1,0,0,0,0,0,0,0,0,0,0,0,0,0,0,0,0,0,0,0,0,0,25,0,0,0,0,0,0,0,0,0,0,0,0,0,0,25,0,0,24,1,4,21,0,0,24,1,0,25,0,1,19,5,0,0,0,25,25,0,4,21,0,25,0,25,0,25,0,2,23,0,0,25,0,25,1,0,0,0,3,0,0,0,0,0,0,0,0,0,0,0,0,2,0,0,1,18,0,0,0,0,0,0,0,0,0,0,3,0,0,0,0,0,0,0,0,0,0,0,0,0,0,0,18,0,0,0,0,0,4,0,0,0,22,1,0,0,1,1,0,0,0,0,22,3,2,23,0,5,20,25,25,0,1,19,5,0,28.0,23.0
19,026,699,34,665,0,22,677,0,37,0,13,273,376,52,0,13,273,361,113,586,0,9,349,341,0,0,0,0,0,9,0,1,1,6,1,1,2,0,3,11,0,1,0,629,0,0,0,0,15,0,0,0,7,0,6,0,6,0,0,0,0,0,0,0,0,0,5,0,0,0,0,0,0,0,0,0,692,0,0,0,0,0,0,0,0,0,0,1,0,1,11,688,0,0,680,19,106,593,0,0,681,18,11,688,0,10,289,400,0,0,0,699,699,0,152,547,22,677,0,699,34,665,0,49,648,2,14,685,0,699,22,0,8,0,13,0,0,0,0,1,0,0,0,6,4,16,0,37,0,0,13,301,0,3,2,0,272,1,0,0,0,0,13,1,0,0,0,0,0,0,0,3,0,0,0,0,0,0,301,0,1,1,1,272,105,1,0,0,230,22,1,0,36,409,0,0,1,0,358,341,27,672,0,400,299,699,427,272,10,289,400,0,36.625178826895564,35.0
19,027,1,0,1,0,0,1,0,0,0,0,0,1,0,0,0,0,1,0,1,0,0,1,0,0,0,0,0,0,0,0,0,0,0,0,0,0,0,0,0,0,0,0,1,0,0,0,0,0,0,0,0,0,0,0,0,0,0,0,0,0,0,0,0,0,0,0,0,0,0,0,0,0,0,0,0,1,0,0,0,0,0,0,0,0,0,0,0,0,0,0,1,0,0,1,0,0,1,0,0,1,0,0,1,0,0,1,0,0,0,0,1,1,0,1,0,0,1,0,1,0,1,0,0,1,0,0,1,0,1,0,0,0,0,0,0,0,0,0,0,0,0,0,0,0,0,0,0,0,0,0,1,0,0,0,0,0,0,0,0,0,0,0,0,0,0,0,0,0,0,0,0,0,0,0,0,0,0,1,0,0,0,0,0,0,0,0,0,1,0,0,0,0,0,0,0,0,0,1,0,0,1,0,0,1,1,1,0,0,1,0,0,41.0,41.0
19,028,1,0,1,0,0,1,0,0,0,0,0,1,0,0,0,0,1,0,1,0,0,0,1,0,0,0,0,0,0,0,0,0,0,0,0,0,0,0,0,0,0,0,1,0,0,0,0,0,0,0,0,0,0,0,0,0,0,0,0,0,0,0,0,0,0,0,0,0,0,0,0,0,0,0,0,1,0,0,0,0,0,0,0,0,0,0,0,0,0,1,0,0,0,1,0,0,1,0,0,1,0,0,1,0,0,1,0,0,0,0,1,1,0,0,1,0,1,0,1,0,1,0,0,1,0,0,1,0,1,0,0,0,0,0,0,0,0,0,0,0,0,0,0,0,0,0,0,0,0,0,1,0,0,0,0,0,0,0,0,0,0,0,0,0,0,0,0,0,0,0,0,0,0,0,0,0,0,1,0,0,0,0,0,0,0,0,0,1,0,0,0,0,0,0,0,0,0,0,1,0,1,0,0,1,1,1,0,0,1,0,0,88.0,88.0
19,030,4,1,3,0,0,4,0,0,0,0,0,4,1,0,0,0,3,0,4,0,0,1,3,0,0,0,0,0,0,0,0,0,0,0,0,0,0,0,1,0,0,0,3,0,0,0,0,0,0,0,0,0,0,0,0,0,0,0,0,0,0,0,0,0,0,0,0,0,0,0,0,0,0,0,0,4,0,0,0,0,0,0,0,0,0,0,0,0,0,0,4,0,0,4,0,1,3,0,0,4,0,0,4,0,0,2,2,0,0,0,4,4,0,0,4,0,4,0,4,0,4,0,0,4,0,0,4,0,4,0,0,0,0,0,0,0,0,0,0,0,0,0,0,0,0,0,0,0,0,1,3,0,0,0,0,0,0,0,0,0,0,0,0,0,0,0,0,0,0,0,0,0,0,0,0,0,0,3,0,0,0,0,0,1,0,0,0,4,0,0,0,0,0,0,0,0,0,1,3,0,4,0,2,2,4,4,0,0,2,2,0,52.0,47.0
19,031,218,13,205,0,7,211,0,16,0,4,52,146,23,0,4,52,139,30,188,0,5,102,111,0,1,0,0,0,2,0,0,0,1,3,0,0,1,0,5,0,1,1,181,0,1,0,0,3,0,0,0,11,0,5,0,1,1,0,0,0,0,0,0,0,0,0,0,0,0,0,0,0,0,0,0,217,0,0,0,0,1,0,0,0,0,0,0,0,0,4,214,0,0,213,5,30,188,0,0,213,5,7,211,0,7,129,82,0,0,1,217,217,1,51,167,8,210,0,218,9,209,0,17,201,0,5,213,0,218,5,0,2,0,4,0,0,0,0,0,0,0,0,3,1,8,0,16,0,0,10,116,0,1,0,0,51,1,0,0,0,0,4,0,0,0,0,0,0,0,0,1,0,0,0,0,0,0,116,0,0,0,0,51,45,1,0,0,116,8,0,0,3,91,0,0,0,0,107,111,10,208,0,82,136,218,167,51,5,131,82,0,33.29816513761468,35.0
19,032,5,0,5,0,2,3,0,0,0,0,2,3,0,0,0,2,3,2,3,0,0,3,2,0,0,0,0,0,0,0,0,0,0,0,0,0,0,0,0,0,0,0,4,0,0,0,0,0,0,0,0,1,0,0,0,0,0,0,0,0,0,0,0,0,0,0,0,0,0,0,0,0,0,0,0,5,0,0,0,0,0,0,0,0,0,0,0,0,0,0,5,0,0,5,0,1,4,0,0,5,0,0,5,0,1,3,1,0,0,0,5,5,0,1,4,0,5,0,5,0,5,0,0,5,0,0,5,0,5,0,0,0,0,0,0,0,0,0,0,0,0,0,0,0,0,0,0,0,0,0,3,0,0,0,0,2,0,0,0,0,0,0,0,0,0,0,0,0,0,0,0,0,0,0,0,0,0,3,0,0,0,0,2,0,0,0,0,0,2,0,0,0,3,0,0,0,0,3,2,1,4,0,1,4,5,3,2,1,3,1,0,30.6,22.0
19,033,65,3,62,0,3,62,0,8,0,1,7,49,9,0,1,7,48,12,53,0,1,33,31,0,0,0,0,0,0,0,0,0,1,0,0,0,0,0,1,0,0,1,57,0,0,0,0,1,0,0,0,4,0,0,0,0,0,0,0,0,0,0,0,0,0,0,0,0,0,0,0,0,0,0,0,65,0,0,0,0,0,0,0,0,0,0,0,0,0,2,63,0,0,64,1,6,59,0,0,65,0,2,63,0,6,30,29,0,0,0,65,65,0,25,40,1,64,0,65,1,64,0,15,49,1,0,65,0,65,4,0,0,0,1,0,0,0,0,0,0,0,0,0,0,2,0,8,0,0,3,40,0,0,0,0,6,1,0,0,0,0,1,0,0,0,0,0,0,0,0,0,0,0,0,0,0,0,40,0,0,0,0,6,17,1,0,0,60,4,0,0,1,0,0,0,0,0,34,31,5,60,0,29,36,65,59,6,1,35,29,0,34.46153846153846,28.0
19,034,3,0,3,0,1,2,0,0,0,0,0,3,1,0,0,0,2,1,2,0,0,1,2,0,0,0,0,0,0,0,0,0,0,0,0,0,0,0,0,0,0,0,2,0,0,0,0,0,0,0,0,1,0,0,0,0,0,0,0,0,0,0,0,0,0,0,0,0,0,0,0,0,0,0,0,3,0,0,0,0,0,0,0,0,0,0,0,0,0,0,3,0,0,3,0,0,3,0,0,3,0,0,3,0,0,2,1,0,0,0,3,3,0,2,1,1,2,0,3,0,3,0,0,3,0,0,3,0,3,1,0,0,0,0,0,0,0,0,0,0,0,0,0,0,0,0,0,0,0,0,2,0,0,0,0,0,0,0,0,0,0,0,0,0,0,0,0,0,0,0,0,0,0,0,0,0,0,2,0,0,0,0,0,1,0,0,0,3,0,0,0,0,0,0,0,0,0,1,2,1,2,0,1,2,3,3,0,0,2,1,0,34.333333333333336,39.0
19,035,5,1,4,0,0,5,0,0,0,0,0,5,0,0,0,0,5,0,5,0,0,3,2,0,0,0,0,0,0,0,0,0,0,0,0,0,0,0,0,0,0,1,4,0,0,0,0,0,0,0,0,0,0,0,0,0,0,0,0,0,0,0,0,0,0,0,0,0,0,0,0,0,0,0,0,5,0,0,0,0,0,0,0,0,0,0,0,0,0,0,5,0,0,5,0,1,4,0,0,5,0,0,5,0,0,3,2,0,0,0,5,5,0,3,2,1,4,0,5,0,5,0,3,2,0,0,5,0,5,0,0,0,0,0,0,0,0,0,0,0,0,0,0,0,0,0,0,0,0,0,5,0,0,0,0,0,0,0,0,0,0,0,0,0,0,0,0,0,0,0,0,0,0,0,0,0,0,5,0,0,0,0,0,0,0,0,0,5,0,0,0,0,0,0,0,0,0,3,2,0,5,0,2,3,5,5,0,0,3,2,0,28.6,21.0
19,036,4,0,4,0,0,4,0,0,0,0,1,3,0,0,0,1,3,0,4,0,0,1,3,0,0,0,0,0,0,0,0,0,0,0,0,0,0,0,0,0,0,0,4,0,0,0,0,0,0,0,0,0,0,0,0,0,0,0,0,0,0,0,0,0,0,0,0,0,0,0,0,0,0,0,0,3,0,1,0,0,0,0,0,0,0,0,0,0,0,0,4,0,0,4,0,2,2,0,0,4,0,0,4,0,0,3,1,0,0,0,4,4,0,2,2,1,3,0,4,0,4,0,1,3,0,0,4,0,4,0,0,0,0,0,0,0,0,0,0,0,0,0,0,0,0,0,0,0,0,0,3,0,0,0,0,1,0,0,0,0,0,0,0,0,0,0,0,0,0,0,0,0,0,0,0,0,0,3,0,0,0,0,1,0,0,0,0,3,0,0,0,1,0,0,0,0,0,1,3,1,3,0,1,3,4,3,1,0,3,1,0,56.25,64.0
19,037,2,0,2,0,1,1,0,0,0,0,0,2,0,0,0,0,2,1,1,0,0,1,1,0,0,0,0,0,0,0,0,0,0,0,0,0,0,0,1,0,0,0,1,0,0,0,0,0,0,0,0,0,0,0,0,0,0,0,0,0,0,0,0,0,0,0,0,0,0,0,0,0,0,0,0,2,0,0,0,0,0,0,0,0,0,0,0,0,0,0,2,0,0,2,0,1,1,0,0,2,0,0,2,0,0,2,0,0,0,0,2,2,0,0,2,0,2,0,2,0,2,0,0,2,0,0,2,0,2,0,0,0,0,0,0,0,0,0,0,0,0,0,0,0,0,0,0,0,0,0,2,0,0,0,0,0,0,0,0,0,0,0,0,0,0,0,0,0,0,0,0,0,0,0,0,0,0,2,0,0,0,0,0,0,0,0,0,2,0,0,0,0,0,0,0,0,0,1,1,0,2,0,0,2,2,2,0,0,2,0,0,36.5,36.5
19,038,69,3,66,0,3,66,0,19,0,2,0,48,6,0,2,0,61,12,57,0,0,33,36,0,0,0,0,1,0,0,1,1,0,0,0,1,1,0,1,0,0,0,56,0,0,0,0,0,0,0,1,2,0,0,0,0,4,0,0,0,0,0,0,0,0,1,0,0,0,0,0,0,0,0,0,68,0,0,0,0,0,0,0,0,0,0,0,0,0,2,67,0,1,68,0,9,60,0,1,68,0,4,65,0,1,27,41,0,0,4,65,65,4,18,51,3,66,0,69,0,69,0,6,63,0,1,68,0,69,4,0,0,0,2,0,0,0,0,0,0,0,0,0,0,1,0,19,0,0,1,42,0,0,0,0,0,0,0,0,0,0,2,0,0,0,0,0,0,0,0,0,0,0,0,0,0,0,42,0,0,0,0,0,25,0,0,0,61,1,0,0,5,1,0,1,0,0,33,36,6,63,0,41,28,69,69,0,0,28,41,0,38.405797101449274,34.0
19,039,1589,82,1507,0,28,1561,0,239,0,69,138,1143,208,0,69,138,1174,235,1354,0,16,878,694,1,0,1,0,0,34,0,12,5,8,4,6,1,3,3,267,2,0,1,1082,3,5,1,0,40,1,1,1,46,2,27,0,8,25,1,0,2,0,1,0,0,2,7,0,1,0,1,0,1,0,0,0,1561,1,0,4,2,2,0,0,0,0,0,3,0,0,21,1568,0,3,1444,142,254,1335,0,2,1448,139,30,1559,0,14,551,1024,0,13,11,1565,1564,25,191,1398,54,1535,0,1589,22,1567,0,126,1453,10,18,1571,0,1589,96,1,21,0,69,0,0,2,0,5,0,0,0,9,11,47,0,239,0,2,65,881,0,3,0,0,129,9,0,0,5,0,69,0,0,0,0,0,0,0,0,6,0,0,0,0,0,1,881,0,0,0,0,129,489,9,0,0,1124,135,2,0,82,236,3,4,3,0,895,694,64,1525,0,1024,565,1589,1460,129,18,547,1024,0,37.799244808055384,35.0
19,040,1,0,1,0,0,1,0,1,0,0,0,0,0,0,0,0,1,0,1,0,0,1,0,0,0,0,0,0,0,0,0,0,0,0,0,0,0,0,0,0,0,1,0,0,0,0,0,0,0,0,0,0,0,0,0,0,0,0,0,0,0,0,0,0,0,0,0,0,0,0,0,0,0,0,0,1,0,0,0,0,0,0,0,0,0,0,0,0,0,0,1,0,0,1,0,0,1,0,0,1,0,0,1,0,0,0,1,0,0,0,1,1,0,0,1,0,1,0,1,0,1,0,0,1,0,0,1,0,1,0,0,0,0,0,0,0,0,0,0,0,0,0,0,0,0,0,1,0,0,0,0,0,0,0,0,0,0,0,0,0,0,0,0,0,0,0,0,0,0,0,0,0,0,0,0,0,0,0,0,0,0,0,0,1,0,0,0,1,0,0,0,0,0,0,0,0,0,1,0,0,1,0,1,0,1,1,0,0,0,1,0,28.0,28.0
19,041,43,3,40,0,1,42,0,2,0,2,0,39,3,0,2,0,38,5,38,0,1,28,14,0,1,0,0,1,0,0,0,0,0,0,1,0,1,0,0,0,0,0,35,0,0,0,0,3,0,0,0,0,0,1,0,0,0,0,0,0,0,0,0,0,0,0,0,0,0,0,0,0,0,0,0,43,0,0,0,0,0,0,0,0,0,0,0,0,0,0,43,0,0,43,0,5,38,0,0,43,0,2,41,0,0,36,7,0,0,0,43,43,0,7,36,1,42,0,43,0,43,0,1,42,0,0,43,0,43,0,1,0,0,2,0,0,0,0,0,0,0,0,0,0,2,0,2,0,0,1,35,0,0,0,0,0,0,0,0,0,0,2,0,0,0,0,0,0,0,0,0,0,0,0,0,0,0,35,0,0,0,0,0,6,0,0,0,39,1,0,0,0,3,0,0,0,0,29,14,0,43,0,7,36,43,43,0,1,35,7,0,30.930232558139537,28.0
19,042,2,0,2,0,0,2,0,0,0,0,1,1,0,0,0,1,1,1,1,0,0,1,1,0,0,0,0,0,0,0,0,0,0,0,0,0,0,0,0,0,0,0,2,0,0,0,0,0,0,0,0,0,0,0,0,0,0,0,0,0,0,0,0,0,0,0,0,0,0,0,0,0,0,0,0,2,0,0,0,0,0,0,0,0,0,0,0,0,0,0,2,0,0,2,0,1,1,0,0,2,0,0,2,0,0,1,1,0,0,0,2,2,0,1,1,0,2,0,2,0,2,0,1,1,0,1,1,0,2,0,0,0,0,0,0,0,0,0,0,0,0,0,0,0,0,0,0,0,0,0,1,0,0,0,0,1,0,0,0,0,0,0,0,0,0,0,0,0,0,0,0,0,0,0,0,0,0,1,0,0,0,0,1,0,0,0,0,1,0,0,0,0,1,0,0,0,0,1,1,0,2,0,1,1,2,1,1,0,1,1,0,35.0,35.0
19,043,1,0,1,0,0,1,0,0,0,0,0,1,0,0,0,0,1,0,1,0,0,0,1,0,0,0,0,0,0,0,0,0,0,0,0,0,0,0,0,0,0,0,1,0,0,0,0,0,0,0,0,0,0,0,0,0,0,0,0,0,0,0,0,0,0,0,0,0,0,0,0,0,0,0,0,1,0,0,0,0,0,0,0,0,0,0,0,0,0,0,1,0,0,1,0,0,1,0,0,1,0,0,1,0,0,1,0,0,0,0,1,1,0,1,0,0,1,0,1,0,1,0,0,1,0,0,1,0,1,0,0,0,0,0,0,0,0,0,0,0,0,0,0,0,0,0,0,0,0,0,1,0,0,0,0,0,0,0,0,0,0,0,0,0,0,0,0,0,0,0,0,0,0,0,0,0,0,1,0,0,0,0,0,0,0,0,0,1,0,0,0,0,0,0,0,0,0,0,1,0,1,0,0,1,1,1,0,0,1,0,0,90.0,90.0
19,044,84,3,81,0,4,80,0,13,0,1,1,69,32,0,1,1,50,11,73,0,2,46,36,0,1,0,0,0,0,0,0,0,0,0,0,0,0,0,2,0,0,0,77,0,0,0,0,1,0,0,0,0,0,3,0,0,0,0,0,0,0,1,0,0,0,0,0,0,0,0,0,0,0,0,0,82,0,0,0,0,0,0,0,0,0,0,0,0,1,1,83,0,0,74,10,11,73,0,0,74,10,1,83,0,1,20,63,0,0,0,84,84,0,13,71,7,77,0,84,1,83,0,33,50,1,0,84,0,84,6,0,0,0,1,0,0,0,0,0,0,0,0,0,0,24,0,13,0,0,2,37,0,0,0,0,1,0,0,0,0,0,1,0,0,0,0,0,0,0,0,0,0,0,0,0,0,0,37,0,0,0,0,1,45,0,0,0,78,0,0,0,3,1,0,2,0,0,48,36,7,76,1,63,21,84,83,1,1,20,63,0,38.523809523809526,32.5
19,045,33,2,31,0,2,31,0,3,0,0,1,29,0,0,0,1,32,5,28,0,2,13,18,0,0,0,0,0,0,0,0,0,0,0,0,1,0,0,2,0,0,0,23,0,0,0,0,5,0,0,0,0,0,2,0,0,0,1,0,0,0,0,0,0,0,0,0,0,0,0,0,0,0,0,0,31,0,0,0,0,1,0,0,0,0,0,0,0,0,0,33,0,0,32,1,6,27,0,0,32,1,0,33,0,1,25,7,0,0,0,33,33,0,6,27,1,32,0,33,0,33,0,1,32,0,1,32,0,33,0,0,1,0,0,0,0,0,0,0,0,0,0,0,0,0,0,3,0,0,0,28,0,0,0,0,1,0,0,0,0,0,0,0,0,0,0,0,0,0,0,0,0,0,0,0,0,0,28,0,0,0,0,1,4,0,0,0,28,0,0,0,0,5,0,0,0,0,15,18,2,31,0,7,26,33,32,1,0,26,7,0,31.181818181818183,31.0
19,046,348,20,328,0,14,334,0,35,0,12,30,271,42,0,12,30,264,76,272,0,13,191,144,0,3,0,0,0,3,0,2,2,1,3,3,0,0,0,17,0,0,0,290,0,0,0,0,8,0,0,0,7,1,0,0,4,4,0,0,0,0,1,0,0,0,1,0,0,0,0,0,0,1,0,0,344,0,0,0,0,0,0,0,0,0,0,0,0,1,5,343,0,0,330,18,78,270,0,2,328,18,8,340,0,3,192,153,0,2,2,344,344,4,33,315,20,328,0,348,6,342,0,27,321,0,9,339,0,348,17,1,4,0,12,0,0,1,0,1,0,0,0,3,1,12,0,35,0,0,13,217,0,0,0,1,27,3,0,0,0,0,12,0,0,0,0,0,0,0,0,1,0,0,0,0,1,0,217,0,0,0,0,27,87,3,0,0,220,16,1,0,18,92,0,1,0,0,204,144,18,330,0,153,195,348,321,27,1,194,153,0,44.04597701149425,43.5
19,047,7,0,7,0,0,7,0,1,0,1,0,5,3,0,1,0,3,1,6,0,1,5,1,0,0,0,0,0,0,0,0,0,0,0,0,0,0,0,1,0,0,0,4,2,0,0,0,0,0,0,0,0,0,0,0,0,0,0,0,0,0,0,0,0,0,0,0,0,0,0,0,0,0,0,0,7,0,0,0,0,0,0,0,0,0,0,0,0,0,0,7,0,0,7,0,1,6,0,0,7,0,0,7,0,0,4,3,0,0,0,7,7,0,0,7,0,7,0,7,0,7,0,0,7,0,0,7,0,7,0,0,0,0,1,0,0,0,0,0,0,0,0,0,0,1,0,1,0,0,2,2,0,0,0,0,0,0,0,0,0,0,1,0,0,0,0,0,0,0,0,0,0,0,0,0,0,0,2,0,0,0,0,0,4,0,0,0,4,1,0,0,1,1,0,0,0,0,6,1,0,7,0,3,4,7,7,0,0,4,3,0,51.285714285714285,37.0
19,048,113,12,101,0,5,108,0,8,0,11,13,81,12,0,11,13,77,10,103,0,1,49,63,0,0,0,0,0,1,0,0,0,0,0,1,0,1,0,2,0,0,0,105,0,0,0,0,0,0,0,0,0,0,0,0,2,1,0,0,0,0,0,0,0,0,0,0,0,0,0,0,0,0,0,0,113,0,0,0,0,0,0,0,0,0,0,0,0,0,1,112,0,0,111,2,10,103,0,0,111,2,7,106,0,0,90,23,0,0,1,112,112,1,35,78,5,108,0,113,4,109,0,18,95,0,4,109,0,113,6,0,9,0,11,0,0,0,0,1,0,0,0,4,6,3,0,8,0,0,3,49,0,0,0,0,11,2,0,0,1,0,11,0,0,0,0,0,0,0,0,1,0,0,0,0,1,0,49,0,0,0,0,11,37,2,0,0,22,13,0,0,2,76,0,0,0,0,50,63,4,109,0,23,90,113,102,11,2,88,23,0,20.761061946902654,7.0
19,049,28,0,28,0,2,26,0,2,0,1,1,24,3,0,1,1,23,7,21,0,0,10,18,0,1,0,0,0,0,0,0,0,0,1,0,0,1,0,0,0,0,0,25,0,0,0,0,0,0,0,0,0,0,0,0,0,0,0,0,0,0,0,0,0,0,0,0,0,0,0,0,0,0,0,0,28,0,0,0,0,0,0,0,0,0,0,0,0,0,0,28,0,0,27,1,7,21,0,0,26,2,1,27,0,2,17,9,0,0,0,28,28,0,11,17,0,28,0,28,1,27,0,1,27,0,1,27,0,28,3,0,0,0,1,0,0,0,0,0,0,0,0,0,0,0,0,2,0,0,0,21,0,0,0,0,1,0,0,0,0,0,1,0,0,0,0,0,0,0,0,0,0,0,0,0,0,0,21,0,0,0,0,1,5,0,0,0,21,2,0,0,4,1,0,0,0,0,10,18,0,28,0,9,19,28,27,1,1,18,9,0,44.92857142857143,47.0
19,050,1,0,1,0,0,1,0,0,0,0,0,1,0,0,0,0,1,0,1,0,0,1,0,0,0,0,0,0,0,0,0,0,0,0,0,0,0,0,0,0,0,0,1,0,0,0,0,0,0,0,0,0,0,0,0,0,0,0,0,0,0,0,0,0,0,0,0,0,0,0,0,0,0,0,0,1,0,0,0,0,0,0,0,0,0,0,0,0,0,0,1,0,0,1,0,1,0,0,0,1,0,0,1,0,0,0,1,0,0,0,1,1,0,0,1,0,1,0,1,0,1,0,1,0,0,0,1,0,1,0,0,0,0,0,0,0,0,0,0,0,0,0,0,0,0,0,0,0,0,0,1,0,0,0,0,0,0,0,0,0,0,0,0,0,0,0,0,0,0,0,0,0,0,0,0,0,0,1,0,0,0,0,0,0,0,0,0,1,0,0,0,0,0,0,0,0,0,1,0,0,1,0,1,0,1,1,0,0,0,1,0,72.0,72.0
19,051,9,0,9,0,0,9,0,0,0,0,0,9,6,0,0,0,3,1,8,0,0,6,3,0,0,0,0,0,0,0,0,0,0,0,0,0,0,0,0,0,0,0,9,0,0,0,0,0,0,0,0,0,0,0,0,0,0,0,0,0,0,0,0,0,0,0,0,0,0,0,0,0,0,0,0,9,0,0,0,0,0,0,0,0,0,0,0,0,0,1,8,0,0,9,0,3,6,0,0,9,0,1,8,0,0,3,6,0,0,0,9,9,0,1,8,0,9,0,9,0,9,0,2,7,0,0,9,0,9,2,0,0,0,0,0,0,0,0,0,0,0,0,0,0,3,0,0,0,0,1,3,0,0,0,0,0,0,0,0,0,0,0,0,0,0,0,0,0,0,0,0,0,0,0,0,0,0,3,0,0,0,0,0,6,0,0,0,8,1,0,0,0,0,0,0,0,0,6,3,1,8,0,6,3,9,9,0,0,3,6,0,47.888888888888886,43.0
20,001,1,0,1,0,0,1,0,0,0,0,0,1,0,0,0,0,1,0,1,0,0,1,0,0,0,0,0,0,0,0,0,0,0,0,0,0,0,0,0,0,0,0,0,1,0,0,0,0,0,0,0,0,0,0,0,0,0,0,0,0,0,0,0,0,0,1,0,0,0,0,0,0,0,0,0,0,0,0,0,0,0,0,0,0,0,0,0,0,0,0,1,0,0,1,0,1,0,0,0,1,0,1,0,0,0,1,0,0,0,0,1,1,0,1,0,0,1,0,1,1,0,0,0,0,1,1,0,0,1,0,0,0,0,0,0,0,0,0,0,0,0,0,0,0,0,0,0,0,0,0,1,0,0,0,0,0,0,0,0,0,0,0,0,0,0,0,0,0,0,0,0,0,0,0,0,0,0,1,0,0,0,0,0,0,0,0,0,1,0,0,0,0,0,0,0,0,0,1,0,0,1,0,0,1,1,1,0,0,1,0,0,2.0,2.0
20,002,4,0,4,0,0,4,0,0,0,0,0,4,0,0,0,0,4,0,4,0,0,1,3,0,0,0,0,0,0,0,0,0,0,0,0,0,0,0,0,0,0,0,0,4,0,0,0,0,0,0,0,0,0,0,0,0,0,0,0,0,0,0,0,0,0,0,0,0,0,0,0,0,0,0,0,0,2,0,0,0,0,0,0,0,0,0,2,0,0,0,4,0,0,4,0,0,4,0,2,2,0,1,3,0,0,4,0,0,0,0,4,4,0,2,2,0,4,0,4,0,4,0,1,3,0,0,4,0,4,0,0,0,0,0,0,0,0,0,0,0,0,0,0,0,0,0,0,0,0,0,4,0,0,0,0,0,0,0,0,0,0,0,0,0,0,0,0,0,0,0,0,0,0,0,0,0,0,4,0,0,0,0,0,0,0,0,0,0,0,2,0,0,1,0,1,0,0,1,3,0,4,0,0,4,4,4,0,0,4,0,0,22.25,20.5
20,003,1,0,1,0,0,1,0,0,0,0,0,1,0,0,0,0,1,0,1,0,0,0,1,0,0,0,0,0,0,0,0,0,1,0,0,0,0,0,0,0,0,0,0,0,0,0,0,0,0,0,0,0,0,0,0,0,0,0,0,0,0,0,0,0,0,1,0,0,0,0,0,0,0,0,0,0,0,0,0,0,0,0,0,0,0,0,0,0,0,0,1,0,0,1,0,0,1,0,0,1,0,0,1,0,0,1,0,0,0,0,1,1,0,0,1,0,1,0,1,1,0,0,0,1,0,0,1,0,1,0,0,0,0,0,0,0,0,0,0,0,0,0,0,0,0,0,0,0,0,0,0,0,1,0,0,0,0,0,0,0,0,0,0,0,0,0,0,0,0,0,0,0,0,0,0,0,0,0,0,0,0,0,0,1,0,0,0,1,0,0,0,0,0,0,0,0,0,0,1,0,1,0,0,1,1,1,0,0,1,0,0,1.0,1.0
20,004,1,0,1,0,0,1,0,0,0,0,1,0,0,0,0,1,0,1,0,0,0,0,1,0,0,0,0,0,0,0,0,0,0,0,0,0,0,0,0,0,0,0,0,1,0,0,0,0,0,0,0,0,0,0,0,0,0,0,0,0,0,0,0,0,0,0,0,0,0,0,0,0,0,0,0,0,1,0,0,0,0,0,0,0,0,0,0,0,0,0,1,0,0,1,0,0,1,0,1,0,0,0,1,0,0,1,0,0,0,0,1,1,0,1,0,0,1,0,1,0,1,0,0,1,0,0,1,0,1,0,0,0,0,0,0,0,0,0,0,0,0,0,0,0,0,0,0,0,0,0,0,0,0,0,0,0,1,0,0,0,0,0,0,0,0,0,0,0,0,0,0,0,0,0,0,0,0,0,0,0,0,0,0,0,1,0,0,0,0,1,0,0,0,0,0,0,0,0,1,0,1,0,0,1,1,1,0,0,1,0,0,58.0,58.0
20,005,2,0,2,0,0,2,0,0,0,0,1,1,0,0,0,1,1,0,2,0,0,1,1,0,0,0,0,0,0,0,0,0,0,0,0,0,0,0,0,0,0,0,0,2,0,0,0,0,0,0,0,0,0,0,0,0,0,0,0,0,0,0,0,0,0,0,0,0,0,0,0,0,0,0,0,0,1,1,0,0,0,0,0,0,0,0,0,0,0,0,2,0,0,2,0,0,2,0,1,1,0,0,2,0,0,1,1,0,0,0,2,2,0,0,2,0,2,0,2,0,2,0,0,2,0,0,2,0,2,0,0,0,0,0,0,0,0,0,0,0,0,0,0,0,0,0,0,0,0,0,1,0,0,0,0,1,0,0,0,0,0,0,0,0,0,0,0,0,0,0,0,0,0,0,0,0,0,1,0,0,0,0,1,0,0,0,0,0,0,1,0,0,1,0,0,0,0,1,1,0,2,0,1,1,2,1,1,0,1,1,0,14.5,14.5
20,006,14,0,14,0,1,13,0,1,0,0,3,10,1,0,0,3,10,1,13,0,1,7,6,0,0,0,0,0,0,0,0,0,0,0,0,0,0,0,1,0,0,0,0,13,0,0,0,0,0,0,0,0,0,0,0,0,0,0,0,0,0,0,0,0,0,0,0,0,0,0,0,0,0,0,0,0,14,0,0,0,0,0,0,0,0,0,0,0,0,0,14,0,0,11,3,1,13,0,1,11,2,3,11,0,0,9,5,0,0,0,14,14,0,1,13,1,13,0,14,4,10,0,0,14,0,1,13,0,14,0,0,0,0,0,0,0,0,0,0,0,0,0,0,0,1,0,1,0,0,0,9,0,0,0,0,2,1,0,0,0,0,0,0,0,0,0,0,0,0,0,0,0,0,0,0,0,0,9,0,0,0,0,2,2,1,0,0,0,0,8,0,0,2,0,4,0,0,8,6,0,14,0,5,9,14,12,2,0,9,5,0,29.642857142857142,22.5
20,009,4,0,4,0,0,4,0,0,0,1,0,3,0,0,1,0,3,0,4,0,1,1,2,0,0,0,0,0,0,0,0,0,0,0,0,0,0,0,0,0,0,0,0,4,0,0,0,0,0,0,0,0,0,0,0,0,0,0,0,0,0,0,0,0,0,2,0,0,0,0,0,0,0,0,0,0,2,0,0,0,0,0,0,0,0,0,0,0,0,0,3,1,1,3,0,1,3,0,1,3,0,1,3,0,0,4,0,0,0,0,4,4,0,1,3,0,4,0,4,1,3,0,1,3,0,0,4,0,4,0,0,0,0,1,0,0,0,0,0,0,0,0,0,1,0,0,0,0,0,0,2,0,0,0,0,0,0,0,0,0,0,1,0,0,0,0,0,0,0,0,0,0,0,0,0,0,0,2,0,0,0,0,0,1,0,0,0,2,0,2,0,0,0,0,0,0,0,2,2,0,4,0,0,4,4,4,0,0,4,0,0,7.25,2.5
20,010,1,0,1,0,0,1,0,0,0,0,0,1,0,0,0,0,1,1,0,0,0,1,0,0,0,0,0,0,0,0,0,0,0,0,0,0,0,0,0,0,0,0,0,1,0,0,0,0,0,0,0,0,0,0,0,0,0,0,0,0,0,0,0,0,0,0,0,0,0,0,0,0,0,0,0,0,1,0,0,0,0,0,0,0,0,0,0,0,0,0,1,0,0,1,0,1,0,0,0,1,0,0,1,0,0,1,0,0,0,0,1,1,0,0,1,0,1,0,1,0,1,0,0,1,0,0,1,0,1,0,0,0,0,0,0,0,0,0,0,0,0,0,0,0,0,0,0,0,0,0,1,0,0,0,0,0,0,0,0,0,0,0,0,0,0,0,0,0,0,0,0,0,0,0,0,0,0,1,0,0,0,0,0,0,0,0,0,0,0,0,0,0,1,0,0,0,0,1,0,0,1,0,0,1,1,1,0,0,1,0,0,79.0,79.0
20,012,3,0,3,0,0,3,0,0,0,0,0,3,0,0,0,0,3,0,3,0,0,1,2,0,0,0,0,0,0,0,0,0,0,0,0,0,0,0,0,0,0,0,0,3,0,0,0,0,0,0,0,0,0,0,0,0,0,0,0,0,0,0,0,0,0,0,0,0,0,0,0,0,0,0,0,0,3,0,0,0,0,0,0,0,0,0,0,0,0,0,3,0,0,3,0,0,3,0,0,3,0,0,3,0,1,2,0,0,0,0,3,3,0,1,2,0,3,0,3,1,2,0,1,2,0,0,3,0,3,0,0,0,0,0,0,0,0,0,0,0,0,0,0,0,0,0,0,0,0,0,3,0,0,0,0,0,0,0,0,0,0,0,0,0,0,0,0,0,0,0,0,0,0,0,0,0,0,3,0,0,0,0,0,0,0,0,0,0,0,3,0,0,0,0,0,0,0,1,2,0,3,0,0,3,3,3,0,0,3,0,0,8.333333333333334,12.0
20,013,2,0,2,0,0,2,0,0,0,0,0,2,1,0,0,0,1,0,2,0,0,0,2,0,0,0,0,0,0,0,0,0,0,0,0,0,0,0,0,0,0,0,0,2,0,0,0,0,0,0,0,0,0,0,0,0,0,0,0,0,0,0,0,0,0,0,0,0,0,0,0,0,0,0,0,0,2,0,0,0,0,0,0,0,0,0,0,0,0,0,2,0,0,2,0,0,2,0,0,2,0,1,1,0,0,1,1,0,0,0,2,2,0,0,2,0,2,0,2,1,1,0,1,1,0,0,2,0,2,1,0,0,0,0,0,0,0,0,0,0,0,0,0,0,0,0,0,0,0,0,1,0,0,0,0,0,0,0,0,0,0,0,0,0,0,0,0,0,0,0,0,0,0,0,0,0,0,1,0,0,0,0,0,1,0,0,0,0,0,2,0,0,0,0,0,0,0,0,2,0,2,0,1,1,2,2,0,0,1,1,0,8.0,8.0
20,014,8,2,6,0,0,8,0,0,0,1,1,6,0,0,1,1,6,4,4,0,0,5,3,0,0,0,0,0,0,0,0,0,0,0,0,0,0,0,1,0,0,0,0,7,0,0,0,0,0,0,0,0,0,0,0,0,0,0,0,0,0,0,0,0,0,1,0,0,0,0,0,0,0,0,0,0,7,0,0,0,0,0,0,0,0,0,0,0,0,1,7,0,0,8,0,4,4,0,0,8,0,0,8,0,0,7,1,0,0,0,8,8,0,3,5,1,7,0,8,0,8,0,0,8,0,0,8,0,8,0,0,0,0,1,0,0,0,0,0,0,0,0,1,0,0,0,0,0,0,0,5,0,0,0,0,1,0,0,0,0,0,1,0,0,0,0,0,0,0,0,0,0,0,0,0,0,0,5,0,0,0,0,1,1,0,0,0,1,0,0,0,0,6,0,1,0,0,5,3,1,7,0,1,7,8,7,1,0,7,1,0,53.5,52.0
20,015,2,0,2,0,0,2,0,0,0,0,0,2,0,0,0,0,2,0,2,0,0,1,1,0,0,0,0,0,0,0,0,0,0,0,0,0,0,0,0,0,0,0,0,2,0,0,0,0,0,0,0,0,0,0,0,0,0,0,0,0,0,0,0,0,0,0,0,0,0,0,0,0,0,0,0,0,2,0,0,0,0,0,0,0,0,0,0,0,0,0,2,0,0,2,0,1,1,0,0,2,0,2,0,0,0,2,0,0,0,0,2,2,0,0,2,0,2,0,2,0,2,0,1,1,0,0,2,0,2,0,0,0,0,0,0,0,0,0,0,0,0,0,0,0,0,0,0,0,0,0,2,0,0,0,0,0,0,0,0,0,0,0,0,0,0,0,0,0,0,0,0,0,0,0,0,0,0,2,0,0,0,0,0,0,0,0,0,0,0,2,0,0,0,0,0,0,0,1,1,0,2,0,0,2,2,2,0,0,2,0,0,9.0,9.0
20,017,1,0,1,0,0,1,0,0,0,0,0,1,0,0,0,0,1,0,1,0,0,1,0,0,0,0,0,0,0,0,0,0,0,0,0,0,0,0,0,0,0,0,0,1,0,0,0,0,0,0,0,0,0,0,0,0,0,0,0,0,0,0,0,0,0,0,0,0,0,0,0,0,0,0,0,0,1,0,0,0,0,0,0,0,0,0,0,0,0,0,1,0,0,1,0,0,1,0,0,1,0,0,1,0,0,1,0,0,0,0,1,1,0,0,1,0,1,0,1,0,1,0,0,1,0,0,1,0,1,0,0,0,0,0,0,0,0,0,0,0,0,0,0,0,0,0,0,0,0,0,1,0,0,0,0,0,0,0,0,0,0,0,0,0,0,0,0,0,0,0,0,0,0,0,0,0,0,1,0,0,0,0,0,0,0,0,0,0,0,1,0,0,0,0,0,0,0,1,0,0,1,0,0,1,1,1,0,0,1,0,0,4.0,4.0
20,019,1,0,1,0,0,1,0,0,0,0,0,1,1,0,0,0,0,0,1,0,0,1,0,0,0,0,0,0,0,0,0,0,0,0,0,0,0,0,0,0,0,0,0,1,0,0,0,0,0,0,0,0,0,0,0,0,0,0,0,0,0,0,0,0,0,1,0,0,0,0,0,0,0,0,0,0,0,0,0,0,0,0,0,0,0,0,0,0,0,0,1,0,0,1,0,1,0,0,0,1,0,0,1,0,0,0,1,0,0,0,1,1,0,0,1,0,1,0,1,1,0,0,1,0,0,0,1,0,1,0,0,0,0,0,0,0,0,0,0,0,0,0,0,0,1,0,0,0,0,0,0,0,0,0,0,0,0,0,0,0,0,0,0,0,0,0,0,0,0,0,0,0,0,0,0,0,0,0,0,0,0,0,0,1,0,0,0,1,0,0,0,0,0,0,0,0,0,1,0,0,1,0,1,0,1,1,0,0,0,1,0,83.0,83.0
20,020,2,0,2,0,1,1,0,0,0,0,0,2,0,0,0,0,2,0,2,0,1,0,1,0,0,0,0,0,0,0,0,0,0,0,0,0,0,0,0,0,0,0,0,2,0,0,0,0,0,0,0,0,0,0,0,0,0,0,0,0,0,0,0,0,0,0,0,0,0,0,0,0,0,0,0,0,2,0,0,0,0,0,0,0,0,0,0,0,0,0,2,0,0,2,0,0,2,0,0,2,0,0,2,0,0,2,0,0,0,0,2,2,0,0,2,0,2,0,2,0,2,0,0,2,0,0,2,0,2,0,0,0,0,0,0,0,0,0,0,0,0,0,0,0,0,0,0,0,0,0,2,0,0,0,0,0,0,0,0,0,0,0,0,0,0,0,0,0,0,0,0,0,0,0,0,0,0,2,0,0,0,0,0,0,0,0,0,0,0,1,0,0,1,0,0,0,0,1,1,0,2,0,0,2,2,2,0,0,2,0,0,19.5,19.5
20,021,1,1,0,0,0,1,0,0,0,0,0,1,0,0,0,0,1,1,0,0,0,1,0,0,0,0,0,0,0,0,0,0,0,0,0,0,0,0,0,0,0,0,0,0,0,0,0,0,0,0,1,0,0,0,0,0,0,0,0,0,0,0,0,0,0,0,0,0,0,0,0,0,0,0,0,0,0,1,0,0,0,0,0,0,0,0,0,0,0,1,0,0,0,1,0,1,0,0,0,1,0,0,1,0,0,1,0,0,0,0,1,1,0,1,0,0,1,0,1,0,1,0,1,0,0,0,1,0,1,0,0,0,0,0,0,0,0,0,0,0,0,0,0,0,0,0,0,0,0,0,1,0,0,0,0,0,0,0,0,0,0,0,0,0,0,0,0,0,0,0,0,0,0,0,0,0,0,1,0,0,0,0,0,0,0,0,0,0,0,0,0,1,0,0,0,0,0,1,0,0,1,0,0,1,1,1,0,0,1,0,0,75.0,75.0
20,023,28,1,27,0,1,27,0,3,0,0,5,20,1,0,0,5,22,5,23,0,2,12,14,0,0,0,0,0,0,0,0,0,1,0,0,0,0,0,0,0,0,0,0,27,0,0,0,0,0,0,0,0,0,0,0,0,0,0,0,0,0,0,0,0,0,1,0,0,0,0,0,0,0,0,0,0,27,0,0,0,0,0,0,0,0,0,0,0,0,1,27,0,0,28,0,3,25,0,0,28,0,1,27,0,0,21,7,0,0,0,28,28,0,9,19,1,27,0,28,2,26,0,2,26,0,1,27,0,28,0,0,0,0,0,0,0,0,0,0,0,0,0,0,0,0,0,3,0,0,1,19,0,0,0,0,4,1,0,0,0,0,0,0,0,0,0,0,0,0,0,0,0,0,0,0,0,0,19,0,0,0,0,4,4,1,0,0,1,0,4,0,0,12,0,11,0,0,14,14,1,27,0,7,21,28,24,4,0,21,7,0,31.178571428571427,30.5
20,025,14,0,14,0,0,14,0,0,0,1,9,4,1,0,1,9,3,0,14,0,0,10,4,0,0,0,0,0,0,0,6,0,0,0,0,0,0,0,1,0,0,0,0,7,0,0,0,0,0,0,0,0,0,0,0,0,0,0,0,0,0,0,0,13,0,1,0,0,0,0,0,0,0,0,0,0,0,0,0,0,0,0,0,0,0,0,0,0,0,0,14,0,0,11,3,0,14,0,0,13,1,0,14,0,0,5,9,0,0,0,14,14,0,4,10,0,14,0,14,0,14,0,0,13,1,0,14,0,14,1,1,0,0,1,0,0,0,0,0,0,0,0,0,0,0,0,0,0,0,0,2,0,0,0,0,9,0,0,0,0,0,1,0,0,0,0,0,0,0,0,0,0,0,0,0,0,0,2,0,0,0,0,9,2,0,0,0,1,0,13,0,0,0,0,0,0,0,10,4,0,14,0,9,5,14,5,9,0,5,9,0,19.5,17.0
20,026,3,0,3,0,0,3,0,0,0,0,0,3,0,0,0,0,3,0,3,0,0,3,0,0,0,0,0,0,0,0,0,0,0,0,0,0,0,0,0,0,0,0,0,3,0,0,0,0,0,0,0,0,0,0,0,0,0,0,0,0,0,0,0,0,0,2,0,0,0,0,0,0,0,0,0,0,1,0,0,0,0,0,0,0,0,0,0,0,0,0,3,0,0,3,0,0,3,0,0,3,0,0,3,0,0,3,0,0,0,0,3,3,0,1,2,0,3,0,3,2,1,0,1,2,0,0,3,0,3,0,0,0,0,0,0,0,0,0,1,0,0,0,0,0,0,0,0,0,0,0,2,0,0,0,0,0,0,0,1,0,0,0,0,0,0,0,0,0,0,0,0,0,0,0,0,0,0,2,0,0,0,0,0,0,0,0,0,2,0,1,0,0,0,0,0,0,0,3,0,0,3,0,0,3,3,3,0,0,3,0,0,4.0,1.0
20,028,15,0,15,0,2,13,0,1,0,0,1,13,2,0,0,1,12,6,9,0,0,7,8,0,0,0,0,0,0,0,0,0,0,0,0,0,0,0,0,0,0,0,0,15,0,0,0,0,0,0,0,0,0,0,0,0,0,0,0,0,0,0,0,0,0,0,0,0,0,0,0,0,0,0,0,0,15,0,0,0,0,0,0,0,0,0,0,0,0,0,15,0,0,14,1,7,8,0,0,14,1,1,14,0,1,11,3,0,0,0,15,15,0,4,11,1,14,0,15,1,14,0,4,11,0,1,14,0,15,0,0,0,0,0,0,0,0,0,0,0,0,0,0,0,0,0,1,0,0,2,11,0,0,0,0,0,1,0,0,0,0,0,0,0,0,0,0,0,0,0,0,0,0,0,0,0,0,11,0,0,0,0,0,3,1,0,0,0,0,7,0,0,5,0,3,0,0,7,8,1,14,0,3,12,15,15,0,1,11,3,0,38.46666666666667,25.0
20,030,1,0,1,0,0,1,0,0,0,0,1,0,0,0,0,1,0,0,1,0,0,0,1,0,0,0,0,0,0,0,0,0,0,0,0,0,0,0,0,0,0,0,0,1,0,0,0,0,0,0,0,0,0,0,0,0,0,0,0,0,0,0,0,0,0,0,0,0,0,0,0,0,0,0,0,0,1,0,0,0,0,0,0,0,0,0,0,0,0,0,1,0,0,1,0,0,1,0,0,1,0,0,1,0,0,0,1,0,0,0,1,1,0,0,1,0,1,0,1,0,1,0,0,1,0,0,1,0,1,0,0,0,0,0,0,0,0,0,0,0,0,0,0,0,0,0,0,0,0,0,0,0,0,0,0,1,0,0,0,0,0,0,0,0,0,0,0,0,0,0,0,0,0,0,0,0,0,0,0,0,0,0,1,0,0,0,0,0,0,0,0,0,0,0,1,0,0,0,1,0,1,0,1,0,1,0,1,0,0,1,0,43.0,43.0
20,031,2,0,2,0,0,2,0,0,0,0,1,1,0,0,0,1,1,0,2,0,0,0,2,0,0,0,0,0,0,0,0,0,0,0,0,0,0,0,0,0,0,0,0,2,0,0,0,0,0,0,0,0,0,0,0,0,0,0,0,0,0,0,0,0,0,0,0,0,0,0,0,0,0,0,0,0,2,0,0,0,0,0,0,0,0,0,0,0,0,0,2,0,0,2,0,1,1,0,0,2,0,0,2,0,0,1,1,0,0,0,2,2,0,0,2,0,2,0,2,1,1,0,0,2,0,0,2,0,2,0,0,0,0,0,0,0,0,0,0,0,0,0,0,0,0,0,0,0,0,0,1,0,0,0,0,1,0,0,0,0,0,0,0,0,0,0,0,0,0,0,0,0,0,0,0,0,0,1,0,0,0,0,1,0,0,0,0,0,0,2,0,0,0,0,0,0,0,0,2,0,2,0,1,1,2,1,1,0,1,1,0,4.0,4.0
20,033,9,0,9,0,0,9,0,1,0,0,3,5,2,0,0,3,4,1,8,0,1,3,5,0,0,0,0,0,0,0,0,0,0,0,0,0,0,0,1,0,0,0,0,8,0,0,0,0,0,0,0,0,0,0,0,0,0,0,0,0,0,0,0,0,0,0,0,0,0,0,0,0,0,0,0,0,9,0,0,0,0,0,0,0,0,0,0,0,0,0,9,0,0,9,0,3,6,0,0,9,0,1,8,0,0,5,4,0,0,0,9,9,0,2,7,0,9,0,9,0,9,0,1,8,0,1,8,0,9,0,0,0,0,0,0,0,0,0,0,0,0,0,1,0,2,0,1,0,0,0,2,0,0,0,0,3,0,0,0,0,0,0,0,0,0,0,0,0,0,0,0,0,0,0,0,0,0,2,0,0,0,0,3,4,0,0,0,0,0,2,0,0,3,0,4,0,0,4,5,0,9,0,4,5,9,6,3,0,5,4,0,45.77777777777778,41.0
20,039,58,3,55,0,0,58,0,1,0,7,35,15,2,0,7,35,14,7,51,0,0,27,31,0,0,0,0,0,0,0,1,0,0,0,0,1,0,0,3,0,0,0,0,53,0,0,0,0,0,0,0,0,0,0,0,0,0,0,0,0,0,0,0,0,0,2,0,0,0,0,0,0,0,0,0,0,55,1,0,0,0,0,0,0,0,0,0,0,0,2,56,0,0,58,0,8,50,0,0,58,0,5,53,0,3,23,32,0,0,0,58,58,0,22,36,6,52,0,58,4,54,0,28,22,8,1,57,0,58,0,0,0,0,7,0,0,0,0,0,0,0,0,0,0,2,0,1,0,0,0,13,0,0,0,0,26,9,0,0,0,0,7,0,0,0,0,0,0,0,0,0,0,0,0,0,0,0,13,0,0,0,0,26,3,9,0,0,2,0,47,0,0,6,0,3,0,0,27,31,2,56,0,32,26,58,32,26,3,23,32,0,30.551724137931036,30.5
20,041,4,0,4,0,0,4,0,0,0,0,1,3,0,0,0,1,3,1,3,0,1,1,2,0,0,0,0,0,0,0,0,0,1,0,0,0,0,0,0,0,0,0,0,3,0,0,0,0,0,0,0,0,0,0,0,0,0,0,0,0,0,0,0,0,0,1,0,0,0,0,0,0,0,0,0,0,0,3,0,0,0,0,0,0,0,0,0,0,0,1,3,0,1,3,0,2,2,0,1,3,0,0,4,0,0,4,0,0,0,0,4,4,0,2,2,0,4,0,4,0,4,0,1,3,0,1,3,0,4,0,0,0,0,0,0,0,0,0,0,0,0,0,0,0,0,0,0,0,0,0,3,0,0,0,0,0,1,0,0,0,0,0,0,0,0,0,0,0,0,0,0,0,0,0,0,0,0,3,0,0,0,0,0,0,1,0,0,1,0,2,0,0,0,0,1,0,0,2,2,1,3,0,0,4,4,4,0,0,4,0,0,56.5,60.0
20,042,12,1,11,0,0,12,0,2,0,1,0,9,0,0,1,0,11,1,11,0,0,6,6,0,0,0,0,0,0,0,0,0,0,0,0,0,0,0,0,0,0,0,0,12,0,0,0,0,0,0,0,0,0,0,0,0,0,0,0,0,0,0,0,0,0,0,0,0,0,0,0,0,0,0,0,0,10,0,0,0,0,0,0,0,0,0,2,0,0,0,12,0,4,7,1,2,10,0,4,7,1,2,10,0,0,12,0,0,0,0,12,12,0,5,7,2,10,0,12,0,12,0,1,11,0,0,12,0,12,0,0,0,0,1,0,0,0,0,0,0,0,0,0,0,0,0,2,0,0,0,9,0,0,0,0,0,0,0,0,0,0,1,0,0,0,0,0,0,0,0,0,0,0,0,0,0,0,9,0,0,0,0,0,2,0,0,0,0,0,9,0,0,2,0,1,0,0,6,6,0,12,0,0,12,12,12,0,0,12,0,0,32.5,20.0
20,043,21,1,20,0,2,19,0,0,0,2,1,18,1,0,2,1,17,4,17,0,2,7,12,0,0,0,0,0,0,0,0,0,0,0,0,0,0,0,0,0,0,0,0,21,0,0,0,0,0,0,0,0,0,0,0,0,0,0,0,0,0,0,0,0,0,1,0,0,0,0,0,0,0,0,0,0,19,0,0,0,0,0,0,0,0,0,1,0,0,0,21,0,1,20,0,2,19,0,1,20,0,0,21,0,2,19,0,0,0,0,21,21,0,10,11,0,21,0,21,1,20,0,1,20,0,1,20,0,21,1,0,0,0,2,0,0,0,0,0,0,0,0,1,0,0,0,0,0,0,0,15,0,0,1,0,0,1,0,0,0,0,2,0,0,0,0,0,0,0,0,1,0,0,0,0,0,0,15,0,0,0,0,0,2,1,0,0,1,0,1,0,0,15,0,4,0,0,9,12,1,20,0,0,21,21,21,0,1,20,0,0,30.761904761904763,16.0
20,044,21,0,21,0,2,19,0,0,0,2,2,17,2,0,2,2,15,5,16,0,0,11,10,0,0,0,0,0,0,0,0,0,0,0,0,0,0,0,0,0,0,0,0,17,0,0,0,0,0,0,0,0,0,4,0,0,0,0,0,0,0,0,0,0,0,3,0,0,0,0,0,0,0,0,0,0,14,0,0,0,0,0,0,0,0,0,4,0,0,0,21,0,0,21,0,5,16,0,0,21,0,1,20,0,0,18,3,0,0,0,21,21,0,7,14,1,20,0,21,2,19,0,4,17,0,0,21,0,21,1,0,0,0,2,0,0,0,0,0,0,0,0,0,0,0,0,0,0,0,1,15,0,0,0,0,2,0,0,0,0,0,2,0,0,0,1,0,0,0,0,0,0,0,0,0,0,0,15,0,0,0,0,2,1,0,0,0,3,0,12,0,0,6,0,0,0,0,11,10,0,21,0,3,18,21,19,2,0,18,3,0,25.952380952380953,17.0
20,045,6,0,6,0,1,5,0,1,0,1,0,4,0,0,1,0,5,3,3,0,0,5,1,0,0,0,0,0,0,0,0,0,0,0,0,0,0,0,0,0,0,0,0,6,0,0,0,0,0,0,0,0,0,0,0,0,0,0,0,0,0,0,0,0,0,0,0,0,0,0,0,0,0,0,0,0,6,0,0,0,0,0,0,0,0,0,0,0,0,0,6,0,0,6,0,3,3,0,0,6,0,0,6,0,0,6,0,0,0,0,6,6,0,2,4,1,5,0,6,0,6,0,0,6,0,0,6,0,6,0,0,0,0,1,0,0,0,0,0,0,0,0,0,0,0,0,1,0,0,0,4,0,0,0,0,0,0,0,0,0,0,1,0,0,0,0,0,0,0,0,0,0,0,0,0,0,0,4,0,0,0,0,0,1,0,0,0,0,0,1,0,0,4,0,1,0,0,5,1,0,6,0,0,6,6,6,0,0,6,0,0,45.5,51.0
20,047,1,0,1,0,0,1,0,0,0,0,0,1,0,0,0,0,1,0,1,0,0,0,1,0,0,0,0,0,0,0,0,0,0,0,0,0,0,0,0,0,0,0,0,1,0,0,0,0,0,0,0,0,0,0,0,0,0,0,0,0,0,0,0,0,0,1,0,0,0,0,0,0,0,0,0,0,0,0,0,0,0,0,0,0,0,0,0,0,0,0,1,0,0,1,0,0,1,0,0,1,0,0,1,0,0,1,0,0,0,0,1,1,0,0,1,0,1,0,1,0,1,0,0,1,0,0,1,0,1,0,0,0,0,0,0,0,0,0,0,0,0,0,0,0,0,0,0,0,0,0,1,0,0,0,0,0,0,0,0,0,0,0,0,0,0,0,0,0,0,0,0,0,0,0,0,0,0,1,0,0,0,0,0,0,0,0,0,1,0,0,0,0,0,0,0,0,0,0,1,0,1,0,0,1,1,1,0,0,1,0,0,5.0,5.0
20,048,1,0,1,0,0,1,0,0,0,0,0,1,0,0,0,0,1,0,1,0,0,0,1,0,0,0,0,0,0,0,0,0,0,0,0,0,0,0,0,0,0,0,0,1,0,0,0,0,0,0,0,0,0,0,0,0,0,0,0,0,0,0,0,0,0,0,0,0,0,0,0,0,0,0,0,0,1,0,0,0,0,0,0,0,0,0,0,0,0,0,1,0,0,1,0,0,1,0,1,0,0,0,1,0,0,1,0,0,0,0,1,1,0,0,1,0,1,0,1,0,1,0,0,1,0,0,1,0,1,0,0,0,0,0,0,0,0,0,0,0,0,0,0,0,0,0,0,0,0,0,1,0,0,0,0,0,0,0,0,0,0,0,0,0,0,0,0,0,0,0,0,0,0,0,0,0,0,1,0,0,0,0,0,0,0,0,0,0,0,1,0,0,0,0,0,0,0,0,1,0,1,0,0,1,1,1,0,0,1,0,0,1.0,1.0
20,050,1,0,1,0,0,1,0,0,0,0,0,1,1,0,0,0,0,0,1,0,0,1,0,0,0,0,0,0,0,0,0,0,0,0,0,0,0,0,0,0,0,0,0,1,0,0,0,0,0,0,0,0,0,0,0,0,0,0,0,0,0,0,0,0,0,0,0,0,0,0,0,0,0,0,0,0,1,0,0,0,0,0,0,0,0,0,0,0,0,0,1,0,1,0,0,0,1,0,1,0,0,0,1,0,0,1,0,0,0,0,1,1,0,1,0,1,0,0,1,0,1,0,0,1,0,0,1,0,1,1,0,0,0,0,0,0,0,0,0,0,0,0,0,0,0,0,0,0,0,0,0,0,0,0,0,0,0,0,0,0,0,0,0,0,0,0,0,0,0,0,0,0,0,0,0,0,0,0,0,0,0,0,0,1,0,0,0,0,0,0,0,0,0,1,0,0,0,1,0,0,1,0,0,1,1,1,0,0,1,0,0,62.0,62.0
20,051,2,0,2,0,1,1,0,0,0,0,0,2,1,0,0,0,1,0,2,0,0,0,2,0,0,0,0,0,0,0,0,0,0,0,0,0,0,0,0,0,0,0,0,2,0,0,0,0,0,0,0,0,0,0,0,0,0,0,0,0,0,0,0,0,0,0,0,0,0,0,0,0,0,0,0,0,2,0,0,0,0,0,0,0,0,0,0,0,0,0,2,0,0,2,0,0,2,0,0,2,0,0,2,0,0,2,0,0,0,0,2,2,0,0,2,0,2,0,2,1,1,0,0,2,0,0,2,0,2,1,0,0,0,0,0,0,0,0,0,0,0,0,0,0,0,0,0,0,0,0,1,0,0,0,0,0,0,0,0,0,0,0,0,0,0,0,0,0,0,0,0,0,0,0,0,0,0,1,0,0,0,0,0,1,0,0,0,0,0,2,0,0,0,0,0,0,0,0,2,0,2,0,0,2,2,2,0,0,2,0,0,2.5,2.5
20,055,2,0,2,0,0,2,0,0,0,0,2,0,0,0,0,2,0,0,2,0,0,0,2,0,0,0,0,0,0,0,0,0,0,0,0,0,0,0,0,0,0,0,0,2,0,0,0,0,0,0,0,0,0,0,0,0,0,0,0,0,0,0,0,0,0,0,0,0,0,0,0,0,0,0,0,0,2,0,0,0,0,0,0,0,0,0,0,0,0,0,2,0,0,2,0,0,2,0,0,2,0,0,2,0,0,1,1,0,0,0,2,2,0,1,1,0,2,0,2,0,2,0,2,0,0,0,2,0,2,0,0,0,0,0,0,0,0,0,0,0,0,0,0,0,0,0,0,0,0,0,0,0,0,0,0,1,1,0,0,0,0,0,0,0,0,0,0,0,0,0,0,0,0,0,0,0,0,0,0,0,0,0,1,0,1,0,0,0,0,2,0,0,0,0,0,0,0,0,2,0,2,0,1,1,2,1,1,0,1,1,0,0.0,0.0
20,057,7,0,7,0,0,7,0,0,0,0,1,6,0,0,0,1,6,1,6,0,0,5,2,0,0,0,0,0,0,0,0,0,0,0,0,0,0,0,0,0,0,0,0,7,0,0,0,0,0,0,0,0,0,0,0,0,0,0,0,0,0,0,0,0,0,0,0,0,0,0,0,0,0,0,0,0,7,0,0,0,0,0,0,0,0,0,0,0,0,0,7,0,1,6,0,1,6,0,1,6,0,2,5,0,0,6,1,0,0,0,7,7,0,4,3,1,6,0,7,1,6,0,0,7,0,0,7,0,7,0,0,0,0,0,0,0,0,0,0,0,0,0,0,0,0,0,0,0,0,0,6,0,0,0,0,1,0,0,0,0,0,0,0,0,0,0,0,0,0,0,0,0,0,0,0,0,0,6,0,0,0,0,1,0,0,0,0,0,0,1,0,0,4,0,2,0,0,5,2,0,7,0,1,6,7,6,1,0,6,1,0,55.714285714285715,64.0
20,058,2,0,2,0,0,2,0,0,0,0,1,1,0,0,0,1,1,0,2,0,0,2,0,0,0,0,0,0,0,0,0,0,0,0,0,0,0,0,0,0,0,0,0,2,0,0,0,0,0,0,0,0,0,0,0,0,0,0,0,0,0,0,0,0,0,1,0,0,0,0,0,0,0,0,0,0,0,1,0,0,0,0,0,0,0,0,0,0,0,1,1,0,1,1,0,0,2,0,1,1,0,1,1,0,0,1,1,0,0,0,2,2,0,1,1,1,1,0,2,1,1,0,1,1,0,0,2,0,2,0,0,0,0,0,0,0,0,0,0,0,0,0,0,0,0,0,0,0,0,0,1,0,0,0,0,0,1,0,0,0,0,0,0,0,0,0,0,0,0,0,0,0,0,0,0,0,0,1,0,0,0,0,0,0,1,0,0,1,0,1,0,0,0,0,0,0,0,2,0,0,2,0,1,1,2,2,0,0,1,1,0,64.5,64.5
20,059,20,0,20,0,3,17,0,4,0,0,3,13,1,0,0,3,16,2,18,0,0,12,8,0,0,0,0,0,0,0,0,0,0,0,0,0,0,0,0,0,0,0,0,20,0,0,0,0,0,0,0,0,0,0,0,0,0,0,0,0,0,0,0,0,0,1,0,0,0,0,0,0,0,0,0,0,19,0,0,0,0,0,0,0,0,0,0,0,0,0,20,0,0,19,1,3,17,0,0,19,1,3,17,0,0,16,4,0,0,0,20,20,0,6,14,1,19,0,20,3,17,0,1,19,0,0,20,0,20,0,1,0,0,0,0,0,0,0,0,0,0,0,0,0,1,0,4,0,0,0,11,0,0,0,0,2,1,0,0,0,0,0,0,0,0,0,0,0,0,0,1,0,0,0,0,0,0,11,0,0,0,0,2,5,1,0,0,1,0,4,0,0,9,0,6,0,0,12,8,0,20,0,4,16,20,18,2,0,16,4,0,26.4,17.5
20,063,9,0,9,0,1,8,0,1,0,0,1,7,0,0,0,1,8,2,7,0,0,3,6,0,0,0,0,0,0,0,0,0,0,0,0,0,0,0,0,0,0,0,0,9,0,0,0,0,0,0,0,0,0,0,0,0,0,0,0,0,0,0,0,0,0,0,0,0,0,0,0,0,0,0,0,0,9,0,0,0,0,0,0,0,0,0,0,0,0,0,9,0,0,9,0,4,5,0,2,7,0,4,5,0,1,7,1,0,0,0,9,9,0,6,3,1,8,0,9,5,4,0,0,9,0,2,7,0,9,0,0,0,0,0,0,0,0,0,0,0,0,0,0,0,0,0,1,0,0,0,7,0,0,0,0,1,0,0,0,0,0,0,0,0,0,0,0,0,0,0,0,0,0,0,0,0,0,7,0,0,0,0,1,1,0,0,0,0,0,2,0,0,6,0,1,0,0,3,6,0,9,0,1,8,9,8,1,0,8,1,0,40.888888888888886,32.0
20,064,8,1,7,0,0,8,0,0,0,0,6,2,0,0,0,6,2,0,8,0,0,4,4,0,0,0,0,0,0,0,0,0,0,0,0,0,0,0,0,0,0,0,0,8,0,0,0,0,0,0,0,0,0,0,0,0,0,0,0,0,0,0,0,0,0,0,0,0,0,0,0,0,0,0,0,0,8,0,0,0,0,0,0,0,0,0,0,0,0,0,8,0,0,7,1,0,8,0,0,7,1,1,7,0,0,2,6,0,0,0,8,8,0,0,8,0,8,0,8,1,7,0,0,8,0,0,8,0,8,0,0,0,0,0,0,0,0,0,0,0,0,0,0,0,0,0,0,0,0,0,2,0,0,0,0,6,0,0,0,0,0,0,0,0,0,0,0,0,0,0,0,0,0,0,0,0,0,2,0,0,0,0,6,0,0,0,0,0,0,8,0,0,0,0,0,0,0,4,4,0,8,0,6,2,8,2,6,0,2,6,0,19.0,14.5
20,067,589,19,570,0,27,561,1,47,0,12,191,339,36,0,12,191,350,111,478,0,11,324,254,0,0,1,0,0,0,0,1,0,5,0,0,0,0,0,25,0,0,0,0,552,2,0,0,0,0,0,0,1,0,0,1,0,1,0,0,0,0,0,0,0,0,10,0,0,0,1,0,1,0,0,0,1,573,1,1,0,0,0,0,0,0,0,1,0,0,21,568,0,6,578,5,143,446,0,7,577,5,36,553,0,14,341,234,0,0,0,589,588,1,170,419,34,555,0,589,27,562,0,71,509,9,34,555,0,589,13,1,0,0,12,0,0,0,0,0,0,0,0,2,2,15,0,47,0,0,7,295,0,2,2,0,181,10,1,1,0,0,12,0,0,0,0,0,0,0,0,1,0,0,0,0,0,0,295,0,0,0,0,181,88,10,0,0,7,1,74,0,0,205,0,300,2,0,335,254,22,567,0,234,355,589,408,181,5,350,234,0,42.935483870967744,42.0
20,068,15,0,15,0,1,14,0,0,0,1,1,13,1,0,1,1,12,6,9,0,1,7,7,0,0,0,0,0,0,0,0,0,0,0,0,0,0,0,1,0,0,0,0,14,0,0,0,0,0,0,0,0,0,0,0,0,0,0,0,0,0,0,0,0,0,0,0,0,0,0,0,0,0,0,0,0,14,0,1,0,0,0,0,0,0,0,0,0,0,0,15,0,0,15,0,3,12,0,0,15,0,1,14,0,3,9,3,0,0,0,15,15,0,7,8,0,15,0,15,2,13,0,2,13,0,0,15,0,15,0,0,0,0,1,0,0,0,0,0,0,0,0,0,0,1,0,0,0,0,0,12,0,0,0,0,1,0,0,0,0,0,1,0,0,0,0,0,0,0,0,0,0,0,0,0,0,0,12,0,0,0,0,1,1,0,0,0,1,0,6,0,0,3,0,5,0,0,8,7,0,15,0,3,12,15,14,1,1,11,3,0,33.4,30.0
20,071,1,1,0,0,0,1,0,0,0,0,0,1,1,0,0,0,0,0,1,0,0,1,0,0,0,0,0,1,0,0,0,0,0,0,0,0,0,0,0,0,0,0,0,0,0,0,0,0,0,0,0,0,0,0,0,0,0,0,0,0,0,0,0,0,0,0,0,0,0,0,0,0,0,0,0,0,1,0,0,0,0,0,0,0,0,0,0,0,0,0,1,0,0,1,0,0,1,0,0,1,0,1,0,0,0,1,0,0,0,0,1,1,0,1,0,0,1,0,1,0,1,0,0,1,0,0,1,0,1,0,0,0,0,0,0,0,0,0,0,0,0,0,0,0,1,0,0,0,0,0,0,0,0,0,0,0,0,0,0,0,0,0,0,0,0,0,0,0,0,0,0,0,0,0,0,0,0,0,0,0,0,0,0,1,0,0,0,0,0,0,0,0,0,0,1,0,0,1,0,0,1,0,0,1,1,1,0,0,1,0,0,68.0,68.0
20,072,3,0,3,0,0,3,0,0,0,0,0,3,0,0,0,0,3,0,3,0,0,2,1,0,0,0,0,0,0,0,0,0,0,0,0,0,0,0,0,0,0,0,0,3,0,0,0,0,0,0,0,0,0,0,0,0,0,0,0,0,0,0,0,0,0,0,0,0,0,0,0,0,0,0,0,0,3,0,0,0,0,0,0,0,0,0,0,0,0,0,3,0,0,3,0,0,3,0,0,3,0,1,2,0,0,3,0,0,0,0,3,3,0,1,2,1,2,0,3,1,2,0,1,2,0,0,3,0,3,0,0,0,0,0,0,0,0,0,0,0,0,0,0,0,0,0,0,0,0,0,3,0,0,0,0,0,0,0,0,0,0,0,0,0,0,0,0,0,0,0,0,0,0,0,0,0,0,3,0,0,0,0,0,0,0,0,0,0,0,2,0,0,1,0,0,0,0,2,1,0,3,0,0,3,3,3,0,0,3,0,0,2.6666666666666665,1.0
20,073,9,0,9,0,0,9,0,2,0,0,2,5,0,0,0,2,7,3,6,0,0,7,2,0,0,0,0,0,0,0,0,0,0,0,0,0,0,0,1,0,0,0,0,8,0,0,0,0,0,0,0,0,0,0,0,0,0,0,0,0,0,0,0,0,0,1,0,0,0,0,0,0,0,0,0,0,8,0,0,0,0,0,0,0,0,0,0,0,0,0,9,0,0,9,0,1,8,0,0,9,0,2,7,0,3,4,2,0,0,0,9,9,0,4,5,2,7,0,9,2,7,0,2,7,0,2,7,0,9,0,0,0,0,0,0,0,0,0,0,0,0,0,0,0,0,0,2,0,0,0,5,0,0,0,0,1,1,0,0,0,0,0,0,0,0,0,0,0,0,0,0,0,0,0,0,0,0,5,0,0,0,0,1,2,1,0,0,1,0,1,0,0,0,1,6,0,0,7,2,0,9,0,2,7,9,8,1,1,6,2,0,41.44444444444444,41.0
20,077,2,0,2,0,0,2,0,0,0,0,0,2,0,0,0,0,2,1,1,0,0,1,1,0,0,0,0,0,0,0,0,0,0,0,0,0,0,0,0,0,0,0,0,2,0,0,0,0,0,0,0,0,0,0,0,0,0,0,0,0,0,0,0,0,0,0,0,0,0,0,0,0,0,0,0,0,2,0,0,0,0,0,0,0,0,0,0,0,0,0,2,0,0,2,0,1,1,0,0,2,0,0,2,0,0,2,0,0,0,0,2,2,0,0,2,0,2,0,2,0,2,0,0,2,0,1,1,0,2,0,0,0,0,0,0,0,0,0,0,0,0,0,1,0,0,0,0,0,0,0,1,0,0,0,0,0,0,0,0,0,0,0,0,0,0,0,0,0,0,0,0,0,0,0,0,0,0,1,0,0,0,0,0,1,0,0,0,0,0,0,0,0,2,0,0,0,0,1,1,0,2,0,0,2,2,2,0,0,2,0,0,54.0,54.0
20,079,46,2,44,0,2,44,0,2,0,5,1,38,6,0,5,1,34,11,35,0,1,28,17,0,0,0,0,0,0,0,0,0,0,0,0,0,0,0,0,0,0,0,0,46,0,0,0,0,0,0,0,0,0,0,0,0,0,0,0,0,0,0,0,0,0,1,0,0,0,0,0,0,0,0,0,0,45,0,0,0,0,0,0,0,0,0,0,0,0,1,45,0,0,46,0,11,35,0,1,45,0,2,44,0,6,39,1,0,0,0,46,46,0,14,32,6,40,0,46,0,46,0,0,46,0,1,45,0,46,5,0,0,0,5,0,0,0,0,0,0,0,0,1,0,0,0,2,0,1,1,30,0,0,0,0,1,0,0,0,0,0,5,0,0,0,0,0,0,0,0,0,0,0,0,0,0,0,30,0,0,0,0,1,10,0,0,0,0,0,1,0,0,42,0,2,1,0,29,17,2,44,0,1,45,46,45,1,1,44,1,0,27.152173913043477,9.0
20,080,1,0,1,0,0,1,0,0,0,0,0,1,0,0,0,0,1,0,1,0,0,1,0,0,0,0,0,0,0,0,0,0,0,0,0,0,0,0,0,0,0,0,0,1,0,0,0,0,0,0,0,0,0,0,0,0,0,0,0,0,0,0,0,0,0,0,0,0,0,0,0,0,0,0,0,0,1,0,0,0,0,0,0,0,0,0,0,0,0,0,1,0,0,1,0,0,1,0,0,1,0,0,1,0,0,0,1,0,0,0,1,1,0,0,1,0,1,0,1,0,1,0,0,1,0,0,1,0,1,0,0,0,0,0,0,0,0,0,0,0,0,0,0,0,0,0,0,0,0,0,1,0,0,0,0,0,0,0,0,0,0,0,0,0,0,0,0,0,0,0,0,0,0,0,0,0,0,1,0,0,0,0,0,0,0,0,0,0,0,1,0,0,0,0,0,0,0,1,0,0,1,0,1,0,1,1,0,0,0,1,0,3.0,3.0
20,083,13,0,13,0,0,13,0,1,0,1,4,7,0,0,1,4,8,2,11,0,0,4,9,0,0,0,0,0,0,0,0,0,0,0,0,0,0,0,1,0,0,0,0,12,0,0,0,0,0,0,0,0,0,0,0,0,0,0,0,0,0,0,0,0,0,0,0,0,0,0,0,0,0,0,0,0,13,0,0,0,0,0,0,0,0,0,0,0,0,0,13,0,1,12,0,3,10,0,2,11,0,3,10,0,0,9,4,0,0,0,13,13,0,2,11,0,13,0,13,3,10,0,0,13,0,1,12,0,13,0,0,0,0,1,0,0,0,0,0,0,0,0,0,0,0,0,1,0,0,0,7,0,0,0,0,3,1,0,0,0,0,1,0,0,0,0,0,0,0,0,0,0,0,0,0,0,0,7,0,0,0,0,3,1,1,0,0,0,0,2,0,0,5,0,6,0,0,4,9,0,13,0,4,9,13,10,3,0,9,4,0,40.38461538461539,51.0
20,084,7,0,7,0,0,7,0,1,0,0,4,2,0,0,0,4,3,1,6,0,0,4,3,0,0,0,0,0,0,0,0,0,0,0,0,0,0,0,0,0,0,0,0,7,0,0,0,0,0,0,0,0,0,0,0,0,0,0,0,0,0,0,0,0,0,0,0,0,0,0,0,0,0,0,0,0,7,0,0,0,0,0,0,0,0,0,0,0,0,0,7,0,0,7,0,1,6,0,0,7,0,0,7,0,0,2,5,0,0,0,7,7,0,1,6,0,7,0,7,0,7,0,1,6,0,1,6,0,7,0,0,0,0,0,0,0,0,0,0,0,0,0,0,0,0,0,1,0,0,0,2,0,0,0,0,4,0,0,0,0,0,0,0,0,0,0,0,0,0,0,0,0,0,0,0,0,0,2,0,0,0,0,4,1,0,0,0,0,0,0,0,0,1,0,6,0,0,4,3,0,7,0,5,2,7,3,4,0,2,5,0,44.42857142857143,41.0
20,085,6,0,6,0,0,6,0,0,0,0,1,5,0,0,0,1,5,0,6,0,0,3,3,0,0,0,0,0,0,0,0,0,0,0,0,0,0,0,0,0,0,0,0,6,0,0,0,0,0,0,0,0,0,0,0,0,0,0,0,0,0,0,0,0,0,0,0,0,0,0,0,0,0,0,0,0,6,0,0,0,0,0,0,0,0,0,0,0,0,0,6,0,0,6,0,0,6,0,0,6,0,3,3,0,0,6,0,0,0,0,6,6,0,1,5,0,6,0,6,2,4,0,2,4,0,0,6,0,6,0,0,0,0,0,0,0,0,0,0,0,0,0,0,0,0,0,0,0,0,0,5,0,0,0,0,1,0,0,0,0,0,0,0,0,0,0,0,0,0,0,0,0,0,0,0,0,0,5,0,0,0,0,1,0,0,0,0,0,0,6,0,0,0,0,0,0,0,3,3,0,6,0,0,6,6,5,1,0,6,0,0,8.0,9.0
20,087,2,0,2,0,0,2,0,0,0,0,1,1,0,0,0,1,1,0,2,0,0,2,0,0,0,0,0,0,0,0,0,0,0,0,0,0,0,0,0,0,0,0,0,2,0,0,0,0,0,0,0,0,0,0,0,0,0,0,0,0,0,0,0,0,0,0,0,0,0,0,0,0,0,0,0,0,2,0,0,0,0,0,0,0,0,0,0,0,0,0,2,0,0,2,0,0,2,0,0,2,0,0,2,0,0,2,0,0,0,0,2,2,0,0,2,0,2,0,2,0,2,0,0,2,0,0,2,0,2,0,0,0,0,0,0,0,0,0,0,0,0,0,0,0,0,0,0,0,0,0,1,0,0,0,0,0,1,0,0,0,0,0,0,0,0,0,0,0,0,0,0,0,0,0,0,0,0,1,0,0,0,0,0,0,1,0,0,0,0,0,0,0,0,0,2,0,0,2,0,0,2,0,0,2,2,2,0,0,2,0,0,44.0,44.0
20,088,1,0,1,0,0,1,0,0,0,0,0,1,0,0,0,0,1,0,1,0,0,0,1,0,0,0,0,0,0,0,0,0,0,0,0,0,0,0,0,0,0,0,0,1,0,0,0,0,0,0,0,0,0,0,0,0,0,0,0,0,0,0,0,0,0,0,0,0,0,0,0,0,0,0,0,0,1,0,0,0,0,0,0,0,0,0,0,0,0,0,1,0,0,1,0,0,1,0,0,1,0,0,1,0,0,1,0,0,0,0,1,1,0,1,0,0,1,0,1,0,1,0,0,1,0,0,1,0,1,0,0,0,0,0,0,0,0,0,0,0,0,0,0,0,0,0,0,0,0,0,1,0,0,0,0,0,0,0,0,0,0,0,0,0,0,0,0,0,0,0,0,0,0,0,0,0,0,1,0,0,0,0,0,0,0,0,0,0,0,0,0,0,0,0,1,0,0,0,1,0,1,0,0,1,1,1,0,0,1,0,0,73.0,73.0
20,089,4,0,4,0,0,4,0,0,0,1,1,2,0,0,1,1,2,0,4,0,0,2,2,0,0,0,0,0,0,0,0,0,0,0,0,0,0,0,0,0,0,0,0,4,0,0,0,0,0,0,0,0,0,0,0,0,0,0,0,0,0,0,0,0,0,0,0,0,0,0,0,0,0,0,0,0,4,0,0,0,0,0,0,0,0,0,0,0,0,0,4,0,0,4,0,2,2,0,2,2,0,1,3,0,0,3,1,0,0,0,4,4,0,2,2,0,4,0,4,1,3,0,1,3,0,0,4,0,4,0,0,0,0,1,0,0,0,0,0,0,0,0,0,0,0,0,0,0,0,0,2,0,0,0,0,1,0,0,0,0,0,1,0,0,0,0,0,0,0,0,0,0,0,0,0,0,0,2,0,0,0,0,1,0,0,0,0,0,0,4,0,0,0,0,0,0,0,2,2,0,4,0,1,3,4,3,1,0,3,1,0,51.5,48.0
20,091,6,0,6,0,0,6,0,1,0,0,1,4,0,0,0,1,5,0,6,0,0,5,1,0,0,0,0,0,0,0,0,0,0,0,0,0,0,0,0,0,0,0,0,6,0,0,0,0,0,0,0,0,0,0,0,0,0,0,0,0,0,0,0,0,0,0,0,0,0,0,0,0,0,0,0,0,6,0,0,0,0,0,0,0,0,0,0,0,0,0,6,0,0,6,0,0,6,0,0,6,0,1,5,0,0,2,4,0,0,0,6,6,0,1,5,0,6,0,6,1,5,0,1,5,0,0,6,0,6,0,0,0,0,0,0,0,0,0,0,0,0,0,0,0,0,0,1,0,0,0,4,0,0,0,0,1,0,0,0,0,0,0,0,0,0,0,0,0,0,0,0,0,0,0,0,0,0,4,0,0,0,0,1,1,0,0,0,0,0,1,0,0,2,0,3,0,0,5,1,0,6,0,4,2,6,5,1,0,2,4,0,45.833333333333336,42.5
20,092,1,0,1,0,1,0,0,0,0,0,0,1,0,0,0,0,1,1,0,0,0,1,0,0,0,0,0,0,0,0,0,0,0,0,0,0,0,0,0,0,0,0,0,1,0,0,0,0,0,0,0,0,0,0,0,0,0,0,0,0,0,0,0,0,0,0,0,0,0,0,0,0,0,0,0,0,1,0,0,0,0,0,0,0,0,0,0,0,0,0,1,0,0,1,0,1,0,0,0,1,0,0,1,0,0,1,0,0,0,0,1,1,0,1,0,1,0,0,1,0,1,0,0,1,0,0,1,0,1,0,0,0,0,0,0,0,0,0,0,0,0,0,0,0,0,0,0,0,0,0,1,0,0,0,0,0,0,0,0,0,0,0,0,0,0,0,0,0,0,0,0,0,0,0,0,0,0,1,0,0,0,0,0,0,0,0,0,0,0,0,0,0,1,0,0,0,0,1,0,0,1,0,0,1,1,1,0,0,1,0,0,63.0,63.0
20,094,1,0,1,0,0,1,0,1,0,0,0,0,0,0,0,0,1,0,1,0,0,1,0,0,0,0,0,0,0,0,0,0,0,0,0,0,0,0,0,0,0,0,0,1,0,0,0,0,0,0,0,0,0,0,0,0,0,0,0,0,0,0,0,0,0,0,0,0,0,0,0,0,0,0,0,0,1,0,0,0,0,0,0,0,0,0,0,0,0,0,1,0,0,1,0,0,1,0,0,1,0,0,1,0,0,1,0,0,0,0,1,1,0,1,0,0,1,0,1,1,0,0,1,0,0,0,1,0,1,0,0,0,0,0,0,0,0,0,0,0,0,0,0,0,0,0,1,0,0,0,0,0,0,0,0,0,0,0,0,0,0,0,0,0,0,0,0,0,0,0,0,0,0,0,0,0,0,0,0,0,0,0,0,1,0,0,0,0,0,1,0,0,0,0,0,0,0,1,0,0,1,0,0,1,1,1,0,0,1,0,0,1.0,1.0
20,095,1,0,1,0,0,1,0,0,0,0,0,1,0,0,0,0,1,0,1,0,0,1,0,0,0,0,0,0,0,0,0,0,0,0,0,0,0,0,0,0,0,0,0,1,0,0,0,0,0,0,0,0,0,0,0,0,0,0,0,0,0,0,0,0,0,0,0,0,0,0,0,0,0,0,0,0,0,0,0,0,0,0,0,0,0,1,0,0,0,0,1,0,1,0,0,0,1,0,1,0,0,0,1,0,0,1,0,0,0,0,1,1,0,1,0,0,1,0,1,0,1,0,0,0,1,0,1,0,1,0,0,0,0,0,0,0,0,0,0,0,0,0,0,0,0,0,0,0,0,0,1,0,0,0,0,0,0,0,0,0,0,0,0,0,0,0,0,0,0,0,0,0,0,0,0,0,0,1,0,0,0,0,0,0,0,0,0,0,0,1,0,0,0,0,0,0,0,1,0,0,1,0,0,1,1,1,0,0,1,0,0,65.0,65.0
20,102,8,0,8,0,0,8,0,0,0,0,2,6,0,0,0,2,6,1,7,0,0,5,3,0,0,0,0,0,0,0,0,0,0,0,0,0,0,0,0,0,0,0,0,8,0,0,0,0,0,0,0,0,0,0,0,0,0,0,0,0,0,0,0,0,0,0,0,0,0,0,0,0,0,0,0,0,8,0,0,0,0,0,0,0,0,0,0,0,0,0,8,0,0,8,0,1,7,0,0,8,0,0,8,0,0,6,2,0,0,0,8,8,0,3,5,1,7,0,8,0,8,0,0,8,0,1,7,0,8,0,0,0,0,0,0,0,0,0,0,0,0,0,0,0,0,0,0,0,0,0,6,0,0,0,0,1,1,0,0,0,0,0,0,0,0,0,0,0,0,0,0,0,0,0,0,0,0,6,0,0,0,0,1,0,1,0,0,0,0,1,0,0,3,0,4,0,0,5,3,1,7,0,2,6,8,7,1,0,6,2,0,47.625,42.0
20,103,2,1,1,0,0,2,0,0,0,0,0,2,0,0,0,0,2,1,1,0,0,2,0,0,0,0,0,0,0,0,0,0,0,0,0,0,0,0,0,0,0,0,0,2,0,0,0,0,0,0,0,0,0,0,0,0,0,0,0,0,0,0,0,0,0,0,0,0,0,0,0,0,0,0,0,0,2,0,0,0,0,0,0,0,0,0,0,0,0,0,2,0,0,2,0,0,2,0,0,2,0,0,2,0,1,1,0,0,0,0,2,2,0,1,1,0,2,0,2,0,2,0,0,2,0,0,2,0,2,0,0,0,0,0,0,0,0,0,0,0,0,0,0,0,0,0,0,0,0,0,2,0,0,0,0,0,0,0,0,0,0,0,0,0,0,0,0,0,0,0,0,0,0,0,0,0,0,2,0,0,0,0,0,0,0,0,0,0,0,1,0,0,1,0,0,0,0,2,0,0,2,0,0,2,2,2,0,0,2,0,0,21.5,21.5
20,105,3,0,3,0,0,3,0,0,0,1,0,2,0,0,1,0,2,0,3,0,0,2,1,0,0,0,0,0,0,0,0,0,0,0,0,0,0,0,0,0,0,0,0,3,0,0,0,0,0,0,0,0,0,0,0,0,0,0,0,0,0,0,0,0,0,0,0,0,0,0,0,0,0,0,0,0,3,0,0,0,0,0,0,0,0,0,0,0,0,0,3,0,1,2,0,0,3,0,2,1,0,0,3,0,0,3,0,0,0,0,3,3,0,3,0,0,3,0,3,0,3,0,0,3,0,0,3,0,3,0,0,0,0,1,0,0,0,0,0,0,0,0,0,0,0,0,0,0,0,0,2,0,0,0,0,0,0,0,0,0,0,1,0,0,0,0,0,0,0,0,0,0,0,0,0,0,0,2,0,0,0,0,0,0,0,0,0,0,0,1,0,0,0,2,0,0,0,2,1,0,3,0,0,3,3,3,0,0,3,0,0,1.0,1.0
20,106,1,0,1,0,0,1,0,0,0,0,1,0,0,0,0,1,0,0,1,0,0,0,1,0,0,0,0,0,0,0,0,0,0,0,0,0,0,0,0,0,0,0,0,1,0,0,0,0,0,0,0,0,0,0,0,0,0,0,0,0,0,0,0,0,0,0,0,0,0,0,0,0,0,0,0,0,1,0,0,0,0,0,0,0,0,0,0,0,0,0,1,0,0,1,0,0,1,0,0,1,0,0,1,0,0,0,1,0,0,0,1,1,0,0,1,0,1,0,1,0,1,0,0,1,0,0,1,0,1,0,0,0,0,0,0,0,0,0,0,0,0,0,0,0,0,0,0,0,0,0,0,0,0,0,0,1,0,0,0,0,0,0,0,0,0,0,0,0,0,0,0,0,0,0,0,0,0,0,0,0,0,0,1,0,0,0,0,0,0,0,0,0,0,0,1,0,0,0,1,0,1,0,1,0,1,0,1,0,0,1,0,27.0,27.0
20,107,29,1,28,0,1,28,0,6,0,1,2,20,2,0,1,2,24,3,26,0,0,11,18,0,0,0,0,0,0,0,0,0,0,0,0,0,0,0,0,0,0,0,0,29,0,0,0,0,0,0,0,0,0,0,0,0,0,0,0,0,0,0,0,0,0,1,0,0,0,0,0,0,0,0,0,0,28,0,0,0,0,0,0,0,0,0,0,0,0,2,27,0,0,29,0,5,24,0,1,28,0,1,28,0,1,20,8,0,0,0,29,29,0,7,22,0,29,0,29,5,24,0,3,25,1,2,27,0,29,1,1,0,0,1,0,0,0,0,1,0,0,0,0,0,1,0,6,0,0,0,16,0,0,0,0,2,0,0,0,0,0,1,0,0,0,0,0,0,0,0,0,0,0,0,0,0,0,16,0,0,0,0,2,10,0,0,0,1,0,9,0,0,10,0,9,0,0,11,18,1,28,0,8,21,29,27,2,0,21,8,0,24.20689655172414,24.0
20,110,1,0,1,0,0,1,0,0,0,0,0,1,0,0,0,0,1,0,1,0,0,1,0,0,0,0,0,0,0,0,0,0,0,0,0,0,0,0,0,0,0,0,0,1,0,0,0,0,0,0,0,0,0,0,0,0,0,0,0,0,0,0,0,0,0,0,0,0,0,0,0,0,0,0,0,0,1,0,0,0,0,0,0,0,0,0,0,0,0,0,1,0,0,1,0,0,1,0,0,1,0,0,1,0,0,1,0,0,0,0,1,1,0,0,1,0,1,0,1,0,1,0,0,1,0,0,1,0,1,0,0,0,0,0,0,0,0,0,0,0,0,0,0,0,0,0,0,0,0,0,1,0,0,0,0,0,0,0,0,0,0,0,0,0,0,0,0,0,0,0,0,0,0,0,0,0,0,1,0,0,0,0,0,0,0,0,0,0,0,0,0,0,0,1,0,0,0,1,0,0,1,0,0,1,1,1,0,0,1,0,0,1.0,1.0
20,111,1,0,1,0,0,1,0,0,0,0,0,1,0,0,0,0,1,0,1,0,0,1,0,0,0,0,0,0,0,0,0,0,0,0,0,0,0,0,0,0,0,0,0,1,0,0,0,0,0,0,0,0,0,0,0,0,0,0,0,0,0,0,0,0,0,0,0,0,0,0,0,0,0,0,0,0,1,0,0,0,0,0,0,0,0,0,0,0,0,0,1,0,0,1,0,0,1,0,0,1,0,0,1,0,0,1,0,0,0,0,1,1,0,0,1,0,1,0,1,0,1,0,0,1,0,0,1,0,1,0,0,0,0,0,0,0,0,0,0,0,0,0,0,0,0,0,0,0,0,0,1,0,0,0,0,0,0,0,0,0,0,0,0,0,0,0,0,0,0,0,0,0,0,0,0,0,0,1,0,0,0,0,0,0,0,0,0,0,0,1,0,0,0,0,0,0,0,1,0,0,1,0,0,1,1,1,0,0,1,0,0,5.0,5.0
20,112,2,0,2,0,0,2,0,0,0,0,0,2,0,0,0,0,2,0,2,0,1,0,1,0,0,0,0,0,0,0,0,0,0,0,0,0,0,0,0,0,0,0,0,2,0,0,0,0,0,0,0,0,0,0,0,0,0,0,0,0,0,0,0,0,0,0,0,0,0,0,0,0,0,0,0,0,2,0,0,0,0,0,0,0,0,0,0,0,0,0,2,0,0,2,0,0,2,0,0,2,0,0,2,0,0,1,1,0,0,0,2,2,0,1,1,0,2,0,2,0,2,0,0,2,0,0,2,0,2,0,0,0,0,0,0,0,0,0,0,0,0,0,0,0,0,0,0,0,0,0,2,0,0,0,0,0,0,0,0,0,0,0,0,0,0,0,0,0,0,0,0,0,0,0,0,0,0,2,0,0,0,0,0,0,0,0,0,0,0,1,0,0,0,0,1,0,0,1,1,0,2,0,1,1,2,2,0,0,1,1,0,17.5,17.5
20,115,20,3,17,0,0,20,0,3,0,0,8,9,2,0,0,8,10,4,16,0,0,15,5,0,0,0,0,0,0,0,0,0,0,0,0,0,0,0,0,0,0,0,0,19,0,0,0,0,0,0,0,0,0,1,0,0,0,0,0,0,0,0,0,0,0,0,0,0,0,0,0,0,0,0,0,0,19,0,1,0,0,0,0,0,0,0,0,0,0,2,18,0,0,20,0,5,15,0,0,20,0,0,20,0,1,6,13,0,0,0,20,20,0,2,18,1,19,0,20,2,18,0,1,19,0,0,20,0,20,0,0,0,0,0,0,0,0,0,0,0,0,0,0,0,1,0,3,0,0,1,7,0,0,0,0,7,1,0,0,0,0,0,0,0,0,0,0,0,0,0,0,0,0,0,0,0,0,7,0,0,0,0,7,5,1,0,0,1,0,3,0,0,5,0,11,0,0,15,5,0,20,0,13,7,20,13,7,1,6,13,0,43.15,48.0
20,117,1,0,1,0,0,1,0,0,0,0,0,1,0,0,0,0,1,0,1,0,0,0,1,0,0,0,0,0,0,0,0,0,0,0,0,0,0,0,0,0,0,0,0,1,0,0,0,0,0,0,0,0,0,0,0,0,0,0,0,0,0,0,0,0,0,0,0,0,0,0,0,0,0,0,0,0,1,0,0,0,0,0,0,0,0,0,0,0,0,0,1,0,0,1,0,0,1,0,0,1,0,0,1,0,0,1,0,0,0,0,1,1,0,0,1,0,1,0,1,0,1,0,1,0,0,0,1,0,1,0,0,0,0,0,0,0,0,0,0,0,0,0,0,0,0,0,0,0,0,0,1,0,0,0,0,0,0,0,0,0,0,0,0,0,0,0,0,0,0,0,0,0,0,0,0,0,0,1,0,0,0,0,0,0,0,0,0,0,0,1,0,0,0,0,0,0,0,0,1,0,1,0,0,1,1,1,0,0,1,0,0,1.0,1.0
20,123,1,0,1,0,0,1,0,0,0,0,0,1,0,0,0,0,1,0,1,0,0,1,0,0,0,0,0,0,0,0,0,0,0,0,0,0,0,0,0,0,0,0,0,1,0,0,0,0,0,0,0,0,0,0,0,0,0,0,0,0,0,0,0,0,0,0,0,0,0,0,0,0,0,0,0,0,1,0,0,0,0,0,0,0,0,0,0,0,0,0,1,0,0,1,0,0,1,0,0,1,0,0,1,0,0,1,0,0,0,0,1,1,0,0,1,1,0,0,1,0,1,0,0,1,0,0,1,0,1,0,0,0,0,0,0,0,0,0,0,0,0,0,0,0,0,0,0,0,0,0,1,0,0,0,0,0,0,0,0,0,0,0,0,0,0,0,0,0,0,0,0,0,0,0,0,0,0,1,0,0,0,0,0,0,0,0,0,0,0,1,0,0,0,0,0,0,0,1,0,0,1,0,0,1,1,1,0,0,1,0,0,72.0,72.0
20,124,4,1,3,0,0,4,0,0,0,0,0,4,1,0,0,0,3,0,4,0,0,3,1,0,0,0,0,0,0,0,0,0,0,0,0,0,0,0,0,0,0,0,0,4,0,0,0,0,0,0,0,0,0,0,0,0,0,0,0,0,0,0,0,0,0,0,0,0,0,0,0,0,0,0,0,0,4,0,0,0,0,0,0,0,0,0,0,0,0,0,4,0,0,4,0,0,4,0,0,4,0,1,3,0,0,3,1,0,0,0,4,4,0,0,4,0,4,0,4,1,3,0,1,3,0,0,4,0,4,1,0,0,0,0,0,0,0,0,0,0,0,0,1,0,0,0,0,0,0,0,2,0,0,0,0,0,0,0,0,0,0,0,0,0,0,0,0,0,0,0,0,0,0,0,0,0,0,2,0,0,0,0,0,2,0,0,0,0,0,2,0,0,2,0,0,0,0,3,1,0,4,0,1,3,4,4,0,0,3,1,0,7.75,8.5
20,125,2,0,2,0,0,2,0,0,0,0,0,2,0,0,0,0,2,0,2,0,0,0,2,0,0,0,0,0,0,0,0,0,0,0,0,0,0,0,0,0,0,0,0,2,0,0,0,0,0,0,0,0,0,0,0,0,0,0,0,0,0,0,0,0,0,0,0,0,0,0,0,0,0,0,0,0,2,0,0,0,0,0,0,0,0,0,0,0,0,0,2,0,0,2,0,0,2,0,0,2,0,1,1,0,0,2,0,0,0,0,2,2,0,0,2,0,2,0,2,1,1,0,0,2,0,0,2,0,2,0,0,0,0,0,0,0,0,0,0,0,0,0,0,0,0,0,0,0,0,0,2,0,0,0,0,0,0,0,0,0,0,0,0,0,0,0,0,0,0,0,0,0,0,0,0,0,0,2,0,0,0,0,0,0,0,0,0,0,0,2,0,0,0,0,0,0,0,0,2,0,2,0,0,2,2,2,0,0,2,0,0,9.0,9.0
20,126,1,0,1,0,0,1,0,0,0,0,0,1,0,0,0,0,1,0,1,0,0,1,0,0,0,0,0,0,0,0,0,0,0,0,0,0,0,0,0,0,0,0,0,1,0,0,0,0,0,0,0,0,0,0,0,0,0,0,0,0,0,0,0,0,0,0,0,0,0,0,0,0,0,0,0,0,1,0,0,0,0,0,0,0,0,0,0,0,0,0,1,0,0,1,0,0,1,0,0,1,0,0,1,0,0,1,0,0,0,0,1,1,0,0,1,0,1,0,1,0,0,1,0,1,0,0,1,0,1,0,0,0,0,0,0,0,0,0,0,0,0,0,0,0,0,0,0,0,0,0,1,0,0,0,0,0,0,0,0,0,0,0,0,0,0,0,0,0,0,0,0,0,0,0,0,0,0,1,0,0,0,0,0,0,0,0,0,0,0,1,0,0,0,0,0,0,0,1,0,0,1,0,0,1,1,1,0,0,1,0,0,5.0,5.0
20,131,4,0,4,0,0,4,0,0,0,1,0,3,0,0,1,0,3,1,3,0,1,0,3,0,0,0,0,0,0,0,0,0,0,0,0,0,0,0,1,0,0,0,0,3,0,0,0,0,0,0,0,0,0,0,0,0,0,0,0,0,0,0,0,0,0,1,0,0,0,0,0,0,0,0,0,0,3,0,0,0,0,0,0,0,0,0,0,0,0,0,4,0,0,4,0,0,4,0,0,4,0,0,4,0,1,3,0,0,0,0,4,4,0,1,3,0,4,0,4,1,3,0,0,4,0,0,4,0,4,0,0,0,0,1,0,0,0,0,0,0,0,0,1,0,0,0,0,0,0,0,2,0,0,0,0,0,0,0,0,0,0,1,0,0,0,0,0,0,0,0,0,0,0,0,0,0,0,2,0,0,0,0,0,1,0,0,0,1,0,2,0,0,0,0,1,0,0,1,3,0,4,0,0,4,4,4,0,0,4,0,0,15.5,13.0
20,134,18,0,18,0,1,17,0,1,0,7,4,6,0,0,7,4,7,3,15,0,2,6,10,0,0,0,0,0,0,0,0,0,0,0,0,0,0,0,2,0,0,0,0,16,0,0,0,0,0,0,0,0,0,0,0,0,0,0,0,0,0,0,0,0,0,0,0,0,0,0,0,0,0,0,0,0,18,0,0,0,0,0,0,0,0,0,0,0,0,0,18,0,11,7,0,2,16,0,12,6,0,1,17,0,1,15,2,0,0,0,18,18,0,8,10,0,18,0,18,0,18,0,3,14,1,0,18,0,18,0,0,0,0,7,0,0,0,0,0,0,0,0,0,0,0,0,1,0,0,0,6,0,0,0,0,2,2,0,0,0,0,7,0,0,0,0,0,0,0,0,0,0,0,0,0,0,0,6,0,0,0,0,2,1,2,0,0,0,0,18,0,0,0,0,0,0,0,8,10,0,18,0,2,16,18,16,2,0,16,2,0,19.166666666666668,4.5
20,135,7,0,7,0,1,6,0,1,0,0,0,6,1,0,0,0,6,2,5,0,0,6,1,0,0,0,0,0,0,0,0,0,0,0,0,0,0,0,0,0,0,0,0,7,0,0,0,0,0,0,0,0,0,0,0,0,0,0,0,0,0,0,0,0,0,0,0,0,0,0,0,0,0,0,0,0,7,0,0,0,0,0,0,0,0,0,0,0,0,2,5,0,0,7,0,3,4,0,0,7,0,0,7,0,0,7,0,0,0,0,7,7,0,5,2,0,7,0,7,0,7,0,0,7,0,1,6,0,7,0,0,0,0,0,0,0,0,0,0,0,0,0,1,0,1,0,1,0,0,0,4,0,0,0,0,0,0,0,0,0,0,0,0,0,0,0,0,0,0,0,0,0,0,0,0,0,0,4,0,0,0,0,0,3,0,0,0,0,0,3,0,0,4,0,0,0,0,6,1,0,7,0,0,7,7,7,0,0,7,0,0,50.0,48.0
20,136,8,0,8,0,0,8,0,0,0,2,2,4,0,0,2,2,4,1,7,0,0,2,6,0,0,0,0,0,0,0,0,0,1,0,0,0,0,0,0,0,0,0,0,6,0,0,0,0,0,0,0,0,0,1,0,0,0,0,0,0,0,0,0,0,0,1,0,0,0,0,0,0,0,0,0,0,7,0,0,0,0,0,0,0,0,0,0,0,0,0,8,0,5,3,0,1,7,0,6,2,0,1,7,0,0,8,0,0,0,0,8,8,0,4,4,0,8,0,8,1,7,0,2,6,0,0,8,0,8,0,0,0,0,2,0,0,0,0,0,0,0,0,0,0,0,0,0,0,0,0,4,0,0,0,0,1,1,0,0,0,0,2,0,0,0,0,0,0,0,0,0,0,0,0,0,0,0,4,0,0,0,0,1,0,1,0,0,1,0,7,0,0,0,0,0,0,0,2,6,0,8,0,0,8,8,7,1,0,8,0,0,18.375,10.0
20,144,1,0,1,0,0,1,0,0,0,0,0,1,1,0,0,0,0,0,1,0,0,0,1,0,0,0,0,0,0,0,0,0,0,0,0,0,0,0,0,0,0,0,0,1,0,0,0,0,0,0,0,0,0,0,0,0,0,0,0,0,0,0,0,0,0,0,0,0,0,0,0,0,0,0,0,0,1,0,0,0,0,0,0,0,0,0,0,0,0,0,1,0,0,1,0,0,1,0,0,1,0,0,1,0,0,1,0,0,0,0,1,1,0,1,0,0,1,0,1,0,1,0,0,1,0,0,1,0,1,0,0,0,1,0,0,0,0,0,0,0,0,0,0,0,0,0,0,0,0,0,0,0,0,0,0,0,0,0,0,0,0,0,0,0,0,0,0,0,0,0,0,0,0,0,0,0,0,0,0,0,0,0,0,1,0,0,0,0,0,0,0,0,0,0,1,0,0,0,1,0,1,0,0,1,1,1,0,0,1,0,0,3.0,3.0
20,145,6,0,6,0,0,6,0,0,0,0,4,2,0,0,0,4,2,0,6,0,0,4,2,0,0,0,0,0,0,0,0,0,0,0,0,0,0,0,0,0,0,0,0,6,0,0,0,0,0,0,0,0,0,0,0,0,0,0,0,0,0,0,0,0,0,0,0,0,0,0,0,0,0,0,0,0,6,0,0,0,0,0,0,0,0,0,0,0,0,0,6,0,0,6,0,1,5,0,0,6,0,0,6,0,0,2,4,0,0,0,6,6,0,1,5,0,6,0,6,0,6,0,2,4,0,0,6,0,6,0,0,0,0,0,0,0,0,0,0,0,0,0,0,0,0,0,0,0,0,0,2,0,0,0,0,4,0,0,0,0,0,0,0,0,0,0,0,0,0,0,0,0,0,0,0,0,0,2,0,0,0,0,4,0,0,0,0,0,0,0,0,0,1,0,5,0,0,4,2,0,6,0,4,2,6,2,4,0,2,4,0,47.5,50.5
20,148,1,0,1,0,0,1,0,0,0,0,0,1,0,0,0,0,1,0,1,0,0,1,0,0,0,0,0,0,0,0,0,0,0,0,0,0,0,0,0,0,0,0,0,1,0,0,0,0,0,0,0,0,0,0,0,0,0,0,0,0,0,0,0,0,0,0,0,0,0,0,0,0,0,0,0,0,1,0,0,0,0,0,0,0,0,0,0,0,0,0,1,0,0,1,0,0,1,0,0,1,0,1,0,0,0,1,0,0,0,0,1,1,0,0,1,0,1,0,1,1,0,0,0,1,0,0,1,0,1,0,0,0,0,0,0,0,0,0,0,0,0,0,0,0,0,0,0,0,0,0,1,0,0,0,0,0,0,0,0,0,0,0,0,0,0,0,0,0,0,0,0,0,0,0,0,0,0,1,0,0,0,0,0,0,0,0,0,0,0,1,0,0,0,0,0,0,0,1,0,0,1,0,0,1,1,1,0,0,1,0,0,4.0,4.0
20,150,12,1,11,0,0,12,0,2,0,0,4,6,1,0,0,4,7,4,8,0,2,5,5,0,0,0,0,0,0,0,0,0,0,0,0,0,0,0,2,0,0,0,0,10,0,0,0,0,0,0,0,0,0,0,0,0,0,0,0,0,0,0,0,0,0,0,0,0,0,0,0,0,0,0,0,0,12,0,0,0,0,0,0,0,0,0,0,0,0,1,11,0,0,11,1,3,9,0,0,11,1,0,12,0,0,5,7,0,0,0,12,12,0,3,9,0,12,0,12,0,12,0,2,10,0,1,11,0,12,0,0,0,0,0,0,0,0,0,0,0,0,0,0,0,0,0,2,0,0,1,5,0,0,0,0,4,0,0,0,0,0,0,0,0,0,0,0,0,0,0,0,0,0,0,0,0,0,5,0,0,0,0,4,3,0,0,0,0,0,2,0,0,2,0,8,0,0,7,5,2,10,0,7,5,12,8,4,0,5,7,0,43.416666666666664,42.5
20,151,1,0,1,0,0,1,0,0,0,0,0,1,0,0,0,0,1,1,0,0,0,1,0,0,0,0,0,0,0,0,0,0,0,0,0,0,0,0,0,0,0,0,0,1,0,0,0,0,0,0,0,0,0,0,0,0,0,0,0,0,0,0,0,0,0,1,0,0,0,0,0,0,0,0,0,0,0,0,0,0,0,0,0,0,0,0,0,0,0,0,1,0,0,1,0,1,0,0,0,1,0,0,1,0,0,1,0,0,0,0,1,1,0,0,1,0,1,0,1,0,1,0,0,1,0,0,1,0,1,0,0,0,0,0,0,0,0,0,0,0,0,0,1,0,0,0,0,0,0,0,0,0,0,0,0,0,0,0,0,0,0,0,0,0,0,0,0,0,0,0,0,0,0,0,0,0,0,0,0,0,0,0,0,1,0,0,0,1,0,0,0,0,0,0,0,0,0,1,0,0,1,0,0,1,1,1,0,0,1,0,0,67.0,67.0
20,156,3,0,3,0,0,3,0,0,0,0,0,3,0,0,0,0,3,0,3,0,0,2,1,0,0,0,0,0,0,0,0,0,0,0,0,0,0,0,0,0,0,0,0,3,0,0,0,0,0,0,0,0,0,0,0,0,0,0,0,0,0,0,0,0,0,0,0,0,0,0,0,0,0,0,0,0,3,0,0,0,0,0,0,0,0,0,0,0,0,0,3,0,0,3,0,0,3,0,0,3,0,0,3,0,0,3,0,0,0,0,3,3,0,0,3,0,3,0,3,0,3,0,1,2,0,0,3,0,3,0,0,0,0,0,0,0,0,0,0,0,0,0,0,0,0,0,0,0,0,0,3,0,0,0,0,0,0,0,0,0,0,0,0,0,0,0,0,0,0,0,0,0,0,0,0,0,0,3,0,0,0,0,0,0,0,0,0,0,0,2,0,0,0,0,1,0,0,2,1,0,3,0,0,3,3,3,0,0,3,0,0,26.0,7.0
20,157,23,3,20,0,2,21,0,6,0,1,6,10,0,0,1,6,16,5,18,0,2,14,7,0,0,0,0,0,0,0,0,0,1,0,0,1,0,0,1,0,0,0,0,20,0,0,0,0,0,0,0,0,0,0,0,0,0,0,0,0,0,0,0,0,0,0,0,0,0,0,0,0,0,0,0,0,23,0,0,0,0,0,0,0,0,0,0,0,0,0,23,0,0,23,0,5,18,0,1,22,0,2,21,0,2,12,9,0,0,0,23,23,0,7,16,1,22,0,23,3,20,0,1,21,1,0,23,0,23,0,0,0,0,1,0,0,0,0,0,0,0,0,0,0,0,0,6,0,0,0,10,0,0,0,0,4,2,0,0,0,0,1,0,0,0,0,0,0,0,0,0,0,0,0,0,0,0,10,0,0,0,0,4,6,2,0,0,0,0,2,0,0,10,0,11,0,0,16,7,1,22,0,9,14,23,19,4,0,14,9,0,44.30434782608695,42.0
20,158,3,0,3,0,0,3,0,1,0,0,0,2,1,0,0,0,2,0,3,0,0,2,1,0,0,0,0,0,0,0,0,0,0,0,0,0,0,0,2,0,0,0,0,1,0,0,0,0,0,0,0,0,0,0,0,0,0,0,0,0,0,0,0,0,0,0,0,0,0,0,0,0,0,0,0,0,3,0,0,0,0,0,0,0,0,0,0,0,0,0,3,0,0,3,0,0,3,0,0,3,0,1,2,0,0,1,2,0,0,0,3,3,0,0,3,0,3,0,3,1,2,0,0,3,0,0,3,0,3,0,0,0,0,0,0,0,0,0,0,0,0,0,0,0,0,0,1,0,0,1,1,0,0,0,0,0,0,0,0,0,0,0,0,0,0,0,0,0,0,0,0,0,0,0,0,0,0,1,0,0,0,0,0,2,0,0,0,0,0,1,0,0,0,0,2,0,0,2,1,0,3,0,2,1,3,3,0,0,1,2,0,22.0,30.0
20,161,1,0,1,0,0,1,0,0,0,0,0,1,0,0,0,0,1,0,1,0,0,0,1,0,0,0,0,0,0,0,0,0,0,0,0,0,0,0,0,0,0,0,0,1,0,0,0,0,0,0,0,0,0,0,0,0,0,0,0,0,0,0,0,0,0,0,0,0,0,0,0,0,0,0,0,0,1,0,0,0,0,0,0,0,0,0,0,0,0,0,1,0,0,1,0,1,0,0,0,1,0,0,1,0,0,1,0,0,0,0,1,1,0,0,1,0,1,0,1,0,1,0,1,0,0,0,1,0,1,0,0,0,0,0,0,0,0,0,0,0,0,0,0,0,0,0,0,0,0,0,1,0,0,0,0,0,0,0,0,0,0,0,0,0,0,0,0,0,0,0,0,0,0,0,0,0,0,1,0,0,0,0,0,0,0,0,0,0,0,0,0,0,0,0,1,0,0,0,1,1,0,0,0,1,1,1,0,0,1,0,0,82.0,82.0
20,162,1,0,1,0,0,1,0,0,0,0,0,1,0,0,0,0,1,0,1,0,0,1,0,0,0,0,0,0,0,0,0,0,0,0,0,0,0,0,0,0,0,0,0,1,0,0,0,0,0,0,0,0,0,0,0,0,0,0,0,0,0,0,0,0,0,0,0,0,0,0,0,0,0,0,0,0,1,0,0,0,0,0,0,0,0,0,0,0,0,0,1,0,0,1,0,0,1,0,0,1,0,0,1,0,0,1,0,0,0,0,1,1,0,1,0,0,1,0,1,1,0,0,0,1,0,0,1,0,1,0,0,0,0,0,0,0,0,0,0,0,0,0,0,0,0,0,0,0,0,0,1,0,0,0,0,0,0,0,0,0,0,0,0,0,0,0,0,0,0,0,0,0,0,0,0,0,0,1,0,0,0,0,0,0,0,0,0,0,0,1,0,0,0,0,0,0,0,1,0,0,1,0,0,1,1,1,0,0,1,0,0,3.0,3.0
20,165,1,0,1,0,0,1,0,0,0,0,1,0,0,0,0,1,0,1,0,0,0,0,1,0,0,0,0,0,0,0,0,0,0,0,0,0,0,0,0,0,0,0,0,1,0,0,0,0,0,0,0,0,0,0,0,0,0,0,0,0,0,0,0,0,0,0,0,0,0,0,0,0,0,0,0,0,1,0,0,0,0,0,0,0,0,0,0,0,0,0,1,0,0,1,0,0,1,0,0,1,0,1,0,0,0,1,0,0,0,0,1,1,0,1,0,0,1,0,1,0,1,0,0,0,1,0,1,0,1,0,0,0,0,0,0,0,0,0,0,0,0,0,0,0,0,0,0,0,0,0,0,0,0,0,0,0,1,0,0,0,0,0,0,0,0,0,0,0,0,0,0,0,0,0,0,0,0,0,0,0,0,0,0,0,1,0,0,0,0,1,0,0,0,0,0,0,0,0,1,0,1,0,0,1,1,1,0,0,1,0,0,45.0,45.0
20,166,8,0,8,0,0,8,0,0,0,3,0,5,2,0,3,0,3,1,7,0,1,3,4,0,0,0,0,0,0,0,0,0,0,0,0,0,0,0,1,0,0,0,0,7,0,0,0,0,0,0,0,0,0,0,0,0,0,0,0,0,0,0,0,0,0,0,0,0,0,0,0,0,0,0,0,0,8,0,0,0,0,0,0,0,0,0,0,0,0,0,8,0,1,7,0,0,8,0,1,7,0,0,8,0,0,8,0,0,0,0,8,8,0,2,6,0,8,0,8,0,8,0,1,7,0,0,8,0,8,1,0,0,0,3,0,0,0,0,0,0,0,0,0,0,0,0,0,0,0,1,3,0,0,0,0,0,0,0,0,0,0,3,0,0,0,0,0,0,0,0,0,0,0,0,0,0,0,3,0,0,0,0,0,2,0,0,0,0,0,7,0,0,1,0,0,0,0,4,4,0,8,0,0,8,8,8,0,1,7,0,0,25.125,15.5
20,174,5,0,5,0,1,4,0,0,0,0,1,4,1,0,0,1,3,1,4,0,1,1,3,0,0,0,0,0,0,0,0,0,0,0,0,0,0,0,0,0,0,0,0,4,0,0,0,0,0,0,0,0,0,1,0,0,0,0,0,0,0,0,0,0,0,0,0,0,0,0,0,0,0,0,0,0,5,0,0,0,0,0,0,0,0,0,0,0,0,0,5,0,0,5,0,2,3,0,0,5,0,0,5,0,2,1,2,0,0,0,5,5,0,2,3,0,5,0,5,0,5,0,1,4,0,0,5,0,5,0,0,0,0,0,0,0,0,0,0,0,0,0,0,0,1,0,0,0,0,0,3,0,0,0,0,1,0,0,0,0,0,0,0,0,0,0,0,0,0,0,0,0,0,0,0,0,0,3,0,0,0,0,1,1,0,0,0,0,0,0,0,0,1,0,4,0,0,2,3,0,5,0,2,3,5,4,1,0,3,2,0,49.4,44.0
20,175,1,0,1,0,0,1,0,0,0,0,0,1,0,0,0,0,1,0,1,0,0,0,1,0,0,0,0,0,0,0,0,0,0,0,0,0,0,0,0,0,0,0,0,1,0,0,0,0,0,0,0,0,0,0,0,0,0,0,0,0,0,0,0,0,0,1,0,0,0,0,0,0,0,0,0,0,0,0,0,0,0,0,0,0,0,0,0,0,0,0,1,0,0,1,0,0,1,0,0,1,0,0,1,0,0,1,0,0,0,0,1,1,0,0,1,0,1,0,1,0,1,0,0,1,0,0,1,0,1,0,1,0,0,0,0,0,0,0,0,0,0,0,0,0,0,0,0,0,0,0,0,0,0,0,0,0,0,0,0,0,0,0,0,0,0,0,0,0,0,0,0,0,0,0,0,0,0,0,0,0,0,0,0,1,0,0,0,1,0,0,0,0,0,0,0,0,0,0,1,0,1,0,0,1,1,1,0,0,1,0,0,35.0,35.0
20,177,3,0,3,0,0,3,0,0,0,0,1,2,0,0,0,1,2,0,3,0,0,0,3,0,0,0,0,0,0,0,0,0,0,0,0,0,0,0,0,0,0,0,0,3,0,0,0,0,0,0,0,0,0,0,0,0,0,0,0,0,0,0,0,0,0,0,0,0,0,0,0,0,0,0,0,0,3,0,0,0,0,0,0,0,0,0,0,0,0,1,2,0,0,3,0,0,3,0,0,3,0,0,3,0,0,2,1,0,0,0,3,3,0,0,3,0,3,0,3,0,3,0,1,2,0,0,3,0,3,0,0,0,0,0,0,0,0,0,0,0,0,0,0,0,0,0,0,0,0,0,2,0,0,0,0,1,0,0,0,0,0,0,0,0,0,0,0,0,0,0,0,0,0,0,0,0,0,2,0,0,0,0,1,0,0,0,0,0,0,2,0,0,1,0,0,0,0,0,3,0,3,0,1,2,3,2,1,0,2,1,0,34.666666666666664,10.0
20,178,4,0,4,0,0,4,0,0,0,0,0,4,0,0,0,0,4,0,4,0,0,3,1,0,0,0,0,0,0,0,0,0,0,0,0,0,0,0,0,0,0,0,0,4,0,0,0,0,0,0,0,0,0,0,0,0,0,0,0,0,0,0,0,0,0,0,0,0,0,0,0,0,0,0,0,0,4,0,0,0,0,0,0,0,0,0,0,0,0,0,4,0,0,4,0,0,4,0,0,4,0,0,4,0,0,4,0,0,0,0,4,4,0,0,4,0,4,0,4,0,4,0,1,3,0,0,4,0,4,0,0,0,0,0,0,0,0,0,0,0,0,0,0,0,0,0,0,0,0,0,4,0,0,0,0,0,0,0,0,0,0,0,0,0,0,0,0,0,0,0,0,0,0,0,0,0,0,4,0,0,0,0,0,0,0,0,0,0,0,1,0,0,2,0,1,0,0,3,1,0,4,0,0,4,4,4,0,0,4,0,0,30.0,17.5
20,180,1,0,1,0,0,1,0,0,0,0,0,1,0,0,0,0,1,0,1,0,0,1,0,0,0,0,0,0,0,0,0,0,0,0,0,1,0,0,0,0,0,0,0,0,0,0,0,0,0,0,0,0,0,0,0,0,0,0,0,0,0,0,0,0,0,0,0,0,1,0,0,0,0,0,0,0,0,0,0,0,0,0,0,0,0,0,0,0,0,0,1,0,0,1,0,0,1,0,0,1,0,0,1,0,0,1,0,0,0,0,1,1,0,1,0,0,1,0,1,0,1,0,1,0,0,0,1,0,1,0,0,0,0,0,0,0,0,0,0,0,0,0,0,0,0,0,0,0,0,0,1,0,0,0,0,0,0,0,0,0,0,0,0,0,0,0,0,0,0,0,0,0,0,0,0,0,0,1,0,0,0,0,0,0,0,0,0,0,0,1,0,0,0,0,0,0,0,1,0,0,1,0,0,1,1,1,0,0,1,0,0,60.0,60.0
20,182,1,0,1,0,0,1,0,0,0,0,1,0,0,0,0,1,0,1,0,0,0,1,0,0,0,0,0,0,0,0,0,0,0,0,0,0,0,0,0,0,0,0,0,1,0,0,0,0,0,0,0,0,0,0,0,0,0,0,0,0,0,0,0,0,0,0,0,0,0,0,0,0,0,0,0,0,1,0,0,0,0,0,0,0,0,0,0,0,0,0,1,0,0,1,0,1,0,0,0,1,0,0,1,0,0,1,0,0,0,0,1,1,0,0,1,0,1,0,1,0,1,0,0,1,0,0,1,0,1,0,0,0,0,0,0,0,0,0,0,0,0,0,0,0,0,0,0,0,0,0,0,0,0,0,0,1,0,0,0,0,0,0,0,0,0,0,0,0,0,0,0,0,0,0,0,0,0,0,0,0,0,0,1,0,0,0,0,0,0,1,0,0,0,0,0,0,0,1,0,0,1,0,0,1,1,0,1,0,1,0,0,61.0,61.0
20,184,202,4,198,0,12,190,0,3,1,44,43,111,16,1,44,43,98,46,156,0,6,107,89,0,0,0,0,0,0,0,0,0,1,0,0,0,0,0,4,1,0,0,0,183,0,0,0,0,0,0,0,0,0,13,0,0,0,0,0,0,0,0,0,0,0,0,0,0,0,0,0,1,0,0,0,0,187,0,0,0,0,0,0,0,0,0,14,0,0,10,192,0,17,183,2,36,166,0,22,178,2,3,199,0,9,143,50,0,0,0,202,202,0,88,114,27,175,0,202,2,200,0,38,161,3,10,192,0,202,16,0,0,0,44,0,0,0,0,0,0,0,0,0,0,0,0,3,0,0,0,95,1,0,0,0,41,2,0,0,0,0,44,0,0,0,0,0,0,0,0,0,0,0,0,0,0,0,95,1,0,0,0,41,19,2,0,0,0,0,145,0,0,41,0,16,0,0,113,89,7,195,0,50,152,202,161,41,1,151,50,0,34.14356435643565,29.0
20,185,1,0,1,0,0,1,0,0,0,0,0,1,0,0,0,0,1,0,1,0,0,0,1,0,0,0,0,0,0,0,0,0,0,0,0,0,0,0,0,0,0,0,0,1,0,0,0,0,0,0,0,0,0,0,0,0,0,0,0,0,0,0,0,0,0,1,0,0,0,0,0,0,0,0,0,0,0,0,0,0,0,0,0,0,0,0,0,0,0,0,1,0,0,1,0,0,1,0,0,1,0,0,1,0,0,1,0,0,0,0,1,1,0,0,1,0,1,0,1,1,0,0,0,1,0,0,1,0,1,0,0,0,0,0,0,0,0,0,0,0,0,0,1,0,0,0,0,0,0,0,0,0,0,0,0,0,0,0,0,0,0,0,0,0,0,0,0,0,0,0,0,0,0,0,0,0,0,0,0,0,0,0,0,1,0,0,0,1,0,0,0,0,0,0,0,0,0,0,1,0,1,0,0,1,1,1,0,0,1,0,0,24.0,24.0
20,188,2,0,2,0,0,2,0,1,0,0,0,1,0,0,0,0,2,1,1,0,0,2,0,0,0,0,0,0,0,0,0,0,0,0,0,0,0,0,0,0,0,0,0,2,0,0,0,0,0,0,0,0,0,0,0,0,0,0,0,0,0,0,0,0,0,0,0,0,0,0,2,0,0,0,0,0,0,0,0,0,0,0,0,0,0,0,0,0,0,0,2,0,2,0,0,0,2,0,2,0,0,0,2,0,0,2,0,0,0,0,2,2,0,1,1,0,2,0,2,0,1,1,0,2,0,0,2,0,2,0,0,0,0,0,0,0,0,0,0,0,0,0,0,0,0,0,1,0,0,0,1,0,0,0,0,0,0,0,0,0,0,0,0,0,0,0,0,0,0,0,0,0,0,0,0,0,0,1,0,0,0,0,0,1,0,0,0,2,0,0,0,0,0,0,0,0,0,2,0,0,2,0,0,2,2,2,0,1,1,0,0,10.0,10.0
20,190,4,0,4,0,0,4,0,0,0,1,0,3,0,0,1,0,3,0,4,0,0,1,3,0,0,0,0,0,0,0,0,0,0,0,0,0,0,0,0,0,0,0,0,4,0,0,0,0,0,0,0,0,0,0,0,0,0,0,0,0,0,0,0,0,0,0,0,0,0,0,0,0,0,0,0,0,4,0,0,0,0,0,0,0,0,0,0,0,0,0,4,0,1,3,0,0,4,0,2,2,0,0,4,0,0,4,0,0,0,0,4,4,0,2,2,0,4,0,4,0,4,0,1,3,0,0,4,0,4,0,0,0,0,1,0,0,0,0,0,0,0,0,0,0,0,0,0,0,0,0,3,0,0,0,0,0,0,0,0,0,0,1,0,0,0,0,0,0,0,0,0,0,0,0,0,0,0,3,0,0,0,0,0,0,0,0,0,0,0,4,0,0,0,0,0,0,0,1,3,0,4,0,0,4,4,4,0,0,4,0,0,2.25,1.5
20,192,3,0,3,0,0,3,0,0,0,0,1,2,0,0,0,1,2,0,3,0,0,2,1,0,0,0,0,0,0,0,0,0,0,0,0,0,0,0,0,0,0,0,0,3,0,0,0,0,0,0,0,0,0,0,0,0,0,0,0,0,0,0,0,0,0,0,0,0,0,0,0,0,0,0,0,0,3,0,0,0,0,0,0,0,0,0,0,0,0,0,3,0,0,3,0,0,3,0,0,3,0,0,3,0,0,1,2,0,0,0,3,3,0,0,3,0,3,0,3,0,3,0,0,3,0,0,3,0,3,0,0,0,0,0,0,0,0,0,0,0,0,0,0,0,0,0,0,0,0,0,2,0,0,0,0,1,0,0,0,0,0,0,0,0,0,0,0,0,0,0,0,0,0,0,0,0,0,2,0,0,0,0,1,0,0,0,0,0,0,0,0,0,1,0,2,0,0,2,1,0,3,0,2,1,3,2,1,0,1,2,0,42.666666666666664,43.0
20,193,3,0,3,0,0,3,0,0,0,0,0,3,0,0,0,0,3,0,3,0,0,0,3,0,0,0,0,0,0,0,0,0,0,0,0,0,0,0,0,0,0,0,0,3,0,0,0,0,0,0,0,0,0,0,0,0,0,0,0,0,0,0,0,0,0,0,0,0,0,0,0,0,0,0,0,0,3,0,0,0,0,0,0,0,0,0,0,0,0,0,3,0,0,3,0,0,3,0,0,3,0,0,3,0,1,2,0,0,0,0,3,3,0,2,1,0,3,0,3,1,2,0,1,1,1,0,3,0,3,0,0,0,0,0,0,0,0,0,0,0,0,0,0,0,0,0,0,0,0,0,3,0,0,0,0,0,0,0,0,0,0,0,0,0,0,0,0,0,0,0,0,0,0,0,0,0,0,3,0,0,0,0,0,0,0,0,0,0,0,1,0,0,1,0,1,0,0,0,3,0,3,0,0,3,3,3,0,0,3,0,0,17.333333333333332,4.0
20,198,1,0,1,0,0,1,0,1,0,0,0,0,0,0,0,0,1,1,0,0,0,0,1,0,0,0,0,0,0,0,0,0,0,0,0,0,0,0,0,1,0,0,0,0,0,0,0,0,0,0,0,0,0,0,0,0,0,0,0,0,0,0,0,0,0,1,0,0,0,0,0,0,0,0,0,0,0,0,0,0,0,0,0,0,0,0,0,0,0,0,1,0,0,1,0,1,0,0,0,1,0,0,1,0,0,0,1,0,0,0,1,1,0,0,1,0,1,0,1,1,0,0,0,1,0,0,1,0,1,0,0,0,0,0,0,0,0,0,0,0,0,0,0,0,0,0,1,0,0,0,0,0,0,0,0,0,0,0,0,0,0,0,0,0,0,0,0,0,0,0,0,0,0,0,0,0,0,0,0,0,0,0,0,1,0,0,0,1,0,0,0,0,0,0,0,0,0,0,1,0,1,0,1,0,1,1,0,0,0,1,0,69.0,69.0
20,200,2,0,2,0,0,2,0,0,0,0,0,2,0,0,0,0,2,1,1,0,0,1,1,0,0,0,0,0,0,0,0,0,0,0,0,0,0,0,0,0,0,0,0,2,0,0,0,0,0,0,0,0,0,0,0,0,0,0,0,0,0,0,0,0,0,0,0,0,0,0,0,0,0,0,0,0,2,0,0,0,0,0,0,0,0,0,0,0,0,0,2,0,0,2,0,1,1,0,0,2,0,1,1,0,0,2,0,0,0,0,2,2,0,2,0,0,2,0,2,0,2,0,1,1,0,0,2,0,2,0,0,0,0,0,0,0,0,0,0,0,0,0,0,0,0,0,0,0,0,0,2,0,0,0,0,0,0,0,0,0,0,0,0,0,0,0,0,0,0,0,0,0,0,0,0,0,0,2,0,0,0,0,0,0,0,0,0,0,0,1,0,0,0,0,1,0,0,1,1,0,2,0,0,2,2,2,0,0,2,0,0,46.5,46.5
20,203,1,0,1,0,0,1,0,0,0,0,1,0,0,0,0,1,0,0,1,0,0,0,1,0,0,0,0,0,0,0,0,0,0,0,0,0,0,0,0,0,0,0,0,1,0,0,0,0,0,0,0,0,0,0,0,0,0,0,0,0,0,0,0,0,0,0,0,0,0,0,0,0,0,0,0,0,1,0,0,0,0,0,0,0,0,0,0,0,0,0,1,0,0,1,0,0,1,0,0,1,0,0,1,0,0,1,0,0,0,0,1,1,0,1,0,0,1,0,1,0,1,0,1,0,0,0,1,0,1,0,0,0,0,0,0,0,0,0,0,0,0,0,0,0,0,0,0,0,0,0,0,0,0,0,0,1,0,0,0,0,0,0,0,0,0,0,0,0,0,0,0,0,0,0,0,0,0,0,0,0,0,0,1,0,0,0,0,0,0,1,0,0,0,0,0,0,0,0,1,0,1,0,0,1,1,0,1,0,1,0,0,1.0,1.0
20,205,4,0,4,0,0,4,0,0,0,1,0,3,0,0,1,0,3,0,4,0,0,1,3,0,0,0,0,0,0,0,0,0,0,0,0,0,0,0,0,0,0,0,0,4,0,0,0,0,0,0,0,0,0,0,0,0,0,0,0,0,0,0,0,0,0,3,0,0,0,0,0,0,0,0,0,0,1,0,0,0,0,0,0,0,0,0,0,0,0,0,4,0,0,4,0,0,4,0,1,3,0,1,3,0,0,4,0,0,0,0,4,4,0,0,4,0,4,0,4,2,2,0,0,4,0,0,4,0,4,0,0,0,0,1,0,0,0,0,0,0,0,0,0,0,0,0,0,0,0,0,3,0,0,0,0,0,0,0,0,0,0,1,0,0,0,0,0,0,0,0,0,0,0,0,0,0,0,3,0,0,0,0,0,0,0,0,0,3,0,1,0,0,0,0,0,0,0,1,3,0,4,0,0,4,4,4,0,0,4,0,0,15.25,12.0
20,207,2,0,2,0,0,2,0,0,0,0,0,2,0,0,0,0,2,0,2,0,0,2,0,0,0,0,0,0,0,0,0,0,0,0,0,0,0,0,0,0,0,0,0,2,0,0,0,0,0,0,0,0,0,0,0,0,0,0,0,0,0,0,0,0,0,1,0,0,0,0,0,0,0,0,0,0,1,0,0,0,0,0,0,0,0,0,0,0,0,0,2,0,0,2,0,0,2,0,0,2,0,0,2,0,0,2,0,0,0,0,2,2,0,1,1,0,2,0,2,1,1,0,0,2,0,0,2,0,2,0,0,1,0,0,0,0,0,0,0,0,0,0,0,0,0,0,0,0,0,0,1,0,0,0,0,0,0,0,0,0,0,0,0,0,0,0,0,0,0,0,0,0,0,0,0,0,0,1,0,0,0,0,0,1,0,0,0,1,0,1,0,0,0,0,0,0,0,2,0,0,2,0,0,2,2,2,0,0,2,0,0,1.0,1.0
20,212,1,0,1,0,0,1,0,0,0,0,0,1,1,0,0,0,0,0,1,0,0,1,0,0,0,0,0,0,0,0,0,0,0,0,0,0,0,0,0,0,0,0,0,1,0,0,0,0,0,0,0,0,0,0,0,0,0,0,0,0,0,0,0,0,0,0,0,0,0,0,0,0,0,0,0,0,1,0,0,0,0,0,0,0,0,0,0,0,0,0,1,0,1,0,0,0,1,0,1,0,0,0,1,0,0,1,0,0,0,0,1,1,0,0,1,0,1,0,1,0,1,0,1,0,0,0,1,0,1,1,0,0,0,0,0,0,0,0,0,0,0,0,0,0,0,0,0,0,0,0,0,0,0,0,0,0,0,0,0,0,0,0,0,0,0,0,0,0,0,0,0,0,0,0,0,0,0,0,0,0,0,0,0,1,0,0,0,0,0,1,0,0,0,0,0,0,0,1,0,0,1,0,0,1,1,1,0,0,1,0,0,62.0,62.0
20,213,1,0,1,0,0,1,0,0,0,0,0,1,0,0,0,0,1,0,1,0,0,1,0,0,0,0,0,0,0,0,0,0,0,0,0,0,0,0,0,0,0,0,0,1,0,0,0,0,0,0,0,0,0,0,0,0,0,0,0,0,0,0,0,0,0,0,0,0,0,0,0,0,0,0,0,0,1,0,0,0,0,0,0,0,0,0,0,0,0,0,1,0,0,1,0,0,1,0,0,1,0,0,1,0,0,1,0,0,0,0,1,1,0,0,1,0,1,0,1,0,1,0,0,1,0,0,1,0,1,0,0,0,0,0,0,0,0,0,0,0,0,0,0,0,0,0,0,0,0,0,1,0,0,0,0,0,0,0,0,0,0,0,0,0,0,0,0,0,0,0,0,0,0,0,0,0,0,1,0,0,0,0,0,0,0,0,0,0,0,1,0,0,0,0,0,0,0,1,0,0,1,0,0,1,1,1,0,0,1,0,0,0.0,0.0
20,217,1,0,1,0,0,1,0,0,0,0,0,1,0,0,0,0,1,0,1,0,0,1,0,0,0,0,0,0,0,0,0,0,0,0,0,0,0,0,0,0,0,0,0,1,0,0,0,0,0,0,0,0,0,0,0,0,0,0,0,0,0,0,0,0,0,0,0,0,0,0,0,0,0,0,0,0,1,0,0,0,0,0,0,0,0,0,0,0,0,0,1,0,0,1,0,0,1,0,0,1,0,0,1,0,1,0,0,0,0,0,1,1,0,1,0,0,1,0,1,0,1,0,0,1,0,0,1,0,1,0,0,0,0,0,0,0,0,0,0,0,0,0,0,0,0,0,0,0,0,0,1,0,0,0,0,0,0,0,0,0,0,0,0,0,0,0,0,0,0,0,0,0,0,0,0,0,0,1,0,0,0,0,0,0,0,0,0,0,0,1,0,0,0,0,0,0,0,1,0,0,1,0,0,1,1,1,0,0,1,0,0,0.0,0.0
20,219,1,0,1,0,0,1,0,0,0,0,0,1,0,0,0,0,1,1,0,0,0,1,0,0,0,0,0,0,0,0,0,0,0,0,0,0,0,0,0,0,0,0,0,1,0,0,0,0,0,0,0,0,0,0,0,0,0,0,0,0,0,0,0,0,0,0,0,0,0,0,0,0,0,0,0,0,1,0,0,0,0,0,0,0,0,0,0,0,0,0,1,0,0,1,0,0,1,0,0,1,0,0,1,0,0,1,0,0,0,0,1,1,0,0,1,0,1,0,1,0,1,0,0,1,0,1,0,0,1,0,0,0,0,0,0,0,0,0,0,0,0,0,0,0,0,0,0,0,0,0,1,0,0,0,0,0,0,0,0,0,0,0,0,0,0,0,0,0,0,0,0,0,0,0,0,0,0,1,0,0,0,0,0,0,0,0,0,0,0,0,0,0,1,0,0,0,0,1,0,0,1,0,0,1,1,1,0,0,1,0,0,38.0,38.0
20,225,1,1,0,0,0,1,0,0,0,0,0,1,0,0,0,0,1,0,1,0,0,0,1,0,0,0,0,0,0,0,0,0,0,0,0,0,0,0,0,0,0,0,0,1,0,0,0,0,0,0,0,0,0,0,0,0,0,0,0,0,0,0,0,0,0,0,0,0,0,0,0,0,0,0,0,0,0,1,0,0,0,0,0,0,0,0,0,0,0,0,1,0,0,1,0,0,1,0,0,1,0,0,1,0,0,1,0,0,0,0,1,1,0,0,1,0,1,0,1,0,1,0,0,1,0,0,1,0,1,0,0,0,0,0,0,0,0,0,0,0,0,0,0,0,0,0,0,0,0,0,1,0,0,0,0,0,0,0,0,0,0,0,0,0,0,0,0,0,0,0,0,0,0,0,0,0,0,1,0,0,0,0,0,0,0,0,0,0,0,1,0,0,0,0,0,0,0,0,1,0,1,0,0,1,1,1,0,0,1,0,0,22.0,22.0
20,226,1,0,1,0,0,1,0,0,0,0,0,1,0,0,0,0,1,0,1,0,0,0,1,0,0,0,0,0,0,0,0,0,0,0,0,0,0,0,0,0,0,0,0,1,0,0,0,0,0,0,0,0,0,0,0,0,0,0,0,0,0,0,0,0,0,0,0,0,0,0,0,0,0,0,0,0,1,0,0,0,0,0,0,0,0,0,0,0,0,0,1,0,0,1,0,0,1,0,1,0,0,0,1,0,0,1,0,0,0,0,1,1,0,0,1,0,1,0,1,1,0,0,0,1,0,0,1,0,1,0,0,0,0,0,0,0,0,0,0,0,0,0,0,0,0,0,0,0,0,0,1,0,0,0,0,0,0,0,0,0,0,0,0,0,0,0,0,0,0,0,0,0,0,0,0,0,0,1,0,0,0,0,0,0,0,0,0,0,0,1,0,0,0,0,0,0,0,0,1,0,1,0,0,1,1,1,0,0,1,0,0,2.0,2.0
20,227,18,1,17,0,0,18,0,1,0,0,3,14,1,0,0,3,14,5,13,0,0,12,6,0,0,0,0,0,0,0,0,0,0,0,0,0,0,0,1,0,0,0,0,17,0,0,0,0,0,0,0,0,0,0,0,0,0,0,0,0,0,0,0,0,0,0,0,0,0,0,0,0,0,0,0,0,18,0,0,0,0,0,0,0,0,0,0,0,0,0,18,0,0,18,0,1,17,0,1,17,0,0,18,0,0,15,3,0,0,0,18,18,0,6,12,1,17,0,18,1,17,0,1,17,0,1,17,0,18,1,0,0,0,0,0,0,0,0,0,0,0,0,0,0,0,0,1,0,0,0,13,0,0,0,0,3,0,0,0,0,0,0,0,0,0,0,0,0,0,0,0,0,0,0,0,0,0,13,0,0,0,0,3,2,0,0,0,0,0,1,0,0,9,0,8,0,0,12,6,1,17,0,3,15,18,15,3,0,15,3,0,44.27777777777778,52.5
20,229,4,0,4,0,0,4,0,1,0,0,0,3,0,0,0,0,4,0,4,0,0,0,4,0,0,0,0,0,0,0,0,0,0,0,0,0,0,0,0,0,0,0,0,4,0,0,0,0,0,0,0,0,0,0,0,0,0,0,0,0,0,0,0,0,0,0,0,0,0,0,0,0,0,0,0,0,4,0,0,0,0,0,0,0,0,0,0,0,0,0,4,0,0,3,1,0,4,0,0,3,1,1,3,0,0,3,1,0,0,0,4,4,0,0,4,0,4,0,4,1,3,0,0,4,0,0,4,0,4,0,0,0,0,0,0,0,0,0,0,0,0,0,0,0,0,0,1,0,0,0,3,0,0,0,0,0,0,0,0,0,0,0,0,0,0,0,0,0,0,0,0,0,0,0,0,0,0,3,0,0,0,0,0,1,0,0,0,0,0,4,0,0,0,0,0,0,0,0,4,0,4,0,1,3,4,4,0,0,3,1,0,5.0,4.5
20,230,1,0,1,0,0,1,0,0,0,0,1,0,0,0,0,1,0,0,1,0,0,0,1,0,0,0,0,0,0,0,0,0,0,0,0,0,0,0,0,0,0,0,0,1,0,0,0,0,0,0,0,0,0,0,0,0,0,0,0,0,0,0,0,0,0,0,0,0,0,0,0,0,0,0,0,0,1,0,0,0,0,0,0,0,0,0,0,0,0,0,1,0,0,1,0,0,1,0,1,0,0,0,1,0,0,1,0,0,0,0,1,1,0,1,0,0,1,0,1,0,1,0,0,0,1,0,1,0,1,0,0,0,0,0,0,0,0,0,0,0,0,0,0,0,0,0,0,0,0,0,0,0,0,0,0,0,1,0,0,0,0,0,0,0,0,0,0,0,0,0,0,0,0,0,0,0,0,0,0,0,0,0,0,0,1,0,0,0,0,1,0,0,0,0,0,0,0,0,1,0,1,0,0,1,1,1,0,0,1,0,0,6.0,6.0
20,231,1,0,1,0,0,1,0,0,0,0,0,1,1,0,0,0,0,0,1,0,0,1,0,0,0,0,0,0,0,0,0,0,0,0,0,0,0,0,0,0,0,0,0,1,0,0,0,0,0,0,0,0,0,0,0,0,0,0,0,0,0,0,0,0,0,0,0,0,0,0,0,0,0,0,0,0,1,0,0,0,0,0,0,0,0,0,0,0,0,0,1,0,0,1,0,0,1,0,0,1,0,0,1,0,0,0,1,0,0,0,1,1,0,0,1,0,1,0,1,0,1,0,0,1,0,0,1,0,1,1,0,0,0,0,0,0,0,0,0,0,0,0,0,0,0,0,0,0,0,0,0,0,0,0,0,0,0,0,0,0,0,0,0,0,0,0,0,0,0,0,0,0,0,0,0,0,0,0,0,0,0,0,0,1,0,0,0,0,0,0,0,0,0,0,1,0,0,1,0,0,1,0,1,0,1,1,0,0,0,1,0,29.0,29.0
20,232,23,1,22,0,0,23,0,1,0,12,2,8,2,0,12,2,7,2,21,0,0,11,12,0,0,0,0,0,0,0,0,0,0,0,0,0,0,1,0,0,0,0,0,21,0,0,0,0,0,0,0,0,0,1,0,0,0,0,0,0,0,0,0,0,0,0,0,0,0,0,0,0,0,0,0,0,23,0,0,0,0,0,0,0,0,0,0,0,0,1,22,0,17,6,0,0,23,0,18,5,0,0,23,0,2,19,2,0,0,0,23,23,0,11,12,3,20,0,23,0,23,0,5,18,0,0,23,0,23,2,0,0,0,12,0,0,0,0,0,0,0,0,0,0,0,0,1,0,0,0,6,0,0,0,0,2,0,0,0,0,0,12,0,0,0,0,0,0,0,0,0,0,0,0,0,0,0,6,0,0,0,0,2,3,0,0,0,0,0,22,0,0,1,0,0,0,0,11,12,1,22,0,2,21,23,21,2,0,21,2,0,23.0,2.0
20,235,1,0,1,0,0,1,0,0,0,0,0,1,0,0,0,0,1,0,1,0,0,1,0,0,0,0,0,0,0,0,0,0,0,0,0,0,0,0,0,0,0,0,0,1,0,0,0,0,0,0,0,0,0,0,0,0,0,0,0,0,0,0,0,0,0,0,0,0,0,0,0,0,0,0,0,0,1,0,0,0,0,0,0,0,0,0,0,0,0,0,1,0,0,1,0,0,1,0,0,1,0,0,1,0,0,1,0,0,0,0,1,1,0,0,1,0,1,0,1,0,1,0,0,1,0,0,1,0,1,0,0,0,0,0,0,0,0,0,0,0,0,0,0,0,0,0,0,0,0,0,1,0,0,0,0,0,0,0,0,0,0,0,0,0,0,0,0,0,0,0,0,0,0,0,0,0,0,1,0,0,0,0,0,0,0,0,0,0,0,1,0,0,0,0,0,0,0,1,0,0,1,0,0,1,1,1,0,0,1,0,0,7.0,7.0
20,238,1,0,1,0,0,1,0,0,0,0,0,1,0,0,0,0,1,0,1,0,0,1,0,0,0,0,0,0,0,0,0,0,0,0,0,0,0,0,0,0,0,0,0,1,0,0,0,0,0,0,0,0,0,0,0,0,0,0,0,0,0,0,0,0,0,0,0,0,0,0,0,0,0,0,0,0,1,0,0,0,0,0,0,0,0,0,0,0,0,0,1,0,0,1,0,0,1,0,0,1,0,0,1,0,0,1,0,0,0,0,1,1,0,0,1,0,1,0,1,0,1,0,0,1,0,0,1,0,1,0,0,0,0,0,0,0,0,0,0,0,0,0,0,0,0,0,0,0,0,0,1,0,0,0,0,0,0,0,0,0,0,0,0,0,0,0,0,0,0,0,0,0,0,0,0,0,0,1,0,0,0,0,0,0,0,0,0,0,0,0,0,0,1,0,0,0,0,1,0,0,1,0,0,1,1,1,0,0,1,0,0,27.0,27.0
20,239,2,0,2,0,0,2,0,0,0,0,2,0,0,0,0,2,0,0,2,0,0,1,1,0,0,0,0,0,0,0,0,0,0,0,0,0,0,0,0,0,0,0,0,2,0,0,0,0,0,0,0,0,0,0,0,0,0,0,0,0,0,0,0,0,0,0,0,0,0,0,0,0,0,0,0,0,2,0,0,0,0,0,0,0,0,0,0,0,0,0,2,0,0,2,0,0,2,0,0,2,0,0,2,0,0,0,2,0,0,0,2,2,0,0,2,0,2,0,2,0,2,0,0,2,0,0,2,0,2,0,0,0,0,0,0,0,0,0,0,0,0,0,0,0,0,0,0,0,0,0,0,0,0,0,0,2,0,0,0,0,0,0,0,0,0,0,0,0,0,0,0,0,0,0,0,0,0,0,0,0,0,0,2,0,0,0,0,0,0,0,0,0,0,2,0,0,0,1,1,0,2,0,2,0,2,0,2,0,0,2,0,17.5,17.5
20,240,1,0,1,0,0,1,0,0,0,0,0,1,0,0,0,0,1,0,1,0,0,0,1,0,0,0,0,0,0,0,0,0,0,0,0,0,0,0,0,0,0,0,0,1,0,0,0,0,0,0,0,0,0,0,0,0,0,0,0,0,0,0,0,0,0,0,0,0,0,0,0,0,0,0,0,0,1,0,0,0,0,0,0,0,0,0,0,0,0,0,1,0,0,1,0,0,1,0,0,1,0,0,1,0,0,1,0,0,0,0,1,1,0,1,0,0,1,0,1,0,1,0,0,1,0,0,1,0,1,0,0,0,0,0,0,0,0,0,0,0,0,0,0,0,0,0,0,0,0,0,1,0,0,0,0,0,0,0,0,0,0,0,0,0,0,0,0,0,0,0,0,0,0,0,0,0,0,1,0,0,0,0,0,0,0,0,0,0,0,0,0,0,0,1,0,0,0,0,1,0,1,0,0,1,1,1,0,0,1,0,0,1.0,1.0
20,243,4,0,4,0,0,4,0,0,0,0,1,3,0,0,0,1,3,1,3,0,0,3,1,0,0,0,0,0,0,0,0,0,0,0,0,0,0,0,0,0,0,0,0,4,0,0,0,0,0,0,0,0,0,0,0,0,0,0,0,0,0,0,0,0,0,0,0,0,0,0,0,0,0,0,0,0,4,0,0,0,0,0,0,0,0,0,0,0,0,0,4,0,0,4,0,0,4,0,0,4,0,0,4,0,0,3,1,0,0,0,4,4,0,0,4,0,4,0,4,1,3,0,0,4,0,0,4,0,4,0,0,0,0,0,0,0,0,0,0,0,0,0,0,0,0,0,0,0,0,0,3,0,0,0,0,1,0,0,0,0,0,0,0,0,0,0,0,0,0,0,0,0,0,0,0,0,0,3,0,0,0,0,1,0,0,0,0,0,0,2,0,0,1,0,1,0,0,3,1,0,4,0,1,3,4,3,1,0,3,1,0,21.25,7.0
20,244,1,1,0,0,0,1,0,0,0,0,0,1,0,0,0,0,1,1,0,0,0,1,0,0,0,0,0,0,0,0,0,0,0,0,0,0,0,0,0,0,0,0,0,1,0,0,0,0,0,0,0,0,0,0,0,0,0,0,0,0,0,0,0,0,0,0,0,0,0,0,0,0,0,0,0,0,0,1,0,0,0,0,0,0,0,0,0,0,0,1,0,0,0,1,0,0,1,0,0,1,0,0,1,0,0,1,0,0,0,0,1,1,0,1,0,0,1,0,1,0,1,0,0,1,0,0,1,0,1,0,0,0,0,0,0,0,0,0,0,0,0,0,0,0,0,0,0,0,0,0,1,0,0,0,0,0,0,0,0,0,0,0,0,0,0,0,0,0,0,0,0,0,0,0,0,0,0,1,0,0,0,0,0,0,0,0,0,0,0,1,0,0,0,0,0,0,0,1,0,0,1,0,0,1,1,1,0,0,1,0,0,69.0,69.0
20,247,3,0,3,0,0,3,0,0,0,0,2,1,0,0,0,2,1,1,2,0,0,1,2,0,0,0,0,0,0,0,0,0,0,0,0,0,0,0,0,0,0,0,0,3,0,0,0,0,0,0,0,0,0,0,0,0,0,0,0,0,0,0,0,0,0,0,0,0,0,0,0,0,0,0,0,0,3,0,0,0,0,0,0,0,0,0,0,0,0,0,3,0,0,3,0,0,3,0,0,3,0,0,3,0,0,2,1,0,0,0,3,3,0,1,2,0,3,0,3,0,3,0,2,1,0,1,2,0,3,0,0,0,0,0,0,0,0,0,0,0,0,0,0,0,0,0,0,0,0,0,1,0,0,0,0,1,1,0,0,0,0,0,0,0,0,0,0,0,0,0,0,0,0,0,0,0,0,1,0,0,0,0,1,0,1,0,0,0,0,0,0,0,0,0,3,0,0,1,2,1,2,0,1,2,3,2,1,0,2,1,0,53.0,52.0
20,248,3,0,3,0,0,3,0,0,0,0,0,3,2,0,0,0,1,0,3,0,0,1,2,0,0,0,0,0,0,0,0,0,0,0,0,0,0,0,0,0,0,0,0,3,0,0,0,0,0,0,0,0,0,0,0,0,0,0,0,0,0,0,0,0,0,0,0,0,0,0,0,0,0,0,0,0,3,0,0,0,0,0,0,0,0,0,0,0,0,0,3,0,0,3,0,0,3,0,0,3,0,0,3,0,0,3,0,0,0,0,3,3,0,0,3,0,3,0,3,0,3,0,0,3,0,0,3,0,3,2,0,0,0,0,0,0,0,0,0,0,0,0,0,0,0,0,0,0,0,0,1,0,0,0,0,0,0,0,0,0,0,0,0,0,0,0,0,0,0,0,1,0,0,0,0,0,0,1,0,0,0,0,0,1,0,0,0,0,0,0,0,0,3,0,0,0,0,1,2,0,3,0,0,3,3,3,0,0,3,0,0,1.6666666666666667,2.0
20,249,2,0,2,0,0,2,0,0,0,0,0,2,0,0,0,0,2,0,2,0,0,2,0,0,0,0,0,0,0,0,0,0,0,0,0,0,0,0,0,0,0,0,0,2,0,0,0,0,0,0,0,0,0,0,0,0,0,0,0,0,0,0,0,0,0,0,0,0,0,0,0,0,0,0,0,0,2,0,0,0,0,0,0,0,0,0,0,0,0,0,2,0,0,2,0,0,2,0,2,0,0,0,2,0,0,2,0,0,0,0,2,2,0,0,2,0,2,0,2,1,1,0,1,1,0,0,2,0,2,0,0,0,0,0,0,0,0,0,0,0,0,0,0,0,0,0,0,0,0,0,2,0,0,0,0,0,0,0,0,0,0,0,0,0,0,0,0,0,0,0,0,0,0,0,0,0,0,2,0,0,0,0,0,0,0,0,0,0,0,2,0,0,0,0,0,0,0,2,0,0,2,0,0,2,2,2,0,0,2,0,0,12.0,12.0
20,253,1,0,1,0,0,1,0,1,0,0,0,0,0,0,0,0,1,0,1,0,0,0,1,0,0,0,0,0,0,0,0,0,0,0,0,0,0,0,0,0,0,0,0,1,0,0,0,0,0,0,0,0,0,0,0,0,0,0,0,0,0,0,0,0,0,0,0,0,0,0,0,0,0,0,0,0,1,0,0,0,0,0,0,0,0,0,0,0,0,0,1,0,0,1,0,0,1,0,0,1,0,0,1,0,0,1,0,0,0,0,1,1,0,0,1,0,1,0,1,0,1,0,0,1,0,0,1,0,1,0,0,0,0,0,0,0,0,0,0,0,0,0,0,0,0,0,1,0,0,0,0,0,0,0,0,0,0,0,0,0,0,0,0,0,0,0,0,0,0,0,0,0,0,0,0,0,0,0,0,0,0,0,0,1,0,0,0,0,0,0,0,0,1,0,0,0,0,0,1,0,1,0,0,1,1,1,0,0,1,0,0,98.0,98.0
20,254,1,0,1,0,0,1,0,0,0,0,0,1,0,0,0,0,1,0,1,0,0,1,0,0,0,0,0,0,0,0,0,0,0,0,0,0,0,0,0,0,0,0,0,1,0,0,0,0,0,0,0,0,0,0,0,0,0,0,0,0,0,0,0,0,0,0,0,0,0,0,0,0,0,0,0,0,1,0,0,0,0,0,0,0,0,0,0,0,0,0,1,0,0,1,0,0,1,0,0,1,0,1,0,0,0,1,0,0,0,0,1,1,0,0,1,0,1,0,1,0,1,0,1,0,0,0,1,0,1,0,0,0,0,0,0,0,0,0,0,0,0,0,0,0,0,0,0,0,0,0,1,0,0,0,0,0,0,0,0,0,0,0,0,0,0,0,0,0,0,0,0,0,0,0,0,0,0,1,0,0,0,0,0,0,0,0,0,0,0,1,0,0,0,0,0,0,0,1,0,0,1,0,0,1,1,1,0,0,1,0,0,6.0,6.0
20,257,2,0,2,0,0,2,0,0,0,0,0,2,1,0,0,0,1,0,2,0,0,0,2,0,0,0,0,0,0,0,0,0,0,0,0,0,0,0,0,0,0,0,0,2,0,0,0,0,0,0,0,0,0,0,0,0,0,0,0,0,0,0,0,0,0,0,0,0,0,0,0,0,0,0,0,0,2,0,0,0,0,0,0,0,0,0,0,0,0,0,2,0,0,2,0,0,2,0,0,2,0,0,2,0,0,2,0,0,0,0,2,2,0,0,2,0,2,0,2,1,1,0,0,2,0,0,2,0,2,0,0,0,0,0,0,0,0,0,0,0,0,0,0,0,0,0,0,0,0,1,1,0,0,0,0,0,0,0,0,0,0,0,0,0,0,0,0,0,0,0,0,0,0,0,0,0,0,1,0,0,0,0,0,1,0,0,0,0,0,2,0,0,0,0,0,0,0,0,2,0,2,0,0,2,2,2,0,0,2,0,0,0.5,0.5
20,260,1,0,1,0,0,1,0,1,0,0,0,0,0,0,0,0,1,0,1,0,0,1,0,0,0,0,0,0,0,0,0,0,0,0,0,0,0,0,0,0,0,0,0,1,0,0,0,0,0,0,0,0,0,0,0,0,0,0,0,0,0,0,0,0,0,0,0,0,0,0,0,0,0,0,0,0,1,0,0,0,0,0,0,0,0,0,0,0,0,0,1,0,0,1,0,0,1,0,0,1,0,0,1,0,0,1,0,0,0,0,1,1,0,1,0,0,1,0,1,0,1,0,0,1,0,0,1,0,1,0,0,0,0,0,0,0,0,0,0,0,0,0,0,0,0,0,1,0,0,0,0,0,0,0,0,0,0,0,0,0,0,0,0,0,0,0,0,0,0,0,0,0,0,0,0,0,0,0,0,0,0,0,0,1,0,0,0,0,0,1,0,0,0,0,0,0,0,1,0,0,1,0,0,1,1,1,0,0,1,0,0,1.0,1.0
20,261,3,0,3,0,0,3,0,0,0,0,3,0,0,0,0,3,0,0,3,0,0,1,2,0,0,0,0,0,0,0,0,0,0,0,0,0,0,0,0,0,0,0,0,3,0,0,0,0,0,0,0,0,0,0,0,0,0,0,0,0,0,0,0,0,0,0,0,0,0,0,0,0,0,0,0,0,3,0,0,0,0,0,0,0,0,0,0,0,0,0,3,0,0,3,0,0,3,0,2,1,0,0,3,0,0,3,0,0,0,0,3,3,0,3,0,0,3,0,3,0,3,0,2,1,0,0,3,0,3,0,0,0,0,0,0,0,0,0,0,0,0,0,0,0,0,0,0,0,0,0,0,0,0,0,0,2,1,0,0,0,0,0,0,0,0,0,0,0,0,0,0,0,0,0,0,0,0,0,0,0,0,0,2,0,1,0,0,0,0,3,0,0,0,0,0,0,0,1,2,0,3,0,0,3,3,1,2,0,3,0,0,1.0,1.0
20,262,1,0,1,0,0,1,0,0,0,1,0,0,0,0,1,0,0,1,0,0,0,0,1,0,0,0,0,0,0,0,0,0,0,0,0,0,0,0,0,0,0,0,0,1,0,0,0,0,0,0,0,0,0,0,0,0,0,0,0,0,0,0,0,0,0,0,0,0,0,0,0,0,0,0,0,0,1,0,0,0,0,0,0,0,0,0,0,0,0,0,1,0,1,0,0,0,1,0,1,0,0,0,1,0,0,1,0,0,0,0,1,1,0,1,0,1,0,0,1,0,1,0,0,1,0,1,0,0,1,0,0,0,0,1,0,0,0,0,0,0,0,0,0,0,0,0,0,0,0,0,0,0,0,0,0,0,0,0,0,0,0,1,0,0,0,0,0,0,0,0,0,0,0,0,0,0,0,0,0,0,0,0,0,0,0,0,0,0,0,1,0,0,0,0,0,0,0,0,1,0,1,0,0,1,1,1,0,0,1,0,0,57.0,57.0
20,266,2,0,2,0,0,2,0,0,0,0,1,1,1,0,0,1,0,0,2,0,0,1,1,0,0,0,0,0,0,0,0,0,0,0,0,0,0,0,0,0,0,0,0,2,0,0,0,0,0,0,0,0,0,0,0,0,0,0,0,0,0,0,0,0,0,0,0,0,0,0,0,0,0,0,0,0,2,0,0,0,0,0,0,0,0,0,0,0,0,0,2,0,0,2,0,1,1,0,0,2,0,0,2,0,0,0,2,0,0,0,2,2,0,0,2,0,2,0,2,0,2,0,0,2,0,1,1,0,2,1,0,0,0,0,0,0,0,0,0,0,0,0,0,0,0,0,0,0,0,0,0,0,0,0,0,1,0,0,0,0,0,0,0,0,0,0,0,0,0,0,0,0,0,0,0,0,0,0,0,0,0,0,1,1,0,0,0,0,0,0,0,0,2,0,0,0,0,1,1,0,2,0,2,0,2,1,1,0,0,2,0,32.0,32.0
20,269,1,0,1,0,1,0,0,0,0,0,0,1,0,0,0,0,1,0,1,0,0,0,1,0,0,0,0,0,0,0,0,0,0,0,0,0,0,0,0,0,0,0,0,1,0,0,0,0,0,0,0,0,0,0,0,0,0,0,0,0,0,0,0,0,0,0,0,0,0,0,0,0,0,0,0,0,1,0,0,0,0,0,0,0,0,0,0,0,0,0,1,0,0,1,0,0,1,0,0,1,0,0,1,0,0,1,0,0,0,0,1,1,0,1,0,0,1,0,1,0,1,0,1,0,0,0,1,0,1,0,0,0,0,0,0,0,0,0,0,0,0,0,0,0,0,0,0,0,0,0,1,0,0,0,0,0,0,0,0,0,0,0,0,0,0,0,0,0,0,0,0,0,0,0,0,0,0,1,0,0,0,0,0,0,0,0,0,0,0,1,0,0,0,0,0,0,0,0,1,0,1,0,0,1,1,1,0,0,1,0,0,1.0,1.0
20,272,2,0,2,0,0,2,0,0,0,0,0,2,0,0,0,0,2,0,2,0,0,0,2,0,0,0,0,0,0,0,0,0,0,0,0,0,0,0,0,0,0,0,0,2,0,0,0,0,0,0,0,0,0,0,0,0,0,0,0,0,0,0,0,0,0,0,0,0,0,0,0,0,0,0,0,0,2,0,0,0,0,0,0,0,0,0,0,0,0,0,2,0,0,2,0,0,2,0,0,2,0,0,2,0,0,2,0,0,0,0,2,2,0,1,1,0,2,0,2,0,2,0,1,1,0,0,2,0,2,0,0,0,0,0,0,0,0,0,0,0,0,0,0,0,0,0,0,0,0,0,2,0,0,0,0,0,0,0,0,0,0,0,0,0,0,0,0,0,0,0,0,0,0,0,0,0,0,2,0,0,0,0,0,0,0,0,0,0,0,2,0,0,0,0,0,0,0,0,2,0,2,0,0,2,2,2,0,0,2,0,0,4.0,4.0
20,273,1,0,1,0,0,1,0,0,0,0,0,1,0,0,0,0,1,1,0,0,0,1,0,0,0,0,0,0,0,0,0,0,0,0,0,0,0,0,0,0,0,0,0,1,0,0,0,0,0,0,0,0,0,0,0,0,0,0,0,0,0,0,0,0,0,0,0,0,0,0,0,0,0,0,0,0,1,0,0,0,0,0,0,0,0,0,0,0,0,0,1,0,0,1,0,1,0,0,0,1,0,0,1,0,0,1,0,0,0,0,1,1,0,1,0,0,1,0,1,0,1,0,0,1,0,0,1,0,1,0,0,0,0,0,0,0,0,0,0,0,0,0,0,0,0,0,0,0,0,0,1,0,0,0,0,0,0,0,0,0,0,0,0,0,0,0,0,0,0,0,0,0,0,0,0,0,0,1,0,0,0,0,0,0,0,0,0,0,0,1,0,0,0,0,0,0,0,1,0,0,1,0,0,1,1,1,0,0,1,0,0,70.0,70.0
20,274,2,0,2,0,0,2,0,1,0,0,0,1,0,0,0,0,2,1,1,0,1,1,0,0,0,0,0,0,0,0,0,0,0,0,0,0,0,0,0,0,0,0,0,2,0,0,0,0,0,0,0,0,0,0,0,0,0,0,0,0,0,0,0,0,0,0,0,0,0,0,0,0,0,0,0,0,2,0,0,0,0,0,0,0,0,0,0,0,0,0,2,0,0,2,0,0,2,0,1,1,0,0,2,0,0,2,0,0,0,0,2,2,0,1,1,0,2,0,2,0,2,0,0,1,1,0,2,0,2,0,0,0,0,0,0,0,0,0,0,0,0,0,0,0,0,0,1,0,0,0,1,0,0,0,0,0,0,0,0,0,0,0,0,0,0,0,0,0,0,0,0,0,0,0,0,0,0,1,0,0,0,0,0,1,0,0,0,0,0,2,0,0,0,0,0,0,0,2,0,0,2,0,0,2,2,2,0,0,2,0,0,22.5,22.5
20,275,2,0,2,0,0,2,0,0,0,0,0,2,0,0,0,0,2,0,2,0,0,2,0,0,0,0,0,0,0,0,0,0,0,0,0,0,0,0,0,0,0,0,0,2,0,0,0,0,0,0,0,0,0,0,0,0,0,0,0,0,0,0,0,0,0,0,0,0,0,0,0,0,0,0,0,0,2,0,0,0,0,0,0,0,0,0,0,0,0,0,2,0,1,1,0,0,2,0,1,1,0,1,1,0,0,2,0,0,0,0,2,2,0,1,1,0,2,0,2,0,2,0,0,2,0,0,2,0,2,0,0,0,0,0,0,0,0,0,0,0,0,0,0,0,0,0,0,0,0,0,2,0,0,0,0,0,0,0,0,0,0,0,0,0,0,0,0,0,0,0,0,0,0,0,0,0,0,2,0,0,0,0,0,0,0,0,0,0,0,1,0,0,0,0,1,0,0,2,0,0,2,0,0,2,2,2,0,0,2,0,0,2.5,2.5
20,277,2,0,2,0,0,2,0,0,0,0,0,2,0,0,0,0,2,0,2,0,0,1,1,0,0,0,0,0,0,0,0,0,0,0,0,0,0,0,0,0,0,0,0,2,0,0,0,0,0,0,0,0,0,0,0,0,0,0,0,0,0,0,0,0,0,0,0,0,0,0,0,0,0,0,0,0,2,0,0,0,0,0,0,0,0,0,0,0,0,0,2,0,0,1,1,0,2,0,0,1,1,1,1,0,0,2,0,0,0,0,2,2,0,0,2,0,2,0,2,1,1,0,0,2,0,1,1,0,2,0,0,0,0,0,0,0,0,0,0,0,0,0,0,0,0,0,0,0,0,0,2,0,0,0,0,0,0,0,0,0,0,0,0,0,0,0,0,0,0,0,0,0,0,0,0,0,0,2,0,0,0,0,0,0,0,0,0,0,0,2,0,0,0,0,0,0,0,1,1,0,2,0,0,2,2,2,0,0,2,0,0,5.5,5.5
20,278,11,1,10,0,1,10,0,0,0,5,0,6,1,0,5,0,5,2,9,0,1,6,4,0,0,0,0,0,0,0,0,0,0,0,0,0,0,0,0,0,0,0,0,9,0,0,0,0,0,0,0,0,0,2,0,0,0,0,0,0,0,0,0,0,0,0,0,0,0,0,0,0,0,0,0,0,10,0,0,0,0,0,0,0,0,0,1,0,0,0,11,0,8,3,0,4,7,0,8,3,0,0,11,0,2,9,0,0,0,0,11,11,0,5,6,1,10,0,11,0,11,0,2,9,0,0,11,0,11,1,0,0,0,5,0,0,0,0,0,0,0,0,0,0,0,0,0,0,0,0,5,0,0,0,0,0,0,0,0,0,0,5,0,0,0,0,0,0,0,0,0,0,0,0,0,0,0,5,0,0,0,0,0,1,0,0,0,0,0,10,0,0,1,0,0,0,0,7,4,0,11,0,0,11,11,11,0,0,11,0,0,31.636363636363637,33.0
20,279,1,0,1,0,0,1,0,0,0,0,0,1,1,0,0,0,0,0,1,0,0,0,1,0,0,0,0,0,0,0,0,0,0,0,0,0,0,0,0,0,0,0,0,1,0,0,0,0,0,0,0,0,0,0,0,0,0,0,0,0,0,0,0,0,0,0,0,0,0,0,0,0,0,0,0,0,1,0,0,0,0,0,0,0,0,0,0,0,0,0,1,0,0,1,0,0,1,0,1,0,0,0,1,0,0,1,0,0,0,0,1,1,0,1,0,0,1,0,1,0,1,0,0,0,1,0,1,0,1,0,0,0,0,0,0,0,0,0,0,0,0,0,0,0,1,0,0,0,0,0,0,0,0,0,0,0,0,0,0,0,0,0,0,0,0,0,0,0,0,0,0,0,0,0,0,0,0,0,0,0,0,0,0,1,0,0,0,0,0,1,0,0,0,0,0,0,0,0,1,0,1,0,0,1,1,1,0,0,1,0,0,3.0,3.0
20,285,1,0,1,0,0,1,0,1,0,0,0,0,0,0,0,0,1,0,1,0,1,0,0,0,0,0,0,0,0,0,0,0,0,0,0,0,0,0,0,0,0,0,0,1,0,0,0,0,0,0,0,0,0,0,0,0,0,0,0,0,0,0,0,0,0,0,0,0,0,0,0,0,0,0,0,0,1,0,0,0,0,0,0,0,0,0,0,0,0,0,1,0,0,1,0,0,1,0,0,1,0,0,1,0,0,1,0,0,0,0,1,1,0,0,1,0,1,0,1,0,1,0,1,0,0,0,1,0,1,0,0,0,0,0,0,0,0,0,0,0,0,0,0,0,0,0,1,0,0,0,0,0,0,0,0,0,0,0,0,0,0,0,0,0,0,0,0,0,0,0,0,0,0,0,0,0,0,0,0,0,0,0,0,1,0,0,0,0,0,0,0,0,0,0,1,0,0,1,0,0,1,0,0,1,1,1,0,0,1,0,0,36.0,36.0
20,290,1,0,1,0,0,1,0,0,0,0,0,1,0,0,0,0,1,0,1,0,0,0,1,0,0,0,0,0,0,0,0,0,0,0,0,0,0,0,0,0,0,0,0,1,0,0,0,0,0,0,0,0,0,0,0,0,0,0,0,0,0,0,0,0,0,1,0,0,0,0,0,0,0,0,0,0,0,0,0,0,0,0,0,0,0,0,0,0,0,0,1,0,0,1,0,0,1,0,0,1,0,1,0,0,0,1,0,0,0,0,1,1,0,1,0,0,1,0,1,0,1,0,0,1,0,0,1,0,1,0,0,0,0,0,0,0,0,0,0,0,0,0,0,0,0,0,0,0,0,0,0,0,0,1,0,0,0,0,0,0,0,0,0,0,0,0,0,0,0,0,0,0,0,0,0,0,0,0,0,0,0,0,0,1,0,0,0,1,0,0,0,0,0,0,0,0,0,0,1,0,1,0,0,1,1,1,0,0,1,0,0,22.0,22.0
20,291,2,1,1,0,0,2,0,0,0,0,0,2,0,0,0,0,2,0,2,0,0,1,1,0,0,0,0,0,0,0,0,0,0,0,0,0,0,0,0,0,0,0,0,2,0,0,0,0,0,0,0,0,0,0,0,0,0,0,0,0,0,0,0,0,0,0,0,0,0,0,0,0,0,0,0,0,2,0,0,0,0,0,0,0,0,0,0,0,0,1,1,0,0,2,0,0,2,0,2,0,0,1,1,0,0,2,0,0,0,0,2,2,0,1,1,0,2,0,2,1,1,0,0,2,0,0,2,0,2,0,0,0,0,0,0,0,0,0,0,0,0,0,0,0,0,0,0,0,0,0,2,0,0,0,0,0,0,0,0,0,0,0,0,0,0,0,0,0,0,0,0,0,0,0,0,0,0,2,0,0,0,0,0,0,0,0,0,0,0,2,0,0,0,0,0,0,0,1,1,0,2,0,0,2,2,2,0,0,2,0,0,18.0,18.0
20,293,26,2,24,0,3,23,0,2,0,2,8,14,1,0,2,8,15,5,21,0,1,19,6,0,0,0,0,0,0,0,0,0,0,1,0,0,0,0,0,0,0,0,0,24,0,0,0,0,0,0,0,0,0,1,0,0,0,0,0,0,0,0,0,0,0,0,0,0,0,0,0,0,0,0,0,0,25,1,0,0,0,0,0,0,0,0,0,0,0,1,25,0,0,24,2,9,17,0,0,24,2,5,21,0,2,15,9,0,0,0,26,26,0,10,16,3,23,0,26,6,20,0,3,23,0,2,24,0,26,0,0,0,0,2,0,0,0,0,0,0,0,0,0,0,1,0,2,0,0,0,13,0,0,0,0,8,0,0,0,0,0,2,0,0,0,0,0,0,0,0,0,0,0,0,0,0,0,13,0,0,0,0,8,3,0,0,0,0,0,4,0,0,11,0,11,0,0,20,6,1,25,0,9,17,26,18,8,0,17,9,0,44.5,40.5
20,294,7,0,7,0,1,6,0,0,0,0,3,4,0,0,0,3,4,0,7,0,0,4,3,0,0,0,0,0,0,0,0,0,0,0,0,0,0,0,0,0,0,0,0,7,0,0,0,0,0,0,0,0,0,0,0,0,0,0,0,0,0,0,0,0,0,0,0,0,0,0,0,0,0,0,0,0,6,1,0,0,0,0,0,0,0,0,0,0,0,0,7,0,0,7,0,1,6,0,0,7,0,1,6,0,0,5,2,0,0,0,7,7,0,4,3,1,6,0,7,1,6,0,1,6,0,1,6,0,7,0,0,0,0,0,0,0,0,0,0,0,0,0,0,0,0,0,0,0,0,0,4,0,0,0,0,3,0,0,0,0,0,0,0,0,0,0,0,0,0,0,0,0,0,0,0,0,0,4,0,0,0,0,3,0,0,0,0,0,0,2,0,0,3,0,2,0,0,4,3,0,7,0,2,5,7,4,3,0,5,2,0,41.42857142857143,39.0
20,295,5,0,5,0,0,5,0,1,0,0,1,3,0,0,0,1,4,1,4,0,0,2,3,0,0,0,0,0,0,0,0,0,0,0,0,0,0,0,0,0,0,0,0,5,0,0,0,0,0,0,0,0,0,0,0,0,0,0,0,0,0,0,0,0,0,0,0,0,0,0,0,0,0,0,0,0,5,0,0,0,0,0,0,0,0,0,0,0,0,0,5,0,0,5,0,0,5,0,0,5,0,1,4,0,0,5,0,0,0,0,5,5,0,0,5,0,5,0,5,3,2,0,0,5,0,0,5,0,5,0,0,0,0,0,0,0,0,0,0,0,0,0,0,0,0,0,1,0,0,0,3,0,0,0,0,0,1,0,0,0,0,0,0,0,0,0,0,0,0,0,0,0,0,0,0,0,0,3,0,0,0,0,0,1,1,0,0,0,0,3,0,0,0,0,2,0,0,2,3,0,5,0,0,5,5,5,0,0,5,0,0,37.8,18.0
20,298,3,0,3,0,0,3,0,0,0,0,0,3,0,0,0,0,3,1,2,0,0,1,2,0,0,0,0,0,0,0,0,0,0,0,0,0,0,0,0,0,0,0,0,3,0,0,0,0,0,0,0,0,0,0,0,0,0,0,0,0,0,0,0,0,0,0,0,0,0,0,0,0,0,0,0,0,3,0,0,0,0,0,0,0,0,0,0,0,0,0,3,0,0,3,0,1,2,0,0,3,0,1,2,0,0,3,0,0,0,0,3,3,0,2,1,0,3,0,3,0,3,0,0,3,0,0,3,0,3,0,0,0,0,0,0,0,0,0,0,0,0,0,0,0,0,0,0,0,0,0,3,0,0,0,0,0,0,0,0,0,0,0,0,0,0,0,0,0,0,0,0,0,0,0,0,0,0,3,0,0,0,0,0,0,0,0,0,0,0,2,0,0,0,0,1,0,0,1,2,0,3,0,0,3,3,3,0,0,3,0,0,26.0,0.0
20,301,1,0,1,0,0,1,0,0,0,0,0,1,0,0,0,0,1,0,1,0,0,1,0,0,0,0,0,0,0,0,0,0,0,0,0,0,0,0,0,0,0,0,0,1,0,0,0,0,0,0,0,0,0,0,0,0,0,0,0,0,0,0,0,0,0,0,0,0,0,0,0,0,0,0,0,0,1,0,0,0,0,0,0,0,0,0,0,0,0,0,1,0,0,1,0,0,1,0,0,1,0,0,1,0,0,1,0,0,0,0,1,1,0,0,1,0,1,0,1,0,1,0,0,1,0,0,1,0,1,0,0,0,0,0,0,0,0,0,0,0,0,0,0,0,0,0,0,0,0,0,1,0,0,0,0,0,0,0,0,0,0,0,0,0,0,0,0,0,0,0,0,0,0,0,0,0,0,1,0,0,0,0,0,0,0,0,0,0,0,1,0,0,0,0,0,0,0,1,0,0,1,0,0,1,1,1,0,0,1,0,0,3.0,3.0
20,305,1,1,0,0,0,1,0,1,0,0,0,0,0,0,0,0,1,0,1,0,0,1,0,0,0,0,0,0,0,0,0,0,0,0,0,0,0,0,1,0,0,0,0,0,0,0,0,0,0,0,0,0,0,0,0,0,0,0,0,0,0,0,0,0,0,0,0,0,0,0,0,0,0,0,0,0,1,0,0,0,0,0,0,0,0,0,0,0,0,0,1,0,0,1,0,0,1,0,0,1,0,1,0,0,0,1,0,0,0,0,1,1,0,1,0,1,0,0,1,0,1,0,1,0,0,0,1,0,1,0,0,0,0,0,0,0,0,0,0,0,0,0,0,0,0,0,1,0,0,0,0,0,0,0,0,0,0,0,0,0,0,0,0,0,0,0,0,0,0,0,0,0,0,0,0,0,0,0,0,0,0,0,0,1,0,0,0,0,0,0,0,0,0,0,1,0,0,1,0,0,1,0,0,1,1,1,0,0,1,0,0,41.0,41.0
20,307,2,0,2,0,0,2,0,0,0,0,2,0,0,0,0,2,0,0,2,0,0,0,2,0,0,0,0,0,0,0,0,0,0,0,0,0,0,0,0,0,0,0,0,2,0,0,0,0,0,0,0,0,0,0,0,0,0,0,0,0,0,0,0,0,0,0,0,0,0,0,0,0,0,0,0,0,2,0,0,0,0,0,0,0,0,0,0,0,0,0,2,0,0,2,0,0,2,0,0,2,0,0,2,0,0,0,2,0,0,0,2,2,0,0,2,0,2,0,2,0,2,0,0,2,0,0,2,0,2,0,0,0,0,0,0,0,0,0,0,0,0,0,0,0,0,0,0,0,0,0,0,0,0,0,0,2,0,0,0,0,0,0,0,0,0,0,0,0,0,0,0,0,0,0,0,0,0,0,0,0,0,0,2,0,0,0,0,0,0,0,0,0,2,0,0,0,0,0,2,0,2,0,2,0,2,0,2,0,0,2,0,38.0,38.0
20,308,1,0,1,0,0,1,0,0,0,0,0,1,0,0,0,0,1,0,1,0,0,0,1,0,0,0,0,0,0,0,0,0,0,0,0,0,0,0,0,0,0,0,0,1,0,0,0,0,0,0,0,0,0,0,0,0,0,0,0,0,0,0,0,0,0,0,0,0,0,0,0,0,0,0,0,0,1,0,0,0,0,0,0,0,0,0,0,0,0,0,1,0,0,1,0,0,1,0,0,1,0,0,1,0,0,1,0,0,0,0,1,1,0,0,1,0,1,0,1,0,1,0,0,1,0,0,1,0,1,0,0,0,0,0,0,0,0,0,0,0,0,0,0,0,0,0,0,0,0,0,1,0,0,0,0,0,0,0,0,0,0,0,0,0,0,0,0,0,0,0,0,0,0,0,0,0,0,1,0,0,0,0,0,0,0,0,0,0,0,0,0,0,1,0,0,0,0,0,1,0,1,0,0,1,1,1,0,0,1,0,0,1.0,1.0
20,309,5,0,5,0,0,5,0,0,0,1,0,4,0,0,1,0,4,1,4,0,0,2,3,0,0,0,0,0,0,0,0,0,0,0,0,0,0,0,0,0,0,0,0,5,0,0,0,0,0,0,0,0,0,0,0,0,0,0,0,0,0,0,0,0,0,0,0,0,0,0,0,0,0,0,0,0,5,0,0,0,0,0,0,0,0,0,0,0,0,1,4,0,3,2,0,1,4,0,3,2,0,0,5,0,1,4,0,0,0,0,5,5,0,3,2,1,4,0,5,1,4,0,0,5,0,0,5,0,5,0,0,0,0,1,0,0,0,0,0,0,0,0,0,0,0,0,0,0,0,0,4,0,0,0,0,0,0,0,0,0,0,1,0,0,0,0,0,0,0,0,0,0,0,0,0,0,0,4,0,0,0,0,0,0,0,0,0,0,0,5,0,0,0,0,0,0,0,2,3,0,5,0,0,5,5,5,0,0,5,0,0,23.8,3.0
20,310,13,1,12,0,1,12,0,2,0,0,1,10,2,0,0,1,10,1,12,0,2,7,4,0,0,0,0,0,0,0,0,0,0,0,0,0,0,0,0,0,0,0,0,13,0,0,0,0,0,0,0,0,0,0,0,0,0,0,0,0,0,0,0,0,0,0,0,0,0,0,0,0,0,0,0,0,13,0,0,0,0,0,0,0,0,0,0,0,0,1,12,0,1,12,0,1,12,0,1,12,0,0,13,0,0,10,3,0,0,0,13,13,0,6,7,1,12,0,13,0,13,0,3,10,0,0,13,0,13,1,0,0,0,0,0,0,0,0,0,0,0,0,0,0,0,0,2,0,0,1,8,0,0,0,0,1,0,0,0,0,0,0,0,0,0,0,0,0,0,0,0,0,0,0,0,0,0,8,0,0,0,0,1,4,0,0,0,0,0,7,0,0,2,0,4,0,0,9,4,1,12,0,3,10,13,12,1,0,10,3,0,22.692307692307693,14.0
20,318,17,1,16,0,0,17,0,2,0,0,2,13,3,0,0,2,12,1,16,0,0,5,12,0,0,0,0,0,0,0,0,0,1,0,0,1,0,0,0,0,0,0,0,15,0,0,0,0,0,0,0,0,0,0,0,0,0,0,0,0,0,0,0,0,0,0,0,0,0,0,0,0,0,0,0,0,17,0,0,0,0,0,0,0,0,0,0,0,0,1,16,0,0,16,1,2,15,0,0,16,1,4,13,0,0,13,4,0,0,0,17,17,0,2,15,0,17,0,17,3,14,0,3,14,0,0,17,0,17,1,0,0,0,0,0,0,0,1,0,0,0,0,1,0,2,0,2,0,0,0,8,0,0,0,0,2,0,0,0,0,0,0,0,0,0,0,0,0,0,0,0,0,0,0,0,0,0,8,0,0,0,0,2,7,0,0,0,0,0,3,0,0,12,0,2,0,0,5,12,1,16,0,4,13,17,15,2,0,13,4,0,31.11764705882353,16.0
20,320,1,0,1,0,0,1,0,0,0,0,0,1,0,0,0,0,1,0,1,0,0,1,0,0,0,0,0,0,0,0,0,0,0,0,0,0,0,0,0,0,0,0,0,1,0,0,0,0,0,0,0,0,0,0,0,0,0,0,0,0,0,0,0,0,0,0,0,0,0,0,0,0,0,0,0,0,1,0,0,0,0,0,0,0,0,0,0,0,0,0,1,0,1,0,0,0,1,0,1,0,0,1,0,0,0,1,0,0,0,0,1,1,0,1,0,0,1,0,1,0,1,0,0,1,0,0,1,0,1,0,0,0,0,0,0,0,0,0,0,0,0,0,0,0,0,0,0,0,0,0,1,0,0,0,0,0,0,0,0,0,0,0,0,0,0,0,0,0,0,0,0,0,0,0,0,0,0,1,0,0,0,0,0,0,0,0,0,0,0,0,0,0,0,0,1,0,0,1,0,0,1,0,0,1,1,1,0,0,1,0,0,53.0,53.0
20,324,24,0,24,0,1,23,0,2,0,0,5,17,7,0,0,5,12,5,19,0,0,11,13,0,0,0,0,0,0,0,0,0,1,0,0,0,0,0,0,0,0,0,0,23,0,0,0,0,0,0,0,0,0,0,0,0,0,0,0,0,0,0,1,0,0,1,0,0,0,0,0,0,0,0,0,0,22,0,0,0,0,0,0,0,0,0,0,0,0,0,24,0,2,21,1,5,19,0,2,22,0,1,23,0,2,13,9,0,0,0,24,24,0,9,15,1,23,0,24,3,21,0,9,15,0,1,23,0,24,5,0,0,0,0,0,0,0,0,0,0,0,0,0,0,0,0,2,0,0,2,10,0,0,0,0,3,2,0,0,0,0,0,0,0,0,0,0,0,0,0,0,0,0,0,0,0,0,10,0,0,0,0,3,9,2,0,0,1,0,12,0,0,8,0,3,0,0,11,13,0,24,0,9,15,24,21,3,2,13,9,0,32.708333333333336,29.5
20,325,2,0,2,0,0,2,0,1,0,0,0,1,0,0,0,0,2,0,2,0,0,2,0,0,0,0,0,0,0,0,0,0,0,0,0,0,0,0,0,0,0,0,0,2,0,0,0,0,0,0,0,0,0,0,0,0,0,0,0,0,0,0,0,0,0,0,0,0,0,0,0,0,0,0,0,0,2,0,0,0,0,0,0,0,0,0,0,0,0,0,2,0,0,2,0,0,2,0,0,2,0,0,2,0,0,2,0,0,0,0,2,2,0,0,2,0,2,0,2,0,2,0,1,1,0,0,2,0,2,0,0,0,0,0,0,0,0,0,0,0,0,0,0,0,0,0,1,0,0,0,1,0,0,0,0,0,0,0,0,0,0,0,0,0,0,0,0,0,0,0,0,0,0,0,0,0,0,1,0,0,0,0,0,1,0,0,0,0,0,2,0,0,0,0,0,0,0,2,0,0,2,0,0,2,2,2,0,0,2,0,0,0.0,0.0
20,327,13,0,13,0,0,13,0,0,0,0,8,5,2,0,0,8,3,0,13,0,1,7,5,0,0,0,0,0,0,0,3,0,0,0,0,0,0,0,0,0,0,0,0,9,1,0,0,0,0,0,0,0,0,0,0,0,0,0,0,0,0,0,0,12,0,0,0,0,0,0,0,0,0,0,0,0,1,0,0,0,0,0,0,0,0,0,0,0,0,0,13,0,0,13,0,1,12,0,0,13,0,0,13,0,1,4,8,0,0,0,13,13,0,4,9,0,13,0,13,1,12,0,4,9,0,0,13,0,13,2,0,0,0,0,0,0,0,0,0,0,0,0,0,0,0,0,0,0,0,0,3,0,0,0,0,8,0,0,0,0,0,0,0,0,0,0,0,0,0,0,0,0,0,0,0,0,0,3,0,0,0,0,8,2,0,0,0,0,0,12,0,0,1,0,0,0,0,8,5,0,13,0,8,5,13,5,8,0,5,8,0,20.923076923076923,2.0
20,329,1,0,1,0,0,1,0,0,0,0,0,1,0,0,0,0,1,0,1,0,0,1,0,0,0,0,0,0,0,0,0,0,0,0,0,0,0,0,0,0,0,0,0,1,0,0,0,0,0,0,0,0,0,0,0,0,0,0,0,0,0,0,0,0,0,0,0,0,0,0,0,0,0,0,0,0,1,0,0,0,0,0,0,0,0,0,0,0,0,0,1,0,0,1,0,0,1,0,1,0,0,0,1,0,0,1,0,0,0,0,1,1,0,0,1,0,1,0,1,1,0,0,0,1,0,0,1,0,1,0,0,0,0,0,0,0,0,0,0,0,0,0,0,0,0,0,0,0,0,0,1,0,0,0,0,0,0,0,0,0,0,0,0,0,0,0,0,0,0,0,0,0,0,0,0,0,0,1,0,0,0,0,0,0,0,0,0,0,0,1,0,0,0,0,0,0,0,1,0,0,1,0,0,1,1,1,0,0,1,0,0,3.0,3.0
20,333,2,0,2,0,0,2,0,0,0,0,0,2,0,0,0,0,2,0,2,0,0,1,1,0,0,0,0,0,0,0,0,0,0,0,0,0,0,0,0,0,0,0,0,2,0,0,0,0,0,0,0,0,0,0,0,0,0,0,0,0,0,0,0,0,0,0,0,0,0,0,0,0,0,0,0,0,2,0,0,0,0,0,0,0,0,0,0,0,0,0,2,0,0,2,0,1,1,0,0,2,0,0,2,0,0,2,0,0,0,0,2,2,0,0,2,0,2,0,2,0,2,0,0,2,0,0,2,0,2,0,0,0,0,0,0,0,0,0,0,0,0,0,0,0,0,0,0,0,0,0,2,0,0,0,0,0,0,0,0,0,0,0,0,0,0,0,0,0,0,0,0,0,0,0,0,0,0,2,0,0,0,0,0,0,0,0,0,0,0,0,0,0,2,0,0,0,0,1,1,0,2,0,0,2,2,2,0,0,2,0,0,40.0,40.0
20,334,2,0,2,0,0,2,0,0,0,0,1,1,0,0,0,1,1,0,2,0,0,2,0,0,0,0,0,0,0,0,0,0,0,0,0,0,0,0,0,0,0,0,0,2,0,0,0,0,0,0,0,0,0,0,0,0,0,0,0,0,0,0,0,0,0,0,0,0,0,0,0,0,0,0,0,0,2,0,0,0,0,0,0,0,0,0,0,0,0,0,2,0,0,2,0,0,2,0,0,2,0,1,1,0,1,1,0,0,0,0,2,2,0,1,1,0,2,0,2,1,1,0,1,0,1,0,2,0,2,0,0,0,0,0,0,0,0,0,0,0,0,0,0,0,0,0,0,0,0,0,1,0,0,0,0,1,0,0,0,0,0,0,0,0,0,0,0,0,0,0,0,0,0,0,0,0,0,1,0,0,0,0,1,0,0,0,0,0,0,1,0,0,1,0,0,0,0,2,0,0,2,0,0,2,2,1,1,1,1,0,0,7.5,7.5
20,338,22,0,22,0,0,22,0,2,0,0,9,11,4,0,0,9,9,4,18,0,1,10,11,0,0,0,0,0,0,0,0,0,0,0,0,0,0,0,1,0,0,0,0,21,0,0,0,0,0,0,0,0,0,0,0,0,0,0,0,0,0,0,0,0,0,0,0,0,0,0,0,0,0,0,0,0,22,0,0,0,0,0,0,0,0,0,0,0,0,1,21,0,0,22,0,3,19,0,0,22,0,1,21,0,1,13,8,0,0,0,22,22,0,5,17,2,20,0,22,0,22,0,2,20,0,2,20,0,22,0,0,0,1,0,0,0,0,0,0,0,0,0,2,0,0,0,2,0,0,2,6,0,0,0,0,7,2,1,0,0,0,0,0,0,0,0,0,0,0,0,0,0,0,0,0,0,0,6,0,0,0,0,7,6,2,0,0,0,0,0,0,0,9,0,13,0,0,11,11,0,22,0,8,14,22,15,7,0,14,8,0,37.18181818181818,40.0
20,339,4,0,4,0,0,4,0,1,0,0,2,1,1,0,0,2,1,0,4,0,0,2,2,0,0,0,0,0,0,0,0,0,0,0,0,0,0,0,0,0,0,0,0,4,0,0,0,0,0,0,0,0,0,0,0,0,0,0,0,0,0,0,0,0,0,1,0,0,0,0,0,0,0,0,0,0,3,0,0,0,0,0,0,0,0,0,0,0,0,0,4,0,0,4,0,1,3,0,0,4,0,0,4,0,0,2,2,0,0,0,4,4,0,1,3,1,3,0,4,0,4,0,0,4,0,1,3,0,4,0,0,0,0,0,0,0,0,0,0,0,0,0,0,0,0,0,1,0,0,0,1,0,0,0,0,2,0,1,0,0,0,0,0,0,0,0,0,0,0,0,0,0,0,0,0,0,0,1,0,0,0,0,2,0,0,0,0,1,0,0,0,0,0,2,1,0,0,2,2,0,4,0,2,2,4,2,2,0,2,2,0,44.25,51.5
20,342,4,0,4,0,0,4,0,0,0,0,0,4,1,0,0,0,3,1,3,0,0,1,3,0,0,0,0,0,0,0,0,0,0,0,0,0,0,0,0,0,0,0,0,4,0,0,0,0,0,0,0,0,0,0,0,0,0,0,0,0,0,0,0,0,0,0,0,0,0,0,0,0,0,0,0,0,4,0,0,0,0,0,0,0,0,0,0,0,0,0,4,0,0,4,0,1,3,0,0,4,0,0,4,0,0,4,0,0,0,0,4,4,0,1,3,0,4,0,4,0,4,0,1,3,0,0,4,0,4,1,0,0,0,0,0,0,0,0,0,0,0,0,0,0,0,0,0,0,0,0,3,0,0,0,0,0,0,0,0,0,0,0,0,0,0,0,0,0,0,0,0,0,0,0,0,1,0,3,0,0,0,0,0,0,0,0,0,0,0,0,0,0,3,0,1,0,0,1,3,0,4,0,0,4,4,4,0,0,4,0,0,20.75,9.0
20,343,1,0,1,0,0,1,0,0,0,0,0,1,0,0,0,0,1,0,1,0,0,0,1,0,0,0,0,0,0,0,0,0,0,0,0,0,0,0,0,0,0,0,0,1,0,0,0,0,0,0,0,0,0,0,0,0,0,0,0,0,0,0,0,0,0,0,0,0,0,0,0,0,0,0,0,0,1,0,0,0,0,0,0,0,0,0,0,0,0,0,1,0,0,1,0,0,1,0,0,1,0,1,0,0,0,1,0,0,0,0,1,1,0,0,1,0,1,0,1,1,0,0,0,1,0,0,1,0,1,0,0,0,0,0,0,0,0,0,0,0,0,0,0,0,0,0,0,0,0,0,1,0,0,0,0,0,0,0,0,0,0,0,0,0,0,0,0,0,0,0,0,0,0,0,0,0,0,1,0,0,0,0,0,0,0,0,0,0,0,1,0,0,0,0,0,0,0,0,1,0,1,0,0,1,1,1,0,0,1,0,0,4.0,4.0
20,348,2,0,2,0,0,2,0,0,0,0,0,2,0,0,0,0,2,0,2,0,0,1,1,0,0,0,0,0,0,0,0,0,0,0,0,0,0,0,0,0,0,0,0,2,0,0,0,0,0,0,0,0,0,0,0,0,0,0,0,0,0,0,0,0,0,1,0,0,0,0,0,0,0,0,0,0,1,0,0,0,0,0,0,0,0,0,0,0,0,0,2,0,0,2,0,0,2,0,0,2,0,0,2,0,0,2,0,0,0,0,2,2,0,1,1,0,2,0,2,1,1,0,0,2,0,0,2,0,2,0,0,0,0,0,0,0,0,0,0,0,0,0,0,0,0,0,0,0,0,0,2,0,0,0,0,0,0,0,0,0,0,0,0,0,0,0,0,0,0,0,0,0,0,0,0,0,0,2,0,0,0,0,0,0,0,0,0,1,0,0,0,0,1,0,0,0,0,1,1,0,2,0,0,2,2,2,0,0,2,0,0,9.5,9.5
20,350,30,1,29,0,2,28,0,5,0,0,7,18,2,0,0,7,21,6,24,0,0,18,12,0,0,0,0,0,0,0,0,0,0,0,0,0,0,0,2,0,0,0,0,28,0,0,0,0,0,0,0,0,0,0,0,0,0,0,0,0,0,0,0,0,0,1,0,0,0,0,0,0,0,0,0,0,29,0,0,0,0,0,0,0,0,0,0,0,0,2,28,0,1,29,0,6,24,0,1,28,1,5,25,0,2,18,10,0,0,0,30,30,0,14,16,2,28,0,30,3,27,0,5,24,1,1,29,0,30,1,0,0,0,0,0,0,0,0,0,0,0,0,1,0,0,0,5,0,0,0,16,0,0,0,0,7,0,1,0,0,0,0,0,0,0,0,0,0,0,0,0,0,0,0,0,0,0,16,0,0,0,0,7,6,0,0,0,1,0,2,0,0,11,0,16,0,0,18,12,2,28,0,10,20,30,23,7,1,19,10,0,49.46666666666667,40.0
20,351,1,0,1,0,0,1,0,0,0,0,0,1,0,0,0,0,1,0,1,0,0,0,1,0,0,0,0,0,0,0,0,0,0,0,0,0,0,0,0,0,0,0,0,1,0,0,0,0,0,0,0,0,0,0,0,0,0,0,0,0,0,0,0,0,0,0,0,0,0,0,0,0,0,0,0,0,1,0,0,0,0,0,0,0,0,0,0,0,0,0,1,0,0,1,0,1,0,0,0,1,0,0,1,0,0,1,0,0,0,0,1,1,0,1,0,0,1,0,1,0,1,0,0,1,0,0,1,0,1,0,0,0,0,0,0,0,0,0,0,0,0,0,0,0,0,0,0,0,0,0,1,0,0,0,0,0,0,0,0,0,0,0,0,0,0,0,0,0,0,0,0,0,0,0,0,0,0,1,0,0,0,0,0,0,0,0,0,0,0,1,0,0,0,0,0,0,0,0,1,0,1,0,0,1,1,1,0,0,1,0,0,86.0,86.0
20,352,4,0,4,0,0,4,0,0,0,0,2,2,0,0,0,2,2,0,4,0,0,0,4,0,0,0,0,0,0,0,0,0,0,0,0,0,0,0,0,0,0,0,2,2,0,0,0,0,0,0,0,0,0,0,0,0,0,0,0,0,0,0,0,0,0,0,0,0,0,0,0,0,0,0,0,0,4,0,0,0,0,0,0,0,0,0,0,0,0,0,4,0,1,3,0,0,4,0,4,0,0,0,4,0,0,4,0,0,0,0,4,4,0,3,1,0,4,0,4,0,4,0,0,0,4,0,4,0,4,0,0,0,0,0,0,0,0,0,0,0,0,0,0,0,0,0,0,0,0,0,2,0,0,0,0,2,0,0,0,0,0,0,0,0,0,0,0,0,0,0,0,0,0,0,0,0,0,2,0,0,0,0,2,0,0,0,0,0,0,4,0,0,0,0,0,0,0,0,4,0,4,0,0,4,4,2,2,0,4,0,0,1.25,1.0
20,353,1,0,1,0,0,1,0,1,0,0,0,0,0,0,0,0,1,0,1,0,0,0,1,0,0,0,0,0,0,0,0,0,0,0,0,0,0,0,0,0,0,0,0,1,0,0,0,0,0,0,0,0,0,0,0,0,0,0,0,0,0,0,0,0,0,0,0,0,0,0,0,0,0,0,0,0,1,0,0,0,0,0,0,0,0,0,0,0,0,0,1,0,0,1,0,0,1,0,0,1,0,0,1,0,0,1,0,0,0,0,1,1,0,0,1,0,1,0,1,0,1,0,0,1,0,0,1,0,1,0,0,0,0,0,0,0,0,0,0,0,0,0,0,0,0,0,1,0,0,0,0,0,0,0,0,0,0,0,0,0,0,0,0,0,0,0,0,0,0,0,0,0,0,0,0,0,0,0,0,0,0,0,0,1,0,0,0,0,0,1,0,0,0,0,0,0,0,0,1,0,1,0,0,1,1,1,0,0,1,0,0,8.0,8.0
20,360,1,0,1,0,0,1,0,0,0,0,0,1,0,0,0,0,1,0,1,0,0,1,0,0,0,0,0,0,0,0,0,0,0,0,0,0,0,0,0,0,0,0,0,1,0,0,0,0,0,0,0,0,0,0,0,0,0,0,0,0,0,0,0,0,0,0,0,0,0,0,0,0,0,0,0,0,1,0,0,0,0,0,0,0,0,0,0,0,0,0,1,0,0,1,0,0,1,0,0,1,0,0,1,0,0,1,0,0,0,0,1,1,0,0,1,0,1,0,1,0,1,0,0,1,0,0,1,0,1,0,0,0,0,0,0,0,0,0,0,0,0,0,0,0,0,0,0,0,0,0,1,0,0,0,0,0,0,0,0,0,0,0,0,0,0,0,0,0,0,0,0,0,0,0,0,0,0,1,0,0,0,0,0,0,0,0,0,0,0,0,0,0,1,0,0,0,0,1,0,0,1,0,0,1,1,1,0,0,1,0,0,1.0,1.0
20,364,2,0,2,0,0,2,0,0,0,0,0,2,0,0,0,0,2,0,2,0,0,1,1,0,0,0,0,0,0,0,0,0,0,0,0,0,0,0,0,0,0,0,0,2,0,0,0,0,0,0,0,0,0,0,0,0,0,0,0,0,0,0,0,0,0,0,0,0,0,0,0,0,0,0,0,0,2,0,0,0,0,0,0,0,0,0,0,0,0,0,2,0,0,2,0,0,2,0,0,2,0,0,2,0,0,1,1,0,0,0,2,2,0,1,1,0,2,0,2,0,2,0,0,2,0,0,2,0,2,0,0,0,0,0,0,0,0,0,0,0,0,0,0,0,0,0,0,0,0,0,2,0,0,0,0,0,0,0,0,0,0,0,0,0,0,0,0,0,0,0,0,0,0,0,0,0,0,2,0,0,0,0,0,0,0,0,0,0,0,2,0,0,0,0,0,0,0,1,1,0,2,0,1,1,2,2,0,0,1,1,0,5.0,5.0
20,368,1,0,1,0,0,1,0,0,0,0,0,1,0,0,0,0,1,0,1,0,0,1,0,0,0,0,0,0,0,0,0,0,0,0,0,0,0,0,0,0,0,0,0,1,0,0,0,0,0,0,0,0,0,0,0,0,0,0,0,0,0,0,0,0,0,0,0,0,0,0,0,0,0,0,0,0,1,0,0,0,0,0,0,0,0,0,0,0,0,0,1,0,0,1,0,0,1,0,0,1,0,0,1,0,0,0,1,0,0,0,1,1,0,0,1,0,1,0,1,0,1,0,0,1,0,0,1,0,1,0,0,0,0,0,0,0,0,0,0,0,0,0,0,0,0,0,0,0,0,0,1,0,0,0,0,0,0,0,0,0,0,0,0,0,0,0,0,0,0,0,0,0,0,0,0,0,0,1,0,0,0,0,0,0,0,0,0,0,0,1,0,0,0,0,0,0,0,1,0,0,1,0,1,0,1,1,0,0,0,1,0,5.0,5.0
20,370,1,0,1,0,0,1,0,0,0,0,1,0,0,0,0,1,0,0,1,0,0,0,1,0,0,0,0,0,0,0,0,0,0,0,0,0,0,0,0,0,0,0,0,1,0,0,0,0,0,0,0,0,0,0,0,0,0,0,0,0,0,0,0,0,0,0,0,0,0,0,0,0,0,0,0,0,1,0,0,0,0,0,0,0,0,0,0,0,0,0,1,0,0,1,0,0,1,0,0,1,0,0,1,0,0,0,1,0,0,0,1,1,0,0,1,0,1,0,1,0,1,0,0,1,0,0,1,0,1,0,0,0,0,0,0,0,0,0,0,0,0,0,0,0,0,0,0,0,0,0,0,0,0,0,0,1,0,0,0,0,0,0,0,0,0,0,0,0,0,0,0,0,0,0,0,0,0,0,0,0,0,0,1,0,0,0,0,0,0,0,0,0,0,1,0,0,0,0,1,0,1,0,1,0,1,0,1,0,0,1,0,26.0,26.0
20,375,21,3,18,0,0,21,0,1,0,1,6,13,0,0,1,6,14,5,16,0,0,11,9,1,0,0,0,0,0,0,0,0,0,0,0,0,0,0,0,0,0,0,0,21,0,0,0,0,0,0,0,0,0,0,0,0,0,0,0,0,0,0,0,0,0,0,0,0,0,0,0,0,0,0,0,0,21,0,0,0,0,0,0,0,0,0,0,0,0,0,21,0,2,19,0,5,16,0,1,20,0,2,19,0,0,14,7,0,0,0,21,21,0,5,16,1,20,0,21,2,19,0,1,20,0,1,20,0,21,0,0,0,0,1,0,0,0,0,0,0,0,0,0,0,0,0,1,0,0,0,13,0,0,0,0,6,0,0,0,0,0,1,0,0,0,0,0,0,0,0,0,0,0,0,0,0,0,13,0,0,0,0,6,1,0,0,0,0,0,2,0,0,12,0,7,0,0,12,9,2,19,0,7,14,21,15,6,0,14,7,0,36.857142857142854,37.0
20,377,1,0,1,0,0,1,0,0,0,0,0,1,0,0,0,0,1,0,1,0,0,0,1,0,0,0,0,0,0,0,0,0,0,0,0,0,0,0,0,0,0,0,0,1,0,0,0,0,0,0,0,0,0,0,0,0,0,0,0,0,0,0,0,0,0,0,0,0,0,0,0,0,0,0,0,0,1,0,0,0,0,0,0,0,0,0,0,0,0,0,1,0,0,1,0,0,1,0,0,1,0,0,1,0,0,1,0,0,0,0,1,1,0,0,1,0,1,0,1,0,1,0,0,1,0,0,1,0,1,0,0,0,0,0,0,0,0,0,0,0,0,0,0,0,0,0,0,0,0,0,1,0,0,0,0,0,0,0,0,0,0,0,0,0,0,0,0,0,0,0,0,0,0,0,0,0,0,1,0,0,0,0,0,0,0,0,0,0,0,1,0,0,0,0,0,0,0,0,1,0,1,0,0,1,1,1,0,0,1,0,0,13.0,13.0
20,381,2,0,2,0,0,2,0,0,0,0,2,0,0,0,0,2,0,0,2,0,0,1,1,0,0,0,0,0,0,0,0,0,0,0,0,0,0,0,1,0,0,0,0,1,0,0,0,0,0,0,0,0,0,0,0,0,0,0,0,0,0,0,0,0,0,0,0,0,0,0,0,0,0,0,0,0,2,0,0,0,0,0,0,0,0,0,0,0,0,0,2,0,0,2,0,0,2,0,0,2,0,0,2,0,0,1,1,0,0,0,2,2,0,1,1,1,1,0,2,0,2,0,0,1,1,0,2,0,2,0,0,0,0,0,0,0,0,0,0,0,0,0,0,0,0,0,0,0,0,0,0,0,0,0,0,1,1,0,0,0,0,0,0,0,0,0,0,0,0,0,0,0,0,0,0,0,0,0,0,0,0,0,1,0,1,0,0,0,0,1,0,0,0,0,1,0,0,1,1,0,2,0,1,1,2,1,1,0,1,1,0,36.0,36.0
20,384,1,0,1,0,0,1,0,0,0,0,0,1,0,0,0,0,1,0,1,0,0,1,0,0,0,0,0,0,0,0,0,0,0,0,0,0,0,0,0,0,0,0,0,1,0,0,0,0,0,0,0,0,0,0,0,0,0,0,0,0,0,0,0,0,0,0,0,0,0,0,0,0,0,0,0,0,1,0,0,0,0,0,0,0,0,0,0,0,0,0,1,0,0,1,0,0,1,0,0,1,0,0,1,0,0,1,0,0,0,0,1,1,0,0,1,0,1,0,1,0,1,0,0,1,0,0,1,0,1,0,0,0,0,0,0,0,0,0,0,0,0,0,0,0,0,0,0,0,0,0,1,0,0,0,0,0,0,0,0,0,0,0,0,0,0,0,0,0,0,0,0,0,0,0,0,0,0,1,0,0,0,0,0,0,0,0,0,0,0,1,0,0,0,0,0,0,0,1,0,0,1,0,0,1,1,1,0,0,1,0,0,16.0,16.0
20,385,151,5,146,0,8,143,0,8,0,3,46,94,19,0,3,46,83,34,117,0,0,88,63,0,0,0,0,0,0,0,0,0,1,0,0,0,0,0,6,0,0,0,0,144,0,0,0,0,0,0,0,0,0,0,0,0,0,0,0,0,0,0,0,0,0,0,0,0,0,0,0,1,0,0,0,0,150,0,0,0,0,0,0,0,0,0,0,0,0,5,146,0,3,144,4,37,114,0,6,141,4,8,143,0,3,100,48,0,0,0,151,151,0,48,103,13,138,0,151,8,143,0,20,129,2,16,135,0,151,6,1,0,0,3,0,0,0,0,0,0,0,0,1,0,8,0,8,0,1,5,72,0,0,0,0,38,8,0,1,0,0,3,0,0,0,0,0,0,0,0,0,0,0,0,0,0,0,72,0,0,0,0,38,29,8,0,0,0,0,23,0,0,62,0,66,0,0,88,63,3,148,0,48,103,151,113,38,3,100,48,0,39.82781456953642,37.0
20,386,4,0,4,0,1,3,0,0,0,0,1,3,0,0,0,1,3,0,4,0,0,4,0,0,0,0,0,0,0,0,0,0,0,0,0,0,0,0,0,0,0,0,0,4,0,0,0,0,0,0,0,0,0,0,0,0,0,0,0,0,0,0,0,0,0,0,0,0,0,0,0,0,0,0,0,0,4,0,0,0,0,0,0,0,0,0,0,0,0,0,4,0,1,3,0,0,4,0,0,3,1,0,4,0,1,3,0,0,0,0,4,4,0,2,2,1,3,0,4,0,4,0,1,3,0,0,4,0,4,0,0,0,0,0,0,0,0,0,0,0,0,0,0,0,0,0,0,0,0,0,3,0,0,0,0,1,0,0,0,0,0,0,0,0,0,0,0,0,0,0,0,0,0,0,0,0,0,3,0,0,0,0,1,0,0,0,0,0,0,3,0,0,0,0,1,0,0,4,0,0,4,0,0,4,4,3,1,1,3,0,0,14.0,5.0
20,387,2,0,2,0,0,2,0,0,0,0,2,0,0,0,0,2,0,0,2,0,0,1,1,0,0,0,0,0,0,0,0,0,0,0,0,0,0,0,0,0,0,0,0,2,0,0,0,0,0,0,0,0,0,0,0,0,0,0,0,0,0,0,0,0,0,0,0,0,0,0,0,0,0,0,0,0,2,0,0,0,0,0,0,0,0,0,0,0,0,0,2,0,0,2,0,0,2,0,0,2,0,0,2,0,0,0,2,0,0,0,2,2,0,0,2,0,2,0,2,0,2,0,0,2,0,0,2,0,2,0,0,0,0,0,0,0,0,0,0,0,0,0,0,0,0,0,0,0,0,0,0,0,0,0,0,2,0,0,0,0,0,0,0,0,0,0,0,0,0,0,0,0,0,0,0,0,0,0,0,0,0,0,2,0,0,0,0,0,0,0,0,0,0,0,2,0,0,1,1,0,2,0,2,0,2,0,2,0,0,2,0,55.0,55.0
20,388,1,0,1,0,0,1,0,0,0,0,0,1,1,0,0,0,0,0,1,0,0,0,1,0,0,0,0,0,0,0,0,0,0,0,0,0,0,0,0,0,0,0,0,1,0,0,0,0,0,0,0,0,0,0,0,0,0,0,0,0,0,0,0,0,0,0,0,0,0,0,0,0,0,0,0,0,1,0,0,0,0,0,0,0,0,0,0,0,0,0,1,0,0,1,0,0,1,0,0,1,0,0,1,0,0,0,1,0,0,0,1,1,0,0,1,0,1,0,1,0,1,0,0,1,0,0,1,0,1,0,0,0,0,0,0,0,0,0,0,0,0,0,0,0,0,0,0,0,0,1,0,0,0,0,0,0,0,0,0,0,0,0,0,0,0,0,0,0,0,0,0,0,0,0,0,0,0,0,0,0,0,0,0,1,0,0,0,0,0,1,0,0,0,0,0,0,0,0,1,0,1,0,1,0,1,1,0,0,0,1,0,2.0,2.0
20,390,81,5,76,0,2,79,0,6,0,0,21,54,1,0,0,21,59,10,71,0,1,43,37,0,0,0,0,0,0,0,0,0,0,0,0,0,0,0,2,0,0,0,0,77,0,0,0,0,0,0,0,0,0,1,0,1,0,0,0,0,0,0,0,0,0,0,0,0,0,0,0,0,0,0,0,0,81,0,0,0,0,0,0,0,0,0,0,0,0,3,78,0,2,78,1,19,62,0,5,75,1,2,79,0,3,51,27,0,0,0,81,81,0,22,59,7,74,0,81,0,81,0,10,69,2,3,78,0,81,0,0,0,0,0,0,0,0,0,0,0,0,0,0,0,1,0,6,0,0,0,53,0,0,0,0,21,0,0,0,0,0,0,0,0,0,0,0,0,0,0,0,0,0,0,0,0,0,53,0,0,0,0,21,7,0,0,0,0,0,9,0,0,31,0,41,0,0,44,37,1,80,0,27,54,81,60,21,0,54,27,0,41.60493827160494,44.0
20,391,1,0,1,0,0,1,0,0,0,0,0,1,0,0,0,0,1,0,1,0,0,0,1,0,0,0,0,0,0,0,0,0,0,0,0,0,0,0,0,0,0,0,0,1,0,0,0,0,0,0,0,0,0,0,0,0,0,0,0,0,0,0,0,0,0,0,0,0,0,0,0,0,0,0,0,0,1,0,0,0,0,0,0,0,0,0,0,0,0,0,1,0,0,1,0,0,1,0,0,1,0,0,1,0,0,1,0,0,0,0,1,1,0,1,0,0,1,0,1,0,1,0,1,0,0,0,1,0,1,0,0,0,0,0,0,0,0,0,0,0,0,0,0,0,0,0,0,0,0,0,1,0,0,0,0,0,0,0,0,0,0,0,0,0,0,0,0,0,0,0,0,0,0,0,0,0,0,1,0,0,0,0,0,0,0,0,0,0,0,1,0,0,0,0,0,0,0,0,1,0,1,0,0,1,1,1,0,0,1,0,0,9.0,9.0
20,397,54,2,52,0,1,53,0,0,0,1,41,12,1,0,1,41,11,6,48,0,0,32,22,0,0,0,0,0,0,0,0,0,0,0,0,0,0,0,0,0,0,0,0,54,0,0,0,0,0,0,0,0,0,0,0,0,0,0,0,0,0,0,0,0,0,0,0,0,0,0,0,0,0,0,0,0,54,0,0,0,0,0,0,0,0,0,0,0,0,2,52,0,0,54,0,6,48,0,3,51,0,1,53,0,0,7,47,0,0,0,54,54,0,4,50,2,52,0,54,0,54,0,5,49,0,0,54,0,54,0,0,0,0,1,0,0,0,0,0,0,0,0,0,0,0,0,0,0,0,1,11,0,0,0,0,40,1,0,0,0,0,1,0,0,0,0,0,0,0,0,0,0,0,0,0,0,0,11,0,0,0,0,40,1,1,0,0,0,0,4,0,0,0,48,2,0,0,32,22,0,54,0,47,7,54,14,40,0,7,47,0,34.68518518518518,32.5
20,399,60,4,56,0,2,58,0,3,0,3,15,39,5,0,3,15,37,17,43,0,2,26,32,0,0,0,0,0,0,0,0,0,0,0,0,0,0,0,2,0,0,0,0,58,0,0,0,0,0,0,0,0,0,0,0,0,0,0,0,0,0,0,0,0,0,0,0,0,0,0,0,0,0,0,0,0,60,0,0,0,0,0,0,0,0,0,0,0,0,2,58,0,5,54,1,16,44,0,6,53,1,1,59,0,1,41,18,0,0,0,60,60,0,19,41,1,59,0,60,3,57,0,10,50,0,7,53,0,60,1,0,0,0,3,0,0,0,0,0,0,0,0,0,0,4,0,3,0,0,0,33,0,0,1,0,14,1,0,0,0,0,3,0,0,0,0,0,0,0,0,0,0,0,0,0,0,0,33,0,0,0,0,14,9,1,0,0,0,0,6,0,0,27,0,27,0,0,28,32,1,59,0,18,42,60,46,14,0,42,18,0,43.2,43.0
20,400,2,0,2,0,0,2,0,0,0,2,0,0,0,0,2,0,0,0,2,0,0,0,2,0,0,0,0,0,0,0,0,0,0,0,0,0,0,0,0,0,0,0,0,2,0,0,0,0,0,0,0,0,0,0,0,0,0,0,0,0,0,0,0,0,0,0,0,0,0,0,0,0,0,0,0,0,2,0,0,0,0,0,0,0,0,0,0,0,0,0,2,0,0,2,0,0,2,0,1,1,0,0,2,0,0,2,0,0,0,0,2,2,0,1,1,0,2,0,2,0,2,0,0,2,0,0,2,0,2,0,0,0,0,2,0,0,0,0,0,0,0,0,0,0,0,0,0,0,0,0,0,0,0,0,0,0,0,0,0,0,0,2,0,0,0,0,0,0,0,0,0,0,0,0,0,0,0,0,0,0,0,0,0,0,0,0,0,0,0,2,0,0,0,0,0,0,0,0,2,0,2,0,0,2,2,2,0,0,2,0,0,1.0,1.0
20,401,5,0,5,0,1,4,0,0,0,0,0,5,1,0,0,0,4,1,4,0,0,3,2,0,0,0,0,0,0,0,0,0,0,0,0,1,0,0,0,0,0,0,0,4,0,0,0,0,0,0,0,0,0,0,0,0,0,0,0,0,0,0,0,0,0,0,0,0,0,0,0,0,0,0,0,0,5,0,0,0,0,0,0,0,0,0,0,0,0,0,5,0,0,5,0,2,3,0,0,5,0,1,4,0,0,5,0,0,0,0,5,5,0,3,2,2,3,0,5,0,5,0,1,4,0,0,5,0,5,1,0,0,0,0,0,0,0,0,0,0,0,0,0,0,0,0,0,0,0,0,4,0,0,0,0,0,0,0,0,0,0,0,0,0,0,0,0,0,0,0,0,0,0,0,0,0,0,4,0,0,0,0,0,1,0,0,0,0,0,0,0,0,3,0,2,0,0,3,2,0,5,0,0,5,5,5,0,0,5,0,0,47.4,58.0
20,403,5,0,5,0,0,5,0,0,0,1,2,2,0,0,1,2,2,2,3,0,0,2,3,0,0,0,0,0,0,0,0,0,0,0,0,0,0,0,0,0,0,0,0,5,0,0,0,0,0,0,0,0,0,0,0,0,0,0,0,0,0,0,0,0,0,0,0,0,0,0,0,0,0,0,0,0,5,0,0,0,0,0,0,0,0,0,0,0,0,0,5,0,0,5,0,1,4,0,0,5,0,1,4,0,0,3,2,0,0,0,5,5,0,2,3,0,5,0,5,0,5,0,0,5,0,1,4,0,5,0,0,0,0,1,0,0,0,0,0,0,0,0,0,0,0,0,0,0,0,0,2,0,0,0,0,2,0,0,0,0,0,1,0,0,0,0,0,0,0,0,0,0,0,0,0,0,0,2,0,0,0,0,2,0,0,0,0,0,0,0,0,0,3,0,2,0,0,2,3,0,5,0,2,3,5,3,2,0,3,2,0,43.8,49.0
20,405,2,0,2,0,1,1,0,0,0,0,1,1,0,0,0,1,1,1,1,0,0,0,2,0,0,0,0,0,0,0,0,0,0,0,0,0,0,0,0,0,0,0,0,2,0,0,0,0,0,0,0,0,0,0,0,0,0,0,0,0,0,0,0,0,0,0,0,0,0,0,0,0,0,0,0,0,2,0,0,0,0,0,0,0,0,0,0,0,0,1,1,0,0,2,0,1,1,0,0,2,0,0,2,0,0,2,0,0,0,0,2,2,0,1,1,0,2,0,2,0,2,0,0,1,1,1,1,0,2,0,0,0,0,0,0,0,0,0,0,0,0,0,0,0,0,0,0,0,0,0,1,0,0,0,0,1,0,0,0,0,0,0,0,0,0,0,0,0,0,0,0,0,0,0,0,0,0,1,0,0,0,0,1,0,0,0,0,0,0,1,0,0,0,0,1,0,0,0,2,0,2,0,0,2,2,1,1,0,2,0,0,36.0,36.0
20,406,1,0,1,0,0,1,0,0,0,0,0,1,0,0,0,0,1,0,1,0,0,1,0,0,0,0,0,0,0,0,0,0,0,0,0,0,0,0,0,0,0,0,0,1,0,0,0,0,0,0,0,0,0,0,0,0,0,0,0,0,0,0,0,0,0,0,0,0,0,0,0,0,0,0,0,0,1,0,0,0,0,0,0,0,0,0,0,0,0,0,1,0,0,1,0,0,1,0,0,1,0,0,1,0,0,1,0,0,0,0,1,1,0,0,1,0,1,0,1,0,1,0,0,1,0,0,1,0,1,0,0,0,0,0,0,0,0,0,0,0,0,0,0,0,0,0,0,0,0,0,1,0,0,0,0,0,0,0,0,0,0,0,0,0,0,0,0,0,0,0,0,0,0,0,0,0,0,1,0,0,0,0,0,0,0,0,0,0,0,1,0,0,0,0,0,0,0,1,0,0,1,0,0,1,1,1,0,0,1,0,0,2.0,2.0
20,407,1,0,1,0,0,1,0,0,0,0,0,1,1,0,0,0,0,0,1,0,0,0,1,0,0,0,0,0,0,0,0,0,0,0,0,0,0,0,1,0,0,0,0,0,0,0,0,0,0,0,0,0,0,0,0,0,0,0,0,0,0,0,0,0,0,1,0,0,0,0,0,0,0,0,0,0,0,0,0,0,0,0,0,0,0,0,0,0,0,0,1,0,0,1,0,1,0,0,0,1,0,1,0,0,0,0,1,0,0,0,1,1,0,0,1,0,1,0,1,1,0,0,1,0,0,1,0,0,1,1,0,0,0,0,0,0,0,0,0,0,0,0,0,0,0,0,0,0,0,0,0,0,0,0,0,0,0,0,0,0,0,0,0,0,0,0,0,0,0,0,0,0,0,0,0,0,0,0,0,0,0,0,0,1,0,0,0,1,0,0,0,0,0,0,0,0,0,0,1,0,1,0,1,0,1,1,0,0,0,1,0,35.0,35.0
20,409,11,0,11,0,0,11,0,1,0,0,9,1,0,0,0,9,2,3,8,0,0,7,4,0,0,0,0,0,0,0,0,0,0,0,0,0,0,0,1,0,0,0,0,10,0,0,0,0,0,0,0,0,0,0,0,0,0,0,0,0,0,0,0,0,0,0,0,0,0,1,0,0,0,0,0,0,10,0,0,0,0,0,0,0,0,0,0,0,0,0,11,0,0,11,0,4,7,0,0,11,0,0,11,0,0,2,9,0,0,0,11,11,0,0,11,0,11,0,11,0,11,0,0,11,0,1,10,0,11,0,0,0,0,0,0,0,0,0,0,0,0,0,0,0,0,0,1,0,0,0,1,0,0,0,0,8,1,0,0,0,0,0,0,0,0,0,0,0,0,0,0,0,0,0,0,0,0,1,0,0,0,0,8,1,1,0,0,0,0,0,0,0,2,0,9,0,0,7,4,0,11,0,9,2,11,3,8,0,2,9,0,41.36363636363637,44.0
20,413,195,2,193,0,2,193,0,13,0,1,146,35,10,0,1,146,38,7,188,0,0,102,93,0,1,0,0,0,0,0,3,1,10,0,0,3,0,2,2,0,0,0,0,167,2,0,0,1,0,0,0,0,0,2,0,0,1,0,0,0,0,0,0,0,0,1,0,0,0,0,0,0,0,0,0,0,194,0,0,0,0,0,0,0,0,0,0,0,0,1,194,0,0,194,1,10,185,0,1,193,1,6,189,0,1,21,173,0,0,0,195,194,1,10,185,2,193,0,195,5,190,0,7,188,0,2,193,0,195,6,0,0,0,1,0,0,0,0,0,0,0,0,0,0,1,0,13,0,0,2,26,0,0,0,0,145,1,1,0,0,0,1,0,0,0,0,0,0,0,0,0,0,0,0,0,0,0,26,0,0,0,0,145,21,1,0,0,0,0,7,0,0,185,0,3,0,0,102,93,0,195,0,173,22,195,50,145,0,22,173,0,32.56923076923077,29.0
20,417,8,0,8,0,0,8,0,0,0,4,1,3,0,0,4,1,3,5,3,0,0,3,5,0,0,0,0,0,0,0,0,0,0,0,0,0,0,0,0,0,0,0,1,7,0,0,0,0,0,0,0,0,0,0,0,0,0,0,0,0,0,0,0,0,0,0,0,0,0,0,0,0,0,0,0,0,8,0,0,0,0,0,0,0,0,0,0,0,0,0,8,0,4,4,0,3,5,0,6,2,0,0,8,0,1,6,1,0,0,0,8,8,0,0,8,1,7,0,8,0,8,0,3,5,0,2,6,0,8,0,0,0,0,4,0,0,0,0,0,0,0,0,0,0,0,0,0,0,0,0,3,0,0,0,0,1,0,0,0,0,0,4,0,0,0,0,0,0,0,0,0,0,0,0,0,0,0,3,0,0,0,0,1,0,0,0,0,0,0,8,0,0,0,0,0,0,0,3,5,0,8,0,1,7,8,7,1,0,7,1,0,46.0,57.0
20,418,3,0,3,0,0,3,0,0,0,1,0,2,0,0,1,0,2,1,2,0,0,3,0,0,0,0,0,0,0,0,0,0,0,0,0,0,0,0,1,0,0,0,0,2,0,0,0,0,0,0,0,0,0,0,0,0,0,0,0,0,0,0,0,0,0,0,0,0,0,0,0,0,0,0,0,0,3,0,0,0,0,0,0,0,0,0,0,0,0,0,3,0,0,3,0,0,3,0,0,3,0,0,3,0,0,3,0,0,0,0,3,3,0,2,1,1,2,0,3,0,3,0,1,2,0,0,3,0,3,0,0,0,0,1,0,0,0,0,0,0,0,0,0,0,0,0,0,0,0,0,2,0,0,0,0,0,0,0,0,0,0,1,0,0,0,0,0,0,0,0,0,0,0,0,0,0,0,2,0,0,0,0,0,0,0,0,0,0,0,0,0,0,1,0,2,0,0,3,0,0,3,0,0,3,3,3,0,0,3,0,0,30.0,36.0
20,421,1,0,1,0,0,1,0,0,0,0,0,1,0,0,0,0,1,1,0,0,0,1,0,0,0,0,0,0,0,0,0,0,0,0,0,0,0,0,0,0,0,0,0,1,0,0,0,0,0,0,0,0,0,0,0,0,0,0,0,0,0,0,0,0,0,0,0,0,0,0,0,0,0,0,0,0,1,0,0,0,0,0,0,0,0,0,0,0,0,0,1,0,1,0,0,1,0,0,1,0,0,0,1,0,0,1,0,0,0,0,1,1,0,1,0,0,1,0,1,0,1,0,0,1,0,1,0,0,1,0,0,0,0,0,0,0,0,0,0,0,0,0,0,0,0,0,0,0,0,0,1,0,0,0,0,0,0,0,0,0,0,0,0,0,0,0,0,0,0,0,0,0,0,0,0,0,0,1,0,0,0,0,0,0,0,0,0,0,0,0,0,0,1,0,0,0,0,1,0,0,1,0,0,1,1,1,0,0,1,0,0,59.0,59.0
20,423,1,0,1,0,0,1,0,0,0,0,0,1,0,0,0,0,1,0,1,0,0,1,0,0,0,0,0,0,0,0,0,0,0,0,0,0,0,0,0,0,0,0,0,1,0,0,0,0,0,0,0,0,0,0,0,0,0,0,0,0,0,0,0,0,0,0,0,0,0,0,0,0,0,0,0,0,1,0,0,0,0,0,0,0,0,0,0,0,0,0,1,0,0,1,0,0,1,0,0,1,0,0,1,0,0,1,0,0,0,0,1,1,0,0,1,0,1,0,1,0,1,0,0,1,0,0,1,0,1,0,0,0,0,0,0,0,0,0,0,0,0,0,0,0,0,0,0,0,0,0,1,0,0,0,0,0,0,0,0,0,0,0,0,0,0,0,0,0,0,0,0,0,0,0,0,0,0,1,0,0,0,0,0,0,0,0,0,0,0,1,0,0,0,0,0,0,0,1,0,0,1,0,0,1,1,1,0,0,1,0,0,13.0,13.0
20,426,2,0,2,0,0,2,0,0,0,0,0,2,0,0,0,0,2,0,2,0,0,0,2,0,0,0,0,0,0,0,0,0,0,0,0,0,0,0,0,0,0,0,0,2,0,0,0,0,0,0,0,0,0,0,0,0,0,0,0,0,0,0,0,0,0,0,0,0,0,0,0,0,0,0,0,0,2,0,0,0,0,0,0,0,0,0,0,0,0,0,2,0,0,2,0,0,2,0,0,2,0,0,2,0,1,1,0,0,0,0,2,2,0,2,0,0,2,0,2,0,2,0,0,1,1,0,2,0,2,0,0,0,0,0,0,0,0,0,0,0,0,0,0,0,0,0,0,0,0,0,2,0,0,0,0,0,0,0,0,0,0,0,0,0,0,0,0,0,0,0,0,0,0,0,0,0,0,2,0,0,0,0,0,0,0,0,0,0,0,2,0,0,0,0,0,0,0,0,2,1,1,0,0,2,2,2,0,0,2,0,0,73.0,73.0
20,428,1,0,1,0,0,1,0,1,0,0,0,0,0,0,0,0,1,1,0,0,0,1,0,0,0,0,0,0,0,0,0,0,0,0,0,0,0,0,0,0,0,0,0,1,0,0,0,0,0,0,0,0,0,0,0,0,0,0,0,0,0,0,0,0,0,1,0,0,0,0,0,0,0,0,0,0,0,0,0,0,0,0,0,0,0,0,0,0,0,0,1,0,0,1,0,0,1,0,0,1,0,1,0,0,0,0,1,0,0,0,1,1,0,0,1,0,1,0,1,1,0,0,0,0,1,0,1,0,1,0,0,0,0,0,0,0,0,0,0,0,0,0,0,0,0,0,1,0,0,0,0,0,0,0,0,0,0,0,0,0,0,0,0,0,0,0,0,0,0,0,0,0,0,0,0,0,0,0,0,0,0,0,0,1,0,0,0,1,0,0,0,0,0,0,0,0,0,1,0,0,1,0,1,0,1,1,0,0,0,1,0,42.0,42.0
20,431,3,0,3,0,0,3,0,0,0,0,2,1,0,0,0,2,1,1,2,0,0,2,1,0,0,0,0,0,0,0,0,0,0,0,0,0,0,0,0,0,0,0,0,3,0,0,0,0,0,0,0,0,0,0,0,0,0,0,0,0,0,0,0,0,0,0,0,0,0,0,0,0,0,0,0,0,0,3,0,0,0,0,0,0,0,0,0,0,0,0,3,0,0,3,0,1,2,0,0,3,0,0,3,0,0,2,1,0,0,0,3,3,0,2,1,1,2,0,3,0,3,0,2,1,0,0,3,0,3,0,0,0,0,0,0,0,0,0,0,0,0,0,0,0,0,0,0,0,0,0,1,0,0,0,0,2,0,0,0,0,0,0,0,0,0,0,0,0,0,0,0,0,0,0,0,0,0,1,0,0,0,0,2,0,0,0,0,0,0,2,0,0,0,0,1,0,0,2,1,0,3,0,1,2,3,1,2,0,2,1,0,58.666666666666664,57.0
20,436,1,0,1,0,0,1,0,1,0,0,0,0,0,0,0,0,1,0,1,0,0,1,0,0,0,0,0,0,0,0,0,0,0,0,0,0,0,0,0,0,0,0,0,1,0,0,0,0,0,0,0,0,0,0,0,0,0,0,0,0,0,0,0,0,0,0,0,0,0,0,0,0,0,0,0,0,1,0,0,0,0,0,0,0,0,0,0,0,0,0,1,0,0,1,0,0,1,0,0,1,0,0,1,0,0,1,0,0,0,0,1,1,0,0,1,0,1,0,1,0,1,0,0,1,0,0,1,0,1,0,0,0,0,0,0,0,0,0,0,0,0,0,0,0,0,0,1,0,0,0,0,0,0,0,0,0,0,0,0,0,0,0,0,0,0,0,0,0,0,0,0,0,0,0,0,0,0,0,0,0,0,0,0,1,0,0,0,0,0,1,0,0,0,0,0,0,0,1,0,0,1,0,0,1,1,1,0,0,1,0,0,1.0,1.0
20,439,10,0,10,0,0,10,0,0,0,1,0,9,1,0,1,0,8,0,10,0,0,4,6,0,0,0,0,0,0,0,0,0,0,0,0,0,0,0,0,0,0,0,0,9,0,0,0,0,0,0,0,0,0,0,0,0,1,0,0,0,0,0,0,0,0,0,0,0,0,0,0,0,0,0,0,0,10,0,0,0,0,0,0,0,0,0,0,0,0,0,10,0,0,10,0,0,10,0,0,10,0,1,9,0,1,8,1,0,0,1,9,9,1,4,6,1,9,0,10,1,9,0,1,9,0,0,10,0,10,0,0,0,1,1,0,0,0,0,0,0,0,0,0,0,0,0,0,0,0,0,8,0,0,0,0,0,0,0,0,0,0,1,0,0,0,0,0,0,0,0,0,0,0,0,0,0,0,8,0,0,0,0,0,1,0,0,0,0,0,8,0,0,2,0,0,0,0,4,6,0,10,0,1,9,10,10,0,0,9,1,0,21.4,6.5
20,441,1,0,1,0,0,1,0,0,0,0,0,1,0,0,0,0,1,0,1,0,0,1,0,0,0,0,0,0,0,0,0,0,0,0,0,0,0,0,0,0,0,0,0,1,0,0,0,0,0,0,0,0,0,0,0,0,0,0,0,0,0,0,0,0,0,0,0,0,0,0,0,0,0,0,0,0,1,0,0,0,0,0,0,0,0,0,0,0,0,0,1,0,0,1,0,0,1,0,0,1,0,0,1,0,1,0,0,0,0,0,1,1,0,1,0,0,1,0,1,0,1,0,0,1,0,0,1,0,1,0,0,0,0,0,0,0,0,0,0,0,0,0,0,0,0,0,0,0,0,0,1,0,0,0,0,0,0,0,0,0,0,0,0,0,0,0,0,0,0,0,0,0,0,0,0,0,0,1,0,0,0,0,0,0,0,0,0,0,0,1,0,0,0,0,0,0,0,1,0,0,1,0,0,1,1,1,0,1,0,0,0,3.0,3.0
20,443,2,0,2,0,0,2,0,0,0,0,0,2,0,0,0,0,2,2,0,0,0,2,0,0,0,0,0,0,0,0,0,0,0,0,0,0,0,0,0,0,0,0,0,2,0,0,0,0,0,0,0,0,0,0,0,0,0,0,0,0,0,0,0,0,0,0,0,0,0,0,0,0,0,0,0,0,2,0,0,0,0,0,0,0,0,0,0,0,0,0,2,0,1,1,0,2,0,0,0,2,0,1,1,0,0,2,0,0,0,0,2,2,0,1,1,0,2,0,2,0,2,0,0,2,0,0,2,0,2,0,0,0,0,0,0,0,0,0,0,0,0,0,0,0,0,0,0,0,0,0,2,0,0,0,0,0,0,0,0,0,0,0,0,0,0,0,0,0,0,0,0,0,0,0,0,0,0,2,0,0,0,0,0,0,0,0,0,0,0,0,0,0,2,0,0,0,0,2,0,0,2,0,0,2,2,2,0,0,2,0,0,75.0,75.0
20,447,1,0,1,0,1,0,0,0,0,0,0,1,0,0,0,0,1,0,1,0,0,1,0,0,0,0,0,0,0,0,0,0,0,0,0,0,0,0,0,0,0,0,0,1,0,0,0,0,0,0,0,0,0,0,0,0,0,0,0,0,0,0,0,0,0,0,0,0,0,0,0,0,0,0,0,0,1,0,0,0,0,0,0,0,0,0,0,0,0,0,1,0,0,1,0,1,0,0,0,1,0,0,1,0,0,1,0,0,0,0,1,1,0,1,0,1,0,0,1,0,1,0,0,1,0,0,1,0,1,0,0,0,0,0,0,0,0,0,0,0,0,0,0,0,0,0,0,0,0,0,1,0,0,0,0,0,0,0,0,0,0,0,0,0,0,0,0,0,0,0,0,0,0,0,0,0,0,1,0,0,0,0,0,0,0,0,0,0,0,0,0,0,0,0,1,0,0,1,0,0,1,0,0,1,1,1,0,0,1,0,0,81.0,81.0
20,450,2,0,2,0,0,2,0,0,0,0,0,2,0,0,0,0,2,1,1,0,0,0,2,0,0,0,0,0,0,0,0,0,0,0,0,0,0,0,0,0,0,0,0,2,0,0,0,0,0,0,0,0,0,0,0,0,0,0,0,0,0,0,0,0,0,0,0,0,0,0,0,0,0,0,0,0,2,0,0,0,0,0,0,0,0,0,0,0,0,0,2,0,0,2,0,0,2,0,0,2,0,0,2,0,0,2,0,0,0,0,2,2,0,2,0,0,2,0,2,0,2,0,0,2,0,0,2,0,2,0,0,0,0,0,0,0,0,0,0,0,0,0,0,0,0,0,0,0,0,0,2,0,0,0,0,0,0,0,0,0,0,0,0,0,0,0,0,0,0,0,0,0,0,0,0,0,0,2,0,0,0,0,0,0,0,0,0,0,0,1,0,0,0,0,1,0,0,0,2,0,2,0,0,2,2,2,0,0,2,0,0,33.0,33.0
20,452,1,0,1,0,0,1,0,0,0,0,0,1,0,0,0,0,1,0,1,0,0,0,1,0,0,0,0,0,0,0,0,0,0,0,0,0,0,0,0,0,0,0,0,1,0,0,0,0,0,0,0,0,0,0,0,0,0,0,0,0,0,0,0,0,0,0,0,0,0,0,0,0,0,0,0,0,1,0,0,0,0,0,0,0,0,0,0,0,0,0,1,0,0,1,0,0,1,0,0,1,0,0,1,0,0,1,0,0,0,0,1,1,0,1,0,0,1,0,1,0,1,0,0,1,0,0,1,0,1,0,0,0,0,0,0,0,0,0,0,0,0,0,0,0,0,0,0,0,0,0,1,0,0,0,0,0,0,0,0,0,0,0,0,0,0,0,0,0,0,0,0,0,0,0,0,0,0,1,0,0,0,0,0,0,0,0,0,0,0,1,0,0,0,0,0,0,0,0,1,0,1,0,0,1,1,1,0,0,1,0,0,1.0,1.0
20,455,2,0,2,0,0,2,0,0,0,0,1,1,1,0,0,1,0,0,2,0,0,1,1,0,0,0,0,0,0,0,0,0,0,0,0,0,0,0,0,0,0,0,0,2,0,0,0,0,0,0,0,0,0,0,0,0,0,0,0,0,0,0,0,0,0,0,0,0,0,0,0,0,0,0,0,0,2,0,0,0,0,0,0,0,0,0,0,0,0,0,2,0,0,2,0,0,2,0,0,2,0,0,2,0,1,1,0,0,0,0,2,2,0,2,0,0,2,0,2,0,2,0,0,0,2,0,2,0,2,0,0,0,0,0,0,0,0,0,0,0,0,0,0,0,0,0,0,0,0,1,0,0,0,0,0,0,1,0,0,0,0,0,0,0,0,0,0,0,0,0,0,0,0,0,0,0,0,0,0,0,0,0,0,1,1,0,0,0,0,2,0,0,0,0,0,0,0,1,1,0,2,0,0,2,2,2,0,1,1,0,0,12.5,12.5
20,458,1,0,1,0,0,1,0,0,0,0,1,0,0,0,0,1,0,0,1,0,0,0,1,0,0,0,0,0,0,0,0,0,0,0,0,0,0,0,1,0,0,0,0,0,0,0,0,0,0,0,0,0,0,0,0,0,0,0,0,0,0,0,0,0,0,0,0,0,0,0,0,0,0,0,0,0,1,0,0,0,0,0,0,0,0,0,0,0,0,0,1,0,0,1,0,0,1,0,0,1,0,0,1,0,0,1,0,0,0,0,1,1,0,1,0,0,1,0,1,0,1,0,0,1,0,0,1,0,1,0,0,0,0,0,0,0,0,0,0,0,0,0,0,0,0,0,0,0,0,0,0,0,0,0,0,1,0,0,0,0,0,0,0,0,0,0,0,0,0,0,0,0,0,0,0,0,0,0,0,0,0,0,1,0,0,0,0,0,0,0,0,0,0,0,1,0,0,0,1,0,1,0,0,1,1,0,1,0,1,0,0,52.0,52.0
20,459,5,0,5,0,0,5,0,0,0,1,2,2,0,0,1,2,2,1,4,0,0,0,5,0,0,0,0,0,0,0,0,0,0,0,0,0,0,0,0,0,0,0,0,3,2,0,0,0,0,0,0,0,0,0,0,0,0,0,0,0,0,0,0,0,0,0,0,0,0,0,0,0,0,0,0,0,0,5,0,0,0,0,0,0,0,0,0,0,0,0,5,0,2,3,0,1,4,0,2,3,0,0,5,0,0,3,2,0,0,0,5,5,0,2,3,0,5,0,5,0,5,0,0,5,0,0,5,0,5,0,0,0,0,1,0,0,0,0,0,0,0,0,0,0,0,0,0,0,0,0,2,0,0,0,0,2,0,0,0,0,0,1,0,0,0,0,0,0,0,0,0,0,0,0,0,0,0,2,0,0,0,0,2,0,0,0,0,0,0,5,0,0,0,0,0,0,0,0,5,0,5,0,2,3,5,3,2,0,3,2,0,31.8,1.0
20,462,3,0,3,0,0,3,0,0,0,0,2,1,1,0,0,2,0,0,3,0,0,2,1,0,0,0,0,0,0,0,0,0,0,0,0,0,0,0,0,0,0,0,0,3,0,0,0,0,0,0,0,0,0,0,0,0,0,0,0,0,0,0,0,0,0,0,0,0,0,0,0,0,0,0,0,0,3,0,0,0,0,0,0,0,0,0,0,0,0,0,3,0,0,3,0,0,3,0,1,2,0,0,3,0,0,3,0,0,0,0,3,3,0,2,1,0,3,0,3,0,3,0,0,2,1,0,3,0,3,0,0,0,0,0,0,0,0,0,0,0,0,0,0,0,1,0,0,0,0,0,0,0,0,0,0,1,1,0,0,0,0,0,0,0,0,0,0,0,0,0,0,0,0,0,0,0,0,0,0,0,0,0,1,1,1,0,0,0,0,3,0,0,0,0,0,0,0,2,1,0,3,0,0,3,3,2,1,0,3,0,0,39.333333333333336,31.0
20,466,2,0,2,0,1,1,0,1,0,0,0,1,0,0,0,0,2,0,2,0,0,2,0,0,0,0,0,0,0,0,0,0,0,0,0,0,0,0,0,0,0,0,0,2,0,0,0,0,0,0,0,0,0,0,0,0,0,0,0,0,0,0,0,0,0,0,0,0,0,0,0,0,0,0,0,0,2,0,0,0,0,0,0,0,0,0,0,0,0,0,2,0,0,2,0,1,1,0,0,2,0,0,2,0,0,2,0,0,0,0,2,2,0,1,1,0,2,0,2,1,1,0,1,1,0,0,2,0,2,0,0,0,0,0,0,0,0,0,0,0,0,0,0,0,0,0,1,0,0,0,1,0,0,0,0,0,0,0,0,0,0,0,0,0,0,0,0,0,0,0,0,0,0,0,0,0,0,1,0,0,0,0,0,1,0,0,0,0,0,2,0,0,0,0,0,0,0,2,0,0,2,0,0,2,2,2,0,0,2,0,0,4.0,4.0
20,468,9,0,9,0,1,8,0,0,0,4,0,5,0,0,4,0,5,3,6,0,0,3,6,0,0,0,0,0,0,0,0,0,0,0,0,0,0,0,0,0,0,0,0,9,0,0,0,0,0,0,0,0,0,0,0,0,0,0,0,0,0,0,0,0,0,0,0,0,0,0,0,0,0,0,0,0,9,0,0,0,0,0,0,0,0,0,0,0,0,1,8,0,7,2,0,3,6,0,8,1,0,0,9,0,0,8,1,0,0,0,9,9,0,4,5,1,8,0,9,0,9,0,1,8,0,1,8,0,9,0,0,0,0,4,0,0,0,0,0,0,0,0,0,0,0,0,0,0,0,0,5,0,0,0,0,0,0,0,0,0,0,4,0,0,0,0,0,0,0,0,0,0,0,0,0,0,0,5,0,0,0,0,0,0,0,0,0,0,0,9,0,0,0,0,0,0,0,3,6,0,9,0,1,8,9,9,0,0,8,1,0,37.77777777777778,20.0
20,469,6,0,6,0,0,6,0,0,0,0,1,5,0,0,0,1,5,1,5,0,0,3,3,0,0,0,0,0,0,0,0,0,0,0,0,0,0,0,0,0,0,0,0,6,0,0,0,0,0,0,0,0,0,0,0,0,0,0,0,0,0,0,0,0,0,0,0,0,0,0,0,0,0,0,0,0,6,0,0,0,0,0,0,0,0,0,0,0,0,0,6,0,0,6,0,1,5,0,0,6,0,0,6,0,0,4,2,0,0,0,6,6,0,1,5,1,5,0,6,1,5,0,1,5,0,0,6,0,6,0,0,0,0,0,0,0,0,0,0,0,0,0,0,0,0,0,0,0,0,0,5,0,0,0,0,1,0,0,0,0,0,0,0,0,0,0,0,0,0,0,0,0,0,0,0,0,0,5,0,0,0,0,1,0,0,0,0,0,0,1,0,0,2,1,2,0,0,3,3,0,6,0,2,4,6,5,1,0,4,2,0,45.0,42.5
20,475,1,0,1,0,0,1,0,0,0,0,0,1,0,0,0,0,1,0,1,0,0,1,0,0,0,0,0,0,0,0,0,0,0,0,0,0,0,0,0,0,0,0,0,1,0,0,0,0,0,0,0,0,0,0,0,0,0,0,0,0,0,0,0,0,0,0,0,0,0,0,0,0,0,0,0,0,1,0,0,0,0,0,0,0,0,0,0,0,0,0,1,0,0,1,0,0,1,0,0,1,0,0,1,0,0,1,0,0,0,0,1,1,0,0,1,0,1,0,1,0,1,0,0,1,0,0,1,0,1,0,0,0,0,0,0,0,0,0,0,0,0,0,0,0,0,0,0,0,0,0,1,0,0,0,0,0,0,0,0,0,0,0,0,0,0,0,0,0,0,0,0,0,0,0,0,0,0,1,0,0,0,0,0,0,0,0,0,0,0,1,0,0,0,0,0,0,0,1,0,0,1,0,0,1,1,1,0,0,1,0,0,11.0,11.0
20,476,1,0,1,0,0,1,0,0,0,0,1,0,0,0,0,1,0,0,1,0,0,0,1,0,0,0,0,0,0,0,0,0,0,0,0,0,0,0,0,0,0,0,0,1,0,0,0,0,0,0,0,0,0,0,0,0,0,0,0,0,0,0,0,0,0,0,0,0,0,0,0,0,0,0,0,0,1,0,0,0,0,0,0,0,0,0,0,0,0,0,1,0,0,1,0,1,0,0,0,1,0,0,1,0,0,1,0,0,0,0,1,1,0,1,0,0,1,0,1,0,1,0,0,1,0,0,1,0,1,0,0,0,0,0,0,0,0,0,0,0,0,0,0,0,0,0,0,0,0,0,0,0,0,0,0,0,1,0,0,0,0,0,0,0,0,0,0,0,0,0,0,0,0,0,0,0,0,0,0,0,0,0,0,0,1,0,0,0,0,0,0,0,0,0,1,0,0,0,1,0,1,0,0,1,1,1,0,0,1,0,0,71.0,71.0
20,482,3,1,2,0,0,3,0,0,0,0,0,3,0,0,0,0,3,1,2,0,0,1,2,0,0,0,0,0,0,0,0,0,0,0,0,0,0,0,0,0,0,0,0,3,0,0,0,0,0,0,0,0,0,0,0,0,0,0,0,0,0,0,0,0,0,1,0,0,0,0,0,0,0,0,0,0,2,0,0,0,0,0,0,0,0,0,0,0,0,0,3,0,0,3,0,1,2,0,0,3,0,0,3,0,0,3,0,0,0,0,3,3,0,2,1,0,3,0,3,1,2,0,0,3,0,0,3,0,3,0,0,0,0,0,0,0,0,0,0,1,0,0,0,0,0,0,0,0,0,0,2,0,0,0,0,0,0,0,0,0,0,0,0,0,0,0,0,0,0,0,0,0,0,0,0,0,0,2,0,0,0,0,0,1,0,0,0,1,0,0,0,0,2,0,0,0,0,1,2,0,3,0,0,3,3,3,0,0,3,0,0,36.666666666666664,41.0
20,483,7,0,7,0,0,7,0,1,0,0,1,5,1,0,0,1,5,3,4,0,1,3,3,0,0,0,0,0,0,0,0,0,0,0,0,0,0,0,0,0,0,0,0,7,0,0,0,0,0,0,0,0,0,0,0,0,0,0,0,0,0,0,0,0,0,0,0,0,0,0,0,0,0,0,0,0,7,0,0,0,0,0,0,0,0,0,0,0,0,0,7,0,0,7,0,2,5,0,0,7,0,0,7,0,1,5,1,0,0,0,7,7,0,2,5,1,6,0,7,1,6,0,0,7,0,0,7,0,7,1,0,0,0,0,0,0,0,0,0,0,0,0,0,0,0,0,1,0,0,0,3,0,0,1,0,0,1,0,0,0,0,0,0,0,0,0,0,0,0,0,0,0,0,0,0,0,0,3,0,0,0,0,0,3,1,0,0,0,0,1,0,0,5,0,1,0,0,4,3,0,7,0,1,6,7,7,0,0,6,1,0,27.285714285714285,26.0
20,484,5,0,5,0,0,5,0,0,0,0,0,5,0,0,0,0,5,0,5,0,0,1,4,0,0,0,0,0,0,0,0,0,0,0,0,0,0,0,0,0,0,0,0,5,0,0,0,0,0,0,0,0,0,0,0,0,0,0,0,0,0,0,0,0,0,1,0,0,0,0,0,0,0,0,0,0,4,0,0,0,0,0,0,0,0,0,0,0,0,0,5,0,0,5,0,0,5,0,0,5,0,0,5,0,0,5,0,0,0,0,5,5,0,2,3,0,5,0,5,1,4,0,1,4,0,0,5,0,5,0,0,0,0,0,0,0,0,0,0,0,0,0,1,0,0,0,0,0,0,0,4,0,0,0,0,0,0,0,0,0,0,0,0,0,0,0,0,0,0,0,0,0,0,0,0,0,0,4,0,0,0,0,0,1,0,0,0,1,0,4,0,0,0,0,0,0,0,1,4,0,5,0,0,5,5,5,0,0,5,0,0,13.4,16.0
20,487,3,0,3,0,1,2,0,0,0,0,0,3,0,0,0,0,3,2,1,0,0,2,1,0,0,0,0,0,0,0,0,0,0,0,0,0,0,0,0,0,0,0,0,3,0,0,0,0,0,0,0,0,0,0,0,0,0,0,0,0,0,0,0,0,0,0,0,0,0,0,0,0,0,0,0,0,3,0,0,0,0,0,0,0,0,0,0,0,0,1,2,0,0,3,0,3,0,0,0,3,0,0,3,0,0,2,1,0,0,0,3,3,0,0,3,0,3,0,3,0,3,0,1,2,0,0,3,0,3,0,0,0,0,0,0,0,0,0,0,0,0,0,0,0,0,0,0,0,0,0,3,0,0,0,0,0,0,0,0,0,0,0,0,0,0,0,0,0,0,0,0,0,0,0,0,0,0,3,0,0,0,0,0,0,0,0,0,0,0,0,0,0,1,0,2,0,0,2,1,0,3,0,1,2,3,3,0,0,2,1,0,69.66666666666667,69.0
20,491,1,0,1,0,0,1,0,0,0,0,0,1,0,0,0,0,1,0,1,0,0,1,0,0,0,0,0,0,0,0,0,0,0,0,0,0,0,0,0,0,0,0,0,1,0,0,0,0,0,0,0,0,0,0,0,0,0,0,0,0,0,0,0,0,0,0,0,0,0,0,0,0,0,0,0,0,1,0,0,0,0,0,0,0,0,0,0,0,0,0,1,0,0,1,0,0,1,0,0,1,0,0,1,0,0,1,0,0,0,0,1,1,0,0,1,0,1,0,1,0,1,0,0,1,0,0,1,0,1,0,0,0,0,0,0,0,0,0,0,0,0,0,0,0,0,0,0,0,0,0,1,0,0,0,0,0,0,0,0,0,0,0,0,0,0,0,0,0,0,0,0,0,0,0,0,0,0,1,0,0,0,0,0,0,0,0,0,0,0,1,0,0,0,0,0,0,0,1,0,0,1,0,0,1,1,1,0,0,1,0,0,3.0,3.0
20,494,5,0,5,0,0,5,0,0,0,0,1,4,0,0,0,1,4,1,4,0,0,3,2,0,0,0,0,0,0,0,0,0,0,0,0,0,0,0,0,0,0,0,0,5,0,0,0,0,0,0,0,0,0,0,0,0,0,0,0,0,0,0,0,0,0,0,0,0,0,0,0,0,0,0,0,0,4,0,0,0,0,0,0,0,0,0,0,0,1,0,5,0,0,5,0,0,5,0,0,5,0,1,4,0,0,3,2,0,0,0,5,5,0,3,2,0,5,0,5,0,5,0,2,3,0,0,5,0,5,0,0,0,0,0,0,0,0,0,0,0,0,0,0,0,0,0,0,0,0,0,4,0,0,0,0,1,0,0,0,0,0,0,0,0,0,0,0,0,0,0,0,0,0,0,0,0,0,4,0,0,0,0,1,0,0,0,0,0,0,3,0,0,0,0,2,0,0,3,2,0,5,0,2,3,5,4,1,0,3,2,0,12.8,4.0
20,495,1,0,1,0,0,1,0,0,0,1,0,0,0,0,1,0,0,0,1,0,0,1,0,0,0,0,0,0,0,0,0,0,0,0,0,0,0,0,0,0,0,0,0,1,0,0,0,0,0,0,0,0,0,0,0,0,0,0,0,0,0,0,0,0,0,0,0,0,0,0,0,0,0,0,0,0,1,0,0,0,0,0,0,0,0,0,0,0,0,0,1,0,0,1,0,0,1,0,0,1,0,0,1,0,0,1,0,0,0,0,1,1,0,1,0,0,1,0,1,0,1,0,1,0,0,0,1,0,1,0,0,0,0,1,0,0,0,0,0,0,0,0,0,0,0,0,0,0,0,0,0,0,0,0,0,0,0,0,0,0,0,1,0,0,0,0,0,0,0,0,0,0,0,0,0,0,0,0,0,0,0,0,0,0,0,0,0,0,0,1,0,0,0,0,0,0,0,1,0,0,1,0,0,1,1,1,0,0,1,0,0,0.0,0.0
20,496,1,0,1,0,0,1,0,0,0,0,0,1,0,0,0,0,1,0,1,0,0,0,1,0,0,0,0,0,0,0,0,0,0,0,0,0,0,0,0,0,0,0,0,1,0,0,0,0,0,0,0,0,0,0,0,0,0,0,0,0,0,0,0,0,0,0,0,0,0,0,0,0,0,0,0,0,1,0,0,0,0,0,0,0,0,0,0,0,0,0,1,0,0,1,0,0,1,0,0,1,0,0,1,0,0,1,0,0,0,0,1,1,0,0,1,0,1,0,1,0,1,0,0,1,0,0,1,0,1,0,0,0,0,0,0,0,0,0,0,0,0,0,0,0,0,0,0,0,0,0,1,0,0,0,0,0,0,0,0,0,0,0,0,0,0,0,0,0,0,0,0,0,0,0,0,0,0,1,0,0,0,0,0,0,0,0,0,0,0,1,0,0,0,0,0,0,0,0,1,0,1,0,0,1,1,1,0,0,1,0,0,2.0,2.0
20,497,1,0,1,0,0,1,0,0,0,0,0,1,0,0,0,0,1,0,1,0,0,0,1,0,0,0,0,0,0,0,0,0,0,0,0,0,0,0,0,0,0,0,0,1,0,0,0,0,0,0,0,0,0,0,0,0,0,0,0,0,0,0,0,0,0,1,0,0,0,0,0,0,0,0,0,0,0,0,0,0,0,0,0,0,0,0,0,0,0,0,1,0,0,1,0,0,1,0,0,1,0,0,1,0,0,1,0,0,0,0,1,1,0,0,1,0,1,0,1,0,1,0,0,1,0,0,1,0,1,0,0,0,0,0,0,0,0,0,0,0,0,0,0,0,0,0,0,0,0,0,1,0,0,0,0,0,0,0,0,0,0,0,0,0,0,0,0,0,0,0,0,0,0,0,0,0,0,1,0,0,0,0,0,0,0,0,0,1,0,0,0,0,0,0,0,0,0,0,1,0,1,0,0,1,1,1,0,0,1,0,0,4.0,4.0
20,498,4,0,4,0,0,4,0,1,0,0,0,3,1,0,0,0,3,0,4,0,0,1,3,0,0,0,0,0,0,0,0,0,1,0,0,0,0,0,0,0,0,0,0,1,0,0,0,0,0,0,0,0,0,2,0,0,0,0,0,0,0,0,0,0,0,1,0,0,0,0,0,0,0,0,0,0,1,0,0,0,0,0,0,0,0,0,2,0,0,0,4,0,1,3,0,0,4,0,1,3,0,0,4,0,0,4,0,0,0,0,4,4,0,1,3,0,4,0,4,0,4,0,1,3,0,0,4,0,4,1,0,0,0,0,0,0,0,0,0,0,0,0,0,0,0,0,1,0,0,0,2,0,0,0,0,0,0,0,0,0,0,0,0,0,0,0,0,0,0,0,0,0,0,0,0,0,0,2,0,0,0,0,0,2,0,0,0,1,0,3,0,0,0,0,0,0,0,1,3,0,4,0,0,4,4,4,0,0,4,0,0,8.75,1.0
20,499,2,0,2,0,0,2,0,0,0,0,2,0,0,0,0,2,0,0,2,0,0,2,0,0,0,0,0,0,0,0,0,0,0,0,0,0,0,0,0,0,0,0,0,2,0,0,0,0,0,0,0,0,0,0,0,0,0,0,0,0,0,0,0,0,0,0,0,0,0,0,0,0,0,0,0,0,2,0,0,0,0,0,0,0,0,0,0,0,0,0,2,0,0,2,0,0,2,0,0,2,0,0,2,0,0,0,2,0,0,0,2,2,0,0,2,0,2,0,2,0,2,0,0,2,0,0,2,0,2,0,0,0,0,0,0,0,0,0,0,0,0,0,0,0,0,0,0,0,0,0,0,0,0,0,0,2,0,0,0,0,0,0,0,0,0,0,0,0,0,0,0,0,0,0,0,0,0,0,0,0,0,0,2,0,0,0,0,0,0,0,0,0,0,2,0,0,0,2,0,0,2,0,2,0,2,0,2,0,0,2,0,29.0,29.0
20,502,1,0,1,0,0,1,0,0,0,1,0,0,0,0,1,0,0,0,1,0,0,0,1,0,0,0,0,0,0,0,0,0,0,0,0,0,0,0,0,0,0,0,0,1,0,0,0,0,0,0,0,0,0,0,0,0,0,0,0,0,0,0,0,0,0,0,0,0,0,0,0,0,0,0,0,0,1,0,0,0,0,0,0,0,0,0,0,0,0,0,1,0,0,1,0,0,1,0,0,1,0,0,1,0,1,0,0,0,0,0,1,1,0,1,0,0,1,0,1,0,1,0,0,0,1,0,1,0,1,0,0,0,0,1,0,0,0,0,0,0,0,0,0,0,0,0,0,0,0,0,0,0,0,0,0,0,0,0,0,0,0,1,0,0,0,0,0,0,0,0,0,0,0,0,0,0,0,0,0,0,0,0,0,0,0,0,0,0,0,1,0,0,0,0,0,0,0,0,1,0,1,0,0,1,1,1,0,0,1,0,0,0.0,0.0
20,504,1,0,1,0,0,1,0,0,0,0,0,1,0,0,0,0,1,0,1,0,0,0,1,0,0,0,0,0,0,0,0,0,0,0,0,0,0,0,0,0,0,0,0,1,0,0,0,0,0,0,0,0,0,0,0,0,0,0,0,0,0,0,0,0,0,0,0,0,0,0,0,0,0,0,0,0,1,0,0,0,0,0,0,0,0,0,0,0,0,0,1,0,0,1,0,0,1,0,1,0,0,0,1,0,0,1,0,0,0,0,1,1,0,1,0,0,1,0,1,0,1,0,0,0,1,0,1,0,1,0,0,0,0,0,0,0,0,0,0,0,0,0,0,0,0,0,0,0,0,0,1,0,0,0,0,0,0,0,0,0,0,0,0,0,0,0,0,0,0,0,0,0,0,0,0,0,0,1,0,0,0,0,0,0,0,0,0,0,0,1,0,0,0,0,0,0,0,0,1,0,1,0,0,1,1,1,0,0,1,0,0,1.0,1.0
20,505,2,0,2,0,0,2,0,1,0,0,0,1,0,0,0,0,2,0,2,0,0,2,0,0,0,0,0,0,0,0,0,0,0,0,0,0,0,0,0,0,0,0,0,2,0,0,0,0,0,0,0,0,0,0,0,0,0,0,0,0,0,0,0,0,0,0,0,0,0,0,0,0,0,0,0,0,2,0,0,0,0,0,0,0,0,0,0,0,0,1,1,0,0,2,0,0,2,0,0,2,0,0,2,0,0,2,0,0,0,0,2,2,0,1,1,0,2,0,2,0,2,0,0,2,0,0,2,0,2,0,0,0,0,0,0,0,0,0,0,0,0,0,0,0,0,0,1,0,0,0,1,0,0,0,0,0,0,0,0,0,0,0,0,0,0,0,0,0,0,0,0,0,0,0,0,0,0,1,0,0,0,0,0,1,0,0,0,0,0,0,0,0,2,0,0,0,0,2,0,0,2,0,0,2,2,2,0,0,2,0,0,47.5,47.5
20,509,4,1,3,0,0,4,0,0,0,0,1,3,1,0,0,1,2,0,4,0,0,3,1,0,0,0,0,0,0,0,0,0,0,0,0,0,0,0,0,0,0,0,0,4,0,0,0,0,0,0,0,0,0,0,0,0,0,0,0,0,0,0,0,0,0,0,0,0,0,0,0,0,0,0,0,0,4,0,0,0,0,0,0,0,0,0,0,0,0,0,4,0,1,3,0,0,4,0,0,4,0,1,3,0,0,3,1,0,0,0,4,4,0,2,2,0,4,0,4,1,3,0,2,2,0,1,3,0,4,0,0,0,0,0,0,0,0,0,0,0,0,0,0,0,0,0,0,0,0,1,2,0,0,0,0,1,0,0,0,0,0,0,0,0,0,0,0,0,0,0,0,0,0,0,0,0,0,2,0,0,0,0,1,1,0,0,0,0,0,4,0,0,0,0,0,0,0,3,1,0,4,0,1,3,4,3,1,0,3,1,0,5.5,3.0
20,513,1,0,1,0,0,1,0,0,0,0,0,1,0,0,0,0,1,0,1,0,0,0,1,0,0,0,0,0,0,0,0,0,0,0,0,0,0,0,0,0,0,0,0,1,0,0,0,0,0,0,0,0,0,0,0,0,0,0,0,0,0,0,0,0,0,0,0,0,0,0,0,0,0,0,0,0,1,0,0,0,0,0,0,0,0,0,0,0,0,0,1,0,0,1,0,0,1,0,0,1,0,0,1,0,0,1,0,0,0,0,1,1,0,0,1,0,1,0,1,0,1,0,0,1,0,0,1,0,1,0,0,0,0,0,0,0,0,0,0,0,0,0,0,0,0,0,0,0,0,0,1,0,0,0,0,0,0,0,0,0,0,0,0,0,0,0,0,0,0,0,0,0,0,0,0,0,0,1,0,0,0,0,0,0,0,0,0,0,0,1,0,0,0,0,0,0,0,0,1,0,1,0,0,1,1,1,0,0,1,0,0,0.0,0.0
20,515,24,1,23,0,0,24,0,0,0,2,3,19,7,0,2,3,12,2,22,0,1,14,9,0,0,0,0,0,0,0,0,0,0,0,0,0,0,0,1,0,0,0,0,23,0,0,0,0,0,0,0,0,0,0,0,0,0,0,0,0,0,0,0,0,0,0,0,0,0,0,0,0,0,0,0,0,24,0,0,0,0,0,0,0,0,0,0,0,0,1,23,0,0,22,2,3,21,0,0,22,2,1,23,0,2,19,3,0,0,0,24,24,0,4,20,2,22,0,24,5,19,0,0,24,0,1,23,0,24,5,0,0,0,2,0,0,0,0,0,0,0,0,0,0,1,0,0,0,0,1,11,0,0,1,0,2,1,0,0,0,0,2,0,0,0,0,0,0,0,0,0,0,0,0,0,0,0,11,0,0,0,0,2,8,1,0,0,0,0,8,0,0,13,0,3,0,0,15,9,1,23,0,3,21,24,22,2,0,21,3,0,21.083333333333332,9.5
20,516,3,0,3,0,0,3,0,0,0,0,0,3,0,0,0,0,3,0,3,0,0,3,0,0,0,0,0,0,0,0,0,0,0,0,0,0,0,0,0,0,0,0,0,3,0,0,0,0,0,0,0,0,0,0,0,0,0,0,0,0,0,0,0,0,0,0,0,0,0,0,0,0,0,0,0,0,3,0,0,0,0,0,0,0,0,0,0,0,0,0,3,0,0,3,0,0,3,0,0,3,0,0,3,0,0,3,0,0,0,0,3,3,0,0,3,0,3,0,3,1,2,0,0,3,0,0,3,0,3,0,0,0,0,0,0,0,0,0,0,0,0,0,0,0,0,0,0,0,0,0,3,0,0,0,0,0,0,0,0,0,0,0,0,0,0,0,0,0,0,0,0,0,0,0,0,0,0,3,0,0,0,0,0,0,0,0,0,0,0,3,0,0,0,0,0,0,0,3,0,0,3,0,0,3,3,3,0,0,3,0,0,9.0,9.0
20,517,2,0,2,0,0,2,0,0,0,0,0,2,0,0,0,0,2,0,2,0,1,1,0,0,0,0,0,0,0,0,0,0,0,0,0,0,0,0,0,0,0,0,0,2,0,0,0,0,0,0,0,0,0,0,0,0,0,0,0,0,0,0,0,0,0,0,0,0,0,0,0,0,0,0,0,0,2,0,0,0,0,0,0,0,0,0,0,0,0,0,2,0,0,1,1,0,2,0,0,1,1,0,2,0,0,2,0,0,0,0,2,2,0,0,2,0,2,0,2,0,2,0,1,1,0,0,2,0,2,0,0,0,0,0,0,0,0,0,0,0,0,0,0,0,0,0,0,0,0,0,2,0,0,0,0,0,0,0,0,0,0,0,0,0,0,0,0,0,0,0,0,0,0,0,0,0,0,2,0,0,0,0,0,0,0,0,0,0,0,2,0,0,0,0,0,0,0,2,0,0,2,0,0,2,2,2,0,0,2,0,0,18.5,18.5
20,519,1,0,1,0,0,1,0,1,0,0,0,0,0,0,0,0,1,0,1,0,1,0,0,0,0,0,0,0,0,0,0,0,0,0,0,0,0,0,0,0,0,0,0,1,0,0,0,0,0,0,0,0,0,0,0,0,0,0,0,0,0,0,0,0,0,0,0,0,0,0,0,0,0,0,0,0,1,0,0,0,0,0,0,0,0,0,0,0,0,0,1,0,0,1,0,0,1,0,0,1,0,0,1,0,0,1,0,0,0,0,1,1,0,0,1,0,1,0,1,0,1,0,1,0,0,0,1,0,1,0,0,0,0,0,0,0,0,0,0,0,0,0,0,0,0,0,1,0,0,0,0,0,0,0,0,0,0,0,0,0,0,0,0,0,0,0,0,0,0,0,0,0,0,0,0,0,0,0,0,0,0,0,0,1,0,0,0,0,0,1,0,0,0,0,0,0,0,1,0,0,1,0,0,1,1,1,0,0,1,0,0,26.0,26.0
20,523,1,0,1,0,0,1,0,0,0,0,0,1,0,0,0,0,1,0,1,0,0,0,1,0,0,0,0,0,0,0,0,0,0,0,0,0,0,0,0,0,0,0,0,1,0,0,0,0,0,0,0,0,0,0,0,0,0,0,0,0,0,0,0,0,0,0,0,0,0,0,0,0,0,0,0,0,1,0,0,0,0,0,0,0,0,0,0,0,0,0,1,0,0,1,0,0,1,0,0,1,0,1,0,0,0,1,0,0,0,0,1,1,0,0,1,0,1,0,1,0,1,0,0,1,0,0,1,0,1,0,0,0,0,0,0,0,0,0,0,0,0,0,0,0,0,0,0,0,0,0,1,0,0,0,0,0,0,0,0,0,0,0,0,0,0,0,0,0,0,0,0,0,0,0,0,0,0,1,0,0,0,0,0,0,0,0,0,0,0,0,0,0,0,0,1,0,0,0,1,0,1,0,0,1,1,1,0,0,1,0,0,97.0,97.0
20,525,5,0,5,0,0,5,0,0,0,0,3,2,0,0,0,3,2,0,5,0,0,3,2,0,0,0,0,0,0,0,2,0,0,0,0,0,0,0,0,0,0,0,0,3,0,0,0,0,0,0,0,0,0,0,0,0,0,0,0,0,0,0,0,3,0,0,0,0,0,0,0,0,0,0,0,0,2,0,0,0,0,0,0,0,0,0,0,0,0,0,5,0,0,5,0,0,5,0,1,4,0,1,4,0,0,2,3,0,0,0,5,5,0,0,5,0,5,0,5,1,4,0,1,4,0,0,5,0,5,0,0,0,0,0,0,0,0,0,0,0,0,0,0,0,0,0,0,0,0,0,2,0,0,0,0,3,0,0,0,0,0,0,0,0,0,0,0,0,0,0,0,0,0,0,0,0,0,2,0,0,0,0,3,0,0,0,0,0,0,4,0,0,1,0,0,0,0,3,2,0,5,0,3,2,5,2,3,0,2,3,0,11.0,9.0
20,526,8,0,8,0,0,8,0,2,0,0,1,5,0,0,0,1,7,0,8,0,0,0,8,0,0,0,0,0,0,0,0,0,0,0,0,0,0,0,0,0,0,0,0,8,0,0,0,0,0,0,0,0,0,0,0,0,0,0,0,0,0,0,0,0,0,7,0,0,0,0,0,0,0,0,0,0,1,0,0,0,0,0,0,0,0,0,0,0,0,0,8,0,0,8,0,0,8,0,1,7,0,0,8,0,0,8,0,0,0,0,8,8,0,7,1,0,8,0,8,7,1,0,0,8,0,0,8,0,8,0,0,0,0,0,0,0,0,0,0,0,0,0,1,0,0,0,2,0,0,0,2,0,0,1,1,0,1,0,0,0,0,0,0,0,0,0,0,0,0,0,1,0,0,0,0,0,0,2,0,1,0,0,0,3,1,0,0,7,0,1,0,0,0,0,0,0,0,0,8,0,8,0,0,8,8,8,0,0,8,0,0,2.625,2.0
20,529,2,0,2,0,0,2,0,0,0,0,2,0,0,0,0,2,0,1,1,0,0,0,2,0,0,0,0,0,0,0,0,0,0,0,0,0,0,0,0,0,0,0,0,2,0,0,0,0,0,0,0,0,0,0,0,0,0,0,0,0,0,0,0,0,0,0,0,0,0,0,0,0,0,0,0,0,2,0,0,0,0,0,0,0,0,0,0,0,0,0,2,0,1,1,0,0,2,0,2,0,0,0,2,0,0,2,0,0,0,0,2,2,0,2,0,1,1,0,2,0,2,0,1,1,0,1,1,0,2,0,0,0,0,0,0,0,0,0,0,0,0,0,0,0,0,0,0,0,0,0,0,0,0,0,0,0,2,0,0,0,0,0,0,0,0,0,0,0,0,0,0,0,0,0,0,0,0,0,0,0,0,0,0,0,2,0,0,0,0,2,0,0,0,0,0,0,0,0,2,0,2,0,0,2,2,2,0,0,2,0,0,20.5,20.5
20,531,3,1,2,0,1,2,0,1,0,0,1,1,0,0,0,1,2,2,1,0,0,0,3,0,0,0,0,0,0,0,0,0,0,0,0,0,0,0,0,0,0,0,0,3,0,0,0,0,0,0,0,0,0,0,0,0,0,0,0,0,0,0,0,0,0,0,0,0,0,0,0,0,0,0,0,0,3,0,0,0,0,0,0,0,0,0,0,0,0,0,3,0,2,1,0,2,1,0,2,1,0,1,2,0,0,2,1,0,0,0,3,3,0,0,3,0,3,0,3,0,3,0,0,3,0,1,2,0,3,0,0,0,0,0,0,0,0,0,0,0,0,0,0,0,0,0,1,0,0,0,1,0,0,0,0,1,0,0,0,0,0,0,0,0,0,0,0,0,0,0,0,0,0,0,0,0,0,1,0,0,0,0,1,1,0,0,0,0,0,0,0,0,0,0,3,0,0,0,3,0,3,0,1,2,3,2,1,0,2,1,0,62.0,64.0
20,539,4,0,4,0,1,3,0,0,0,0,1,3,0,0,0,1,3,1,3,0,0,2,2,0,0,0,0,0,0,0,0,0,0,0,0,0,0,0,0,0,0,0,0,4,0,0,0,0,0,0,0,0,0,0,0,0,0,0,0,0,0,0,0,0,0,0,0,0,0,0,0,0,0,0,0,0,4,0,0,0,0,0,0,0,0,0,0,0,0,0,4,0,0,4,0,1,3,0,0,4,0,0,4,0,0,3,1,0,0,0,4,4,0,1,3,0,4,0,4,0,4,0,1,3,0,0,4,0,4,0,0,0,0,0,0,0,0,0,0,0,0,0,0,0,0,0,0,0,0,0,3,0,0,0,0,1,0,0,0,0,0,0,0,0,0,0,0,0,0,0,0,0,0,0,0,0,0,3,0,0,0,0,1,0,0,0,0,0,0,1,0,0,2,0,1,0,0,2,2,0,4,0,1,3,4,3,1,0,3,1,0,43.5,43.0
20,540,1,0,1,0,0,1,0,0,0,0,0,1,0,0,0,0,1,0,1,0,0,0,1,0,0,0,0,0,0,0,0,0,0,0,0,0,0,0,0,0,0,0,0,1,0,0,0,0,0,0,0,0,0,0,0,0,0,0,0,0,0,0,0,0,0,0,0,0,0,0,0,0,0,0,0,0,1,0,0,0,0,0,0,0,0,0,0,0,0,0,1,0,0,1,0,0,1,0,1,0,0,0,1,0,0,1,0,0,0,0,1,1,0,1,0,1,0,0,1,0,1,0,0,1,0,0,1,0,1,0,0,0,0,0,0,0,0,0,0,0,0,0,0,0,0,0,0,0,0,0,1,0,0,0,0,0,0,0,0,0,0,0,0,0,0,0,0,0,0,0,0,0,0,0,0,0,0,1,0,0,0,0,0,0,0,0,0,0,0,0,0,0,1,0,0,0,0,0,1,0,1,0,0,1,1,1,0,0,1,0,0,34.0,34.0
20,546,3,0,3,0,0,3,0,1,0,0,0,2,1,0,0,0,2,0,3,0,0,0,3,0,0,0,0,0,0,0,0,0,0,0,0,0,0,0,0,0,0,0,0,3,0,0,0,0,0,0,0,0,0,0,0,0,0,0,0,0,0,0,0,0,0,0,0,0,0,0,0,0,0,0,0,0,3,0,0,0,0,0,0,0,0,0,0,0,0,0,3,0,0,3,0,0,3,0,0,3,0,2,1,0,0,3,0,0,0,0,3,3,0,1,2,0,3,0,3,0,3,0,1,2,0,0,3,0,3,0,0,0,1,0,0,0,0,0,0,0,0,0,0,0,0,0,1,0,0,0,1,0,0,0,0,0,0,0,0,0,0,0,0,0,0,0,0,0,0,0,0,0,0,0,0,0,0,1,0,0,0,0,0,2,0,0,0,0,0,3,0,0,0,0,0,0,0,0,3,0,3,0,0,3,3,3,0,0,3,0,0,4.666666666666667,5.0
20,549,5,0,5,0,0,5,0,1,0,0,2,2,0,0,0,2,3,1,4,0,0,2,3,0,0,0,0,0,0,0,0,0,1,0,0,0,0,0,0,0,0,0,0,3,1,0,0,0,0,0,0,0,0,0,0,0,0,0,0,0,0,0,0,0,0,1,0,0,0,0,0,0,0,0,0,0,4,0,0,0,0,0,0,0,0,0,0,0,0,1,4,0,1,4,0,0,5,0,1,4,0,2,3,0,1,2,2,0,0,0,5,5,0,3,2,0,5,0,5,1,4,0,1,2,2,0,5,0,5,0,0,0,0,0,0,0,0,0,0,0,0,0,0,0,0,0,1,0,0,0,2,0,0,0,0,1,1,0,0,0,0,0,0,0,0,0,0,0,0,0,0,0,0,0,0,0,0,2,0,0,0,0,1,1,1,0,0,1,0,4,0,0,0,0,0,0,0,2,3,0,5,0,2,3,5,4,1,0,3,2,0,30.4,3.0
20,550,5,0,5,0,0,5,0,0,0,0,1,4,0,0,0,1,4,1,4,0,0,4,1,0,0,0,0,0,0,0,0,0,0,0,0,0,0,0,0,0,0,0,0,5,0,0,0,0,0,0,0,0,0,0,0,0,0,0,0,0,0,0,0,0,0,0,0,0,0,0,0,0,0,0,0,0,5,0,0,0,0,0,0,0,0,0,0,0,0,0,5,0,0,5,0,0,5,0,0,5,0,1,4,0,0,4,1,0,0,0,5,5,0,3,2,1,4,0,5,0,5,0,1,4,0,1,4,0,5,0,0,0,0,0,0,0,0,0,0,0,0,0,1,0,0,0,0,0,0,0,3,0,0,0,0,1,0,0,0,0,0,0,0,0,0,0,0,0,0,0,0,0,0,0,0,0,0,3,0,0,0,0,1,1,0,0,0,0,0,1,0,0,3,0,1,0,0,4,1,0,5,0,1,4,5,4,1,0,4,1,0,31.4,34.0
20,551,13,0,13,0,0,13,0,1,0,0,3,9,2,0,0,3,8,4,9,0,0,6,7,0,0,0,0,0,0,0,0,0,0,0,0,0,1,0,0,0,0,0,0,12,0,0,0,0,0,0,0,0,0,0,0,0,0,0,0,0,0,0,0,0,0,0,0,0,0,0,0,0,0,0,0,0,13,0,0,0,0,0,0,0,0,0,0,0,0,0,13,0,0,13,0,1,12,0,0,13,0,1,12,0,0,9,4,0,0,0,13,13,0,5,8,0,13,0,13,1,12,0,2,11,0,1,12,0,13,2,0,0,0,0,0,0,0,0,0,0,0,0,0,0,0,0,1,0,0,0,7,0,0,0,0,3,0,0,0,0,0,0,0,0,0,0,0,0,0,0,0,0,0,0,0,0,0,7,0,0,0,0,3,3,0,0,0,0,0,5,0,0,5,0,3,0,0,6,7,0,13,0,4,9,13,10,3,0,9,4,0,30.076923076923077,38.0
20,553,11,0,11,0,0,11,0,1,0,0,1,9,0,0,0,1,10,1,10,0,0,7,4,0,0,0,0,0,0,0,0,0,0,0,0,0,0,0,0,0,0,0,0,11,0,0,0,0,0,0,0,0,0,0,0,0,0,0,0,0,0,0,0,0,0,0,0,0,0,0,0,0,0,0,0,0,11,0,0,0,0,0,0,0,0,0,0,0,0,1,10,0,0,11,0,1,10,0,1,10,0,2,9,0,0,8,3,0,0,0,11,11,0,4,7,0,11,0,11,1,10,0,1,9,1,0,11,0,11,0,0,0,0,0,0,0,0,0,0,0,0,0,0,0,0,0,1,0,0,0,9,0,0,0,0,1,0,0,0,0,0,0,0,0,0,0,0,0,0,0,0,0,0,0,0,0,0,9,0,0,0,0,1,1,0,0,0,0,0,2,0,0,6,0,3,0,0,7,4,0,11,0,3,8,11,10,1,0,8,3,0,34.27272727272727,33.0
20,554,2,0,2,0,0,2,0,0,0,0,0,2,0,0,0,0,2,0,2,0,0,2,0,0,0,0,0,0,0,0,0,0,0,0,0,0,0,0,0,0,0,0,0,2,0,0,0,0,0,0,0,0,0,0,0,0,0,0,0,0,0,0,0,0,0,1,0,0,0,0,0,0,0,0,0,0,1,0,0,0,0,0,0,0,0,0,0,0,0,0,2,0,0,2,0,1,1,0,0,2,0,0,2,0,0,2,0,0,0,0,2,2,0,1,1,0,2,0,2,0,2,0,0,2,0,0,2,0,2,0,0,0,0,0,0,0,0,0,0,0,0,0,0,1,0,0,0,0,0,0,1,0,0,0,0,0,0,0,0,0,0,0,0,0,0,0,0,0,0,0,0,0,0,0,0,0,0,1,0,0,0,0,0,1,0,0,0,1,0,1,0,0,0,0,0,0,0,2,0,0,2,0,0,2,2,2,0,0,2,0,0,44.0,44.0
20,555,1,0,1,0,0,1,0,0,0,0,0,1,0,0,0,0,1,1,0,0,0,1,0,0,0,0,0,0,0,0,0,0,0,0,0,0,0,0,0,0,0,0,0,1,0,0,0,0,0,0,0,0,0,0,0,0,0,0,0,0,0,0,0,0,0,0,0,0,0,0,0,0,0,0,0,0,1,0,0,0,0,0,0,0,0,0,0,0,0,1,0,0,0,1,0,0,1,0,0,1,0,0,1,0,0,1,0,0,0,0,1,1,0,0,1,0,1,0,1,0,1,0,0,1,0,0,1,0,1,0,0,0,0,0,0,0,0,0,0,0,0,0,0,0,0,0,0,0,0,0,1,0,0,0,0,0,0,0,0,0,0,0,0,0,0,0,0,0,0,0,0,0,0,0,0,0,0,1,0,0,0,0,0,0,0,0,0,0,0,0,0,0,1,0,0,0,0,1,0,0,1,0,0,1,1,1,0,0,1,0,0,87.0,87.0
20,557,3,0,3,0,0,3,0,0,0,0,0,3,0,0,0,0,3,1,2,0,0,2,1,0,0,0,0,0,0,0,0,0,0,0,0,0,0,0,0,0,0,0,0,3,0,0,0,0,0,0,0,0,0,0,0,0,0,0,0,0,0,0,0,0,0,0,0,0,0,0,0,0,0,0,0,0,3,0,0,0,0,0,0,0,0,0,0,0,0,0,3,0,1,2,0,1,2,0,1,2,0,2,1,0,0,2,1,0,0,0,3,3,0,1,2,0,3,0,3,1,2,0,0,3,0,0,3,0,3,0,0,0,0,0,0,0,0,0,0,0,0,0,0,0,0,0,0,0,0,0,3,0,0,0,0,0,0,0,0,0,0,0,0,0,0,0,0,0,0,0,0,0,0,0,0,0,0,3,0,0,0,0,0,0,0,0,0,0,0,2,0,0,0,0,1,0,0,2,1,0,3,0,1,2,3,3,0,0,2,1,0,36.333333333333336,15.0
20,559,12,0,12,0,0,12,0,0,0,5,2,5,0,0,5,2,5,3,9,0,1,5,6,0,0,0,0,0,0,0,0,0,0,0,0,0,0,0,0,0,0,0,0,12,0,0,0,0,0,0,0,0,0,0,0,0,0,0,0,0,0,0,0,0,0,0,0,0,0,0,0,0,0,0,0,0,12,0,0,0,0,0,0,0,0,0,0,0,0,1,11,0,6,6,0,1,11,0,7,5,0,0,12,0,1,9,2,0,0,0,12,12,0,3,9,0,12,0,12,0,12,0,2,10,0,0,12,0,12,0,0,0,0,5,0,0,0,0,0,0,0,0,0,0,0,0,0,0,0,0,5,0,0,0,0,2,0,0,0,0,0,5,0,0,0,0,0,0,0,0,0,0,0,0,0,0,0,5,0,0,0,0,2,0,0,0,0,0,0,11,0,0,0,0,1,0,0,6,6,0,12,0,2,10,12,10,2,0,10,2,0,38.916666666666664,34.0
20,560,2,0,2,0,0,2,0,0,0,0,0,2,0,0,0,0,2,0,2,0,0,2,0,0,0,0,0,0,0,0,0,0,0,0,0,0,0,0,0,0,0,0,0,2,0,0,0,0,0,0,0,0,0,0,0,0,0,0,0,0,0,0,0,0,0,0,0,0,0,0,0,0,0,0,0,0,2,0,0,0,0,0,0,0,0,0,0,0,0,0,2,0,0,2,0,0,2,0,0,2,0,0,2,0,0,2,0,0,0,0,2,2,0,1,1,0,2,0,2,1,1,0,1,1,0,0,2,0,2,0,0,0,0,0,0,0,0,0,0,0,0,0,0,0,0,0,0,0,0,0,2,0,0,0,0,0,0,0,0,0,0,0,0,0,0,0,0,0,0,0,0,0,0,0,0,0,0,2,0,0,0,0,0,0,0,0,0,0,0,2,0,0,0,0,0,0,0,2,0,0,2,0,0,2,2,2,0,0,2,0,0,2.5,2.5
20,561,1,0,1,0,0,1,0,1,0,0,0,0,0,0,0,0,1,0,1,0,0,0,1,0,0,0,0,0,0,0,0,0,0,0,0,0,0,0,0,0,0,0,0,1,0,0,0,0,0,0,0,0,0,0,0,0,0,0,0,0,0,0,0,0,0,0,0,0,0,0,0,0,0,0,0,0,1,0,0,0,0,0,0,0,0,0,0,0,0,0,1,0,0,1,0,0,1,0,0,1,0,0,1,0,0,1,0,0,0,0,1,1,0,1,0,0,1,0,1,0,1,0,0,1,0,0,1,0,1,0,0,0,0,0,0,0,0,0,0,0,0,0,0,0,0,0,1,0,0,0,0,0,0,0,0,0,0,0,0,0,0,0,0,0,0,0,0,0,0,0,0,0,0,0,0,0,0,0,0,0,0,0,0,1,0,0,0,0,0,0,0,0,1,0,0,0,0,0,1,0,1,0,0,1,1,1,0,0,1,0,0,71.0,71.0
20,562,1,0,1,0,0,1,0,0,0,0,0,1,0,0,0,0,1,0,1,0,0,1,0,0,0,0,0,0,0,0,0,0,0,0,0,0,0,0,0,0,0,0,0,1,0,0,0,0,0,0,0,0,0,0,0,0,0,0,0,0,0,0,0,0,0,0,0,0,0,0,0,0,0,0,0,0,1,0,0,0,0,0,0,0,0,0,0,0,0,0,1,0,0,1,0,0,1,0,1,0,0,0,1,0,0,1,0,0,0,0,1,1,0,0,1,0,1,0,1,0,1,0,0,1,0,0,1,0,1,0,0,0,0,0,0,0,0,0,0,0,0,0,0,0,0,0,0,0,0,0,1,0,0,0,0,0,0,0,0,0,0,0,0,0,0,0,0,0,0,0,0,0,0,0,0,0,0,1,0,0,0,0,0,0,0,0,0,0,0,1,0,0,0,0,0,0,0,1,0,0,1,0,0,1,1,1,0,0,1,0,0,15.0,15.0
20,565,53,1,52,0,1,51,1,3,0,0,8,42,5,0,0,8,40,11,42,0,0,25,28,0,0,0,0,0,0,0,0,0,0,0,0,0,0,0,3,0,0,0,0,48,0,0,0,0,0,0,0,0,0,2,0,0,0,0,0,0,0,0,0,0,0,0,0,0,0,0,0,0,0,0,0,0,53,0,0,0,0,0,0,0,0,0,0,0,0,1,52,0,1,52,0,11,42,0,0,53,0,2,51,0,2,38,13,0,0,0,53,53,0,16,37,4,49,0,53,2,51,0,9,44,0,2,51,0,53,3,0,0,0,0,0,0,0,0,0,0,0,0,0,0,1,0,3,0,0,1,36,0,1,0,0,8,0,0,0,0,0,0,0,0,0,1,0,0,0,0,1,0,0,0,0,0,0,36,0,0,0,0,8,7,0,0,0,0,0,20,0,0,21,0,12,0,0,25,28,0,53,0,13,40,53,45,8,0,40,13,0,31.60377358490566,13.0
20,570,22,0,22,0,2,20,0,2,0,0,5,15,2,0,0,5,15,3,19,0,2,13,7,0,0,0,0,0,0,0,0,0,0,0,0,0,0,0,2,0,0,0,0,20,0,0,0,0,0,0,0,0,0,0,0,0,0,0,0,0,0,0,0,0,0,0,0,0,0,0,0,0,0,0,0,0,22,0,0,0,0,0,0,0,0,0,0,0,0,0,22,0,1,21,0,4,18,0,2,20,0,3,19,0,2,11,9,0,0,0,22,22,0,5,17,2,20,0,22,2,20,0,4,18,0,2,20,0,22,0,0,0,0,0,0,0,0,0,0,0,0,0,0,0,2,0,2,0,0,0,13,0,0,0,0,4,1,0,0,0,0,0,0,0,0,0,0,0,0,0,0,0,0,0,0,0,0,13,0,0,0,0,4,4,1,0,0,0,0,9,0,0,2,0,11,0,0,15,7,1,21,0,9,13,22,18,4,2,11,9,0,36.04545454545455,36.5
21,001,17,0,17,0,0,17,0,2,0,1,4,10,5,0,1,4,7,3,14,0,0,12,5,0,0,0,0,0,0,0,0,0,0,0,0,0,0,0,0,0,0,0,0,0,14,0,0,0,0,0,0,0,2,1,0,0,0,0,0,0,0,0,0,0,0,4,0,0,0,0,0,0,0,0,0,0,0,12,0,0,0,0,0,0,0,1,0,0,0,0,17,0,0,15,2,6,11,0,0,15,2,0,17,0,0,8,9,0,0,0,17,17,0,3,14,1,16,0,17,3,14,0,5,12,0,0,17,0,17,2,0,0,0,1,0,0,0,0,0,0,0,0,1,0,0,0,2,0,0,3,4,0,0,0,0,4,0,0,0,0,0,1,0,0,0,0,0,0,0,0,1,0,0,0,0,0,0,4,0,0,0,0,4,7,0,0,0,4,0,5,0,6,0,0,2,0,0,12,5,0,17,0,9,8,17,13,4,0,8,9,0,42.1764705882353,35.0
21,002,3,0,3,0,0,3,0,0,0,0,2,1,1,0,0,2,0,1,2,0,0,3,0,0,0,0,0,0,0,0,0,0,0,0,0,0,0,0,0,0,0,0,0,0,3,0,0,0,0,0,0,0,0,0,0,0,0,0,0,0,0,0,0,0,0,0,0,0,0,0,0,0,0,0,0,0,0,3,0,0,0,0,0,0,0,0,0,0,0,0,3,0,0,3,0,2,1,0,0,3,0,0,3,0,0,1,2,0,0,0,3,3,0,0,3,0,3,0,3,0,3,0,0,3,0,0,3,0,3,0,0,0,0,0,0,0,0,0,0,0,0,0,0,0,1,0,0,0,0,0,0,0,0,0,0,2,0,0,0,0,0,0,0,0,0,0,0,0,0,0,0,0,0,0,0,0,0,0,0,0,0,0,2,1,0,0,0,0,0,1,0,0,2,0,0,0,0,3,0,0,3,0,2,1,3,1,2,0,1,2,0,62.666666666666664,62.0
21,003,26,1,25,0,1,25,0,1,0,1,10,14,1,0,1,10,14,6,20,0,1,14,11,0,0,0,0,0,0,0,0,0,1,0,0,0,0,0,0,0,0,0,0,1,24,0,0,0,0,0,0,0,0,0,0,0,0,0,0,0,0,0,0,0,0,0,0,0,0,0,0,0,0,1,0,0,0,25,0,0,0,0,0,0,0,0,0,0,0,1,25,0,0,26,0,5,21,0,0,26,0,3,23,0,0,17,9,0,0,0,26,26,0,18,8,0,26,0,26,1,25,0,9,17,0,1,25,0,26,1,0,0,0,1,0,0,0,0,0,0,0,0,0,0,0,0,1,0,0,0,13,0,0,0,0,7,3,0,0,0,0,1,0,0,0,0,0,0,0,0,0,0,0,0,0,0,0,13,0,0,0,0,7,2,3,0,0,0,0,24,0,0,0,0,2,0,0,15,11,2,24,0,9,17,26,19,7,2,15,9,0,35.07692307692308,29.5
21,004,11,0,11,0,2,9,0,0,0,0,4,7,0,0,0,4,7,5,6,0,0,4,7,0,0,0,0,0,0,0,0,0,0,0,0,0,0,0,0,0,0,0,0,0,11,0,0,0,0,0,0,0,0,0,0,0,0,0,0,0,0,0,0,0,0,0,0,0,0,0,0,0,0,0,0,0,0,11,0,0,0,0,0,0,0,0,0,0,0,0,11,0,0,11,0,5,6,0,0,11,0,0,11,0,0,9,2,0,0,0,11,11,0,2,9,2,9,0,11,0,11,0,1,10,0,1,10,0,11,0,0,0,0,0,0,0,0,0,0,0,0,0,0,0,0,0,0,0,0,0,7,0,0,0,0,4,0,0,0,0,0,0,0,0,0,0,0,0,0,0,0,0,0,0,0,0,0,7,0,0,0,0,4,0,0,0,0,0,1,6,0,3,0,0,1,0,0,4,7,0,11,0,2,9,11,7,4,0,9,2,0,48.54545454545455,54.0
21,005,2,0,2,0,0,2,0,0,0,0,1,1,0,0,0,1,1,0,2,0,0,1,1,0,0,0,0,0,0,0,0,0,0,0,0,0,0,0,0,0,1,0,0,0,1,0,0,0,0,0,0,0,0,0,0,0,0,0,0,0,0,0,0,0,0,0,0,0,0,0,0,0,0,1,0,0,0,1,0,0,0,0,0,0,0,0,0,0,0,0,2,0,0,2,0,0,2,0,0,2,0,0,2,0,0,1,1,0,0,0,2,2,0,0,2,0,2,0,2,0,2,0,0,2,0,0,2,0,2,0,0,1,0,0,0,0,0,0,0,0,0,0,0,0,0,0,0,0,0,0,0,0,0,0,0,1,0,0,0,0,0,0,0,0,0,0,0,0,0,0,0,0,0,0,0,0,0,0,0,0,0,0,1,1,0,0,0,0,0,2,0,0,0,0,0,0,0,1,1,0,2,0,1,1,2,1,1,0,1,1,0,32.0,32.0
21,006,7,0,7,0,0,7,0,0,0,0,3,4,0,0,0,3,4,0,7,0,0,1,6,0,0,0,0,0,0,0,0,0,0,0,0,0,0,0,0,0,0,0,0,0,7,0,0,0,0,0,0,0,0,0,0,0,0,0,0,0,0,0,0,0,0,0,0,0,0,0,0,0,0,0,0,0,0,7,0,0,0,0,0,0,0,0,0,0,0,0,7,0,2,5,0,0,7,0,2,5,0,3,4,0,1,4,2,0,0,0,7,7,0,2,5,0,7,0,7,0,7,0,0,7,0,0,7,0,7,0,0,0,0,0,0,0,0,0,0,0,0,0,0,0,0,0,0,0,0,0,4,0,0,0,0,2,1,0,0,0,0,0,0,0,0,0,0,0,0,0,0,0,0,0,0,0,0,4,0,0,0,0,2,0,1,0,0,1,0,6,0,0,0,0,0,0,0,1,6,0,7,0,2,5,7,5,2,0,5,2,0,27.571428571428573,31.0
21,007,2,0,2,0,0,2,0,0,0,0,0,2,0,0,0,0,2,0,2,0,0,1,1,0,0,0,0,0,0,0,0,0,0,0,0,0,0,0,0,0,0,0,0,0,2,0,0,0,0,0,0,0,0,0,0,0,0,0,0,0,0,0,0,0,0,0,0,0,0,0,0,0,0,0,0,0,0,2,0,0,0,0,0,0,0,0,0,0,0,0,2,0,0,2,0,0,2,0,0,2,0,0,2,0,0,2,0,0,0,0,2,2,0,2,0,0,2,0,2,0,2,0,0,2,0,1,1,0,2,0,0,0,0,0,0,0,0,0,0,0,0,0,0,0,0,0,0,0,0,0,2,0,0,0,0,0,0,0,0,0,0,0,0,0,0,0,0,0,0,0,0,0,0,0,0,0,0,2,0,0,0,0,0,0,0,0,0,0,0,2,0,0,0,0,0,0,0,1,1,1,1,0,0,2,2,2,0,0,2,0,0,69.0,69.0
21,008,4,1,3,0,0,4,0,0,0,0,1,3,0,0,0,1,3,3,1,0,0,3,1,0,0,0,0,0,0,0,0,0,0,0,0,0,2,0,0,0,0,0,0,0,2,0,0,0,0,0,0,0,0,0,0,0,0,0,0,0,0,0,0,0,0,0,0,0,0,0,0,0,0,0,0,0,0,4,0,0,0,0,0,0,0,0,0,0,0,1,3,0,0,4,0,1,3,0,0,4,0,0,4,0,0,3,1,0,0,0,4,4,0,1,3,0,4,0,4,0,4,0,1,3,0,1,3,0,4,0,0,0,0,0,0,0,0,0,0,0,0,0,0,0,0,0,0,0,0,0,3,0,0,0,0,1,0,0,0,0,0,0,0,0,0,0,0,0,0,0,0,0,0,0,0,0,0,3,0,0,0,0,1,0,0,0,0,0,0,2,0,2,0,0,0,0,0,3,1,0,4,0,1,3,4,3,1,0,3,1,0,49.75,54.0
21,010,18,0,18,0,1,17,0,0,0,0,10,8,0,0,0,10,8,1,17,0,0,6,12,0,0,0,0,0,0,0,0,0,0,0,0,0,0,0,0,0,0,0,0,0,18,0,0,0,0,0,0,0,0,0,0,0,0,0,0,0,0,0,0,0,0,0,0,0,0,0,0,0,0,0,0,0,0,18,0,0,0,0,0,0,0,0,0,0,0,2,16,0,6,12,0,1,17,0,7,11,0,1,17,0,0,11,7,0,0,0,18,18,0,9,9,0,18,0,18,1,17,0,4,13,1,2,16,0,18,0,0,0,0,0,0,0,0,0,0,0,0,0,0,0,0,0,0,0,0,0,8,0,0,0,0,10,0,0,0,0,0,0,0,0,0,0,0,0,0,0,0,0,0,0,0,0,0,8,0,0,0,0,10,0,0,0,0,0,0,12,0,2,0,0,4,0,0,6,12,0,18,0,7,11,18,8,10,0,11,7,0,42.666666666666664,48.0
21,011,1,0,1,0,0,1,0,0,0,0,0,1,0,0,0,0,1,0,1,0,0,0,1,0,0,0,0,0,0,0,0,0,0,0,0,0,0,0,0,0,0,0,0,0,1,0,0,0,0,0,0,0,0,0,0,0,0,0,0,0,0,0,0,0,0,0,0,0,0,0,0,0,0,0,0,0,0,1,0,0,0,0,0,0,0,0,0,0,0,0,1,0,0,1,0,0,1,0,0,1,0,0,1,0,0,1,0,0,0,0,1,1,0,1,0,0,1,0,1,0,1,0,0,1,0,0,1,0,1,0,0,0,0,0,0,0,0,0,0,0,0,0,0,0,0,0,0,0,0,0,1,0,0,0,0,0,0,0,0,0,0,0,0,0,0,0,0,0,0,0,0,0,0,0,0,0,0,1,0,0,0,0,0,0,0,0,0,0,0,1,0,0,0,0,0,0,0,0,1,0,1,0,0,1,1,1,0,0,1,0,0,47.0,47.0
21,012,1,0,1,0,0,1,0,0,0,0,0,1,0,0,0,0,1,0,1,0,0,0,1,0,0,0,0,0,0,0,0,0,0,0,0,0,0,0,0,0,0,0,0,0,1,0,0,0,0,0,0,0,0,0,0,0,0,0,0,0,0,0,0,0,0,0,0,0,0,0,0,0,0,0,0,0,0,1,0,0,0,0,0,0,0,0,0,0,0,0,1,0,0,1,0,0,1,0,0,1,0,1,0,0,0,1,0,0,0,0,1,1,0,0,1,0,1,0,1,0,1,0,0,1,0,0,1,0,1,0,0,0,0,0,0,0,0,0,0,0,0,0,0,0,0,0,0,0,0,0,1,0,0,0,0,0,0,0,0,0,0,0,0,0,0,0,0,0,0,0,0,0,0,0,0,0,0,1,0,0,0,0,0,0,0,0,0,0,0,1,0,0,0,0,0,0,0,0,1,0,1,0,0,1,1,1,0,0,1,0,0,68.0,68.0
21,013,5,0,5,0,0,5,0,0,0,0,4,1,0,0,0,4,1,0,5,0,0,4,1,0,0,0,0,0,0,0,0,0,0,0,0,0,0,0,0,0,0,0,0,0,5,0,0,0,0,0,0,0,0,0,0,0,0,0,0,0,0,0,0,0,0,0,0,0,0,0,0,0,0,0,0,0,0,5,0,0,0,0,0,0,0,0,0,0,0,0,5,0,0,5,0,0,5,0,1,4,0,0,5,0,0,1,4,0,0,0,5,5,0,0,5,0,5,0,5,0,5,0,1,4,0,0,5,0,5,0,0,0,0,0,0,0,0,0,0,0,0,0,0,0,0,0,0,0,0,0,1,0,0,0,0,4,0,0,0,0,0,0,0,0,0,0,0,0,0,0,0,0,0,0,0,0,0,1,0,0,0,0,4,0,0,0,0,0,0,5,0,0,0,0,0,0,0,4,1,0,5,0,4,1,5,1,4,0,1,4,0,32.6,25.0
21,014,3,0,3,0,0,3,0,0,0,0,1,2,0,0,0,1,2,1,2,0,0,2,1,0,0,0,0,0,0,0,0,0,0,0,0,0,0,0,0,0,0,0,0,0,3,0,0,0,0,0,0,0,0,0,0,0,0,0,0,0,0,0,0,0,0,0,0,0,0,0,0,0,0,0,0,0,0,3,0,0,0,0,0,0,0,0,0,0,0,0,3,0,1,2,0,0,3,0,1,2,0,0,3,0,0,2,1,0,0,0,3,3,0,2,1,0,3,0,3,0,3,0,0,3,0,0,3,0,3,0,0,0,0,0,0,0,0,0,0,0,0,0,0,0,0,0,0,0,0,0,2,0,0,0,0,1,0,0,0,0,0,0,0,0,0,0,0,0,0,0,0,0,0,0,0,0,0,2,0,0,0,0,1,0,0,0,0,0,0,3,0,0,0,0,0,0,0,2,1,0,3,0,1,2,3,2,1,0,2,1,0,50.0,52.0
21,015,54,2,52,0,0,54,0,3,0,0,23,28,9,0,0,23,22,7,47,0,4,29,21,0,0,0,0,0,0,0,0,0,1,0,0,0,0,0,1,0,0,0,0,0,48,0,0,0,0,0,2,0,2,0,0,0,0,0,0,0,0,0,0,0,0,0,0,0,0,0,0,0,0,0,0,0,0,53,0,0,0,0,0,0,0,1,0,0,0,1,53,0,0,54,0,6,48,0,0,52,2,1,53,0,3,25,26,0,0,0,54,54,0,15,39,6,48,0,54,1,53,0,12,42,0,3,51,0,54,6,0,0,0,0,0,0,0,0,0,0,0,0,0,0,3,0,3,0,0,0,19,0,0,0,0,22,1,0,0,0,0,0,0,0,0,0,0,0,0,0,0,0,0,0,0,0,0,19,0,0,0,0,22,12,1,0,0,1,0,19,0,29,1,0,4,0,0,33,21,2,52,0,26,28,54,32,22,3,25,26,0,36.98148148148148,38.5
21,016,12,0,12,0,1,11,0,0,0,0,11,1,0,0,0,11,1,0,12,0,1,7,4,0,0,0,0,0,0,0,0,0,0,0,0,0,0,0,0,0,0,0,0,0,12,0,0,0,0,0,0,0,0,0,0,0,0,0,0,0,0,0,0,0,0,0,0,0,0,0,0,0,0,0,0,0,0,12,0,0,0,0,0,0,0,0,0,0,0,0,12,0,0,12,0,0,12,0,0,12,0,0,12,0,0,1,11,0,0,0,12,12,0,1,11,0,12,0,12,0,12,0,0,12,0,0,12,0,12,0,0,0,0,0,0,0,0,0,0,0,0,0,0,0,0,0,0,0,0,0,1,0,0,0,0,11,0,0,0,0,0,0,0,0,0,0,0,0,0,0,0,0,0,0,0,0,0,1,0,0,0,0,11,0,0,0,0,0,0,12,0,0,0,0,0,0,0,8,4,0,12,0,11,1,12,1,11,0,1,11,0,12.916666666666666,11.0
21,017,20,0,20,0,0,20,0,0,0,0,15,5,2,0,0,15,3,0,20,0,0,14,6,0,0,0,0,0,0,0,0,0,0,0,0,0,0,0,0,1,0,0,0,0,19,0,0,0,0,0,0,0,0,0,0,0,0,0,0,0,0,0,0,0,0,0,0,0,0,0,0,0,0,0,0,0,0,20,0,0,0,0,0,0,0,0,0,0,0,0,20,0,1,19,0,3,17,0,1,19,0,1,19,0,0,6,14,0,0,0,20,20,0,2,18,0,20,0,20,0,20,0,2,17,1,1,19,0,20,1,0,0,0,0,0,0,0,0,0,0,0,0,0,0,1,0,0,0,0,0,3,0,0,0,0,14,1,0,0,0,0,0,0,0,0,0,0,0,0,0,0,0,0,0,0,0,0,3,0,0,0,0,14,2,1,0,0,0,0,6,0,1,13,0,0,0,0,14,6,0,20,0,14,6,20,6,14,0,6,14,0,32.8,27.5
21,019,102,0,102,0,1,101,0,3,0,0,51,48,8,0,0,51,43,15,87,0,2,56,44,0,0,0,0,0,0,0,0,0,2,0,0,0,1,0,3,0,0,0,0,0,95,0,0,0,0,0,0,0,0,1,0,0,0,0,0,0,0,0,0,0,0,3,0,0,0,0,0,0,0,0,0,0,0,99,0,0,0,0,0,0,0,0,0,0,0,4,98,0,1,99,2,14,88,0,1,99,2,7,95,0,2,44,56,0,0,0,102,102,0,17,85,7,95,0,102,5,97,0,35,64,3,5,97,0,102,2,0,0,0,0,0,0,0,0,0,0,0,0,0,0,4,0,3,0,0,2,40,0,0,0,0,48,3,0,0,0,0,0,0,0,0,0,0,0,0,0,0,0,0,0,0,0,0,40,0,0,0,0,48,11,3,1,0,2,4,53,0,36,1,0,5,0,0,58,44,8,94,0,56,46,102,54,48,4,42,56,0,41.81372549019608,41.0
21,020,3,0,3,0,0,3,0,0,0,0,2,1,0,0,0,2,1,1,2,0,0,1,2,0,0,0,0,0,0,0,0,0,0,0,0,0,0,0,0,0,0,0,0,0,3,0,0,0,0,0,0,0,0,0,0,0,0,0,0,0,0,0,0,0,0,0,0,0,0,0,0,0,0,0,0,0,0,3,0,0,0,0,0,0,0,0,0,0,0,0,3,0,0,3,0,2,1,0,0,3,0,0,3,0,0,0,3,0,0,0,3,3,0,0,3,0,3,0,3,0,3,0,1,2,0,0,3,0,3,0,0,0,0,0,0,0,0,0,0,0,0,0,0,0,0,0,0,0,0,0,1,0,0,0,0,2,0,0,0,0,0,0,0,0,0,0,0,0,0,0,0,0,0,0,0,0,0,1,0,0,0,0,2,0,0,0,0,0,0,0,0,3,0,0,0,0,0,1,2,0,3,0,3,0,3,1,2,0,0,3,0,44.333333333333336,50.0
21,021,1,0,1,0,0,1,0,0,0,0,0,1,0,0,0,0,1,0,1,0,0,1,0,0,0,0,0,0,0,0,0,0,0,0,0,0,0,0,0,0,0,0,0,0,1,0,0,0,0,0,0,0,0,0,0,0,0,0,0,0,0,0,0,0,0,0,0,0,0,0,0,0,0,0,0,0,0,1,0,0,0,0,0,0,0,0,0,0,0,0,1,0,0,1,0,0,1,0,0,1,0,0,1,0,0,1,0,0,0,0,1,1,0,1,0,0,1,0,1,0,1,0,1,0,0,0,1,0,1,0,0,0,0,0,0,0,0,0,0,0,0,0,0,0,0,0,0,0,0,0,1,0,0,0,0,0,0,0,0,0,0,0,0,0,0,0,0,0,0,0,0,0,0,0,0,0,0,1,0,0,0,0,0,0,0,0,0,0,0,1,0,0,0,0,0,0,0,1,0,0,1,0,0,1,1,1,0,0,1,0,0,0.0,0.0
21,022,4,0,4,0,0,4,0,0,0,0,1,3,1,0,0,1,2,2,2,0,0,1,3,0,0,0,0,0,0,0,0,0,0,0,0,0,0,0,0,0,0,0,0,0,4,0,0,0,0,0,0,0,0,0,0,0,0,0,0,0,0,0,0,0,0,0,0,0,0,0,0,0,0,0,0,0,0,4,0,0,0,0,0,0,0,0,0,0,0,1,3,0,0,4,0,2,2,0,0,4,0,0,4,0,0,3,1,0,0,0,4,4,0,3,1,1,3,0,4,0,4,0,0,4,0,0,4,0,4,1,0,0,0,0,0,0,0,0,0,0,0,0,0,0,0,0,0,0,0,0,2,0,0,0,0,1,0,0,0,0,0,0,0,0,0,0,0,0,0,0,0,0,0,0,0,0,0,2,0,0,0,0,1,1,0,0,0,0,0,4,0,0,0,0,0,0,0,1,3,1,3,0,1,3,4,3,1,0,3,1,0,44.5,54.0
21,024,1,0,1,0,0,1,0,0,0,0,0,1,0,0,0,0,1,1,0,0,0,1,0,0,0,0,0,0,0,0,0,0,0,0,0,0,0,0,0,0,0,0,0,0,1,0,0,0,0,0,0,0,0,0,0,0,0,0,0,0,0,0,0,0,0,0,0,0,0,0,0,0,0,0,0,0,0,1,0,0,0,0,0,0,0,0,0,0,0,0,1,0,0,1,0,0,1,0,0,1,0,0,1,0,0,1,0,0,0,0,1,1,0,1,0,0,1,0,1,0,1,0,0,1,0,0,1,0,1,0,0,0,0,0,0,0,0,0,0,0,0,0,0,0,0,0,0,0,0,0,1,0,0,0,0,0,0,0,0,0,0,0,0,0,0,0,0,0,0,0,0,0,0,0,0,0,0,1,0,0,0,0,0,0,0,0,0,0,0,1,0,0,0,0,0,0,0,1,0,0,1,0,0,1,1,1,0,0,1,0,0,41.0,41.0
21,025,5,0,5,0,1,4,0,0,0,0,2,3,0,0,0,2,3,2,3,0,0,3,2,0,0,0,0,0,0,0,0,0,0,0,0,0,0,0,0,0,0,0,0,0,5,0,0,0,0,0,0,0,0,0,0,0,0,0,0,0,0,0,0,0,0,0,0,0,0,0,0,0,0,0,0,0,0,5,0,0,0,0,0,0,0,0,0,0,0,0,5,0,0,5,0,1,4,0,0,5,0,0,5,0,0,3,2,0,0,0,5,5,0,3,2,0,5,0,5,0,5,0,1,4,0,1,4,0,5,0,0,0,0,0,0,0,0,0,0,0,0,0,0,0,0,0,0,0,0,0,3,0,0,0,0,2,0,0,0,0,0,0,0,0,0,0,0,0,0,0,0,0,0,0,0,0,0,3,0,0,0,0,2,0,0,0,0,0,0,2,0,1,2,0,0,0,0,3,2,0,5,0,2,3,5,3,2,0,3,2,0,43.6,31.0
21,027,2,0,2,0,0,2,0,0,0,0,1,1,0,0,0,1,1,1,1,0,0,1,1,0,0,0,0,0,0,0,0,0,0,0,0,0,0,0,0,0,0,0,0,0,2,0,0,0,0,0,0,0,0,0,0,0,0,0,0,0,0,0,0,0,0,0,0,0,0,0,0,0,0,0,0,0,0,2,0,0,0,0,0,0,0,0,0,0,0,0,2,0,0,2,0,0,2,0,0,2,0,0,2,0,0,1,1,0,0,0,2,2,0,1,1,1,1,0,2,0,2,0,1,1,0,0,2,0,2,0,0,0,0,0,0,0,0,0,0,0,0,0,0,0,0,0,0,0,0,0,1,0,0,0,0,1,0,0,0,0,0,0,0,0,0,0,0,0,0,0,0,0,0,0,0,0,0,1,0,0,0,0,1,0,0,0,0,0,0,2,0,0,0,0,0,0,0,1,1,1,1,0,1,1,2,1,1,1,0,1,0,51.5,51.5
21,028,2,0,2,0,0,2,0,0,0,0,0,2,0,0,0,0,2,0,2,0,0,0,2,0,0,0,0,0,0,0,0,0,0,0,0,0,0,0,0,0,0,0,0,0,2,0,0,0,0,0,0,0,0,0,0,0,0,0,0,0,0,0,0,0,0,0,0,0,0,0,0,0,0,0,0,0,0,2,0,0,0,0,0,0,0,0,0,0,0,0,2,0,0,2,0,0,2,0,0,2,0,0,2,0,0,2,0,0,0,0,2,2,0,0,2,0,2,0,2,0,2,0,0,2,0,0,2,0,2,0,0,0,0,0,0,0,0,0,0,0,0,0,0,0,0,0,0,0,0,0,2,0,0,0,0,0,0,0,0,0,0,0,0,0,0,0,0,0,0,0,0,0,0,0,0,0,0,2,0,0,0,0,0,0,0,0,0,0,0,2,0,0,0,0,0,0,0,0,2,0,2,0,0,2,2,2,0,0,2,0,0,20.0,20.0
21,029,2,0,2,0,0,2,0,0,0,0,1,1,0,0,0,1,1,1,1,0,0,1,1,0,0,0,0,0,0,0,0,0,0,0,0,0,0,0,0,0,0,0,0,0,2,0,0,0,0,0,0,0,0,0,0,0,0,0,0,0,0,0,0,0,0,0,0,0,0,0,0,0,0,0,0,0,0,2,0,0,0,0,0,0,0,0,0,0,0,0,2,0,1,1,0,0,2,0,0,2,0,0,2,0,0,1,1,0,0,0,2,2,0,0,2,0,2,0,2,0,2,0,0,2,0,0,2,0,2,0,0,0,0,0,0,0,0,0,0,0,0,0,0,0,0,0,0,0,0,0,1,0,0,0,0,1,0,0,0,0,0,0,0,0,0,0,0,0,0,0,0,0,0,0,0,0,0,1,0,0,0,0,1,0,0,0,0,1,0,0,0,1,0,0,0,0,0,1,1,0,2,0,1,1,2,1,1,0,1,1,0,38.0,38.0
21,030,4,0,4,0,0,4,0,0,0,0,2,2,0,0,0,2,2,0,4,0,0,3,1,0,0,0,0,0,0,0,0,0,0,0,0,0,0,0,0,0,0,0,0,0,4,0,0,0,0,0,0,0,0,0,0,0,0,0,0,0,0,0,0,0,0,0,0,0,0,0,0,0,0,0,0,0,0,4,0,0,0,0,0,0,0,0,0,0,0,0,4,0,0,4,0,0,4,0,0,4,0,0,4,0,0,2,2,0,0,0,4,4,0,0,4,0,4,0,4,0,4,0,0,4,0,0,4,0,4,0,0,0,0,0,0,0,0,0,0,0,0,0,0,0,0,0,0,0,0,0,2,0,0,0,0,2,0,0,0,0,0,0,0,0,0,0,0,0,0,0,0,0,0,0,0,0,0,2,0,0,0,0,2,0,0,0,0,0,0,2,0,2,0,0,0,0,0,3,1,1,3,0,2,2,4,2,2,0,2,2,0,38.75,41.0
21,033,5,0,5,0,0,5,0,0,0,0,0,5,0,0,0,0,5,1,4,0,0,3,2,0,0,0,0,0,0,0,0,0,0,0,0,0,0,0,0,0,0,0,0,0,5,0,0,0,0,0,0,0,0,0,0,0,0,0,0,0,0,0,0,0,0,0,0,0,0,0,0,0,0,1,0,0,0,4,0,0,0,0,0,0,0,0,0,0,0,0,5,0,0,5,0,1,4,0,0,5,0,1,4,0,1,3,1,0,0,0,5,5,0,3,2,1,4,0,5,0,5,0,0,5,0,0,5,0,5,0,0,0,0,0,0,0,0,0,0,0,0,0,0,0,0,0,0,0,0,0,5,0,0,0,0,0,0,0,0,0,0,0,0,0,0,0,0,0,0,0,0,0,0,0,0,0,0,5,0,0,0,0,0,0,0,0,0,0,0,5,0,0,0,0,0,0,0,3,2,0,5,0,1,4,5,5,0,1,3,1,0,25.6,9.0
21,034,32,2,30,0,0,32,0,3,0,0,12,17,2,0,0,12,18,8,24,0,1,18,13,0,0,0,0,0,0,0,2,0,1,0,0,0,0,1,1,0,0,0,0,0,26,0,0,0,0,0,0,0,0,1,0,0,0,0,0,0,0,0,0,0,0,1,0,0,0,0,0,0,0,0,0,0,0,30,1,0,0,0,0,0,0,0,0,0,0,0,32,0,0,31,1,7,25,0,0,31,1,1,31,0,2,18,12,0,0,0,32,32,0,12,20,1,31,0,32,2,30,0,6,26,0,3,29,0,32,2,0,0,0,0,0,0,0,1,0,0,0,0,0,0,0,0,3,0,0,0,14,0,0,0,0,11,1,0,0,0,0,0,0,0,0,0,0,0,0,0,1,0,0,0,0,0,0,14,0,0,0,0,11,5,1,0,0,2,0,16,0,11,3,0,0,0,0,19,13,0,32,0,12,20,32,21,11,0,20,12,0,42.03125,44.5
21,035,12,0,12,0,0,12,0,1,0,0,8,3,1,0,0,8,3,3,8,1,1,7,4,0,0,0,0,0,0,0,0,0,0,0,0,0,0,0,0,0,0,0,0,0,12,0,0,0,0,0,0,0,0,0,0,0,0,0,0,0,0,0,0,0,0,0,0,0,0,0,0,0,0,0,0,0,0,12,0,0,0,0,0,0,0,0,0,0,0,0,12,0,1,11,0,1,11,0,1,11,0,0,12,0,0,4,8,0,0,0,12,12,0,4,8,0,12,0,12,0,12,0,4,8,0,0,12,0,12,1,0,0,0,0,0,0,0,0,0,0,0,0,0,0,0,0,1,0,0,0,2,0,0,0,0,7,1,0,0,0,0,0,0,0,0,0,0,0,0,0,0,0,0,0,0,0,0,2,0,0,0,0,7,2,1,0,0,0,0,9,0,0,1,0,2,0,0,8,4,1,11,0,8,4,12,5,7,0,4,8,0,37.416666666666664,36.5
21,037,1,0,1,0,0,1,0,0,0,0,0,1,0,0,0,0,1,0,1,0,0,0,1,0,0,0,0,0,0,0,0,0,0,0,0,0,0,0,0,0,0,0,0,0,1,0,0,0,0,0,0,0,0,0,0,0,0,0,0,0,0,0,0,0,0,0,0,0,0,0,0,0,0,0,0,0,0,1,0,0,0,0,0,0,0,0,0,0,0,0,1,0,0,1,0,1,0,0,0,1,0,0,1,0,0,1,0,0,0,0,1,1,0,1,0,0,1,0,1,0,1,0,1,0,0,1,0,0,1,0,0,0,0,0,0,0,0,0,0,0,0,0,0,0,0,0,0,0,0,0,1,0,0,0,0,0,0,0,0,0,0,0,0,0,0,0,0,0,0,0,0,0,0,0,0,0,0,1,0,0,0,0,0,0,0,0,0,0,0,0,0,1,0,0,0,0,0,0,1,0,1,0,0,1,1,1,0,0,1,0,0,64.0,64.0
21,038,3,0,3,0,0,3,0,1,0,0,0,2,0,0,0,0,3,0,3,0,0,2,1,0,0,0,0,0,0,0,0,0,0,0,0,1,0,0,0,0,0,0,0,0,2,0,0,0,0,0,0,0,0,0,0,0,0,0,0,0,0,0,0,0,0,0,0,0,0,0,0,0,0,0,0,0,0,3,0,0,0,0,0,0,0,0,0,0,0,0,3,0,0,3,0,2,1,0,0,3,0,0,3,0,0,3,0,0,0,0,3,3,0,1,2,1,2,0,3,0,3,0,0,3,0,0,3,0,3,0,0,0,0,0,0,0,0,0,0,0,0,0,0,0,0,0,1,0,0,0,2,0,0,0,0,0,0,0,0,0,0,0,0,0,0,0,0,0,0,0,0,0,0,0,0,0,0,2,0,0,0,0,0,1,0,0,0,0,0,2,0,1,0,0,0,0,0,2,1,1,2,0,0,3,3,3,0,0,3,0,0,40.0,25.0
21,039,2,0,2,0,0,2,0,0,0,0,1,1,0,0,0,1,1,1,1,0,0,2,0,0,0,0,0,0,0,0,0,0,0,0,0,0,0,0,0,0,0,0,0,0,2,0,0,0,0,0,0,0,0,0,0,0,0,0,0,0,0,0,0,0,0,0,0,0,0,1,0,0,0,0,0,0,0,1,0,0,0,0,0,0,0,0,0,0,0,0,2,0,0,2,0,1,1,0,0,2,0,0,2,0,0,1,1,0,0,0,2,2,0,1,1,0,2,0,2,0,2,0,0,2,0,0,2,0,2,0,0,0,0,0,0,0,0,0,0,0,0,0,0,0,0,0,0,0,0,0,1,0,0,0,0,1,0,0,0,0,0,0,0,0,0,0,0,0,0,0,0,0,0,0,0,0,0,1,0,0,0,0,1,0,0,0,0,0,0,2,0,0,0,0,0,0,0,2,0,0,2,0,1,1,2,1,1,0,1,1,0,73.0,73.0
21,040,5,1,4,0,0,5,0,1,0,0,1,3,1,0,0,1,3,1,4,0,0,4,1,0,0,0,0,0,0,0,0,0,0,0,0,0,0,0,0,0,0,0,0,0,4,0,0,0,0,0,0,0,0,0,1,0,0,0,0,0,0,0,0,0,0,0,0,0,0,0,0,0,0,0,0,0,0,5,0,0,0,0,0,0,0,0,0,0,0,0,5,0,0,5,0,0,5,0,0,5,0,0,5,0,0,3,2,0,0,0,5,5,0,1,4,1,4,0,5,0,5,0,1,4,0,0,5,0,5,0,0,0,0,0,0,0,0,0,0,0,0,0,0,0,0,0,1,0,0,1,2,0,0,0,0,1,0,0,0,0,0,0,0,0,0,0,0,0,0,0,0,0,0,0,0,0,0,2,0,0,0,0,1,2,0,0,0,0,0,3,0,2,0,0,0,0,0,4,1,0,5,0,2,3,5,4,1,0,3,2,0,39.2,48.0
21,041,90,2,88,0,5,85,0,4,0,1,38,47,11,0,1,38,40,13,77,0,0,50,40,0,0,0,0,0,0,0,0,0,4,0,0,0,0,0,2,0,0,0,0,1,76,0,1,0,0,0,0,0,3,3,0,0,0,0,0,0,0,0,0,0,0,1,0,0,0,0,0,0,0,0,0,0,0,87,0,0,0,0,0,0,0,2,0,0,0,0,90,0,0,88,2,18,72,0,1,88,1,3,87,0,3,45,42,0,0,0,90,90,0,36,54,7,83,0,90,8,82,0,26,63,1,2,88,0,90,3,0,0,0,1,0,0,0,0,0,0,0,0,0,0,4,0,4,0,0,3,37,0,0,0,0,38,0,1,0,0,0,1,0,0,0,0,0,0,0,0,0,0,0,0,0,0,0,37,0,0,0,0,38,13,0,0,0,1,1,34,0,38,13,0,3,0,0,50,40,2,88,0,42,48,90,52,38,2,46,42,0,37.06666666666667,37.5
21,042,3,0,3,0,0,3,0,0,0,0,1,2,0,0,0,1,2,0,3,0,0,1,2,0,0,0,0,0,0,0,0,0,0,0,0,0,0,0,0,0,0,0,0,0,3,0,0,0,0,0,0,0,0,0,0,0,0,0,0,0,0,0,0,0,0,0,0,0,0,0,0,0,0,0,0,0,0,3,0,0,0,0,0,0,0,0,0,0,0,0,3,0,0,3,0,0,3,0,0,3,0,0,3,0,0,2,1,0,0,0,3,3,0,2,1,0,3,0,3,0,3,0,1,2,0,0,3,0,3,0,0,0,0,0,0,0,0,0,0,0,0,0,0,0,0,0,0,0,0,0,2,0,0,0,0,1,0,0,0,0,0,0,0,0,0,0,0,0,0,0,0,0,0,0,0,0,0,2,0,0,0,0,1,0,0,0,0,0,0,3,0,0,0,0,0,0,0,1,2,0,3,0,1,2,3,2,1,0,2,1,0,16.0,14.0
21,043,97,8,89,0,2,95,0,0,0,1,41,55,16,0,1,41,39,27,70,0,4,45,48,0,0,0,0,0,0,0,0,0,0,0,0,0,0,0,2,0,0,0,0,0,93,1,0,0,0,0,0,0,0,1,0,0,0,0,0,0,0,0,0,0,0,0,0,0,0,0,0,0,0,0,0,0,0,97,0,0,0,0,0,0,0,0,0,0,0,19,78,0,49,48,0,32,65,0,49,48,0,0,97,0,3,49,45,0,0,0,97,97,0,51,46,10,87,0,97,3,94,0,2,94,1,4,93,0,97,12,0,0,2,1,0,0,0,0,0,0,0,0,0,0,2,0,0,0,0,0,39,0,0,0,0,41,0,0,0,0,0,1,0,0,0,0,0,0,0,0,0,0,0,0,0,0,0,39,0,0,0,0,41,16,0,0,0,86,0,4,0,6,1,0,0,0,0,49,48,5,92,0,45,52,97,56,41,0,52,45,0,51.8041237113402,56.0
21,044,7,0,7,0,0,7,0,0,0,0,0,7,2,0,0,0,5,2,5,0,0,2,5,0,0,0,0,0,0,0,0,0,0,0,0,0,0,0,0,0,0,0,0,0,7,0,0,0,0,0,0,0,0,0,0,0,0,0,0,0,0,0,0,0,0,0,0,0,0,0,0,0,0,0,0,0,0,7,0,0,0,0,0,0,0,0,0,0,0,0,7,0,0,7,0,4,3,0,0,7,0,0,7,0,1,6,0,0,0,0,7,7,0,5,2,2,5,0,7,0,7,0,0,7,0,2,5,0,7,2,0,0,0,0,0,0,0,0,0,0,0,0,0,0,0,0,0,0,0,0,5,0,0,0,0,0,0,0,0,0,0,0,0,0,0,0,0,0,0,0,0,0,0,0,0,0,0,5,0,0,0,0,0,2,0,0,0,0,0,6,0,1,0,0,0,0,0,2,5,0,7,0,0,7,7,7,0,0,7,0,0,62.57142857142857,63.0
21,045,24,0,24,0,1,23,0,0,0,0,10,14,2,0,0,10,12,8,16,0,0,16,8,0,0,0,0,0,0,0,0,0,2,0,0,0,0,0,0,0,0,0,0,0,22,0,0,0,0,0,0,0,0,0,0,0,0,0,0,0,0,0,0,0,0,1,0,0,0,0,0,0,0,0,0,0,0,23,0,0,0,0,0,0,0,0,0,0,0,0,24,0,0,23,1,9,15,0,0,23,1,0,24,0,2,13,9,0,0,0,24,24,0,6,18,1,23,0,24,1,23,0,10,13,1,2,22,0,24,1,0,0,0,0,0,0,0,0,0,0,0,0,0,0,1,0,0,0,0,0,12,0,0,0,0,10,0,0,0,0,0,0,0,0,0,0,0,0,0,0,0,0,0,0,0,0,0,12,0,0,0,0,10,2,0,0,0,1,0,5,0,16,0,0,2,0,0,16,8,0,24,0,9,15,24,14,10,1,14,9,0,47.0,51.0
21,046,4,1,3,0,0,4,0,0,0,0,2,2,0,0,0,2,2,0,4,0,0,4,0,0,0,0,0,0,0,0,0,0,0,0,0,0,0,0,0,0,0,0,0,0,4,0,0,0,0,0,0,0,0,0,0,0,0,0,0,0,0,0,0,0,0,0,0,0,0,0,0,0,0,0,0,0,0,4,0,0,0,0,0,0,0,0,0,0,0,1,3,0,0,4,0,0,4,0,0,4,0,0,4,0,0,2,2,0,0,0,4,4,0,2,2,0,4,0,4,1,3,0,1,3,0,0,4,0,4,0,0,0,0,0,0,0,0,0,0,0,0,0,0,0,0,0,0,0,0,0,2,0,0,0,0,2,0,0,0,0,0,0,0,0,0,0,0,0,0,0,0,0,0,0,0,0,0,2,0,0,0,0,2,0,0,0,0,0,0,4,0,0,0,0,0,0,0,4,0,0,4,0,2,2,4,2,2,0,2,2,0,18.75,23.0
21,047,22,0,22,0,1,21,0,0,0,2,5,15,1,0,2,5,14,3,19,0,0,12,10,0,0,0,0,0,0,0,0,0,1,0,0,0,0,0,0,0,0,0,0,0,21,0,0,0,0,0,0,0,0,0,0,0,0,0,0,0,0,0,0,0,0,0,0,0,0,0,0,0,0,3,0,0,0,19,0,0,0,0,0,0,0,0,0,0,0,1,21,0,0,22,0,5,17,0,0,22,0,1,21,0,1,16,5,0,0,0,22,22,0,12,10,4,18,0,22,0,22,0,6,16,0,3,19,0,22,0,0,0,0,2,0,0,0,0,0,0,0,0,0,1,0,0,0,0,0,1,13,0,0,0,0,5,0,0,0,0,0,2,0,0,0,0,0,0,0,0,0,0,0,0,0,0,0,13,0,0,0,0,5,2,0,0,0,0,1,8,0,11,0,0,2,0,0,12,10,1,21,0,5,17,22,17,5,1,16,5,0,36.77272727272727,27.5
21,048,9,0,9,0,2,7,0,0,0,0,3,6,1,0,0,3,5,5,4,0,0,7,2,0,0,0,0,0,0,0,0,0,0,0,0,0,0,0,0,0,0,0,0,0,9,0,0,0,0,0,0,0,0,0,0,0,0,0,0,0,0,0,0,0,0,0,0,0,0,0,0,0,0,0,0,0,0,8,0,0,0,0,0,0,0,1,0,0,0,1,8,0,0,9,0,4,5,0,0,9,0,0,9,0,0,6,3,0,0,0,9,9,0,1,8,2,7,0,9,0,9,0,1,8,0,1,8,0,9,1,0,0,0,0,0,0,0,0,0,0,0,0,0,0,0,0,0,0,0,0,5,0,0,0,0,3,0,0,0,0,0,0,0,0,0,0,0,0,0,0,0,0,0,0,0,0,0,5,0,0,0,0,3,1,0,0,0,0,0,6,0,2,0,0,1,0,0,7,2,0,9,0,3,6,9,6,3,0,6,3,0,51.55555555555556,51.0
21,049,20,2,18,0,0,19,1,1,0,1,5,13,3,0,1,5,11,4,16,0,2,8,10,0,0,0,0,0,0,0,0,0,0,0,0,0,0,0,0,0,0,0,0,0,20,0,0,0,0,0,0,0,0,0,0,0,0,0,0,0,0,0,0,0,0,2,0,0,0,0,0,0,0,0,0,0,0,18,0,0,0,0,0,0,0,0,0,0,0,0,20,0,11,9,0,1,19,0,13,7,0,1,19,0,1,15,4,0,0,0,20,20,0,11,9,0,20,0,20,3,17,0,0,20,0,0,20,0,20,2,0,0,0,1,0,0,0,0,0,0,0,0,0,1,1,0,1,0,0,0,9,0,0,0,0,4,1,0,0,0,0,1,0,0,0,0,0,0,0,0,0,0,0,0,0,0,0,9,0,0,0,0,4,5,1,0,0,2,0,18,0,0,0,0,0,0,0,10,10,0,20,0,4,16,20,16,4,0,16,4,0,40.85,44.0
21,050,4,0,4,0,0,4,0,0,0,0,0,4,0,0,0,0,4,0,4,0,0,2,2,0,0,0,0,0,0,0,0,0,0,0,0,0,0,0,0,0,0,0,0,0,3,0,0,0,0,0,0,0,0,1,0,0,0,0,0,0,0,0,0,0,0,0,0,0,0,0,0,0,0,0,0,0,0,3,0,0,0,0,0,0,0,0,1,0,0,0,4,0,0,4,0,0,4,0,0,4,0,1,3,0,1,3,0,0,0,0,4,4,0,2,2,0,4,0,4,0,4,0,0,4,0,0,4,0,4,0,0,0,0,0,0,0,0,0,0,0,0,0,0,0,0,0,0,0,0,0,4,0,0,0,0,0,0,0,0,0,0,0,0,0,0,0,0,0,0,0,0,0,0,0,0,0,0,4,0,0,0,0,0,0,0,0,0,0,0,4,0,0,0,0,0,0,0,2,2,1,3,0,0,4,4,4,0,0,4,0,0,30.75,28.0
21,051,27,0,27,0,2,25,0,0,0,3,9,15,5,0,3,9,10,4,23,0,0,13,14,0,0,0,0,0,0,0,0,0,0,0,0,0,0,0,0,0,1,0,0,0,25,0,0,0,0,0,0,0,1,0,0,0,0,0,0,0,0,0,0,0,0,0,0,0,0,0,0,0,0,2,0,0,0,25,0,0,0,0,0,0,0,0,0,0,0,2,25,0,0,27,0,2,25,0,0,27,0,1,26,0,2,13,12,0,0,0,27,27,0,10,17,0,27,0,27,1,26,0,3,24,0,0,27,0,27,1,0,0,0,3,0,0,0,0,0,0,0,0,0,0,3,0,0,0,0,1,10,0,0,0,0,9,0,0,0,0,0,3,0,0,0,0,0,0,0,0,0,0,0,0,0,0,0,10,0,0,0,0,9,5,0,0,0,0,0,23,0,4,0,0,0,0,0,13,14,1,26,0,12,15,27,18,9,2,13,12,0,35.888888888888886,27.0
21,053,527,4,523,0,2,525,0,5,0,0,500,22,2,0,0,500,25,20,507,0,1,301,225,0,0,0,0,0,0,0,2,0,9,0,0,0,3,1,50,1,1,1,0,4,444,1,0,0,0,0,0,0,9,0,0,0,1,0,0,0,0,0,0,0,0,1,0,0,0,2,0,0,0,0,0,0,0,524,0,0,0,0,0,0,0,0,0,0,0,3,524,0,0,519,8,25,502,0,1,518,8,1,526,0,0,17,510,0,0,1,526,526,1,13,514,19,508,0,527,1,526,0,16,509,2,0,527,0,527,1,0,0,0,0,0,0,0,0,0,0,0,0,0,0,1,0,5,0,0,0,20,0,0,0,0,499,1,0,0,0,0,0,0,0,0,0,0,0,0,0,0,0,0,0,0,0,0,20,0,0,0,0,499,7,1,0,0,0,0,518,0,8,0,1,0,0,0,302,225,0,527,0,510,17,527,28,499,0,17,510,0,24.74762808349146,18.0
21,054,69,1,68,0,1,68,0,2,0,0,62,5,1,0,0,62,6,7,62,0,1,41,27,0,0,0,0,0,0,0,0,0,0,0,0,0,1,0,0,0,0,0,1,0,65,0,0,0,0,0,0,0,0,2,0,0,0,0,0,0,0,0,0,0,0,0,0,0,0,0,0,0,0,0,0,0,0,69,0,0,0,0,0,0,0,0,0,0,0,1,68,0,0,69,0,7,62,0,0,69,0,0,69,0,0,2,67,0,0,0,69,69,0,2,67,0,69,0,69,0,69,0,1,68,0,0,69,0,69,0,0,0,0,0,0,0,0,0,0,0,0,0,0,0,1,0,2,0,0,0,4,0,0,0,0,62,0,0,0,0,0,0,0,0,0,0,0,0,0,0,0,0,0,0,0,0,0,4,0,0,0,0,62,3,0,0,0,0,0,8,0,1,60,0,0,0,0,42,27,0,69,0,67,2,69,7,62,0,2,67,0,31.89855072463768,27.0
21,055,6,0,6,0,0,6,0,0,0,0,2,4,0,0,0,2,4,0,6,0,0,2,4,0,0,0,0,0,0,0,0,0,1,0,0,0,0,0,0,0,0,0,0,0,5,0,0,0,0,0,0,0,0,0,0,0,0,0,0,0,0,0,0,0,0,0,0,0,0,0,0,0,0,0,0,0,2,4,0,0,0,0,0,0,0,0,0,0,0,1,5,0,0,6,0,0,6,0,1,5,0,0,6,0,0,5,1,0,0,0,6,6,0,5,1,0,6,0,6,0,6,0,1,4,1,0,6,0,6,0,0,0,0,0,0,0,0,0,0,0,0,0,0,0,0,0,0,0,0,0,4,0,0,0,0,0,2,0,0,0,0,0,0,0,0,0,0,0,0,0,0,0,0,0,0,0,0,4,0,0,0,0,0,0,2,0,0,0,0,6,0,0,0,0,0,0,0,2,4,0,6,0,1,5,6,6,0,1,4,1,0,37.0,29.0
21,057,2,0,2,0,0,2,0,0,0,0,0,2,0,0,0,0,2,0,2,0,0,1,1,0,0,0,0,0,0,0,0,0,0,0,0,0,0,0,1,0,0,0,0,0,1,0,0,0,0,0,0,0,0,0,0,0,0,0,0,0,0,0,0,0,0,0,0,0,0,2,0,0,0,0,0,0,0,0,0,0,0,0,0,0,0,0,0,0,0,1,1,0,0,2,0,0,2,0,0,2,0,0,2,0,1,1,0,0,0,0,2,2,0,2,0,0,2,0,2,0,2,0,0,2,0,0,2,0,2,0,0,0,0,0,0,0,0,0,0,0,0,0,0,0,0,0,0,0,0,0,2,0,0,0,0,0,0,0,0,0,0,0,0,0,0,0,0,0,0,0,0,0,0,0,0,0,0,2,0,0,0,0,0,0,0,0,0,0,0,2,0,0,0,0,0,0,0,1,1,0,2,0,0,2,2,2,0,0,2,0,0,27.5,27.5
21,058,1,0,1,0,0,1,0,0,0,0,0,1,0,0,0,0,1,0,1,0,0,1,0,0,0,0,0,0,0,0,0,0,0,0,0,0,0,0,0,0,0,0,0,0,1,0,0,0,0,0,0,0,0,0,0,0,0,0,0,0,0,0,0,0,0,0,0,0,0,0,0,0,0,0,0,0,0,1,0,0,0,0,0,0,0,0,0,0,0,0,1,0,0,1,0,0,1,0,0,1,0,0,1,0,0,1,0,0,0,0,1,1,0,0,1,0,1,0,1,0,1,0,0,1,0,0,1,0,1,0,0,0,0,0,0,0,0,0,0,0,0,0,0,0,0,0,0,0,0,0,1,0,0,0,0,0,0,0,0,0,0,0,0,0,0,0,0,0,0,0,0,0,0,0,0,0,0,1,0,0,0,0,0,0,0,0,0,0,0,0,0,1,0,0,0,0,0,1,0,0,1,0,0,1,1,1,0,0,1,0,0,65.0,65.0
21,059,1,0,1,0,0,1,0,0,0,0,0,1,0,0,0,0,1,0,1,0,0,1,0,0,0,0,0,0,0,0,0,0,0,0,0,0,0,0,0,0,0,0,0,0,1,0,0,0,0,0,0,0,0,0,0,0,0,0,0,0,0,0,0,0,0,0,0,0,0,0,0,0,0,0,0,0,0,1,0,0,0,0,0,0,0,0,0,0,0,0,1,0,0,1,0,0,1,0,0,1,0,0,1,0,0,1,0,0,0,0,1,1,0,1,0,0,1,0,1,0,1,0,0,1,0,0,1,0,1,0,0,0,0,0,0,0,0,0,0,0,0,0,0,0,0,0,0,0,0,0,1,0,0,0,0,0,0,0,0,0,0,0,0,0,0,0,0,0,0,0,0,0,0,0,0,0,0,1,0,0,0,0,0,0,0,0,0,0,0,1,0,0,0,0,0,0,0,1,0,0,1,0,0,1,1,1,0,0,1,0,0,36.0,36.0
21,060,2,0,2,0,0,2,0,0,0,0,1,1,1,0,0,1,0,1,1,0,0,0,2,0,0,0,0,0,0,0,0,0,0,0,0,0,0,0,0,0,0,0,0,0,2,0,0,0,0,0,0,0,0,0,0,0,0,0,0,0,0,0,0,0,0,0,0,0,0,0,0,0,0,0,0,0,0,2,0,0,0,0,0,0,0,0,0,0,0,0,2,0,0,2,0,0,2,0,0,2,0,0,2,0,1,0,1,0,0,0,2,2,0,1,1,1,1,0,2,0,2,0,1,1,0,0,2,0,2,1,0,0,0,0,0,0,0,0,0,0,0,0,0,0,0,0,0,0,0,0,0,0,0,0,0,1,0,0,0,0,0,0,0,0,0,0,0,0,0,0,0,0,0,0,0,0,0,0,0,0,0,0,1,1,0,0,0,0,0,1,0,1,0,0,0,0,0,0,2,1,1,0,1,1,2,1,1,0,1,1,0,57.0,57.0
21,061,9,2,7,0,0,9,0,0,0,0,4,5,0,0,0,4,5,2,7,0,0,4,5,0,0,0,0,0,0,0,0,0,0,0,0,0,0,0,0,0,0,0,0,0,8,0,0,0,0,0,0,0,0,1,0,0,0,0,0,0,0,0,0,0,0,0,0,0,0,0,0,0,0,0,0,0,0,9,0,0,0,0,0,0,0,0,0,0,0,1,8,0,5,4,0,1,8,0,7,2,0,0,9,0,0,8,1,0,0,0,9,9,0,5,4,0,9,0,9,1,8,0,0,9,0,0,9,0,9,0,0,0,0,0,0,0,0,0,0,0,0,0,0,0,0,0,0,0,0,0,5,0,0,0,0,4,0,0,0,0,0,0,0,0,0,0,0,0,0,0,0,0,0,0,0,0,0,5,0,0,0,0,4,0,0,0,0,0,0,9,0,0,0,0,0,0,0,4,5,0,9,0,1,8,9,5,4,0,8,1,0,48.333333333333336,60.0
21,062,4,0,4,0,0,4,0,0,0,0,2,2,0,0,0,2,2,1,3,0,0,3,1,0,0,0,0,0,0,0,0,0,0,0,0,0,0,0,0,0,0,0,0,0,4,0,0,0,0,0,0,0,0,0,0,0,0,0,0,0,0,0,0,0,0,0,0,0,0,0,0,0,0,0,0,0,0,4,0,0,0,0,0,0,0,0,0,0,0,0,4,0,0,4,0,1,3,0,0,4,0,0,4,0,0,2,2,0,0,0,4,4,0,2,2,1,3,0,4,0,4,0,0,4,0,0,4,0,4,0,0,0,0,0,0,0,0,0,0,0,0,0,0,0,0,0,0,0,0,0,2,0,0,0,0,2,0,0,0,0,0,0,0,0,0,0,0,0,0,0,0,0,0,0,0,0,0,2,0,0,0,0,2,0,0,0,0,0,0,3,0,1,0,0,0,0,0,3,1,0,4,0,2,2,4,2,2,0,2,2,0,44.0,45.5
21,063,3,1,2,0,0,3,0,0,0,0,1,2,0,0,0,1,2,0,3,0,0,1,2,0,0,0,0,0,0,0,0,0,0,0,0,0,0,0,0,0,0,0,0,0,3,0,0,0,0,0,0,0,0,0,0,0,0,0,0,0,0,0,0,0,0,1,0,0,0,0,0,0,0,0,0,0,0,2,0,0,0,0,0,0,0,0,0,0,0,0,3,0,0,3,0,1,2,0,0,3,0,1,2,0,0,2,1,0,0,0,3,3,0,1,2,0,3,0,3,0,3,0,1,2,0,0,3,0,3,0,0,0,0,0,0,0,0,0,0,0,0,0,0,0,0,0,0,0,0,0,2,0,0,0,0,1,0,0,0,0,0,0,0,0,0,0,0,0,0,0,0,0,0,0,0,0,0,2,0,0,0,0,1,0,0,0,0,1,0,0,0,1,1,0,0,0,0,1,2,0,3,0,1,2,3,2,1,0,2,1,0,33.666666666666664,32.0
21,064,2,0,2,0,0,2,0,0,0,0,0,2,0,0,0,0,2,1,1,0,0,1,1,0,0,0,0,0,0,0,0,0,0,0,0,0,0,0,0,0,0,0,0,0,2,0,0,0,0,0,0,0,0,0,0,0,0,0,0,0,0,0,0,0,0,0,0,0,0,0,0,0,0,0,0,0,0,2,0,0,0,0,0,0,0,0,0,0,0,0,2,0,0,2,0,0,2,0,0,2,0,0,2,0,0,2,0,0,0,0,2,2,0,1,1,0,2,0,2,0,1,1,1,1,0,0,2,0,2,0,0,0,0,0,0,0,0,0,0,0,0,0,0,0,0,0,0,0,0,0,2,0,0,0,0,0,0,0,0,0,0,0,0,0,0,0,0,0,0,0,0,0,0,0,0,0,0,2,0,0,0,0,0,0,0,0,0,0,0,1,0,0,0,0,1,0,0,1,1,0,2,0,0,2,2,2,0,0,2,0,0,15.5,15.5
21,065,6,1,5,0,0,6,0,0,0,1,1,4,0,0,1,1,4,0,6,0,0,5,1,0,0,0,0,0,0,0,0,0,0,0,0,0,0,0,0,0,0,0,0,0,6,0,0,0,0,0,0,0,0,0,0,0,0,0,0,0,0,0,0,0,0,2,0,0,0,0,0,0,0,0,0,0,0,4,0,0,0,0,0,0,0,0,0,0,0,0,6,0,0,6,0,1,5,0,0,6,0,0,6,0,0,6,0,0,0,0,6,6,0,3,3,0,6,0,6,2,4,0,0,6,0,0,6,0,6,0,0,0,0,1,0,0,0,0,0,0,0,0,0,0,0,0,0,0,0,0,4,0,0,0,0,1,0,0,0,0,0,1,0,0,0,0,0,0,0,0,0,0,0,0,0,0,0,4,0,0,0,0,1,0,0,0,0,2,0,4,0,0,0,0,0,0,0,5,1,0,6,0,0,6,6,5,1,0,6,0,0,22.0,21.0
21,066,6,0,6,0,0,6,0,0,0,0,1,5,1,0,0,1,4,0,6,0,1,4,1,0,0,0,0,0,0,0,0,0,0,0,0,0,0,0,0,0,0,0,0,0,6,0,0,0,0,0,0,0,0,0,0,0,0,0,0,0,0,0,0,0,0,0,0,0,0,0,0,0,0,0,0,0,0,6,0,0,0,0,0,0,0,0,0,0,0,0,6,0,0,6,0,0,6,0,0,6,0,0,6,0,0,5,1,0,0,0,6,6,0,4,2,0,6,0,6,0,6,0,0,6,0,0,6,0,6,1,0,0,0,0,0,0,0,0,0,0,0,0,0,0,0,0,0,0,0,0,4,0,0,0,0,1,0,0,0,0,0,0,0,0,0,0,0,0,0,0,0,0,0,0,0,0,0,4,0,0,0,0,1,1,0,0,0,0,0,5,0,1,0,0,0,0,0,5,1,2,4,0,1,5,6,5,1,0,5,1,0,45.666666666666664,41.5
21,067,2,0,2,0,0,2,0,0,0,0,1,1,0,0,0,1,1,0,2,0,0,1,1,0,0,0,0,0,0,0,0,0,0,0,0,0,0,0,0,0,0,0,0,0,2,0,0,0,0,0,0,0,0,0,0,0,0,0,0,0,0,0,0,0,0,0,0,0,0,0,0,0,0,0,0,0,0,2,0,0,0,0,0,0,0,0,0,0,0,0,2,0,0,2,0,0,2,0,0,2,0,0,2,0,0,1,1,0,0,0,2,2,0,0,2,0,2,0,2,0,2,0,0,2,0,0,2,0,2,0,0,0,0,0,0,0,0,0,0,0,0,0,0,0,0,0,0,0,0,0,1,0,0,0,0,1,0,0,0,0,0,0,0,0,0,0,0,0,0,0,0,0,0,0,0,0,0,1,0,0,0,0,1,0,0,0,0,0,0,1,0,1,0,0,0,0,0,1,1,0,2,0,1,1,2,1,1,0,1,1,0,27.0,27.0
21,068,3,0,3,0,0,3,0,1,0,0,0,2,0,0,0,0,3,2,1,0,0,2,1,0,0,0,0,0,0,0,0,0,0,0,0,0,0,0,0,0,0,0,0,0,3,0,0,0,0,0,0,0,0,0,0,0,0,0,0,0,0,0,0,0,0,0,0,0,0,0,0,0,0,0,0,0,0,3,0,0,0,0,0,0,0,0,0,0,0,0,3,0,0,3,0,1,2,0,0,3,0,1,2,0,0,3,0,0,0,0,3,3,0,3,0,0,3,0,3,0,3,0,1,2,0,1,2,0,3,0,0,0,0,0,0,0,0,0,0,0,0,0,0,0,0,0,1,0,0,0,2,0,0,0,0,0,0,0,0,0,0,0,0,0,0,0,0,0,0,0,0,0,0,0,0,0,0,2,0,0,0,0,0,1,0,0,0,0,0,2,0,0,0,0,1,0,0,2,1,0,3,0,0,3,3,3,0,0,3,0,0,44.0,58.0
21,069,8,0,8,0,0,8,0,1,0,0,1,6,1,0,0,1,6,1,7,0,0,3,5,0,0,0,0,0,0,0,0,0,0,0,0,0,0,0,0,0,0,0,0,0,8,0,0,0,0,0,0,0,0,0,0,0,0,0,0,0,0,0,0,0,0,0,0,0,0,0,0,0,0,0,0,0,0,8,0,0,0,0,0,0,0,0,0,0,0,1,7,0,0,8,0,1,7,0,0,8,0,0,8,0,0,7,1,0,0,0,8,8,0,2,6,0,8,0,8,0,8,0,3,5,0,0,8,0,8,0,0,0,0,0,0,0,0,0,0,0,0,0,0,0,1,0,1,0,0,0,5,0,0,0,0,1,0,0,0,0,0,0,0,0,0,0,0,0,0,0,0,0,0,0,0,0,0,5,0,0,0,0,1,2,0,0,0,0,0,6,0,1,0,0,1,0,0,3,5,0,8,0,1,7,8,7,1,0,7,1,0,34.875,28.5
21,071,83,2,81,0,4,78,1,4,0,0,19,60,6,0,0,19,58,17,66,0,3,50,30,0,0,0,0,0,0,0,0,0,0,0,0,0,2,0,0,0,0,0,0,0,81,0,0,0,0,0,0,0,0,0,0,0,0,0,0,0,0,0,0,0,0,4,0,0,0,3,0,0,0,0,0,0,0,76,0,0,0,0,0,0,0,0,0,0,0,5,78,0,8,74,1,18,65,0,13,69,1,4,78,1,3,59,21,0,0,0,83,83,0,31,52,6,77,0,83,8,71,4,13,66,4,3,80,0,83,0,0,0,1,0,0,0,1,0,0,0,0,0,1,0,1,0,4,0,0,4,52,0,0,0,0,18,1,0,0,0,0,0,0,0,0,0,0,0,0,0,0,0,0,0,0,0,0,52,0,0,0,0,18,12,1,0,0,4,0,66,1,7,0,0,5,0,0,53,30,3,80,0,21,62,83,65,18,2,60,21,0,37.19277108433735,37.0
21,072,10,0,10,0,0,10,0,0,0,0,2,8,0,0,0,2,8,3,7,0,0,7,3,0,0,0,0,0,0,0,0,0,0,0,0,0,0,0,0,0,0,0,0,0,10,0,0,0,0,0,0,0,0,0,0,0,0,0,0,0,0,0,0,0,0,0,0,0,0,0,0,0,0,0,0,0,0,10,0,0,0,0,0,0,0,0,0,0,0,1,9,0,1,9,0,3,7,0,1,9,0,2,8,0,0,8,2,0,0,0,10,10,0,2,8,1,9,0,10,1,9,0,2,8,0,1,9,0,10,0,0,0,0,0,0,0,0,0,0,0,0,0,0,0,0,0,0,0,0,0,8,0,0,0,0,2,0,0,0,0,0,0,0,0,0,0,0,0,0,0,0,0,0,0,0,0,0,8,0,0,0,0,2,0,0,0,0,0,0,5,0,4,0,0,1,0,0,7,3,1,9,0,2,8,10,8,2,0,8,2,0,50.7,45.0
21,073,7,0,7,0,0,7,0,1,0,0,3,3,0,0,0,3,4,1,6,0,0,6,1,0,0,0,0,0,0,0,0,0,0,0,0,0,0,0,0,0,0,0,0,0,7,0,0,0,0,0,0,0,0,0,0,0,0,0,0,0,0,0,0,0,0,1,0,0,0,0,0,0,0,0,0,0,0,6,0,0,0,0,0,0,0,0,0,0,0,0,7,0,0,7,0,3,4,0,0,7,0,1,6,0,1,3,3,0,0,0,7,7,0,3,4,1,6,0,7,1,6,0,0,7,0,1,6,0,7,0,0,0,0,0,0,0,0,0,0,0,0,0,1,0,0,0,1,0,0,0,2,0,0,0,0,3,0,0,0,0,0,0,0,0,0,0,0,0,0,0,0,0,0,0,0,0,0,2,0,0,0,0,3,2,0,0,0,1,0,3,0,3,0,0,0,0,0,6,1,0,7,0,3,4,7,4,3,0,4,3,0,34.285714285714285,42.0
21,074,47,0,47,0,1,46,0,0,0,1,22,24,3,0,1,22,21,18,29,0,1,23,23,0,0,0,0,0,0,0,0,0,0,0,0,0,0,0,0,0,0,0,0,0,43,0,0,0,0,0,0,0,0,3,0,0,1,0,0,0,0,0,0,0,0,2,0,0,0,0,0,0,0,0,0,0,0,45,0,0,0,0,0,0,0,0,0,0,0,2,45,0,0,46,1,9,38,0,1,45,1,1,46,0,2,23,22,0,0,1,46,46,1,16,31,3,44,0,47,1,46,0,16,31,0,2,45,0,47,2,1,0,0,1,0,0,0,0,0,0,0,0,0,0,1,0,0,0,0,0,20,0,0,0,0,20,2,0,0,0,0,1,0,0,0,0,0,0,0,0,0,0,0,0,0,0,0,20,0,0,0,0,20,4,2,0,0,2,1,10,0,23,5,0,6,0,0,24,23,1,46,0,22,25,47,27,20,1,24,22,0,48.148936170212764,50.0
21,075,4,0,4,0,0,4,0,0,0,0,1,3,0,0,0,1,3,1,3,0,0,1,3,0,0,0,0,0,0,0,0,0,0,0,0,0,0,0,0,0,1,0,0,0,3,0,0,0,0,0,0,0,0,0,0,0,0,0,0,0,0,0,0,0,0,0,0,0,0,0,0,0,0,1,0,0,0,3,0,0,0,0,0,0,0,0,0,0,0,0,4,0,0,4,0,1,3,0,0,4,0,0,4,0,0,2,2,0,0,0,4,4,0,0,4,1,3,0,4,0,4,0,1,2,1,0,4,0,4,0,0,0,0,0,0,0,0,0,0,0,0,0,0,0,0,0,0,0,0,0,3,0,0,0,0,1,0,0,0,0,0,0,0,0,0,0,0,0,0,0,0,0,0,0,0,0,0,3,0,0,0,0,1,0,0,0,0,0,0,2,0,1,1,0,0,0,0,1,3,0,4,0,2,2,4,3,1,0,2,2,0,25.0,20.5
21,076,17,0,17,0,0,17,0,0,0,1,9,7,1,0,1,9,6,2,15,0,1,11,5,0,0,0,0,0,0,0,0,0,0,0,0,0,1,0,0,0,0,0,0,0,16,0,0,0,0,0,0,0,0,0,0,0,0,0,0,0,0,0,0,0,0,0,0,0,0,0,0,0,0,0,0,0,0,17,0,0,0,0,0,0,0,0,0,0,0,0,17,0,0,16,1,6,11,0,0,16,1,0,17,0,2,7,8,0,0,0,17,17,0,2,15,1,16,0,17,1,16,0,1,16,0,2,15,0,17,1,0,0,0,1,0,0,0,0,0,0,0,0,0,0,0,0,0,0,0,0,6,0,0,0,0,9,0,0,0,0,0,1,0,0,0,0,0,0,0,0,0,0,0,0,0,0,0,6,0,0,0,0,9,1,0,0,0,0,0,9,0,1,7,0,0,0,0,12,5,0,17,0,8,9,17,8,9,1,8,8,0,43.64705882352941,44.0
21,078,1,0,1,0,0,1,0,0,0,0,0,1,0,0,0,0,1,0,1,0,0,1,0,0,0,0,0,0,0,0,0,0,0,0,0,0,0,0,0,0,0,0,0,0,1,0,0,0,0,0,0,0,0,0,0,0,0,0,0,0,0,0,0,0,0,0,0,0,0,0,0,0,0,0,0,0,0,1,0,0,0,0,0,0,0,0,0,0,0,0,1,0,0,1,0,0,1,0,0,1,0,0,1,0,0,1,0,0,0,0,1,1,0,0,1,0,1,0,1,0,1,0,0,1,0,0,1,0,1,0,0,0,0,0,0,0,0,0,0,0,0,0,0,0,0,0,0,0,0,0,1,0,0,0,0,0,0,0,0,0,0,0,0,0,0,0,0,0,0,0,0,0,0,0,0,0,0,1,0,0,0,0,0,0,0,0,0,0,0,1,0,0,0,0,0,0,0,1,0,0,1,0,0,1,1,1,0,0,1,0,0,6.0,6.0
21,079,1,0,1,0,0,1,0,0,0,0,1,0,0,0,0,1,0,0,1,0,0,1,0,0,0,0,0,0,0,0,0,0,0,0,0,0,0,0,0,0,0,0,0,0,1,0,0,0,0,0,0,0,0,0,0,0,0,0,0,0,0,0,0,0,0,0,0,0,0,0,0,0,0,0,0,0,0,1,0,0,0,0,0,0,0,0,0,0,0,0,1,0,0,1,0,1,0,0,0,1,0,0,1,0,0,0,1,0,0,0,1,1,0,0,1,0,1,0,1,0,1,0,1,0,0,0,1,0,1,0,0,0,0,0,0,0,0,0,0,0,0,0,0,0,0,0,0,0,0,0,0,0,0,0,0,1,0,0,0,0,0,0,0,0,0,0,0,0,0,0,0,0,0,0,0,0,0,0,0,0,0,0,1,0,0,0,0,0,0,1,0,0,0,0,0,0,0,1,0,0,1,0,1,0,1,0,1,0,0,1,0,55.0,55.0
21,082,4,1,3,0,0,4,0,0,0,0,3,1,0,0,0,3,1,0,4,0,0,2,2,0,0,0,0,0,0,0,0,0,0,0,0,0,0,0,0,0,0,0,0,0,4,0,0,0,0,0,0,0,0,0,0,0,0,0,0,0,0,0,0,0,0,0,0,0,0,0,0,0,0,0,0,0,0,4,0,0,0,0,0,0,0,0,0,0,0,1,3,0,0,4,0,0,4,0,0,4,0,1,3,0,0,1,3,0,0,0,4,4,0,0,4,0,4,0,4,0,4,0,2,2,0,1,3,0,4,0,0,0,0,0,0,0,0,0,0,0,0,0,0,0,0,0,0,0,0,0,1,0,0,0,0,3,0,0,0,0,0,0,0,0,0,0,0,0,0,0,0,0,0,0,0,0,0,1,0,0,0,0,3,0,0,0,0,0,0,1,0,2,0,0,1,0,0,2,2,0,4,0,3,1,4,1,3,0,1,3,0,59.75,59.5
21,083,20,0,20,0,3,17,0,1,0,0,7,12,1,0,0,7,12,4,16,0,0,8,12,0,0,0,0,0,0,0,0,0,0,0,0,0,1,0,0,0,0,0,0,1,18,0,0,0,0,0,0,0,0,0,0,0,0,0,0,0,0,0,0,0,0,1,0,0,0,0,0,0,0,0,0,0,0,18,0,0,0,0,0,0,0,1,0,0,0,3,17,0,1,17,2,6,14,0,0,20,0,1,19,0,0,13,7,0,0,0,20,20,0,9,11,2,18,0,20,0,20,0,2,16,2,2,18,0,20,1,0,1,0,0,0,0,0,0,0,0,0,0,0,0,0,0,1,0,0,0,10,0,0,0,0,7,0,0,0,0,0,0,0,0,0,0,0,0,0,0,0,0,0,0,0,0,0,10,0,0,0,0,7,3,0,0,0,1,0,18,0,0,0,0,1,0,0,8,12,2,18,0,7,13,20,13,7,1,12,7,0,57.45,71.5
21,084,1,0,1,0,0,1,0,0,0,0,0,1,0,0,0,0,1,0,1,0,0,1,0,0,0,0,0,0,0,0,0,0,0,0,0,0,0,0,0,0,0,0,0,0,1,0,0,0,0,0,0,0,0,0,0,0,0,0,0,0,0,0,0,0,0,0,0,0,0,0,0,0,0,0,0,0,0,1,0,0,0,0,0,0,0,0,0,0,0,0,1,0,0,0,1,0,1,0,0,1,0,0,1,0,0,1,0,0,0,0,1,1,0,1,0,0,1,0,1,0,1,0,0,1,0,0,1,0,1,0,0,0,0,0,0,0,0,0,0,0,0,0,0,0,0,0,0,0,0,0,1,0,0,0,0,0,0,0,0,0,0,0,0,0,0,0,0,0,0,0,0,0,0,0,0,0,0,1,0,0,0,0,0,0,0,0,0,0,0,1,0,0,0,0,0,0,0,1,0,0,1,0,0,1,1,1,0,0,1,0,0,0.0,0.0
21,085,117,5,112,0,4,113,0,2,0,3,45,67,14,0,3,45,55,20,97,0,3,64,50,0,0,0,0,0,0,0,0,0,0,0,0,3,0,0,4,0,1,0,0,1,108,0,0,0,0,0,0,0,0,0,0,0,0,0,0,0,0,0,0,0,0,1,0,0,0,0,0,0,0,0,0,0,0,116,0,0,0,0,0,0,0,0,0,0,0,4,113,0,1,116,0,17,100,0,1,116,0,2,115,0,2,52,63,0,0,0,117,117,0,44,73,8,109,0,117,1,116,0,35,82,0,4,113,0,117,3,0,0,0,3,0,0,0,0,0,0,0,0,0,0,8,0,2,0,0,3,53,0,0,0,0,41,4,0,0,0,0,3,0,0,0,0,0,0,0,0,0,0,0,0,0,0,0,53,0,0,0,0,41,16,4,0,0,1,1,84,0,25,0,0,6,0,0,67,50,7,110,0,63,54,117,76,41,1,53,63,0,36.88034188034188,34.0
21,086,2,0,2,0,0,2,0,0,0,0,0,2,1,0,0,0,1,0,2,0,0,2,0,0,0,0,0,0,0,0,0,0,0,0,0,0,0,0,0,0,0,0,0,0,2,0,0,0,0,0,0,0,0,0,0,0,0,0,0,0,0,0,0,0,0,0,0,0,0,0,0,0,0,0,0,0,0,1,0,0,0,0,0,0,0,0,1,0,0,0,2,0,0,2,0,0,2,0,0,2,0,0,2,0,0,2,0,0,0,0,2,2,0,1,1,0,2,0,2,0,2,0,0,2,0,0,2,0,2,1,0,0,0,0,0,0,0,0,0,0,0,0,0,0,0,0,0,0,0,0,1,0,0,0,0,0,0,0,0,0,0,0,0,0,0,0,0,0,0,0,0,0,0,0,0,0,0,1,0,0,0,0,0,1,0,0,0,0,0,2,0,0,0,0,0,0,0,2,0,0,2,0,0,2,2,2,0,0,2,0,0,0.5,0.5
21,087,1,0,1,0,0,1,0,0,0,0,0,1,0,0,0,0,1,0,1,0,0,0,1,0,0,0,0,0,0,0,0,0,0,0,0,0,0,0,0,0,0,0,0,0,1,0,0,0,0,0,0,0,0,0,0,0,0,0,0,0,0,0,0,0,0,0,0,0,0,0,0,0,0,0,0,0,0,1,0,0,0,0,0,0,0,0,0,0,0,0,1,0,0,1,0,0,1,0,0,1,0,0,1,0,0,1,0,0,0,0,1,1,0,0,1,0,1,0,1,0,1,0,0,1,0,0,1,0,1,0,0,0,0,0,0,0,0,0,0,0,0,0,0,0,0,0,0,0,0,0,1,0,0,0,0,0,0,0,0,0,0,0,0,0,0,0,0,0,0,0,0,0,0,0,0,0,0,1,0,0,0,0,0,0,0,0,0,0,0,1,0,0,0,0,0,0,0,0,1,0,1,0,0,1,1,1,0,0,1,0,0,65.0,65.0
21,088,5,1,4,0,1,4,0,0,0,0,4,1,0,0,0,4,1,3,2,0,0,2,3,0,0,0,0,0,0,0,0,0,0,0,0,0,0,0,0,0,0,0,0,0,5,0,0,0,0,0,0,0,0,0,0,0,0,0,0,0,0,0,0,0,0,0,0,0,0,0,0,0,0,0,0,0,0,5,0,0,0,0,0,0,0,0,0,0,0,2,3,0,3,2,0,3,2,0,3,2,0,0,5,0,0,1,4,0,0,0,5,5,0,2,3,0,5,0,5,0,5,0,1,4,0,0,5,0,5,0,0,0,0,0,0,0,0,0,0,0,0,0,0,0,0,0,0,0,0,0,1,0,0,0,0,4,0,0,0,0,0,0,0,0,0,0,0,0,0,0,0,0,0,0,0,0,0,1,0,0,0,0,4,0,0,0,0,3,0,1,0,1,0,0,0,0,0,2,3,0,5,0,4,1,5,1,4,0,1,4,0,59.4,69.0
21,089,3,0,3,0,0,3,0,1,0,0,1,1,1,0,0,1,1,1,2,0,0,2,1,0,0,0,0,0,0,0,0,0,0,0,0,0,0,0,0,0,0,0,0,0,2,0,0,0,0,0,0,0,0,0,0,0,1,0,0,0,0,0,0,0,0,0,0,0,0,0,0,0,0,0,0,0,0,3,0,0,0,0,0,0,0,0,0,0,0,1,2,0,2,1,0,1,2,0,2,1,0,0,3,0,0,2,1,0,1,0,2,2,1,1,2,1,2,0,3,0,3,0,1,2,0,0,3,0,3,0,0,0,1,0,0,0,0,0,0,0,0,0,0,0,0,0,1,0,0,0,0,0,0,0,0,1,0,0,0,0,0,0,0,0,0,0,0,0,0,0,0,0,0,0,0,0,0,0,0,0,0,0,1,2,0,0,0,0,1,2,0,0,0,0,0,0,0,2,1,0,3,0,1,2,3,2,1,0,2,1,0,57.0,67.0
21,090,13,0,13,0,0,13,0,1,0,0,6,6,0,0,0,6,7,1,12,0,0,8,5,0,0,0,0,0,0,0,0,0,0,0,0,0,0,0,0,1,0,0,0,0,12,0,0,0,0,0,0,0,0,0,0,0,0,0,0,0,0,0,0,0,0,0,0,0,0,0,0,0,0,0,0,0,0,13,0,0,0,0,0,0,0,0,0,0,0,0,13,0,1,12,0,2,11,0,0,13,0,1,12,0,1,6,6,0,0,0,13,13,0,4,9,0,13,0,13,0,13,0,2,9,2,0,13,0,13,0,0,0,0,0,0,0,0,0,0,0,0,0,0,0,0,0,1,0,0,0,6,0,0,0,0,6,0,0,0,0,0,0,0,0,0,0,0,0,0,0,0,0,0,0,0,0,0,6,0,0,0,0,6,1,0,0,0,0,0,8,0,4,0,0,1,0,0,8,5,0,13,0,6,7,13,7,6,0,7,6,0,48.92307692307692,43.0
21,091,8,1,7,0,0,8,0,0,0,0,3,5,1,0,0,3,4,2,6,0,1,3,4,0,0,0,0,0,0,0,0,0,0,0,0,0,0,0,0,0,0,0,0,1,7,0,0,0,0,0,0,0,0,0,0,0,0,0,0,0,0,0,0,0,0,0,0,0,0,0,0,0,0,0,0,0,0,8,0,0,0,0,0,0,0,0,0,0,0,0,8,0,1,7,0,1,7,0,1,7,0,0,8,0,0,4,4,0,0,0,8,8,0,2,6,0,8,0,8,0,7,1,2,6,0,1,7,0,8,1,0,0,0,0,0,0,0,0,0,0,0,0,0,0,0,0,0,0,0,0,4,0,0,0,0,3,0,0,0,0,0,0,0,0,0,0,0,0,0,0,0,0,0,0,0,0,0,4,0,0,0,0,3,1,0,0,0,0,0,7,0,0,0,0,1,0,0,4,4,1,7,0,4,4,8,5,3,0,4,4,0,34.75,24.0
21,094,65,5,60,0,2,63,0,1,0,0,23,41,5,0,0,23,37,8,57,0,0,33,32,0,0,0,0,0,0,0,0,0,0,0,0,0,0,0,0,0,0,0,0,0,65,0,0,0,0,0,0,0,0,0,0,0,0,0,0,0,0,0,0,0,0,0,0,0,0,0,0,0,0,0,0,0,0,64,0,0,0,0,0,0,0,1,0,0,0,5,60,0,0,59,6,10,55,0,0,62,3,2,63,0,3,39,23,0,0,0,65,65,0,33,32,2,63,0,65,1,64,0,6,44,15,2,63,0,65,1,0,0,0,0,0,0,0,0,0,0,0,0,1,0,3,0,1,0,0,1,35,0,0,0,0,23,0,0,0,0,0,0,0,0,0,0,0,0,0,0,0,0,0,0,0,0,0,35,0,0,0,0,23,7,0,0,0,1,0,57,0,7,0,0,0,0,0,33,32,1,64,0,23,42,65,42,23,0,42,23,0,31.630769230769232,15.0
21,095,2,0,2,0,0,2,0,0,0,0,1,1,0,0,0,1,1,1,1,0,0,2,0,0,0,0,0,0,0,0,0,0,0,0,0,0,0,0,0,0,0,0,0,0,2,0,0,0,0,0,0,0,0,0,0,0,0,0,0,0,0,0,0,0,0,1,0,0,0,0,0,0,0,0,0,0,0,1,0,0,0,0,0,0,0,0,0,0,0,0,2,0,0,2,0,1,1,0,0,2,0,1,1,0,0,0,2,0,0,0,2,2,0,0,2,0,2,0,2,1,1,0,2,0,0,0,2,0,2,0,0,0,0,0,0,0,0,0,0,0,0,0,0,0,0,0,0,0,0,0,1,0,0,0,0,1,0,0,0,0,0,0,0,0,0,0,0,0,0,0,0,0,0,0,0,0,0,1,0,0,0,0,1,0,0,0,0,1,0,1,0,0,0,0,0,0,0,2,0,0,2,0,2,0,2,1,1,0,0,2,0,50.5,50.5
21,097,4,0,4,0,0,4,0,0,0,0,1,3,0,0,0,1,3,1,3,0,0,1,3,0,0,0,0,0,0,0,0,0,0,0,0,0,0,0,0,0,0,0,0,0,4,0,0,0,0,0,0,0,0,0,0,0,0,0,0,0,0,0,0,0,0,0,0,0,0,0,0,0,0,0,0,0,0,4,0,0,0,0,0,0,0,0,0,0,0,0,4,0,0,4,0,1,3,0,0,4,0,1,3,0,0,3,1,0,0,0,4,4,0,1,3,1,3,0,4,0,4,0,0,4,0,0,4,0,4,0,0,0,0,0,0,0,0,0,0,0,0,0,0,0,0,0,0,0,0,0,3,0,0,0,0,1,0,0,0,0,0,0,0,0,0,0,0,0,0,0,0,0,0,0,0,0,0,3,0,0,0,0,1,0,0,0,0,0,0,4,0,0,0,0,0,0,0,1,3,1,3,0,1,3,4,3,1,0,3,1,0,52.0,52.0
21,098,2,0,2,0,0,2,0,0,0,0,1,1,0,0,0,1,1,1,1,0,0,1,1,0,0,0,0,0,0,0,0,0,0,0,0,0,0,0,0,0,0,0,0,0,2,0,0,0,0,0,0,0,0,0,0,0,0,0,0,0,0,0,0,0,0,0,0,0,0,0,0,0,0,0,0,0,0,2,0,0,0,0,0,0,0,0,0,0,0,0,2,0,0,2,0,0,2,0,0,2,0,0,2,0,0,1,1,0,0,0,2,2,0,1,1,1,1,0,2,0,2,0,2,0,0,0,2,0,2,0,0,0,0,0,0,0,0,0,0,0,0,0,0,0,0,0,0,0,0,0,1,0,0,0,0,1,0,0,0,0,0,0,0,0,0,0,0,0,0,0,0,0,0,0,0,0,0,1,0,0,0,0,1,0,0,0,0,0,0,1,0,0,0,0,1,0,0,1,1,0,2,0,1,1,2,1,1,0,1,1,0,46.0,46.0
21,099,4,0,4,0,0,4,0,0,0,0,0,4,1,0,0,0,3,0,4,0,0,2,2,0,0,0,0,0,0,0,0,0,0,0,0,0,0,0,0,0,0,0,0,1,3,0,0,0,0,0,0,0,0,0,0,0,0,0,0,0,0,0,0,0,0,0,0,0,0,0,0,0,0,0,0,0,0,4,0,0,0,0,0,0,0,0,0,0,0,0,4,0,0,4,0,1,3,0,0,4,0,1,3,0,0,4,0,0,0,0,4,4,0,3,1,0,4,0,4,0,4,0,1,3,0,0,4,0,4,1,0,0,0,0,0,0,0,0,0,0,0,0,0,0,0,0,0,0,0,0,3,0,0,0,0,0,0,0,0,0,0,0,0,0,0,0,0,0,0,0,0,0,0,0,0,0,0,3,0,0,0,0,0,1,0,0,0,0,0,4,0,0,0,0,0,0,0,2,2,0,4,0,0,4,4,4,0,0,4,0,0,31.0,22.5
21,100,12,0,12,0,1,11,0,2,0,0,0,10,2,0,0,0,10,1,11,0,0,3,9,0,0,0,0,0,0,0,0,0,0,0,0,0,1,0,0,0,0,0,0,0,11,0,0,0,0,0,0,0,0,0,0,0,0,0,0,0,0,0,0,0,0,0,0,0,0,3,0,0,0,0,0,0,0,8,0,0,1,0,0,0,0,0,0,0,0,1,11,0,0,12,0,0,12,0,7,5,0,1,11,0,2,10,0,0,0,0,12,12,0,10,2,1,11,0,12,1,11,0,1,11,0,1,11,0,12,0,0,0,0,0,0,0,0,0,0,0,0,0,0,0,1,0,2,0,0,1,8,0,0,0,0,0,0,0,0,0,0,0,0,0,0,0,0,0,0,0,0,0,0,0,0,0,0,8,0,0,0,0,0,4,0,0,0,1,0,11,0,0,0,0,0,0,0,3,9,0,12,0,0,12,12,12,0,1,11,0,0,16.0,4.0
21,101,1,0,1,0,0,1,0,1,0,0,0,0,0,0,0,0,1,0,1,0,0,1,0,0,0,0,0,0,0,0,0,0,0,0,0,0,0,0,0,0,0,0,0,0,1,0,0,0,0,0,0,0,0,0,0,0,0,0,0,0,0,0,0,0,0,0,0,0,0,0,0,0,0,0,0,0,0,1,0,0,0,0,0,0,0,0,0,0,0,0,1,0,0,1,0,1,0,0,0,1,0,0,1,0,0,1,0,0,0,0,1,1,0,0,1,1,0,0,1,0,1,0,0,1,0,0,1,0,1,0,0,0,0,0,0,0,0,0,0,0,0,0,0,0,0,0,1,0,0,0,0,0,0,0,0,0,0,0,0,0,0,0,0,0,0,0,0,0,0,0,0,0,0,0,0,0,0,0,0,0,0,0,0,1,0,0,0,0,0,0,0,1,0,0,0,0,0,1,0,0,1,0,0,1,1,1,0,0,1,0,0,73.0,73.0
21,102,4,0,4,0,0,4,0,0,0,0,1,3,0,0,0,1,3,1,3,0,0,2,2,0,0,0,0,0,0,0,0,0,0,0,0,0,0,0,0,0,0,0,0,0,4,0,0,0,0,0,0,0,0,0,0,0,0,0,0,0,0,0,0,0,0,0,0,0,0,0,0,0,0,0,0,0,0,4,0,0,0,0,0,0,0,0,0,0,0,0,4,0,0,4,0,0,4,0,0,4,0,1,3,0,1,2,1,0,0,0,4,4,0,1,3,0,4,0,4,0,4,0,1,3,0,1,3,0,4,0,0,0,0,0,0,0,0,0,0,0,0,0,0,0,0,1,0,0,0,0,2,0,0,0,0,1,0,0,0,0,0,0,0,0,0,0,0,0,0,0,0,0,0,0,0,0,0,2,0,0,0,0,1,1,0,0,0,0,0,4,0,0,0,0,0,0,0,2,2,0,4,0,1,3,4,3,1,0,3,1,0,38.75,38.0
21,103,1,0,1,0,0,1,0,0,0,0,1,0,0,0,0,1,0,0,1,0,0,0,1,0,0,0,0,0,0,0,0,0,0,0,0,0,0,0,0,0,0,0,0,0,1,0,0,0,0,0,0,0,0,0,0,0,0,0,0,0,0,0,0,0,0,0,0,0,0,0,0,0,0,0,0,0,0,1,0,0,0,0,0,0,0,0,0,0,0,0,1,0,0,1,0,0,1,0,0,1,0,0,1,0,0,0,1,0,0,0,1,1,0,0,1,0,1,0,1,0,1,0,1,0,0,0,1,0,1,0,0,0,0,0,0,0,0,0,0,0,0,0,0,0,0,0,0,0,0,0,0,0,0,0,0,1,0,0,0,0,0,0,0,0,0,0,0,0,0,0,0,0,0,0,0,0,0,0,0,0,0,0,1,0,0,0,0,0,0,1,0,0,0,0,0,0,0,0,1,0,1,0,1,0,1,0,1,0,0,1,0,1.0,1.0
21,104,7,1,6,0,1,6,0,0,0,0,1,6,0,0,0,1,6,1,6,0,0,4,3,0,0,0,0,0,0,0,0,0,0,0,0,0,0,0,0,0,0,0,0,0,7,0,0,0,0,0,0,0,0,0,0,0,0,0,0,0,0,0,0,0,0,0,0,0,0,0,0,0,0,0,0,0,0,6,0,0,0,0,0,0,0,1,0,0,0,0,7,0,0,7,0,2,5,0,0,7,0,0,7,0,0,6,1,0,0,0,7,7,0,3,4,0,7,0,7,0,7,0,1,6,0,1,6,0,7,0,0,0,0,0,0,0,0,0,0,0,0,0,0,0,0,0,0,0,0,0,6,0,0,0,0,1,0,0,0,0,0,0,0,0,0,0,0,0,0,0,0,0,0,0,0,0,0,6,0,0,0,0,1,0,0,0,0,1,0,5,0,1,0,0,0,0,0,4,3,0,7,0,1,6,7,6,1,0,6,1,0,25.857142857142858,31.0
21,105,7,1,6,0,0,7,0,0,0,0,1,6,0,0,0,1,6,0,7,0,0,6,1,0,0,0,0,0,0,0,0,0,0,0,0,0,0,0,0,0,0,0,0,0,6,0,0,0,0,0,0,0,1,0,0,0,0,0,0,0,0,0,0,0,0,0,0,0,0,0,0,0,0,0,0,0,0,6,0,0,0,0,0,0,0,1,0,0,0,2,5,0,0,7,0,2,5,0,0,7,0,0,7,0,0,6,1,0,0,0,7,7,0,6,1,0,7,0,7,0,7,0,0,4,3,0,7,0,7,0,0,0,0,0,0,0,0,0,0,0,0,0,0,0,0,0,0,0,0,0,6,0,0,0,0,1,0,0,0,0,0,0,0,0,0,0,0,0,0,0,0,0,0,0,0,0,0,6,0,0,0,0,1,0,0,0,0,1,0,6,0,0,0,0,0,0,0,6,1,0,7,0,1,6,7,6,1,0,6,1,0,47.285714285714285,69.0
21,106,28,0,28,0,1,27,0,2,0,0,6,20,3,0,0,6,19,7,21,0,0,12,16,0,0,0,0,0,0,0,0,0,0,0,0,0,0,0,0,0,0,0,0,0,28,0,0,0,0,0,0,0,0,0,0,0,0,0,0,0,0,0,0,0,0,0,0,0,0,0,0,0,0,0,0,0,0,28,0,0,0,0,0,0,0,0,0,0,0,0,28,0,0,26,2,6,22,0,0,27,1,1,27,0,4,19,5,0,0,0,28,28,0,13,15,2,26,0,28,1,27,0,5,23,0,3,25,0,28,2,0,0,0,0,0,0,0,0,0,0,0,0,0,1,1,0,2,0,0,0,16,0,0,0,0,5,1,0,0,0,0,0,0,0,0,0,0,0,0,0,0,0,0,0,0,0,0,16,0,0,0,0,5,6,1,0,0,0,0,20,0,8,0,0,0,0,0,12,16,0,28,0,5,23,28,23,5,0,23,5,0,39.57142857142857,43.5
21,107,3,0,3,0,0,3,0,0,0,0,1,2,0,0,0,1,2,1,2,0,0,2,1,0,0,0,0,0,0,0,0,0,0,0,0,0,0,0,0,0,0,0,0,0,3,0,0,0,0,0,0,0,0,0,0,0,0,0,0,0,0,0,0,0,0,0,0,0,0,0,0,0,0,0,0,0,0,3,0,0,0,0,0,0,0,0,0,0,0,0,3,0,1,2,0,2,1,0,1,2,0,0,3,0,0,2,1,0,0,0,3,3,0,0,3,0,3,0,3,0,3,0,0,3,0,0,3,0,3,0,0,0,0,0,0,0,0,0,0,0,0,0,0,0,0,0,0,0,0,0,2,0,0,0,0,1,0,0,0,0,0,0,0,0,0,0,0,0,0,0,0,0,0,0,0,0,0,2,0,0,0,0,1,0,0,0,0,0,0,2,0,1,0,0,0,0,0,2,1,0,3,0,1,2,3,2,1,0,2,1,0,72.33333333333333,72.0
21,108,21,0,21,0,1,20,0,3,0,0,7,11,2,0,0,7,12,5,16,0,0,5,16,0,0,0,0,0,0,0,0,0,0,0,0,0,0,0,0,0,0,0,0,0,19,0,0,0,0,0,0,0,1,1,0,0,0,0,0,0,0,0,0,0,0,0,0,0,0,0,0,0,0,0,0,0,0,21,0,0,0,0,0,0,0,0,0,0,0,0,21,0,0,20,1,4,17,0,0,21,0,0,21,0,0,14,7,0,0,0,21,21,0,11,10,2,19,0,21,0,21,0,1,15,5,2,19,0,21,2,0,0,0,0,0,0,0,0,0,0,0,0,0,2,0,0,3,0,1,0,6,0,0,0,0,7,0,0,0,0,0,0,0,0,0,0,0,0,0,0,0,0,0,0,0,0,0,6,0,0,0,0,7,8,0,0,0,0,0,18,0,3,0,0,0,0,0,5,16,0,21,0,7,14,21,14,7,0,14,7,0,32.523809523809526,30.0
21,109,8,0,8,0,1,7,0,0,0,0,3,5,0,0,0,3,5,2,6,0,0,4,4,0,0,0,0,0,0,0,0,0,1,0,0,0,2,0,0,0,0,0,0,0,5,0,0,0,0,0,0,0,0,0,0,0,0,0,0,0,0,0,0,0,0,1,0,0,0,4,0,0,0,0,0,0,0,3,0,0,0,0,0,0,0,0,0,0,0,0,8,0,2,6,0,2,6,0,2,6,0,0,8,0,0,5,3,0,0,0,8,8,0,5,3,0,8,0,8,0,8,0,2,6,0,0,8,0,8,0,0,0,0,0,0,0,0,0,0,0,0,0,0,0,0,0,0,0,0,0,5,0,0,0,0,3,0,0,0,0,0,0,0,0,0,0,0,0,0,0,0,0,0,0,0,0,0,5,0,0,0,0,3,0,0,0,0,0,0,6,0,2,0,0,0,0,0,4,4,2,6,0,3,5,8,5,3,0,5,3,0,37.125,32.5
21,110,10,1,9,0,1,9,0,1,0,0,2,7,0,0,0,2,8,4,6,0,0,4,6,0,0,0,0,0,0,0,0,0,0,0,0,0,0,0,0,0,0,0,0,0,10,0,0,0,0,0,0,0,0,0,0,0,0,0,0,0,0,0,0,0,0,2,0,0,0,0,0,0,0,0,0,0,0,8,0,0,0,0,0,0,0,0,0,0,0,1,9,0,0,10,0,3,7,0,0,10,0,2,8,0,1,7,2,0,0,0,10,10,0,2,8,0,10,0,10,2,8,0,0,10,0,2,8,0,10,0,0,0,0,0,0,0,0,0,0,0,0,0,1,0,0,0,1,0,0,0,6,0,0,0,0,2,0,0,0,0,0,0,0,0,0,0,0,0,0,0,0,0,0,0,0,0,0,6,0,0,0,0,2,2,0,0,0,2,0,4,0,2,1,0,1,0,0,4,6,0,10,0,2,8,10,8,2,0,8,2,0,49.3,55.5
21,111,4,0,4,0,0,4,0,0,0,0,0,4,2,0,0,0,2,2,2,0,1,2,1,0,0,0,0,0,0,0,0,0,0,0,0,0,0,0,0,0,0,0,0,0,4,0,0,0,0,0,0,0,0,0,0,0,0,0,0,0,0,0,0,0,0,1,0,0,0,0,0,0,0,0,0,0,0,3,0,0,0,0,0,0,0,0,0,0,0,0,4,0,1,3,0,1,3,0,1,3,0,1,3,0,0,3,1,0,0,0,4,4,0,1,3,0,4,0,4,1,3,0,0,4,0,0,4,0,4,2,0,0,0,0,0,0,0,0,0,0,0,0,0,0,0,0,0,0,0,0,2,0,0,0,0,0,0,0,0,0,0,0,0,0,0,0,0,0,0,0,0,0,0,0,0,0,0,2,0,0,0,0,0,2,0,0,0,0,0,3,0,1,0,0,0,0,0,3,1,0,4,0,1,3,4,4,0,0,3,1,0,48.0,52.0
21,112,5,1,4,0,0,5,0,1,0,1,0,3,1,0,1,0,3,0,5,0,0,1,4,0,0,0,0,0,0,0,0,0,0,0,0,0,0,0,1,0,0,0,0,0,4,0,0,0,0,0,0,0,0,0,0,0,0,0,0,0,0,0,0,0,0,0,0,0,0,0,0,0,0,0,0,0,0,5,0,0,0,0,0,0,0,0,0,0,0,1,4,0,0,4,1,1,4,0,0,4,1,0,5,0,0,5,0,0,0,0,5,5,0,4,1,1,4,0,5,0,5,0,2,3,0,0,5,0,5,1,0,0,0,1,0,0,0,0,0,0,0,0,0,0,0,0,1,0,0,0,2,0,0,0,0,0,0,0,0,0,0,1,0,0,0,0,0,0,0,0,0,0,0,0,0,0,0,2,0,0,0,0,0,2,0,0,0,0,0,5,0,0,0,0,0,0,0,1,4,1,4,0,0,5,5,5,0,0,5,0,0,36.0,49.0
21,113,1,0,1,0,0,1,0,0,0,0,1,0,0,0,0,1,0,0,1,0,0,1,0,0,0,0,0,0,0,0,0,0,0,0,0,0,0,0,0,0,0,0,0,0,1,0,0,0,0,0,0,0,0,0,0,0,0,0,0,0,0,0,0,0,0,0,0,0,0,0,0,0,0,0,0,0,0,1,0,0,0,0,0,0,0,0,0,0,0,0,1,0,0,1,0,0,1,0,0,1,0,0,1,0,0,0,1,0,0,0,1,1,0,0,1,0,1,0,1,0,1,0,1,0,0,0,1,0,1,0,0,0,0,0,0,0,0,0,0,0,0,0,0,0,0,0,0,0,0,0,0,0,0,0,0,1,0,0,0,0,0,0,0,0,0,0,0,0,0,0,0,0,0,0,0,0,0,0,0,0,0,0,1,0,0,0,0,0,0,1,0,0,0,0,0,0,0,1,0,0,1,0,1,0,1,0,1,0,0,1,0,23.0,23.0
21,114,6944,164,6779,1,116,6828,0,250,2,14,4526,2152,460,2,14,4526,1942,918,6025,1,70,4051,2815,8,1,4,0,3,5,2,26,3,91,1,5,52,12,8,84,16,10,1,5,76,6291,1,3,3,2,3,20,4,73,125,2,0,12,0,0,0,0,0,0,0,0,31,0,0,2,1,0,1,0,0,0,0,0,6892,0,1,0,0,0,0,0,14,2,0,0,94,6850,0,14,6845,85,1066,5878,0,16,6856,72,136,6808,0,31,1296,5617,0,3,7,6934,6932,12,491,6453,383,6561,0,6944,118,6826,0,1097,5835,12,132,6812,0,6944,172,1,1,4,14,0,4,2,0,4,0,0,0,11,3,178,1,250,0,2,97,1669,2,0,3,0,4443,83,5,0,0,0,14,0,0,1,0,1,0,0,0,1,0,3,1,0,2,1,1669,2,1,0,0,4443,717,83,0,0,23,169,1202,0,2446,2988,2,105,9,0,4129,2815,151,6793,0,5617,1327,6944,2501,4443,19,1308,5617,0,39.69239631336406,39.0
21,115,11,0,11,0,0,11,0,0,0,0,2,9,2,0,0,2,7,1,10,0,0,4,7,0,0,0,0,0,0,0,0,0,1,0,0,0,0,0,0,0,0,0,0,0,8,1,0,0,0,0,0,0,1,0,0,0,0,0,0,0,0,0,0,0,0,0,0,0,0,0,0,0,0,0,0,0,0,11,0,0,0,0,0,0,0,0,0,0,0,0,11,0,0,11,0,1,10,0,0,11,0,0,11,0,1,8,2,0,0,0,11,11,0,3,8,2,9,0,11,0,11,0,2,9,0,1,10,0,11,2,0,0,0,0,0,0,0,0,0,0,0,0,0,0,0,0,0,0,0,0,7,0,0,0,0,2,0,0,0,0,0,0,0,0,0,0,0,0,0,0,0,0,0,0,0,0,0,7,0,0,0,0,2,2,0,0,0,0,0,7,0,4,0,0,0,0,0,4,7,0,11,0,2,9,11,9,2,0,9,2,0,41.72727272727273,37.0
21,116,7,0,7,0,1,6,0,1,0,0,0,6,0,0,0,0,7,0,7,0,0,3,4,0,0,0,0,0,0,0,0,0,0,0,0,0,0,0,0,0,0,0,0,0,7,0,0,0,0,0,0,0,0,0,0,0,0,0,0,0,0,0,0,0,0,1,0,0,0,0,0,0,0,0,0,0,0,5,0,0,0,0,0,0,0,0,1,0,0,1,6,0,0,7,0,1,6,0,0,7,0,0,7,0,0,7,0,0,0,0,7,7,0,3,4,0,7,0,7,0,7,0,0,7,0,0,7,0,7,0,1,0,0,0,0,0,0,0,0,0,0,0,0,0,0,0,1,0,0,0,5,0,0,0,0,0,0,0,0,0,0,0,0,0,0,0,0,0,0,0,0,0,0,0,0,0,0,5,0,0,0,0,0,2,0,0,0,1,0,4,0,1,0,1,0,0,0,3,4,0,7,0,0,7,7,7,0,0,7,0,0,47.0,48.0
21,117,5,0,5,0,1,4,0,0,0,0,0,5,0,0,0,0,5,0,5,0,0,2,3,0,0,0,0,0,0,0,0,0,0,0,0,0,0,0,0,0,0,0,0,0,3,0,0,0,0,0,0,0,2,0,0,0,0,0,0,0,0,0,0,0,0,0,0,0,0,0,0,0,0,0,0,0,0,3,0,0,0,0,0,0,0,2,0,0,0,1,4,0,0,4,1,2,3,0,0,4,1,0,5,0,0,5,0,0,0,0,5,5,0,4,1,0,5,0,5,0,5,0,2,3,0,1,4,0,5,0,0,0,0,0,0,0,0,0,0,0,0,0,0,0,0,0,0,0,0,0,5,0,0,0,0,0,0,0,0,0,0,0,0,0,0,0,0,0,0,0,0,0,0,0,0,0,0,5,0,0,0,0,0,0,0,0,0,0,0,4,0,1,0,0,0,0,0,2,3,0,5,0,0,5,5,5,0,0,5,0,0,23.6,4.0
21,118,5,0,5,0,0,5,0,1,0,0,2,2,0,0,0,2,3,2,3,0,0,3,2,0,0,0,0,0,0,0,0,0,0,0,0,0,0,0,0,0,0,0,0,0,5,0,0,0,0,0,0,0,0,0,0,0,0,0,0,0,0,0,0,0,0,0,0,0,0,0,0,0,0,0,0,0,0,5,0,0,0,0,0,0,0,0,0,0,0,0,5,0,0,5,0,1,4,0,0,5,0,1,4,0,0,3,2,0,0,0,5,5,0,0,5,1,4,0,5,0,5,0,1,4,0,1,4,0,5,0,0,0,0,0,0,0,0,0,0,0,0,0,0,0,0,0,1,0,0,0,2,0,0,0,0,2,0,0,0,0,0,0,0,0,0,0,0,0,0,0,0,0,0,0,0,0,0,2,0,0,0,0,2,1,0,0,0,0,0,4,0,1,0,0,0,0,0,3,2,0,5,0,2,3,5,3,2,0,3,2,0,40.8,36.0
21,119,186,3,183,0,7,179,0,10,0,1,101,74,24,0,1,101,60,23,163,0,1,102,83,0,0,0,0,0,0,0,3,0,10,0,0,3,0,1,3,1,2,0,0,2,155,0,0,0,0,0,0,0,2,2,0,1,1,0,0,0,0,0,0,0,0,5,0,0,0,0,0,0,0,0,0,0,0,180,1,0,0,0,0,0,0,0,0,0,0,6,180,0,1,178,7,29,157,0,1,179,6,6,180,0,7,62,117,0,0,1,185,185,1,44,142,7,179,0,186,28,158,0,73,111,2,8,178,0,186,9,1,0,0,1,0,0,0,0,0,0,0,0,1,1,13,0,10,0,0,2,47,0,0,0,0,97,4,0,0,0,0,1,0,0,0,0,0,0,0,0,1,0,0,0,0,0,0,47,0,0,0,0,97,36,4,0,0,4,8,103,0,55,7,0,7,2,0,103,83,4,182,0,117,69,186,89,97,0,69,117,0,36.68279569892473,33.5
21,122,3,0,3,0,0,3,0,0,0,0,1,2,0,0,0,1,2,0,3,0,0,3,0,0,0,0,0,0,0,0,0,0,0,0,0,0,0,0,0,0,0,0,0,0,2,0,0,0,0,0,1,0,0,0,0,0,0,0,0,0,0,0,0,0,0,0,0,0,0,0,0,0,0,0,0,0,0,2,0,0,0,0,0,0,0,1,0,0,0,0,3,0,0,3,0,1,2,0,0,3,0,0,3,0,0,2,1,0,0,0,3,3,0,2,1,2,1,0,3,0,3,0,0,3,0,0,3,0,3,0,0,0,0,0,0,0,0,0,0,0,0,0,0,0,0,0,0,0,0,0,2,0,0,0,0,1,0,0,0,0,0,0,0,0,0,0,0,0,0,0,0,0,0,0,0,0,0,2,0,0,0,0,1,0,0,0,0,0,0,3,0,0,0,0,0,0,0,3,0,0,3,0,1,2,3,2,1,0,2,1,0,35.666666666666664,41.0
21,123,2,0,2,0,0,2,0,1,0,0,0,1,0,0,0,0,2,0,2,0,0,0,2,0,0,0,0,0,0,0,0,0,0,0,0,0,0,0,1,0,0,0,0,0,1,0,0,0,0,0,0,0,0,0,0,0,0,0,0,0,0,0,0,0,0,0,0,0,0,0,0,0,0,0,0,0,0,2,0,0,0,0,0,0,0,0,0,0,0,0,2,0,0,2,0,0,2,0,1,1,0,1,1,0,0,1,1,0,0,0,2,2,0,0,2,0,2,0,2,0,2,0,1,1,0,0,2,0,2,0,0,0,0,0,0,0,0,0,0,0,0,0,0,0,0,0,1,0,0,0,1,0,0,0,0,0,0,0,0,0,0,0,0,0,0,0,0,0,0,0,0,0,0,0,0,0,0,1,0,0,0,0,0,1,0,0,0,0,0,1,0,0,1,0,0,0,0,0,2,0,2,0,1,1,2,2,0,0,1,1,0,15.0,15.0
21,124,6,0,6,0,0,6,0,1,0,0,4,1,0,0,0,4,2,0,6,0,0,5,1,0,0,0,0,0,0,0,0,0,0,0,0,0,0,0,0,0,0,0,0,0,4,0,0,0,0,0,0,0,0,1,1,0,0,0,0,0,0,0,0,0,0,0,0,0,0,0,0,0,0,0,0,0,0,6,0,0,0,0,0,0,0,0,0,0,0,1,5,0,1,5,0,0,6,0,1,5,0,0,6,0,0,2,4,0,0,0,6,6,0,2,4,1,5,0,6,0,6,0,1,5,0,0,6,0,6,0,0,0,0,0,0,0,0,0,0,0,0,0,0,0,0,0,1,0,0,0,1,0,0,0,0,4,0,0,0,0,0,0,0,0,0,0,0,0,0,0,0,0,0,0,0,0,0,1,0,0,0,0,4,1,0,0,0,0,0,5,0,0,1,0,0,0,0,5,1,1,5,0,4,2,6,2,4,0,2,4,0,41.666666666666664,41.0
21,125,8,0,8,0,0,8,0,0,0,0,4,4,0,0,0,4,4,1,7,0,0,3,5,0,0,0,0,0,0,0,0,0,0,0,0,0,0,0,0,0,0,0,0,0,8,0,0,0,0,0,0,0,0,0,0,0,0,0,0,0,0,0,0,0,0,0,0,0,0,0,0,0,0,0,0,0,0,8,0,0,0,0,0,0,0,0,0,0,0,0,8,0,0,8,0,0,8,0,0,8,0,0,8,0,0,4,4,0,0,0,8,8,0,2,6,0,8,0,8,1,7,0,1,7,0,0,8,0,8,0,0,0,0,0,0,0,0,0,0,0,0,0,0,0,0,0,0,0,0,0,4,0,0,0,0,4,0,0,0,0,0,0,0,0,0,0,0,0,0,0,0,0,0,0,0,0,0,4,0,0,0,0,4,0,0,0,0,0,0,3,0,3,1,0,1,0,0,3,5,0,8,0,4,4,8,4,4,0,4,4,0,27.625,28.5
21,126,5,0,5,0,0,5,0,0,0,0,2,3,2,0,0,2,1,3,2,0,0,3,2,0,0,0,0,0,0,0,0,0,0,0,0,0,0,0,0,0,0,0,0,0,5,0,0,0,0,0,0,0,0,0,0,0,0,0,0,0,0,0,0,0,0,0,0,0,0,0,0,0,0,0,0,0,0,5,0,0,0,0,0,0,0,0,0,0,0,0,5,0,0,5,0,3,2,0,0,4,1,0,5,0,0,3,2,0,0,0,5,5,0,2,3,0,5,0,5,0,5,0,2,3,0,2,3,0,5,2,0,0,0,0,0,0,0,0,0,0,0,0,0,0,0,0,0,0,0,0,1,0,0,0,0,2,0,0,0,0,0,0,0,0,0,0,0,0,0,0,0,0,0,0,0,0,0,1,0,0,0,0,2,2,0,0,0,0,0,1,0,4,0,0,0,0,0,3,2,0,5,0,2,3,5,3,2,0,3,2,0,41.8,55.0
21,129,1,0,1,0,0,1,0,0,0,0,1,0,0,0,0,1,0,0,1,0,0,1,0,0,0,0,0,0,0,0,0,0,0,0,0,0,0,0,0,0,0,0,0,0,1,0,0,0,0,0,0,0,0,0,0,0,0,0,0,0,0,0,0,0,0,0,0,0,0,0,0,0,0,0,0,0,0,1,0,0,0,0,0,0,0,0,0,0,0,0,1,0,0,0,1,0,1,0,0,0,1,0,1,0,0,0,1,0,0,0,1,1,0,0,1,0,1,0,1,0,1,0,0,1,0,0,1,0,1,0,0,0,0,0,0,0,0,0,0,0,0,0,0,0,0,0,0,0,0,0,0,0,0,0,0,1,0,0,0,0,0,0,0,0,0,0,0,0,0,0,0,0,0,0,0,0,0,0,0,0,0,0,1,0,0,0,0,0,0,1,0,0,0,0,0,0,0,1,0,0,1,0,1,0,1,0,1,0,0,1,0,17.0,17.0
21,130,2,0,2,0,0,2,0,0,0,0,0,2,1,0,0,0,1,0,2,0,0,1,1,0,0,0,0,0,0,0,0,0,0,0,0,0,0,0,0,0,0,0,0,0,2,0,0,0,0,0,0,0,0,0,0,0,0,0,0,0,0,0,0,0,0,0,0,0,0,0,0,0,0,0,0,0,0,2,0,0,0,0,0,0,0,0,0,0,0,0,2,0,0,2,0,0,2,0,0,2,0,0,2,0,0,2,0,0,0,0,2,2,0,1,1,0,2,0,2,1,1,0,0,2,0,1,1,0,2,1,0,0,0,0,0,0,0,0,0,0,0,0,0,0,0,0,0,0,0,0,1,0,0,0,0,0,0,0,0,0,0,0,0,0,0,0,0,0,0,0,0,0,0,0,0,0,0,1,0,0,0,0,0,1,0,0,0,0,0,0,0,2,0,0,0,0,0,1,1,0,2,0,0,2,2,2,0,0,2,0,0,66.5,66.5
21,131,3,0,3,0,2,1,0,0,0,0,0,3,1,0,0,0,2,0,3,0,0,0,3,0,0,0,0,0,0,0,0,0,0,0,0,0,0,0,0,0,0,0,0,0,3,0,0,0,0,0,0,0,0,0,0,0,0,0,0,0,0,0,0,0,0,0,0,0,0,0,0,0,0,0,0,0,0,3,0,0,0,0,0,0,0,0,0,0,0,0,3,0,1,2,0,2,1,0,1,2,0,0,3,0,0,3,0,0,0,0,3,3,0,3,0,2,1,0,3,0,3,0,2,1,0,0,3,0,3,0,0,0,0,0,0,0,0,0,0,0,0,0,0,0,1,0,0,0,0,0,2,0,0,0,0,0,0,0,0,0,0,0,0,0,0,0,0,0,0,0,0,0,0,0,0,0,0,2,0,0,0,0,0,1,0,0,0,0,0,1,0,0,0,0,2,0,0,0,3,2,1,0,0,3,3,3,0,0,3,0,0,57.666666666666664,70.0
21,132,85,6,79,0,3,82,0,2,0,1,31,51,10,0,1,31,43,22,63,0,1,47,37,0,0,0,0,0,1,0,0,0,1,0,0,1,0,0,1,0,0,0,0,2,72,0,0,0,0,0,0,0,5,2,0,0,0,0,0,0,0,0,0,0,0,9,0,0,0,0,0,0,0,0,0,0,0,71,0,0,0,0,0,0,0,5,0,0,0,4,81,0,2,79,4,20,65,0,2,79,4,4,81,0,0,44,41,0,0,0,85,85,0,29,56,10,75,0,85,4,81,0,18,65,2,6,79,0,85,4,0,0,1,1,0,0,0,0,0,0,0,0,1,2,3,0,2,0,0,2,38,0,0,0,0,28,3,0,0,0,0,1,0,0,0,0,0,0,0,0,0,0,0,0,0,0,0,38,0,0,0,0,28,15,3,0,0,2,0,40,0,19,9,0,8,7,0,48,37,5,80,0,41,44,85,57,28,0,44,41,0,41.32941176470588,37.0
21,133,1,0,1,0,0,1,0,0,0,0,0,1,0,0,0,0,1,0,1,0,0,1,0,0,0,0,0,0,0,0,0,0,0,0,0,0,0,0,0,0,0,0,0,0,1,0,0,0,0,0,0,0,0,0,0,0,0,0,0,0,0,0,0,0,0,0,0,0,0,0,0,0,0,0,0,0,0,1,0,0,0,0,0,0,0,0,0,0,0,1,0,0,0,1,0,1,0,0,0,1,0,0,1,0,0,1,0,0,0,0,1,1,0,1,0,0,1,0,1,0,1,0,0,0,1,1,0,0,1,0,0,0,0,0,0,0,0,0,0,0,0,0,0,0,0,0,0,0,0,0,1,0,0,0,0,0,0,0,0,0,0,0,0,0,0,0,0,0,0,0,0,0,0,0,0,0,0,1,0,0,0,0,0,0,0,0,0,0,0,0,0,1,0,0,0,0,0,1,0,0,1,0,0,1,1,1,0,0,1,0,0,93.0,93.0
21,134,11,0,11,0,0,11,0,0,0,0,2,9,1,0,0,2,8,3,8,0,0,2,9,0,0,0,0,0,0,0,0,0,0,0,0,0,0,0,0,0,0,0,0,0,11,0,0,0,0,0,0,0,0,0,0,0,0,0,0,0,0,0,0,0,0,0,0,0,0,0,0,0,0,0,0,0,0,9,0,0,0,0,0,0,0,2,0,0,0,0,11,0,0,9,2,2,9,0,0,9,2,1,10,0,2,7,2,0,0,0,11,11,0,6,5,0,11,0,11,0,11,0,0,11,0,1,10,0,11,1,0,0,0,0,0,0,0,0,0,0,0,0,0,0,0,0,0,0,0,0,8,0,0,0,0,2,0,0,0,0,0,0,0,0,0,0,0,0,0,0,0,0,0,0,0,0,0,8,0,0,0,0,2,1,0,0,0,0,0,9,0,0,1,0,1,0,0,2,9,0,11,0,2,9,11,9,2,0,9,2,0,36.63636363636363,33.0
21,136,8,0,8,0,1,7,0,0,0,0,2,6,2,0,0,2,4,0,8,0,0,7,1,0,0,0,0,0,0,0,0,0,0,0,0,0,0,0,0,0,0,0,0,0,7,0,0,0,0,0,0,0,1,0,0,0,0,0,0,0,0,0,0,0,0,0,0,0,0,0,0,0,0,0,0,0,0,7,0,0,0,0,0,0,0,1,0,0,0,0,8,0,0,8,0,1,7,0,0,8,0,0,8,0,0,6,2,0,0,0,8,8,0,2,6,1,7,0,8,1,7,0,1,7,0,0,8,0,8,1,0,0,0,0,0,0,0,0,0,0,0,0,0,0,1,0,0,0,0,0,4,0,0,0,0,2,0,0,0,0,0,0,0,0,0,0,0,0,0,0,0,0,0,0,0,0,0,4,0,0,0,0,2,2,0,0,0,0,0,5,0,2,1,0,0,0,0,7,1,0,8,0,2,6,8,6,2,0,6,2,0,40.375,32.0
21,137,5,0,5,0,0,5,0,0,0,0,0,5,1,0,0,0,4,0,5,0,0,2,3,0,0,0,0,0,0,0,0,0,0,0,0,0,0,0,0,0,0,0,0,0,5,0,0,0,0,0,0,0,0,0,0,0,0,0,0,0,0,0,0,0,0,1,0,0,0,0,0,0,0,0,0,0,0,4,0,0,0,0,0,0,0,0,0,0,0,0,5,0,0,5,0,1,4,0,0,5,0,1,4,0,0,4,1,0,0,0,5,5,0,2,3,0,5,0,5,1,4,0,2,2,1,0,5,0,5,0,0,0,0,0,0,0,0,0,0,0,0,0,0,0,0,0,0,0,0,1,4,0,0,0,0,0,0,0,0,0,0,0,0,0,0,0,0,0,0,0,0,0,0,0,0,0,0,4,0,0,0,0,0,1,0,0,0,1,0,4,0,0,0,0,0,0,0,2,3,0,5,0,1,4,5,5,0,0,4,1,0,37.6,24.0
21,138,3,0,3,0,0,3,0,0,0,0,0,3,0,0,0,0,3,0,3,0,0,2,1,0,0,0,0,0,0,0,0,0,0,0,0,0,0,0,0,0,0,0,0,0,3,0,0,0,0,0,0,0,0,0,0,0,0,0,0,0,0,0,0,0,0,0,0,0,0,0,0,0,0,0,0,0,0,3,0,0,0,0,0,0,0,0,0,0,0,0,3,0,0,3,0,0,3,0,0,3,0,0,3,0,1,2,0,0,0,0,3,3,0,3,0,0,3,0,3,0,3,0,1,2,0,0,3,0,3,0,0,0,0,0,0,0,0,0,0,0,0,0,0,0,0,0,0,0,0,0,3,0,0,0,0,0,0,0,0,0,0,0,0,0,0,0,0,0,0,0,0,0,0,0,0,0,0,3,0,0,0,0,0,0,0,0,0,0,0,3,0,0,0,0,0,0,0,2,1,0,3,0,0,3,3,3,0,0,3,0,0,13.0,3.0
21,139,2,0,2,0,0,2,0,0,0,0,0,2,0,0,0,0,2,1,1,0,0,1,1,0,0,0,0,0,0,0,0,0,0,0,0,0,0,0,1,0,0,0,0,0,1,0,0,0,0,0,0,0,0,0,0,0,0,0,0,0,0,0,0,0,0,0,0,0,0,0,0,0,0,0,0,0,0,2,0,0,0,0,0,0,0,0,0,0,0,0,2,0,0,2,0,0,2,0,0,2,0,0,2,0,0,2,0,0,0,0,2,2,0,1,1,0,2,0,2,0,2,0,0,2,0,0,2,0,2,0,0,0,0,0,0,0,0,0,0,0,0,0,0,0,0,0,0,0,0,0,2,0,0,0,0,0,0,0,0,0,0,0,0,0,0,0,0,0,0,0,0,0,0,0,0,0,0,2,0,0,0,0,0,0,0,0,0,0,0,2,0,0,0,0,0,0,0,1,1,0,2,0,0,2,2,2,0,0,2,0,0,33.5,33.5
21,140,157,6,151,0,5,152,0,7,0,0,72,78,10,0,0,72,75,28,129,0,0,86,71,0,0,0,0,0,0,0,0,1,5,0,0,0,1,1,2,0,0,0,1,4,136,0,0,0,0,0,1,0,0,4,0,0,1,0,0,0,0,0,0,0,0,1,0,0,0,0,0,0,0,0,0,0,0,156,0,0,0,0,0,0,0,0,0,0,0,1,156,0,2,153,2,32,125,0,0,156,1,7,150,0,4,71,82,0,0,0,157,156,1,45,112,12,145,0,157,10,147,0,32,124,1,13,144,0,157,5,0,1,1,0,0,1,2,0,0,0,0,0,1,0,2,0,7,0,0,1,64,0,0,0,0,71,1,1,0,0,0,0,0,0,0,0,0,0,0,0,0,0,0,0,0,0,0,64,0,0,0,0,71,20,1,0,0,1,7,56,0,67,19,0,7,0,0,86,71,3,154,0,82,75,157,86,71,1,74,82,0,43.40764331210191,43.0
21,141,3,0,3,0,0,3,0,0,0,0,0,3,0,0,0,0,3,1,2,0,0,2,1,0,0,0,0,0,0,0,0,0,0,0,0,0,0,0,0,0,0,0,0,0,3,0,0,0,0,0,0,0,0,0,0,0,0,0,0,0,0,0,0,0,0,0,0,0,0,0,0,0,0,0,0,0,0,3,0,0,0,0,0,0,0,0,0,0,0,0,3,0,0,3,0,1,2,0,0,3,0,0,3,0,0,2,1,0,0,0,3,3,0,2,1,0,3,0,3,0,3,0,2,1,0,0,3,0,3,0,0,0,0,0,0,0,0,0,0,0,0,0,0,0,0,0,0,0,0,0,3,0,0,0,0,0,0,0,0,0,0,0,0,0,0,0,0,0,0,0,0,0,0,0,0,0,0,3,0,0,0,0,0,0,0,0,0,0,0,3,0,0,0,0,0,0,0,2,1,0,3,0,1,2,3,3,0,0,2,1,0,25.0,3.0
21,142,9,0,9,0,0,9,0,0,0,1,3,5,0,0,1,3,5,2,7,0,0,5,4,0,0,0,0,0,0,0,0,0,0,0,0,0,0,0,0,0,0,0,0,0,9,0,0,0,0,0,0,0,0,0,0,0,0,0,0,0,0,0,0,0,0,0,0,0,0,0,0,0,0,0,0,0,0,8,1,0,0,0,0,0,0,0,0,0,0,1,8,0,0,9,0,1,8,0,0,9,0,0,9,0,0,5,4,0,0,0,9,9,0,1,8,1,8,0,9,0,9,0,1,8,0,0,9,0,9,0,0,0,0,1,0,0,0,0,0,0,0,0,0,0,0,0,0,0,0,0,5,0,0,0,0,3,0,0,0,0,0,1,0,0,0,0,0,0,0,0,0,0,0,0,0,0,0,5,0,0,0,0,3,0,0,0,0,1,0,6,0,2,0,0,0,0,0,5,4,2,7,0,4,5,9,6,3,0,5,4,0,46.0,55.0
21,143,10,0,10,0,0,10,0,1,0,0,2,7,2,0,0,2,6,1,9,0,0,8,2,0,0,0,0,0,0,0,0,0,0,0,0,0,0,0,0,0,0,0,0,1,9,0,0,0,0,0,0,0,0,0,0,0,0,0,0,0,0,0,0,0,0,2,0,0,0,0,0,0,0,0,0,0,0,8,0,0,0,0,0,0,0,0,0,0,0,0,10,0,0,10,0,2,8,0,0,10,0,1,9,0,0,7,3,0,0,0,10,10,0,4,6,1,9,0,10,3,7,0,3,7,0,0,10,0,10,1,0,0,0,0,0,0,0,0,0,0,0,0,0,1,1,0,1,0,0,0,4,0,0,0,0,2,0,0,0,0,0,0,0,0,0,0,0,0,0,0,0,0,0,0,0,0,0,4,0,0,0,0,2,4,0,0,0,3,0,4,0,0,3,0,0,0,0,8,2,0,10,0,3,7,10,8,2,0,7,3,0,34.8,28.5
21,145,2,0,2,0,0,2,0,0,0,0,1,1,0,0,0,1,1,0,2,0,0,1,1,0,0,0,0,0,0,0,0,0,0,0,0,0,0,0,0,0,0,0,0,0,2,0,0,0,0,0,0,0,0,0,0,0,0,0,0,0,0,0,0,0,0,0,0,0,0,0,0,0,0,0,0,0,0,1,0,0,0,0,0,0,0,1,0,0,0,0,2,0,1,1,0,0,2,0,1,1,0,0,2,0,0,1,1,0,0,0,2,2,0,0,2,0,2,0,2,0,2,0,1,1,0,0,2,0,2,0,0,1,0,0,0,0,0,0,0,0,0,0,0,0,0,0,0,0,0,0,0,0,0,0,0,1,0,0,0,0,0,0,0,0,0,0,0,0,0,0,0,0,0,0,0,0,0,0,0,0,0,0,1,1,0,0,0,0,0,2,0,0,0,0,0,0,0,1,1,0,2,0,1,1,2,1,1,0,1,1,0,16.0,16.0
21,146,1,0,1,0,0,1,0,0,0,0,0,1,0,0,0,0,1,0,1,0,0,0,1,0,0,0,0,0,0,0,0,0,0,0,0,0,0,0,0,0,0,0,0,0,1,0,0,0,0,0,0,0,0,0,0,0,0,0,0,0,0,0,0,0,0,0,0,0,0,0,0,0,0,0,0,0,0,1,0,0,0,0,0,0,0,0,0,0,0,0,1,0,0,1,0,0,1,0,0,1,0,0,1,0,0,1,0,0,0,0,1,1,0,0,1,0,1,0,1,0,1,0,0,1,0,0,1,0,1,0,0,0,0,0,0,0,0,0,0,0,0,0,0,0,0,0,0,0,0,0,1,0,0,0,0,0,0,0,0,0,0,0,0,0,0,0,0,0,0,0,0,0,0,0,0,0,0,1,0,0,0,0,0,0,0,0,0,0,0,1,0,0,0,0,0,0,0,0,1,0,1,0,0,1,1,1,0,0,1,0,0,1.0,1.0
21,147,1,0,1,0,0,1,0,0,0,0,0,1,0,0,0,0,1,0,1,0,0,0,1,0,0,0,0,0,0,0,0,0,0,0,0,0,0,0,0,0,1,0,0,0,0,0,0,0,0,0,0,0,0,0,0,0,0,0,0,0,0,0,0,0,0,0,0,0,0,0,0,0,0,1,0,0,0,0,0,0,0,0,0,0,0,0,0,0,0,0,1,0,0,1,0,0,1,0,1,0,0,0,1,0,0,1,0,0,0,0,1,1,0,0,1,0,1,0,1,0,1,0,0,1,0,0,1,0,1,0,0,0,0,0,0,0,0,0,0,0,0,0,0,0,0,0,0,0,0,0,1,0,0,0,0,0,0,0,0,0,0,0,0,0,0,0,0,0,0,0,0,0,0,0,0,0,0,1,0,0,0,0,0,0,0,0,0,0,0,1,0,0,0,0,0,0,0,0,1,0,1,0,0,1,1,1,0,0,1,0,0,1.0,1.0
21,148,5,0,5,0,0,5,0,0,0,0,0,5,1,0,0,0,4,1,4,0,0,1,4,0,0,0,0,0,0,0,0,0,0,0,0,0,0,0,0,0,0,0,0,0,5,0,0,0,0,0,0,0,0,0,0,0,0,0,0,0,0,0,0,0,0,0,0,0,0,0,0,0,0,0,0,0,0,5,0,0,0,0,0,0,0,0,0,0,0,0,5,0,0,4,1,1,4,0,0,4,1,0,5,0,0,5,0,0,0,0,5,5,0,5,0,0,5,0,5,0,5,0,2,3,0,0,5,0,5,1,0,0,0,0,0,0,0,0,0,0,0,0,0,0,0,0,0,0,0,0,4,0,0,0,0,0,0,0,0,0,0,0,0,0,0,0,0,0,0,0,0,0,0,0,0,0,0,4,0,0,0,0,0,1,0,0,0,0,0,5,0,0,0,0,0,0,0,1,4,0,5,0,0,5,5,5,0,0,5,0,0,29.0,6.0
21,149,20,0,20,0,0,20,0,0,0,0,14,6,2,0,0,14,4,3,17,0,0,11,9,0,0,0,0,0,0,0,0,0,0,0,0,0,0,0,0,0,0,0,0,1,19,0,0,0,0,0,0,0,0,0,0,0,0,0,0,0,0,0,0,0,0,0,0,0,0,0,0,0,0,0,0,0,0,20,0,0,0,0,0,0,0,0,0,0,0,1,19,0,0,19,1,5,15,0,0,19,1,0,20,0,0,9,11,0,0,0,20,20,0,8,12,3,17,0,20,1,19,0,7,11,2,0,20,0,20,1,0,0,0,0,0,0,0,0,0,0,0,0,0,0,0,0,0,0,0,1,4,0,0,0,0,14,0,0,0,0,0,0,0,0,0,0,0,0,0,0,0,0,0,0,0,0,0,4,0,0,0,0,14,2,0,0,0,0,0,19,0,0,1,0,0,0,0,11,9,0,20,0,11,9,20,6,14,0,9,11,0,32.2,26.0
21,150,4,0,4,0,1,3,0,1,0,0,0,3,1,0,0,0,3,0,4,0,0,4,0,0,0,0,0,0,0,0,0,0,0,0,0,0,0,0,0,0,0,0,0,0,4,0,0,0,0,0,0,0,0,0,0,0,0,0,0,0,0,0,0,0,0,0,0,0,0,0,0,0,0,0,0,0,0,4,0,0,0,0,0,0,0,0,0,0,0,0,4,0,0,4,0,0,4,0,0,4,0,0,4,0,0,4,0,0,0,0,4,4,0,4,0,0,4,0,4,0,4,0,2,2,0,0,4,0,4,1,0,0,0,0,0,0,0,0,0,0,0,0,0,0,0,0,1,0,0,0,2,0,0,0,0,0,0,0,0,0,0,0,0,0,0,0,0,0,0,0,0,0,0,0,0,0,0,2,0,0,0,0,0,2,0,0,0,0,0,3,0,1,0,0,0,0,0,4,0,0,4,0,0,4,4,4,0,0,4,0,0,17.75,3.5
21,151,2,0,2,0,0,2,0,0,0,0,0,2,0,0,0,0,2,1,1,0,0,1,1,0,0,0,0,0,0,0,0,0,0,0,0,0,0,0,0,0,0,0,0,0,2,0,0,0,0,0,0,0,0,0,0,0,0,0,0,0,0,0,0,0,0,0,0,0,0,0,0,0,0,0,0,0,0,2,0,0,0,0,0,0,0,0,0,0,0,0,2,0,0,2,0,1,1,0,0,2,0,0,2,0,0,2,0,0,0,0,2,2,0,2,0,1,1,0,2,0,2,0,0,2,0,0,2,0,2,0,0,0,0,0,0,0,0,0,0,0,0,0,0,0,0,0,0,0,0,0,2,0,0,0,0,0,0,0,0,0,0,0,0,0,0,0,0,0,0,0,0,0,0,0,0,0,0,2,0,0,0,0,0,0,0,0,0,0,0,2,0,0,0,0,0,0,0,1,1,0,2,0,0,2,2,2,0,0,2,0,0,60.5,60.5
21,152,3,0,3,0,0,3,0,0,0,0,1,2,0,0,0,1,2,0,3,0,0,3,0,0,0,0,0,0,0,0,0,0,0,0,0,0,0,0,0,0,0,0,0,0,3,0,0,0,0,0,0,0,0,0,0,0,0,0,0,0,0,0,0,0,0,0,0,0,0,0,0,0,0,0,0,0,0,3,0,0,0,0,0,0,0,0,0,0,0,0,3,0,0,3,0,0,3,0,0,3,0,0,3,0,0,2,1,0,0,0,3,3,0,0,3,0,3,0,3,0,3,0,0,3,0,0,3,0,3,0,0,0,0,0,0,0,0,0,0,0,0,0,0,0,0,0,0,0,0,0,2,0,0,0,0,1,0,0,0,0,0,0,0,0,0,0,0,0,0,0,0,0,0,0,0,0,0,2,0,0,0,0,1,0,0,0,0,0,0,2,0,1,0,0,0,0,0,3,0,0,3,0,1,2,3,2,1,0,2,1,0,48.333333333333336,50.0
21,153,16,0,16,0,0,16,0,1,0,0,5,10,0,0,0,5,11,6,10,0,0,12,4,0,0,0,0,0,0,0,0,0,0,0,0,0,0,0,0,0,0,0,0,0,16,0,0,0,0,0,0,0,0,0,0,0,0,0,0,0,0,0,0,0,0,0,0,0,0,0,0,0,0,0,0,0,0,16,0,0,0,0,0,0,0,0,0,0,0,3,13,0,1,13,2,7,9,0,0,14,2,1,15,0,2,9,5,0,0,0,16,16,0,6,10,1,15,0,16,0,16,0,2,13,1,1,15,0,16,0,0,0,0,0,0,0,0,0,0,0,0,0,1,0,0,0,1,0,0,0,9,0,0,0,0,5,0,0,0,0,0,0,0,0,0,0,0,0,0,0,0,0,0,0,0,0,0,9,0,0,0,0,5,2,0,0,0,0,0,11,0,3,0,0,2,0,0,12,4,3,13,0,5,11,16,11,5,1,10,5,0,59.5,63.0
21,154,27,3,24,0,0,27,0,3,0,0,9,15,3,0,0,9,15,8,19,0,0,19,8,0,0,0,0,2,0,0,0,0,0,0,0,0,0,0,0,0,0,0,0,0,25,0,0,0,0,0,0,0,0,0,0,0,0,0,0,0,0,0,0,0,0,2,0,0,0,0,0,0,0,0,0,0,0,25,0,0,0,0,0,0,0,0,0,0,0,1,26,0,0,26,1,3,24,0,0,26,1,4,23,0,1,16,10,0,0,0,27,27,0,6,21,2,25,0,27,2,25,0,6,20,1,3,24,0,27,2,0,0,0,0,0,0,0,0,0,0,0,0,0,0,0,0,3,0,0,0,13,0,0,0,0,9,0,0,0,0,0,0,0,0,0,0,0,0,0,0,1,0,1,0,0,0,0,13,0,0,0,0,9,3,0,0,0,2,1,9,0,13,0,0,2,0,0,19,8,1,26,0,10,17,27,18,9,0,17,10,0,42.0,39.0
21,155,3,1,2,0,0,3,0,1,0,1,0,1,0,0,1,0,2,0,3,0,0,1,2,0,0,0,0,0,0,0,0,0,1,0,0,0,0,0,0,0,0,0,0,0,2,0,0,0,0,0,0,0,0,0,0,0,0,0,0,0,0,0,0,0,0,0,0,0,0,0,0,0,0,0,0,0,0,2,0,0,0,0,0,0,0,1,0,0,0,1,2,0,0,3,0,0,3,0,0,3,0,0,3,0,0,2,1,0,0,0,3,3,0,1,2,2,1,0,3,0,3,0,1,1,1,0,3,0,3,0,0,0,0,1,0,0,0,0,0,0,0,0,0,0,0,0,1,0,0,0,1,0,0,0,0,0,0,0,0,0,0,1,0,0,0,0,0,0,0,0,0,0,0,0,0,0,0,1,0,0,0,0,0,1,0,0,0,0,0,2,0,1,0,0,0,0,0,1,2,0,3,0,1,2,3,3,0,1,1,1,0,34.666666666666664,34.0
21,156,1650,17,1633,0,17,1633,0,28,0,6,1378,238,64,0,6,1378,202,86,1563,1,18,933,697,2,0,0,0,0,0,0,2,0,10,0,1,3,2,0,21,2,1,0,0,40,1533,0,1,0,0,0,0,1,2,30,0,0,1,0,0,1,0,0,0,0,0,9,0,0,0,0,0,0,0,0,0,0,0,1640,0,0,0,0,0,0,0,0,0,0,0,13,1637,0,14,1610,26,105,1545,0,19,1608,23,12,1638,0,2,94,1554,0,0,0,1650,1649,1,64,1586,63,1587,0,1650,18,1631,1,222,1426,2,21,1629,0,1650,21,0,0,1,6,0,0,0,0,0,0,0,0,1,1,16,0,28,0,0,24,174,0,0,0,0,1369,9,1,0,0,0,6,0,0,0,0,0,0,0,0,0,0,1,0,0,0,0,174,0,0,0,0,1369,90,9,0,0,8,1,543,0,28,996,0,74,0,0,953,697,26,1624,0,1554,96,1650,281,1369,3,93,1554,0,30.564848484848486,28.0
21,157,8,0,8,0,0,8,0,0,0,1,4,3,1,0,1,4,2,3,5,0,0,3,5,0,0,0,0,0,0,0,0,0,0,0,0,0,0,0,0,0,0,0,0,0,8,0,0,0,0,0,0,0,0,0,0,0,0,0,0,0,0,0,0,0,0,0,0,0,0,0,0,0,0,0,0,0,0,8,0,0,0,0,0,0,0,0,0,0,0,0,8,0,0,8,0,2,6,0,0,8,0,0,8,0,1,3,4,0,0,0,8,8,0,3,5,1,7,0,8,0,8,0,2,6,0,0,8,0,8,1,0,0,0,1,0,0,0,0,0,0,0,0,0,0,0,0,0,0,0,0,2,0,0,0,0,2,2,0,0,0,0,1,0,0,0,0,0,0,0,0,0,0,0,0,0,0,0,2,0,0,0,0,2,1,2,0,0,0,0,8,0,0,0,0,0,0,0,3,5,0,8,0,4,4,8,6,2,0,4,4,0,28.0,24.0
21,158,3,0,3,0,0,3,0,0,0,0,0,3,0,0,0,0,3,0,3,0,0,1,2,0,0,0,0,0,0,0,0,0,0,0,0,0,0,0,0,0,0,0,0,0,3,0,0,0,0,0,0,0,0,0,0,0,0,0,0,0,0,0,0,0,0,0,0,0,0,0,0,0,0,0,0,0,0,3,0,0,0,0,0,0,0,0,0,0,0,0,3,0,0,3,0,1,2,0,0,3,0,1,2,0,0,1,2,0,0,0,3,3,0,1,2,0,3,0,3,0,3,0,1,2,0,0,3,0,3,0,0,0,0,0,0,0,0,0,0,0,0,0,0,0,0,0,0,0,0,0,3,0,0,0,0,0,0,0,0,0,0,0,0,0,0,0,0,0,0,0,0,0,0,0,0,0,0,3,0,0,0,0,0,0,0,0,0,0,0,2,0,0,1,0,0,0,0,1,2,0,3,0,2,1,3,3,0,0,1,2,0,42.666666666666664,26.0
21,159,1,0,1,0,0,1,0,0,0,0,0,1,0,0,0,0,1,0,1,0,0,0,1,0,0,0,0,0,0,0,0,0,0,0,0,0,0,0,0,0,0,0,0,0,1,0,0,0,0,0,0,0,0,0,0,0,0,0,0,0,0,0,0,0,0,1,0,0,0,0,0,0,0,0,0,0,0,0,0,0,0,0,0,0,0,0,0,0,0,0,1,0,0,1,0,0,1,0,0,1,0,1,0,0,0,1,0,0,0,0,1,1,0,1,0,0,1,0,1,1,0,0,1,0,0,0,1,0,1,0,0,0,0,0,0,0,0,0,0,0,0,0,0,0,0,0,0,0,0,0,1,0,0,0,0,0,0,0,0,0,0,0,0,0,0,0,0,0,0,0,0,0,0,0,0,0,0,1,0,0,0,0,0,0,0,0,0,1,0,0,0,0,0,0,0,0,0,0,1,0,1,0,0,1,1,1,0,0,1,0,0,22.0,22.0
21,160,1,0,1,0,0,1,0,0,0,0,0,1,0,0,0,0,1,0,1,0,0,0,1,0,0,0,0,0,0,0,0,0,0,0,0,0,0,0,0,0,1,0,0,0,0,0,0,0,0,0,0,0,0,0,0,0,0,0,0,0,0,0,0,0,0,0,0,0,0,0,0,0,0,0,0,0,0,1,0,0,0,0,0,0,0,0,0,0,0,0,1,0,0,1,0,0,1,0,0,1,0,1,0,0,0,1,0,0,0,0,1,1,0,0,1,0,1,0,1,0,1,0,0,1,0,0,1,0,1,0,0,0,0,0,0,0,0,0,0,0,0,0,0,0,0,0,0,0,0,0,1,0,0,0,0,0,0,0,0,0,0,0,0,0,0,0,0,0,0,0,0,0,0,0,0,0,0,1,0,0,0,0,0,0,0,0,0,0,0,1,0,0,0,0,0,0,0,0,1,0,1,0,0,1,1,1,0,0,1,0,0,28.0,28.0
21,161,3,0,3,0,0,3,0,0,0,0,0,3,0,0,0,0,3,1,2,0,0,2,1,0,0,0,0,0,0,0,0,0,0,0,0,0,0,0,0,0,0,0,0,0,3,0,0,0,0,0,0,0,0,0,0,0,0,0,0,0,0,0,0,0,0,0,0,0,0,0,0,0,0,0,0,0,0,3,0,0,0,0,0,0,0,0,0,0,0,0,3,0,0,3,0,1,2,0,0,3,0,0,3,0,0,3,0,0,0,0,3,3,0,2,1,0,3,0,3,0,3,0,2,1,0,1,2,0,3,0,0,0,0,0,0,0,0,0,0,0,0,0,0,0,0,0,0,0,0,0,3,0,0,0,0,0,0,0,0,0,0,0,0,0,0,0,0,0,0,0,0,0,0,0,0,0,0,3,0,0,0,0,0,0,0,0,0,0,0,2,0,1,0,0,0,0,0,2,1,0,3,0,0,3,3,3,0,0,3,0,0,24.0,2.0
21,162,1,0,1,0,0,1,0,0,0,0,0,1,0,0,0,0,1,0,1,0,0,0,1,0,0,0,0,0,0,0,0,0,0,0,0,0,0,0,0,0,0,0,0,0,1,0,0,0,0,0,0,0,0,0,0,0,0,0,0,0,0,0,0,0,0,0,0,0,0,0,0,0,0,0,0,0,0,1,0,0,0,0,0,0,0,0,0,0,0,0,1,0,0,1,0,0,1,0,0,1,0,0,1,0,0,1,0,0,0,0,1,1,0,0,1,0,1,0,1,0,1,0,0,1,0,0,1,0,1,0,0,0,0,0,0,0,0,0,0,0,0,0,0,0,0,0,0,0,0,0,1,0,0,0,0,0,0,0,0,0,0,0,0,0,0,0,0,0,0,0,0,0,0,0,0,0,0,1,0,0,0,0,0,0,0,0,0,0,0,1,0,0,0,0,0,0,0,0,1,0,1,0,0,1,1,1,0,0,1,0,0,21.0,21.0
21,163,7,0,7,0,1,6,0,0,0,0,1,6,0,0,0,1,6,2,5,0,0,5,2,0,0,0,0,0,0,0,0,0,0,0,0,0,0,0,0,0,0,0,0,0,7,0,0,0,0,0,0,0,0,0,0,0,0,0,0,0,0,0,0,0,0,0,0,0,0,0,0,0,0,0,0,0,0,7,0,0,0,0,0,0,0,0,0,0,0,0,7,0,1,6,0,2,5,0,1,6,0,3,4,0,0,6,1,0,0,0,7,7,0,2,5,2,5,0,7,1,6,0,0,7,0,1,6,0,7,0,0,0,0,0,0,0,0,0,0,0,0,0,0,0,0,0,0,0,0,0,6,0,0,0,0,1,0,0,0,0,0,0,0,0,0,0,0,0,0,0,0,0,0,0,0,0,0,6,0,0,0,0,1,0,0,0,0,0,0,5,0,2,0,0,0,0,0,5,2,0,7,0,1,6,7,6,1,0,6,1,0,57.42857142857143,56.0
21,164,53,0,53,0,5,48,0,3,0,0,21,29,1,0,0,21,31,12,41,0,1,22,30,0,0,0,0,0,0,0,0,0,1,0,3,0,0,1,0,0,0,0,0,1,46,0,0,0,0,0,0,0,0,1,0,0,0,0,0,0,0,0,0,0,0,5,0,0,0,0,0,0,0,0,0,0,0,48,0,0,0,0,0,0,0,0,0,0,0,1,52,0,0,52,1,14,39,0,0,52,1,4,49,0,2,24,27,0,0,0,53,53,0,14,39,8,45,0,53,3,50,0,14,39,0,4,49,0,53,0,0,0,0,0,0,0,0,0,0,0,0,0,0,0,0,0,3,0,0,1,27,0,0,1,0,20,1,0,0,0,0,0,0,0,0,0,0,0,0,0,0,0,0,0,0,0,0,27,0,0,0,0,20,5,1,0,0,5,1,30,0,16,0,0,1,0,0,23,30,6,47,0,27,26,53,33,20,1,25,27,0,40.924528301886795,41.0
21,166,6,0,6,0,0,6,0,0,0,0,1,5,2,0,0,1,3,3,3,0,0,3,3,0,0,0,0,0,0,0,0,0,1,0,0,0,0,0,0,0,0,0,0,0,5,0,0,0,0,0,0,0,0,0,0,0,0,0,0,0,0,0,0,0,0,0,0,0,0,0,0,0,0,0,0,0,0,6,0,0,0,0,0,0,0,0,0,0,0,0,6,0,0,6,0,3,3,0,0,6,0,0,6,0,0,5,1,0,0,0,6,6,0,4,2,1,5,0,6,0,6,0,1,5,0,2,4,0,6,2,0,0,0,0,0,0,0,0,0,0,0,0,0,0,0,0,0,0,0,0,3,0,0,0,0,0,1,0,0,0,0,0,0,0,0,0,0,0,0,0,0,0,0,0,0,0,0,3,0,0,0,0,0,2,1,0,0,0,0,6,0,0,0,0,0,0,0,3,3,0,6,0,1,5,6,6,0,0,5,1,0,33.5,37.0
21,167,10,0,10,0,0,10,0,0,0,0,2,8,0,0,0,2,8,1,9,0,0,7,3,0,0,0,0,0,0,0,0,0,0,0,0,0,0,0,0,0,0,0,0,0,10,0,0,0,0,0,0,0,0,0,0,0,0,0,0,0,0,0,0,0,0,2,0,0,0,0,0,0,0,0,0,0,0,8,0,0,0,0,0,0,0,0,0,0,0,0,10,0,1,8,1,3,7,0,1,9,0,0,10,0,0,9,1,0,0,0,10,10,0,7,3,0,10,0,10,1,9,0,0,10,0,1,9,0,10,0,0,0,0,0,0,0,0,0,0,0,0,0,0,0,0,0,0,0,0,0,8,0,0,0,0,1,1,0,0,0,0,0,0,0,0,0,0,0,0,0,0,0,0,0,0,0,0,8,0,0,0,0,1,0,1,0,0,2,0,8,0,0,0,0,0,0,0,7,3,0,10,0,1,9,10,9,1,0,9,1,0,40.1,54.0
21,168,5,0,5,0,1,4,0,0,0,0,1,4,1,0,0,1,3,1,4,0,0,3,2,0,0,0,0,0,0,0,0,0,0,0,0,0,0,0,0,0,0,0,0,0,5,0,0,0,0,0,0,0,0,0,0,0,0,0,0,0,0,0,0,0,0,0,0,0,0,0,0,0,0,0,0,0,0,5,0,0,0,0,0,0,0,0,0,0,0,1,4,0,0,5,0,2,3,0,0,5,0,0,5,0,0,4,1,0,0,0,5,5,0,3,2,1,4,0,5,0,5,0,1,4,0,1,4,0,5,0,0,0,0,0,0,0,0,0,0,0,0,0,0,0,1,0,0,0,0,0,3,0,0,0,0,1,0,0,0,0,0,0,0,0,0,0,0,0,0,0,0,0,0,0,0,0,0,3,0,0,0,0,1,1,0,0,0,0,0,3,0,2,0,0,0,0,0,3,2,0,5,0,1,4,5,4,1,0,4,1,0,33.0,14.0
21,169,20,0,20,0,0,20,0,0,0,0,7,13,1,0,0,7,12,2,18,0,0,10,10,0,0,0,0,0,0,0,0,0,0,0,0,0,0,0,0,1,0,0,0,0,19,0,0,0,0,0,0,0,0,0,0,0,0,0,0,0,0,0,0,0,0,2,0,0,0,0,0,0,0,0,0,0,0,18,0,0,0,0,0,0,0,0,0,0,0,1,19,0,1,19,0,3,17,0,1,19,0,1,19,0,0,13,7,0,0,0,20,20,0,5,15,0,20,0,20,1,19,0,2,18,0,1,19,0,20,0,0,0,0,0,0,0,0,0,0,0,0,0,1,0,1,0,0,0,0,0,10,0,1,0,0,7,0,0,0,0,0,0,0,0,0,0,0,0,0,0,0,0,0,0,0,0,0,10,0,0,0,0,7,3,0,0,0,2,0,4,0,13,0,0,1,0,0,10,10,1,18,1,7,13,20,13,7,0,13,7,0,47.4,43.5
21,170,10,0,10,0,1,9,0,0,0,0,1,9,2,0,0,1,7,0,10,0,0,4,6,0,0,0,0,0,0,0,0,0,0,0,0,0,0,0,0,0,0,0,0,0,10,0,0,0,0,0,0,0,0,0,0,0,0,0,0,0,0,0,0,0,0,0,0,0,0,0,0,0,0,0,0,0,0,10,0,0,0,0,0,0,0,0,0,0,0,2,8,0,0,10,0,2,8,0,0,10,0,1,9,0,0,9,1,0,0,0,10,10,0,6,4,3,7,0,10,0,10,0,0,9,1,0,10,0,10,0,0,0,0,0,0,0,0,0,0,0,0,0,1,0,2,0,0,0,0,0,6,0,0,0,0,1,0,0,0,0,0,0,0,0,0,0,0,0,0,0,0,0,0,0,0,0,0,6,0,0,0,0,1,3,0,0,0,0,0,9,0,1,0,0,0,0,0,4,6,0,10,0,1,9,10,9,1,0,9,1,0,39.0,45.5
21,171,1,1,0,0,0,1,0,0,0,0,0,1,0,0,0,0,1,1,0,0,0,0,1,0,0,0,0,0,0,0,0,0,0,0,0,0,0,0,0,0,0,0,0,0,1,0,0,0,0,0,0,0,0,0,0,0,0,0,0,0,0,0,0,0,0,0,0,0,0,0,0,0,0,0,0,0,0,1,0,0,0,0,0,0,0,0,0,0,0,0,1,0,0,1,0,0,1,0,0,1,0,0,1,0,0,1,0,0,0,0,1,1,0,1,0,1,0,0,1,0,1,0,0,1,0,1,0,0,1,0,0,0,0,0,0,0,0,0,0,0,0,0,0,0,0,0,0,0,0,0,1,0,0,0,0,0,0,0,0,0,0,0,0,0,0,0,0,0,0,0,0,0,0,0,0,0,0,1,0,0,0,0,0,0,0,0,0,0,0,1,0,0,0,0,0,0,0,0,1,0,1,0,0,1,1,1,0,0,1,0,0,68.0,68.0
21,172,14,0,14,0,3,11,0,0,0,0,5,9,0,0,0,5,9,2,12,0,1,7,6,0,0,0,0,0,0,0,0,0,1,0,0,0,0,0,2,0,0,0,0,0,10,0,0,0,0,0,0,0,0,1,0,0,0,0,0,0,0,0,0,0,0,0,0,0,0,0,0,0,0,0,0,0,0,14,0,0,0,0,0,0,0,0,0,0,0,1,13,0,1,13,0,3,11,0,0,14,0,0,14,0,1,8,5,0,0,0,14,14,0,6,8,0,14,0,14,0,14,0,3,11,0,0,14,0,14,0,1,0,0,0,0,0,0,0,0,0,0,0,0,0,0,0,0,0,0,0,8,0,0,0,0,5,0,0,0,0,0,0,0,0,0,0,0,0,0,0,0,0,0,0,0,0,0,8,0,0,0,0,5,1,0,0,0,0,1,10,0,2,0,0,1,0,0,8,6,0,14,0,5,9,14,9,5,0,9,5,0,44.5,41.5
21,173,11,1,10,0,0,11,0,0,0,0,6,5,0,0,0,6,5,1,10,0,0,7,4,0,0,0,0,0,0,0,0,0,0,0,0,0,0,0,0,1,0,0,0,0,10,0,0,0,0,0,0,0,0,0,0,0,0,0,0,0,0,0,0,0,0,1,0,0,0,0,0,0,0,0,0,0,0,10,0,0,0,0,0,0,0,0,0,0,0,1,10,0,0,11,0,5,6,0,0,11,0,0,11,0,0,3,8,0,0,0,11,11,0,0,11,0,11,0,11,0,11,0,1,10,0,0,11,0,11,0,0,0,0,0,0,0,0,0,1,0,0,0,0,0,0,0,0,0,0,0,4,0,0,0,0,6,0,0,0,0,0,0,0,0,0,0,0,0,0,0,0,0,0,0,0,0,0,4,0,0,0,0,6,1,0,0,0,1,0,1,0,3,6,0,0,0,0,7,4,0,11,0,8,3,11,5,6,0,3,8,0,52.45454545454545,58.0
21,174,634,8,626,0,8,626,0,5,0,2,543,84,26,0,2,543,63,63,571,0,14,388,232,0,0,0,0,0,0,0,1,0,2,0,0,0,1,0,4,0,0,1,0,1,598,0,0,0,0,0,0,0,0,26,0,0,0,0,0,0,0,0,0,0,0,0,0,0,0,0,0,0,0,0,0,0,0,634,0,0,0,0,0,0,0,0,0,0,0,5,629,0,3,631,0,74,560,0,3,630,1,1,633,0,5,14,615,0,0,0,634,634,0,8,626,16,618,0,634,11,623,0,24,608,2,8,626,0,634,13,0,0,0,2,0,0,0,0,0,0,0,0,0,0,5,0,5,0,0,8,58,0,0,0,0,541,2,0,0,0,0,2,0,0,0,0,0,0,0,0,0,0,0,0,0,0,0,58,0,0,0,0,541,31,2,0,0,1,0,58,0,9,565,0,1,0,0,402,232,8,626,0,615,19,634,93,541,3,16,615,0,36.26656151419559,34.0
21,175,3,0,3,0,1,2,0,0,0,0,1,2,0,0,0,1,2,2,1,0,0,2,1,0,0,0,0,0,0,0,0,0,0,0,0,0,0,0,0,0,0,0,0,0,3,0,0,0,0,0,0,0,0,0,0,0,0,0,0,0,0,0,0,0,0,1,0,0,0,0,0,1,0,0,0,0,0,1,0,0,0,0,0,0,0,0,0,0,0,0,3,0,0,2,1,2,1,0,0,2,1,1,2,0,1,1,1,0,0,0,3,3,0,2,1,1,2,0,3,1,2,0,1,2,0,1,2,0,3,0,0,0,0,0,0,0,0,0,0,0,0,0,0,0,0,0,0,0,0,0,2,0,0,0,0,1,0,0,0,0,0,0,0,0,0,0,0,0,0,0,0,0,0,0,0,0,0,2,0,0,0,0,1,0,0,0,0,1,0,1,0,0,1,0,0,0,0,2,1,0,3,0,1,2,3,2,1,0,2,1,0,72.66666666666667,69.0
21,176,5,0,5,0,2,3,0,0,0,0,2,3,1,0,0,2,2,1,4,0,0,4,1,0,0,0,0,0,0,0,0,0,0,0,0,0,0,0,0,0,0,0,0,0,5,0,0,0,0,0,0,0,0,0,0,0,0,0,0,0,0,0,0,0,0,0,0,0,0,0,0,0,0,0,0,0,0,5,0,0,0,0,0,0,0,0,0,0,0,0,5,0,0,5,0,2,3,0,0,5,0,0,5,0,0,2,3,0,0,0,5,5,0,1,4,2,3,0,5,0,5,0,1,4,0,0,5,0,5,1,0,0,0,0,0,0,1,0,0,0,0,0,0,0,0,0,0,0,0,0,1,0,0,0,0,2,0,0,0,0,0,0,0,0,0,0,0,0,0,0,0,0,0,0,0,0,0,1,0,0,0,0,2,2,0,0,0,0,0,3,0,1,0,0,1,0,0,4,1,0,5,0,3,2,5,3,2,0,2,3,0,44.2,68.0
21,177,16,0,16,0,1,15,0,0,0,1,5,10,0,0,1,5,10,1,15,0,1,8,7,0,0,0,0,0,0,0,0,0,0,0,0,0,0,0,1,0,0,0,0,0,15,0,0,0,0,0,0,0,0,0,0,0,0,0,0,0,0,0,0,0,0,0,0,0,0,0,0,0,0,0,0,0,0,16,0,0,0,0,0,0,0,0,0,0,0,0,16,0,0,15,1,2,14,0,2,13,1,2,14,0,3,8,5,0,0,0,16,16,0,8,8,1,15,0,16,1,15,0,5,11,0,0,16,0,16,0,0,0,0,1,0,0,0,0,0,0,0,0,0,0,0,0,0,0,0,0,10,0,0,0,0,4,1,0,0,0,0,1,0,0,0,0,0,0,0,0,0,0,0,0,0,0,0,10,0,0,0,0,4,0,1,0,0,0,0,13,0,0,1,0,2,0,0,9,7,0,16,0,5,11,16,12,4,0,11,5,0,40.25,39.5
21,178,4,0,4,0,0,4,0,0,0,0,2,2,0,0,0,2,2,0,4,0,0,3,1,0,0,0,0,0,0,0,0,0,0,0,0,0,1,0,0,0,0,0,0,0,3,0,0,0,0,0,0,0,0,0,0,0,0,0,0,0,0,0,0,0,0,0,0,0,0,1,0,0,0,0,0,0,0,3,0,0,0,0,0,0,0,0,0,0,0,0,4,0,0,4,0,0,4,0,0,4,0,0,4,0,0,1,3,0,0,0,4,4,0,1,3,0,4,0,4,0,4,0,0,4,0,0,4,0,4,0,0,0,0,0,0,0,0,0,0,0,0,0,0,0,0,0,0,0,0,0,2,0,0,0,0,2,0,0,0,0,0,0,0,0,0,0,0,0,0,0,0,0,0,0,0,0,0,2,0,0,0,0,2,0,0,0,0,0,0,2,0,2,0,0,0,0,0,3,1,0,4,0,3,1,4,2,2,0,1,3,0,29.25,25.0
21,179,6,0,6,0,1,5,0,1,0,0,1,4,1,0,0,1,4,2,4,0,0,3,3,0,0,0,0,0,0,0,0,0,0,0,0,0,0,0,0,0,0,0,0,0,6,0,0,0,0,0,0,0,0,0,0,0,0,0,0,0,0,0,0,0,0,0,0,0,0,0,0,0,0,0,0,0,0,6,0,0,0,0,0,0,0,0,0,0,0,0,6,0,0,6,0,4,2,0,0,6,0,0,6,0,0,4,2,0,0,0,6,6,0,0,6,1,5,0,6,0,6,0,1,5,0,0,6,0,6,0,0,0,0,0,0,0,0,0,0,0,0,0,0,0,0,0,1,0,0,1,3,0,0,0,0,1,0,0,0,0,0,0,0,0,0,0,0,0,0,0,0,0,0,0,0,0,0,3,0,0,0,0,1,2,0,0,0,0,0,3,0,3,0,0,0,0,0,3,3,1,5,0,2,4,6,5,1,0,4,2,0,55.833333333333336,59.0
21,180,12,0,12,0,2,10,0,0,0,1,1,10,4,0,1,1,6,2,10,0,0,8,4,0,0,0,0,0,0,0,0,0,0,0,0,0,0,0,1,0,0,0,0,0,11,0,0,0,0,0,0,0,0,0,0,0,0,0,0,0,0,0,0,0,0,3,0,0,0,0,0,0,0,0,0,0,0,9,0,0,0,0,0,0,0,0,0,0,0,0,12,0,0,10,2,0,12,0,0,10,2,3,9,0,1,9,2,0,0,0,12,12,0,5,7,3,9,0,12,1,11,0,0,12,0,0,12,0,12,2,0,0,0,1,0,0,0,0,0,0,0,0,0,0,1,0,0,0,0,1,6,0,0,0,0,1,0,0,0,0,0,1,0,0,0,0,0,0,0,0,0,0,0,0,0,0,0,6,0,0,0,0,1,4,0,0,0,3,0,8,0,1,0,0,0,0,0,8,4,1,11,0,2,10,12,11,1,0,10,2,0,48.833333333333336,44.0
21,182,1,0,1,0,0,1,0,0,0,0,0,1,0,0,0,0,1,0,1,0,1,0,0,0,0,0,0,0,0,0,0,0,0,0,0,0,0,0,0,0,0,0,0,0,1,0,0,0,0,0,0,0,0,0,0,0,0,0,0,0,0,0,0,0,0,0,0,0,0,0,0,0,0,0,0,0,0,1,0,0,0,0,0,0,0,0,0,0,0,0,1,0,0,1,0,0,1,0,0,1,0,0,1,0,0,1,0,0,0,0,1,1,0,0,1,0,1,0,1,1,0,0,1,0,0,0,1,0,1,0,0,0,0,0,0,0,0,0,0,0,0,0,0,0,0,0,0,0,0,0,1,0,0,0,0,0,0,0,0,0,0,0,0,0,0,0,0,0,0,0,0,0,0,0,0,0,0,1,0,0,0,0,0,0,0,0,0,0,0,1,0,0,0,0,0,0,0,1,0,0,1,0,0,1,1,1,0,0,1,0,0,24.0,24.0
21,183,15,1,14,0,0,15,0,0,0,1,1,13,0,0,1,1,13,1,14,0,0,3,12,0,0,0,0,0,0,0,0,0,1,0,0,0,1,0,0,0,0,0,0,0,13,0,0,0,0,0,0,0,0,0,0,0,0,0,0,0,0,0,0,0,0,3,0,0,0,0,0,0,0,0,0,0,0,12,0,0,0,0,0,0,0,0,0,0,0,0,15,0,4,11,0,3,12,0,6,9,0,0,15,0,0,15,0,0,0,0,15,15,0,6,9,0,15,0,15,1,14,0,1,14,0,0,15,0,15,0,0,0,0,1,0,0,0,0,0,1,0,0,0,0,0,0,0,0,1,0,10,0,1,0,0,1,0,0,0,0,0,1,0,0,0,0,0,0,0,0,0,0,0,0,0,0,0,10,0,0,0,0,1,3,0,0,0,3,0,12,0,0,0,0,0,0,0,3,12,0,15,0,0,15,15,14,1,0,15,0,0,24.133333333333333,2.0
21,184,4,0,4,0,1,3,0,0,0,0,2,2,1,0,0,2,1,1,3,0,0,1,3,0,0,0,0,0,0,0,0,0,0,0,0,0,0,0,0,0,0,0,0,0,4,0,0,0,0,0,0,0,0,0,0,0,0,0,0,0,0,0,0,0,0,0,0,0,0,0,0,0,0,0,0,0,0,4,0,0,0,0,0,0,0,0,0,0,0,0,4,0,1,3,0,1,3,0,2,2,0,0,4,0,0,2,2,0,0,0,4,4,0,2,2,0,4,0,4,0,4,0,1,3,0,0,4,0,4,1,0,0,0,0,0,0,0,0,0,0,0,0,0,0,0,0,0,0,0,0,1,0,0,0,0,2,0,0,0,0,0,0,0,0,0,0,0,0,0,0,0,0,0,0,0,0,0,1,0,0,0,0,2,1,0,0,0,0,0,2,0,1,1,0,0,0,0,1,3,0,4,0,2,2,4,2,2,0,2,2,0,60.75,63.0
21,185,5,0,5,0,0,5,0,1,0,1,1,2,0,0,1,1,3,2,3,0,0,2,3,0,0,0,0,0,0,0,0,0,0,0,0,0,0,0,0,0,0,0,0,0,5,0,0,0,0,0,0,0,0,0,0,0,0,0,0,0,0,0,0,0,0,0,0,0,0,0,0,0,0,0,0,0,0,5,0,0,0,0,0,0,0,0,0,0,0,0,5,0,0,5,0,1,4,0,0,5,0,0,5,0,0,4,1,0,0,0,5,5,0,3,2,0,5,0,5,0,5,0,0,5,0,0,5,0,5,0,0,0,0,1,0,0,0,0,0,0,0,0,0,0,0,0,1,0,0,0,2,0,0,0,0,1,0,0,0,0,0,1,0,0,0,0,0,0,0,0,0,0,0,0,0,0,0,2,0,0,0,0,1,1,0,0,0,0,0,5,0,0,0,0,0,0,0,2,3,0,5,0,1,4,5,4,1,0,4,1,0,48.8,55.0
21,186,15,0,15,0,0,15,0,1,0,0,6,8,4,0,0,6,5,3,12,0,0,7,8,0,0,0,0,0,0,0,0,0,0,0,0,0,0,0,0,0,0,0,0,0,15,0,0,0,0,0,0,0,0,0,0,0,0,0,0,0,0,0,0,0,0,1,0,0,0,0,0,0,0,0,0,0,0,14,0,0,0,0,0,0,0,0,0,0,0,0,15,0,1,14,0,3,12,0,1,13,1,1,14,0,1,7,7,0,0,0,15,15,0,6,9,2,13,0,15,0,15,0,5,8,2,1,14,0,15,2,0,0,0,0,0,0,0,0,0,0,0,0,0,0,2,0,1,0,0,0,4,0,0,0,0,6,0,0,0,0,0,0,0,0,0,0,0,0,0,0,0,0,0,0,0,0,0,4,0,0,0,0,6,5,0,0,0,1,0,6,0,5,2,0,1,0,0,7,8,1,14,0,7,8,15,9,6,0,8,7,0,46.46666666666667,50.0
21,187,2,0,2,0,0,2,0,0,0,0,0,2,0,0,0,0,2,0,2,0,0,2,0,0,0,0,0,0,0,0,0,0,0,0,0,0,1,0,0,0,0,0,0,0,1,0,0,0,0,0,0,0,0,0,0,0,0,0,0,0,0,0,0,0,0,0,0,0,0,1,0,0,0,0,0,0,0,1,0,0,0,0,0,0,0,0,0,0,0,1,1,0,0,2,0,0,2,0,0,2,0,0,2,0,0,1,1,0,0,0,2,2,0,1,1,0,2,0,2,0,2,0,0,2,0,0,2,0,2,0,0,0,0,0,0,0,0,0,0,0,0,0,0,0,0,0,0,0,0,0,2,0,0,0,0,0,0,0,0,0,0,0,0,0,0,0,0,0,0,0,0,0,0,0,0,0,0,2,0,0,0,0,0,0,0,0,0,0,0,2,0,0,0,0,0,0,0,2,0,0,2,0,1,1,2,2,0,0,1,1,0,52.0,52.0
21,188,3,0,3,0,0,3,0,1,0,0,1,1,0,0,0,1,2,0,3,0,0,1,2,0,0,0,0,0,0,0,0,0,0,0,0,0,0,0,0,0,0,0,0,0,3,0,0,0,0,0,0,0,0,0,0,0,0,0,0,0,0,0,0,0,0,0,0,0,0,0,0,0,0,0,0,0,0,3,0,0,0,0,0,0,0,0,0,0,0,0,3,0,0,3,0,1,2,0,0,3,0,0,3,0,1,1,1,0,0,0,3,3,0,2,1,1,2,0,3,0,3,0,0,3,0,0,3,0,3,0,0,0,0,0,0,0,0,0,0,0,0,0,0,0,0,0,1,0,0,0,1,0,0,0,0,1,0,0,0,0,0,0,0,0,0,0,0,0,0,0,0,0,0,0,0,0,0,1,0,0,0,0,1,1,0,0,0,0,0,2,0,1,0,0,0,0,0,1,2,0,3,0,1,2,3,2,1,0,2,1,0,68.66666666666667,75.0
21,189,11,1,10,0,0,11,0,0,0,0,5,6,0,0,0,5,6,2,9,0,0,6,5,0,0,0,0,0,0,0,0,0,0,0,0,0,0,0,0,0,0,0,0,0,11,0,0,0,0,0,0,0,0,0,0,0,0,0,0,0,0,0,0,0,0,1,0,0,0,0,0,0,0,0,0,0,0,10,0,0,0,0,0,0,0,0,0,0,0,0,10,1,0,11,0,3,8,0,0,11,0,2,9,0,0,6,5,0,0,0,11,11,0,1,10,2,9,0,11,0,11,0,1,10,0,2,9,0,11,0,0,0,0,0,0,0,0,0,0,0,0,0,0,0,0,0,0,0,0,0,6,0,0,0,0,5,0,0,0,0,0,0,0,0,0,0,0,0,0,0,0,0,0,0,0,0,0,6,0,0,0,0,5,0,0,0,0,0,0,5,0,4,0,0,1,1,0,6,5,1,10,0,5,6,11,6,5,0,6,5,0,42.36363636363637,41.0
21,191,5,0,5,0,0,5,0,0,0,2,1,2,0,0,2,1,2,2,3,0,0,3,2,0,0,0,0,0,0,0,0,0,0,0,0,0,0,0,0,0,0,0,0,0,5,0,0,0,0,0,0,0,0,0,0,0,0,0,0,0,0,0,0,0,0,0,0,0,0,0,0,0,0,0,0,0,0,5,0,0,0,0,0,0,0,0,0,0,0,1,4,0,0,5,0,2,3,0,0,5,0,0,5,0,1,1,3,0,0,0,5,5,0,2,3,1,4,0,5,0,5,0,0,5,0,1,4,0,5,0,0,0,0,2,0,0,0,0,0,0,0,0,0,0,0,0,0,0,0,0,2,0,0,0,0,1,0,0,0,0,0,2,0,0,0,0,0,0,0,0,0,0,0,0,0,0,0,2,0,0,0,0,1,0,0,0,0,0,0,5,0,0,0,0,0,0,0,3,2,0,5,0,3,2,5,4,1,0,2,3,0,52.6,65.0
21,192,11,0,11,0,0,11,0,0,0,0,7,4,0,0,0,7,4,3,8,0,0,6,5,0,0,0,0,0,0,0,0,0,0,0,0,0,0,0,0,0,0,0,0,0,11,0,0,0,0,0,0,0,0,0,0,0,0,0,0,0,0,0,0,0,0,0,0,0,0,0,0,0,0,0,0,0,0,11,0,0,0,0,0,0,0,0,0,0,0,0,11,0,2,9,0,1,10,0,2,9,0,1,10,0,0,4,7,0,0,0,11,11,0,0,11,0,11,0,11,0,11,0,0,11,0,0,11,0,11,0,0,0,0,0,0,0,0,0,0,0,0,0,0,0,0,0,0,0,0,0,4,0,0,0,0,7,0,0,0,0,0,0,0,0,0,0,0,0,0,0,0,0,0,0,0,0,0,4,0,0,0,0,7,0,0,0,0,3,0,3,0,5,0,0,0,0,0,6,5,1,10,0,7,4,11,4,7,0,4,7,0,40.63636363636363,28.0
21,193,2,0,2,0,0,2,0,0,0,0,0,2,1,0,0,0,1,0,2,0,0,0,2,0,0,0,0,0,0,0,0,0,0,0,0,0,0,0,0,0,0,0,0,0,2,0,0,0,0,0,0,0,0,0,0,0,0,0,0,0,0,0,0,0,0,0,0,0,0,0,0,0,0,0,0,0,0,2,0,0,0,0,0,0,0,0,0,0,0,0,2,0,0,2,0,0,2,0,0,2,0,1,1,0,1,1,0,0,0,0,2,2,0,1,1,0,2,0,2,0,2,0,0,2,0,0,2,0,2,1,0,0,0,0,0,0,0,0,0,0,0,0,1,0,0,0,0,0,0,0,0,0,0,0,0,0,0,0,0,0,0,0,0,0,0,0,0,0,0,0,0,0,0,0,0,0,0,0,0,0,0,0,0,2,0,0,0,0,0,2,0,0,0,0,0,0,0,0,2,0,2,0,0,2,2,2,0,0,2,0,0,17.0,17.0
21,194,7,1,6,0,0,7,0,1,0,0,0,6,0,0,0,0,7,0,7,0,0,3,4,0,0,0,0,0,0,0,0,0,0,0,0,0,1,0,0,0,0,0,0,0,6,0,0,0,0,0,0,0,0,0,0,0,0,0,0,0,0,0,0,0,0,0,0,0,0,0,0,0,0,0,0,0,0,5,0,0,0,0,0,0,0,0,2,0,0,0,7,0,0,7,0,3,4,0,1,6,0,0,7,0,1,6,0,0,0,0,7,7,0,5,2,3,4,0,7,0,7,0,2,5,0,0,7,0,7,0,0,0,0,0,0,0,1,0,0,0,0,0,0,0,0,0,1,0,0,0,5,0,0,0,0,0,0,0,0,0,0,0,0,0,0,0,0,0,0,0,0,0,0,0,0,0,0,5,0,0,0,0,0,2,0,0,0,0,0,5,0,2,0,0,0,0,0,3,4,0,7,0,0,7,7,7,0,0,7,0,0,42.857142857142854,46.0
21,195,4,0,4,0,1,3,0,0,0,0,1,3,0,0,0,1,3,1,3,0,0,2,2,0,0,0,0,0,0,0,0,0,0,0,0,0,0,0,0,0,0,0,0,0,4,0,0,0,0,0,0,0,0,0,0,0,0,0,0,0,0,0,0,0,0,0,0,0,0,0,0,0,0,0,0,0,0,4,0,0,0,0,0,0,0,0,0,0,0,1,3,0,0,4,0,0,4,0,0,4,0,0,4,0,0,4,0,0,0,0,4,4,0,2,2,0,4,0,4,1,3,0,0,4,0,0,4,0,4,0,0,0,0,0,0,0,0,0,0,0,0,0,0,0,0,0,0,0,0,0,3,0,0,0,0,1,0,0,0,0,0,0,0,0,0,0,0,0,0,0,0,0,0,0,0,0,0,3,0,0,0,0,1,0,0,0,0,0,0,4,0,0,0,0,0,0,0,2,2,0,4,0,0,4,4,3,1,0,4,0,0,40.25,41.5
21,196,3,0,2,1,0,3,0,0,0,0,1,2,1,0,0,1,1,0,2,1,0,2,1,0,0,0,0,0,0,0,0,0,0,0,0,0,0,0,0,0,0,0,0,0,3,0,0,0,0,0,0,0,0,0,0,0,0,0,0,0,0,0,0,0,0,1,0,0,0,0,0,0,0,0,0,0,0,2,0,0,0,0,0,0,0,0,0,0,0,0,2,1,0,3,0,0,3,0,0,3,0,0,2,1,0,2,1,0,0,0,3,3,0,1,2,1,2,0,3,1,1,1,0,3,0,0,3,0,3,1,0,0,0,0,0,0,0,0,0,0,0,0,0,0,0,0,0,0,0,0,1,0,0,0,0,0,1,0,0,0,0,0,0,0,0,0,0,0,0,0,0,0,0,0,0,0,0,1,0,0,0,0,0,1,1,0,0,1,0,2,0,0,0,0,0,0,0,2,1,1,2,0,1,2,3,3,0,0,2,1,0,33.666666666666664,49.0
21,197,24,0,24,0,0,24,0,0,0,0,5,19,4,0,0,5,15,11,13,0,2,14,8,0,0,0,0,0,0,0,0,0,0,0,0,0,0,0,0,1,0,0,0,0,23,0,0,0,0,0,0,0,0,0,0,0,0,0,0,0,0,0,0,0,0,3,0,0,0,0,0,0,0,0,0,0,0,21,0,0,0,0,0,0,0,0,0,0,0,0,24,0,0,24,0,7,17,0,1,23,0,1,23,0,0,17,7,0,0,0,24,24,0,7,17,1,23,0,24,1,22,1,5,19,0,4,20,0,24,1,0,1,0,0,0,0,0,0,0,0,0,0,1,0,3,0,0,0,0,0,13,0,0,0,0,5,0,0,0,0,0,0,0,0,0,0,0,0,0,0,0,0,0,0,0,0,0,13,0,0,0,0,5,6,0,0,0,3,0,10,0,11,0,0,0,0,0,16,8,0,24,0,7,17,24,19,5,0,17,7,0,47.5,53.0
21,198,1,0,1,0,0,1,0,0,0,0,0,1,1,0,0,0,0,1,0,0,0,1,0,0,0,0,0,0,0,0,0,0,0,0,0,0,0,0,0,0,0,0,0,0,1,0,0,0,0,0,0,0,0,0,0,0,0,0,0,0,0,0,0,0,0,0,0,0,0,0,0,0,0,0,0,0,0,1,0,0,0,0,0,0,0,0,0,0,0,1,0,0,0,1,0,1,0,0,0,1,0,0,1,0,1,0,0,0,0,0,1,1,0,1,0,1,0,0,1,0,1,0,0,1,0,0,1,0,1,0,0,0,0,0,0,0,0,0,0,0,0,0,0,0,1,0,0,0,0,0,0,0,0,0,0,0,0,0,0,0,0,0,0,0,0,0,0,0,0,0,0,0,0,0,0,0,0,0,0,0,0,0,0,1,0,0,0,0,0,1,0,0,0,0,0,0,0,1,0,0,1,0,0,1,1,1,0,1,0,0,0,51.0,51.0
21,199,37,2,35,0,1,36,0,0,0,0,24,13,2,0,0,24,11,3,34,0,2,23,12,0,0,0,0,0,0,0,0,0,0,0,0,0,1,0,0,0,0,0,0,0,30,0,0,0,0,0,0,0,0,6,0,0,0,0,0,0,0,0,0,0,0,0,0,0,0,0,0,0,0,0,0,0,0,37,0,0,0,0,0,0,0,0,0,0,0,0,37,0,0,37,0,6,31,0,0,37,0,0,37,0,0,10,27,0,0,0,37,37,0,1,36,1,36,0,37,0,37,0,2,35,0,0,37,0,37,2,0,0,0,0,0,0,0,0,0,0,0,0,0,0,0,0,0,0,0,0,11,0,0,0,0,24,0,0,0,0,0,0,0,0,0,0,0,0,0,0,0,0,0,0,0,0,0,11,0,0,0,0,24,2,0,0,0,0,0,15,0,0,22,0,0,0,0,25,12,1,36,0,27,10,37,13,24,0,10,27,0,38.810810810810814,39.0
21,200,2,0,2,0,0,2,0,0,0,0,2,0,0,0,0,2,0,0,2,0,0,0,2,0,0,0,0,0,0,0,0,0,0,0,0,0,0,0,0,0,0,0,0,0,2,0,0,0,0,0,0,0,0,0,0,0,0,0,0,0,0,0,0,0,0,0,0,0,0,0,0,0,0,0,0,0,0,2,0,0,0,0,0,0,0,0,0,0,0,0,2,0,0,2,0,1,1,0,0,2,0,0,2,0,0,0,2,0,0,0,2,2,0,0,2,0,2,0,2,0,2,0,0,2,0,0,2,0,2,0,0,0,0,0,0,0,0,0,0,0,0,0,0,0,0,0,0,0,0,0,0,0,0,0,0,2,0,0,0,0,0,0,0,0,0,0,0,0,0,0,0,0,0,0,0,0,0,0,0,0,0,0,2,0,0,0,0,0,0,0,0,1,1,0,0,0,0,0,2,0,2,0,2,0,2,0,2,0,0,2,0,52.5,52.5
21,202,2,0,2,0,0,2,0,0,0,1,0,1,0,0,1,0,1,1,1,0,0,1,1,0,0,0,0,0,0,0,0,0,0,0,0,0,0,0,0,0,0,0,0,0,2,0,0,0,0,0,0,0,0,0,0,0,0,0,0,0,0,0,0,0,0,0,0,0,0,0,0,0,0,0,0,0,0,2,0,0,0,0,0,0,0,0,0,0,0,0,2,0,0,2,0,1,1,0,0,2,0,0,2,0,0,2,0,0,0,0,2,2,0,1,1,0,2,0,2,1,1,0,0,2,0,0,2,0,2,0,0,0,0,1,0,0,0,0,0,0,0,0,0,0,0,0,0,0,0,0,1,0,0,0,0,0,0,0,0,0,0,1,0,0,0,0,0,0,0,0,0,0,0,0,0,0,0,1,0,0,0,0,0,0,0,0,0,0,0,1,0,1,0,0,0,0,0,1,1,0,2,0,0,2,2,2,0,0,2,0,0,44.0,44.0
21,203,1,0,1,0,0,1,0,0,0,0,0,1,0,0,0,0,1,1,0,0,0,1,0,0,0,0,0,0,0,0,0,0,0,0,0,0,0,0,0,0,0,0,0,0,1,0,0,0,0,0,0,0,0,0,0,0,0,0,0,0,0,0,0,0,0,0,0,0,0,0,0,0,0,0,0,0,0,1,0,0,0,0,0,0,0,0,0,0,0,0,1,0,0,1,0,1,0,0,0,1,0,0,1,0,0,1,0,0,0,0,1,1,0,1,0,0,1,0,1,0,1,0,1,0,0,0,1,0,1,0,0,0,0,0,0,0,0,0,1,0,0,0,0,0,0,0,0,0,0,0,0,0,0,0,0,0,0,0,0,0,0,0,0,0,0,0,0,0,0,0,0,0,0,0,0,0,0,0,0,0,0,0,0,1,0,0,0,0,0,0,0,1,0,0,0,0,0,1,0,0,1,0,0,1,1,1,0,0,1,0,0,85.0,85.0
21,204,7,0,7,0,0,7,0,0,0,0,6,1,0,0,0,6,1,0,7,0,0,3,4,0,0,0,0,0,0,0,0,0,0,0,0,0,0,0,0,0,0,0,0,0,7,0,0,0,0,0,0,0,0,0,0,0,0,0,0,0,0,0,0,0,0,0,0,0,0,0,0,0,0,0,0,0,0,7,0,0,0,0,0,0,0,0,0,0,0,0,7,0,0,7,0,0,7,0,0,7,0,0,7,0,0,1,6,0,0,0,7,7,0,0,7,0,7,0,7,0,7,0,2,5,0,0,7,0,7,0,0,0,0,0,0,0,0,0,0,0,0,0,0,0,0,0,0,0,0,0,1,0,0,0,0,6,0,0,0,0,0,0,0,0,0,0,0,0,0,0,0,0,0,0,0,0,0,1,0,0,0,0,6,0,0,0,0,0,0,0,0,2,5,0,0,0,0,3,4,0,7,0,6,1,7,1,6,0,1,6,0,28.571428571428573,21.0
21,205,2,0,2,0,0,2,0,0,0,0,0,2,1,0,0,0,1,0,2,0,0,0,2,0,0,0,0,0,0,0,0,0,0,0,0,0,0,0,0,0,0,0,0,0,2,0,0,0,0,0,0,0,0,0,0,0,0,0,0,0,0,0,0,0,0,0,0,0,0,0,0,0,0,0,0,0,0,2,0,0,0,0,0,0,0,0,0,0,0,0,2,0,0,2,0,1,1,0,0,2,0,1,1,0,0,2,0,0,0,0,2,2,0,0,2,0,2,0,2,0,2,0,0,2,0,1,1,0,2,1,0,0,0,0,0,0,0,0,0,0,0,0,0,0,0,0,0,0,0,0,1,0,0,0,0,0,0,0,0,0,0,0,0,0,0,0,0,0,0,0,0,0,0,0,0,0,0,1,0,0,0,0,0,1,0,0,0,0,0,1,0,1,0,0,0,0,0,0,2,0,2,0,0,2,2,2,0,0,2,0,0,58.0,58.0
21,206,1,0,1,0,0,1,0,0,0,0,1,0,0,0,0,1,0,0,1,0,0,0,1,0,0,0,0,0,0,0,0,0,0,0,0,0,0,0,0,0,0,0,0,0,0,0,0,0,0,0,0,0,1,0,0,0,0,0,0,0,0,0,0,0,0,1,0,0,0,0,0,0,0,0,0,0,0,0,0,0,0,0,0,0,0,0,0,0,0,0,1,0,0,1,0,0,1,0,0,1,0,0,1,0,0,0,1,0,0,0,1,1,0,0,1,1,0,0,1,0,1,0,0,1,0,0,1,0,1,0,0,0,0,0,0,0,0,0,0,0,0,0,0,0,0,0,0,0,0,0,0,0,0,0,0,1,0,0,0,0,0,0,0,0,0,0,0,0,0,0,0,0,0,0,0,0,0,0,0,0,0,0,1,0,0,0,0,0,0,0,0,0,0,0,0,1,0,0,1,0,1,0,1,0,1,0,1,0,0,1,0,43.0,43.0
21,207,19,0,19,0,0,19,0,1,0,0,7,11,2,0,0,7,10,3,16,0,0,11,8,0,0,0,0,0,0,0,0,0,1,0,0,0,0,0,0,0,0,0,0,0,18,0,0,0,0,0,0,0,0,0,0,0,0,0,0,0,0,0,0,0,0,4,0,0,0,0,0,0,0,0,0,0,0,15,0,0,0,0,0,0,0,0,0,0,0,1,18,0,2,17,0,2,17,0,2,17,0,0,19,0,0,10,9,0,0,0,19,19,0,3,16,0,19,0,19,3,16,0,2,17,0,1,18,0,19,1,0,0,0,0,0,0,0,0,0,0,0,0,0,0,1,0,1,0,0,0,9,0,0,0,0,7,0,0,0,0,0,0,0,0,0,0,0,0,0,0,0,0,0,0,0,0,0,9,0,0,0,0,7,3,0,0,0,7,0,3,0,6,1,0,2,0,0,11,8,0,19,0,9,10,19,12,7,0,10,9,0,38.89473684210526,33.0
21,208,114,2,112,0,0,114,0,2,0,1,60,51,2,0,1,60,51,17,97,0,1,63,50,0,0,0,0,0,0,0,0,0,1,0,0,0,0,0,3,0,1,0,1,0,108,0,0,0,0,0,0,0,0,0,0,0,0,0,0,0,0,0,0,0,0,2,0,0,0,0,0,0,0,0,0,0,0,112,0,0,0,0,0,0,0,0,0,0,0,3,111,0,0,112,2,18,96,0,0,112,2,1,113,0,3,49,62,0,0,0,114,114,0,45,69,12,102,0,114,3,111,0,8,105,1,4,110,0,114,0,0,0,1,1,0,0,0,0,0,0,0,0,0,1,1,0,2,0,0,0,48,0,0,0,0,60,0,0,0,0,0,1,0,0,0,0,0,0,0,0,0,0,0,0,0,0,0,48,0,0,0,0,60,5,0,0,0,2,0,94,0,17,0,0,1,0,0,64,50,3,111,0,62,52,114,54,60,0,52,62,0,34.03508771929825,31.5
21,209,3,0,3,0,0,3,0,0,0,0,0,3,0,0,0,0,3,1,2,0,0,3,0,0,0,0,0,0,0,0,0,0,0,0,0,0,0,0,0,0,0,0,0,0,3,0,0,0,0,0,0,0,0,0,0,0,0,0,0,0,0,0,0,0,0,0,0,0,0,0,0,0,0,0,0,0,0,3,0,0,0,0,0,0,0,0,0,0,0,1,2,0,0,2,1,2,1,0,0,2,1,0,3,0,0,3,0,0,0,0,3,3,0,2,1,0,3,0,3,0,3,0,0,3,0,0,3,0,3,0,0,0,0,0,0,0,0,0,0,0,0,0,0,0,0,0,0,0,0,0,3,0,0,0,0,0,0,0,0,0,0,0,0,0,0,0,0,0,0,0,0,0,0,0,0,0,0,3,0,0,0,0,0,0,0,0,0,0,0,3,0,0,0,0,0,0,0,3,0,0,3,0,0,3,3,3,0,0,3,0,0,77.0,88.0
21,210,1,0,1,0,0,1,0,0,0,0,0,1,0,0,0,0,1,0,1,0,0,0,1,0,0,0,0,0,0,0,0,0,0,0,0,0,0,0,0,0,0,0,0,0,1,0,0,0,0,0,0,0,0,0,0,0,0,0,0,0,0,0,0,0,0,0,0,0,0,0,0,0,0,0,0,0,0,1,0,0,0,0,0,0,0,0,0,0,0,0,1,0,0,1,0,1,0,0,0,1,0,0,1,0,0,1,0,0,0,0,1,1,0,1,0,0,1,0,1,0,1,0,0,1,0,1,0,0,1,0,0,0,0,0,0,0,0,0,0,0,0,0,0,1,0,0,0,0,0,0,0,0,0,0,0,0,0,0,0,0,0,0,0,0,0,0,0,0,0,0,0,0,0,0,0,0,0,0,0,0,0,0,0,1,0,0,0,0,0,1,0,0,0,0,0,0,0,0,1,0,1,0,0,1,1,1,0,0,1,0,0,30.0,30.0
21,211,14,0,14,0,0,14,0,0,0,0,14,0,0,0,0,14,0,0,14,0,0,6,8,0,0,0,0,0,0,0,0,0,1,0,0,0,0,0,0,0,0,0,0,0,13,0,0,0,0,0,0,0,0,0,0,0,0,0,0,0,0,0,0,0,0,0,0,0,0,0,0,0,0,0,0,0,0,14,0,0,0,0,0,0,0,0,0,0,0,0,14,0,0,14,0,0,14,0,0,14,0,0,14,0,0,1,13,0,0,0,14,14,0,0,14,1,13,0,14,0,14,0,2,12,0,0,14,0,14,0,0,0,0,0,0,0,0,0,0,0,0,0,0,0,0,0,0,0,0,0,0,0,0,0,0,13,1,0,0,0,0,0,0,0,0,0,0,0,0,0,0,0,0,0,0,0,0,0,0,0,0,0,13,0,1,0,0,1,0,2,0,5,6,0,0,0,0,6,8,0,14,0,13,1,14,1,13,0,1,13,0,29.285714285714285,26.0
21,212,4,0,4,0,1,3,0,0,0,0,3,1,0,0,0,3,1,0,4,0,0,3,1,0,0,0,0,0,0,0,0,0,0,0,0,0,0,0,0,0,0,0,0,0,4,0,0,0,0,0,0,0,0,0,0,0,0,0,0,0,0,0,0,0,0,1,0,0,0,0,0,0,0,0,0,0,0,3,0,0,0,0,0,0,0,0,0,0,0,0,4,0,0,4,0,0,4,0,0,4,0,0,4,0,0,1,3,0,0,0,4,4,0,0,4,0,4,0,4,0,4,0,1,3,0,0,4,0,4,0,0,0,0,0,0,0,0,0,0,0,0,0,1,0,0,0,0,0,0,0,0,0,0,0,0,3,0,0,0,0,0,0,0,0,0,0,0,0,0,0,0,0,0,0,0,0,0,0,0,0,0,0,3,1,0,0,0,1,0,0,0,2,1,0,0,0,0,3,1,0,4,0,3,1,4,1,3,0,1,3,0,26.5,25.0
21,213,5,0,5,0,0,5,0,0,0,0,2,3,2,0,0,2,1,1,4,0,1,2,2,0,0,0,0,0,0,0,0,0,0,0,0,0,0,0,0,0,0,0,0,0,5,0,0,0,0,0,0,0,0,0,0,0,0,0,0,0,0,0,0,0,0,0,0,0,0,0,0,0,0,0,0,0,0,5,0,0,0,0,0,0,0,0,0,0,0,0,5,0,0,5,0,0,5,0,2,3,0,0,5,0,0,3,2,0,0,0,5,5,0,2,3,0,5,0,5,0,5,0,0,4,1,0,5,0,5,1,0,0,0,0,0,0,0,0,0,0,0,0,0,0,0,0,0,0,0,1,1,0,0,0,0,2,0,0,0,0,0,0,0,0,0,0,0,0,0,0,0,0,0,0,0,0,0,1,0,0,0,0,2,2,0,0,0,0,0,4,0,0,0,0,1,0,0,3,2,0,5,0,2,3,5,3,2,0,3,2,0,45.8,48.0
21,214,5,0,5,0,0,5,0,0,0,0,2,3,1,0,0,2,2,1,4,0,0,4,1,0,0,0,0,0,0,0,0,0,0,0,0,0,0,0,0,0,0,0,0,1,4,0,0,0,0,0,0,0,0,0,0,0,0,0,0,0,0,0,0,0,0,0,0,0,0,0,0,0,0,0,0,0,0,5,0,0,0,0,0,0,0,0,0,0,0,0,5,0,1,4,0,2,3,0,0,5,0,0,5,0,0,3,2,0,0,0,5,5,0,3,2,1,4,0,5,0,5,0,1,4,0,0,5,0,5,1,0,0,0,0,0,0,0,0,0,0,0,0,0,0,0,0,0,0,0,0,2,0,0,0,0,2,0,0,0,0,0,0,0,0,0,0,0,0,0,0,0,0,0,0,0,0,0,2,0,0,0,0,2,1,0,0,0,0,0,4,0,1,0,0,0,0,0,4,1,1,4,0,2,3,5,3,2,0,3,2,0,39.4,31.0
21,216,1,0,1,0,0,1,0,0,0,0,1,0,0,0,0,1,0,0,1,0,0,1,0,0,0,0,0,0,0,0,0,0,0,0,0,0,0,0,0,0,0,0,0,0,1,0,0,0,0,0,0,0,0,0,0,0,0,0,0,0,0,0,0,0,0,0,0,0,0,0,0,0,0,0,0,0,0,1,0,0,0,0,0,0,0,0,0,0,0,0,1,0,0,1,0,0,1,0,0,1,0,0,1,0,0,0,1,0,0,0,1,1,0,0,1,0,1,0,1,0,1,0,0,1,0,0,1,0,1,0,0,0,0,0,0,0,0,0,0,0,0,0,0,0,0,0,0,0,0,0,0,0,0,0,0,1,0,0,0,0,0,0,0,0,0,0,0,0,0,0,0,0,0,0,0,0,0,0,0,0,0,0,1,0,0,0,0,0,0,0,0,1,0,0,0,0,0,1,0,0,1,0,1,0,1,0,1,0,0,1,0,25.0,25.0
21,217,3,0,3,0,0,3,0,1,0,0,1,1,0,0,0,1,2,1,2,0,0,2,1,0,0,0,0,0,0,0,0,0,0,0,0,0,0,0,1,0,0,0,0,0,2,0,0,0,0,0,0,0,0,0,0,0,0,0,0,0,0,0,0,0,0,0,0,0,0,0,0,0,0,0,0,0,0,3,0,0,0,0,0,0,0,0,0,0,0,2,1,0,2,1,0,0,3,0,2,1,0,0,3,0,0,3,0,0,0,0,3,3,0,2,1,0,3,0,3,0,3,0,0,3,0,0,3,0,3,0,0,0,0,0,0,0,0,0,0,0,0,0,0,0,0,0,1,0,0,0,1,0,0,0,0,0,1,0,0,0,0,0,0,0,0,0,0,0,0,0,0,0,0,0,0,0,0,1,0,0,0,0,0,1,1,0,0,0,0,3,0,0,0,0,0,0,0,2,1,0,3,0,0,3,3,3,0,0,3,0,0,50.333333333333336,61.0
22,001,56,0,56,0,1,55,0,4,0,1,1,50,7,0,1,1,47,8,48,0,0,30,26,0,0,0,0,0,0,1,1,0,3,0,1,1,0,0,2,1,0,0,0,2,0,44,0,0,0,0,0,0,0,0,0,0,0,0,0,0,0,0,0,0,0,0,0,0,0,0,0,0,0,0,0,0,0,0,56,0,0,0,0,0,0,0,0,0,0,3,53,0,0,54,2,11,45,0,2,53,1,1,55,0,1,46,9,0,0,0,56,56,0,23,33,4,52,0,56,2,54,0,9,47,0,4,52,0,56,6,2,0,0,1,0,1,0,0,0,0,0,0,0,0,1,0,4,0,0,0,40,0,0,0,0,0,1,0,0,0,0,1,0,0,0,0,0,0,0,0,0,0,0,0,0,0,0,40,0,0,0,0,0,14,1,0,0,43,0,0,0,0,13,0,0,0,0,30,26,4,52,0,9,47,56,56,0,1,46,9,0,28.553571428571427,26.0
22,002,20,0,20,0,0,20,0,0,0,0,0,20,8,0,0,0,12,2,18,0,0,9,11,0,0,0,0,0,0,0,0,0,0,0,0,0,0,0,0,0,0,0,0,0,0,20,0,0,0,0,0,0,0,0,0,0,0,0,0,0,0,0,0,0,0,0,0,0,0,0,0,0,0,0,0,0,0,0,20,0,0,0,0,0,0,0,0,0,0,0,20,0,0,20,0,1,19,0,0,20,0,0,20,0,1,9,10,0,0,0,20,20,0,3,17,0,20,0,20,0,20,0,6,14,0,0,20,0,20,8,0,0,0,0,0,0,0,0,0,0,0,0,0,0,0,0,0,0,0,0,12,0,0,0,0,0,0,0,0,0,0,0,0,0,0,0,0,0,0,0,0,0,0,0,0,0,0,12,0,0,0,0,0,8,0,0,0,19,0,0,0,0,1,0,0,0,0,9,11,0,20,0,10,10,20,20,0,0,10,10,0,45.9,44.0
22,003,2,0,2,0,0,2,0,0,0,0,0,2,0,0,0,0,2,0,2,0,0,0,2,0,0,0,0,0,0,0,0,0,0,0,0,0,0,0,0,0,0,0,0,0,0,1,0,1,0,0,0,0,0,0,0,0,0,0,0,0,0,0,0,0,0,0,0,0,0,0,0,0,0,0,0,0,0,0,1,0,1,0,0,0,0,0,0,0,0,0,2,0,0,2,0,0,2,0,0,2,0,0,2,0,0,2,0,0,0,0,2,2,0,1,1,0,2,0,2,0,2,0,0,2,0,0,2,0,2,0,0,0,0,0,0,0,0,0,0,0,0,0,0,0,0,0,0,0,0,0,2,0,0,0,0,0,0,0,0,0,0,0,0,0,0,0,0,0,0,0,0,0,0,0,0,0,0,2,0,0,0,0,0,0,0,0,0,1,0,1,0,0,0,0,0,0,0,0,2,0,2,0,0,2,2,2,0,0,2,0,0,27.5,27.5
22,004,219,10,209,0,12,207,0,25,0,0,1,193,34,0,0,1,184,45,174,0,0,111,108,0,0,0,0,0,0,0,0,0,7,0,4,0,9,0,6,0,1,0,0,0,5,183,0,0,0,0,0,1,0,0,0,0,3,0,0,0,0,0,0,0,0,0,0,0,0,0,0,0,0,0,0,0,0,0,219,0,0,0,0,0,0,0,0,0,0,10,209,0,0,219,0,43,176,0,0,218,1,11,208,0,2,131,86,0,0,3,216,216,3,131,88,14,205,0,219,1,218,0,82,131,6,16,203,0,219,16,0,0,0,0,0,1,0,0,1,0,0,0,3,0,12,0,25,0,1,5,154,0,0,0,0,0,1,0,0,0,0,0,0,0,0,0,0,0,0,0,0,1,1,0,0,0,0,154,0,0,0,0,0,62,1,0,0,207,0,0,0,0,12,0,0,0,0,111,108,21,198,0,86,133,219,219,0,0,133,86,0,40.10045662100457,37.0
22,005,46,0,46,0,2,44,0,1,0,0,0,45,5,0,0,0,41,4,42,0,1,23,22,0,0,0,0,0,0,0,0,0,1,0,0,0,0,0,1,0,0,0,0,0,0,44,0,0,0,0,0,0,0,0,0,0,0,0,0,0,0,0,0,0,0,0,0,0,0,0,0,0,0,0,0,0,0,0,46,0,0,0,0,0,0,0,0,0,0,0,46,0,0,44,2,8,38,0,0,45,1,2,44,0,2,39,5,0,0,0,46,46,0,18,28,3,43,0,46,1,45,0,2,43,1,4,42,0,46,1,0,0,0,0,0,0,0,0,0,0,0,0,1,2,4,0,1,0,0,0,37,0,0,0,0,0,0,0,0,0,0,0,0,0,0,0,0,0,0,0,0,0,0,0,0,0,0,37,0,0,0,0,0,9,0,0,0,43,0,0,0,0,2,0,1,0,0,24,22,3,43,0,5,41,46,46,0,0,41,5,0,43.06521739130435,46.0
22,006,280,4,276,0,5,275,0,35,0,2,17,226,55,0,2,17,206,16,264,0,2,173,104,1,0,0,0,0,1,1,2,0,46,4,10,5,9,4,14,5,2,1,1,2,4,155,0,1,0,0,2,0,1,8,0,1,1,0,0,0,0,0,0,0,0,3,0,0,0,0,0,0,0,0,0,0,0,0,276,0,0,0,0,0,0,0,1,0,0,2,278,0,0,275,5,16,264,0,0,276,4,3,277,0,2,90,188,0,0,1,279,279,1,22,258,6,274,0,280,4,276,0,88,190,2,5,275,0,280,19,0,0,0,2,0,0,0,0,0,0,0,0,3,0,30,0,33,0,0,6,170,0,0,0,0,14,3,0,0,0,0,2,0,0,0,0,1,0,0,0,0,0,0,0,2,0,0,170,0,0,0,0,14,88,3,0,0,251,0,0,0,0,21,0,8,0,0,176,104,8,272,0,188,92,280,266,14,2,90,188,0,41.21071428571429,39.0
22,007,67,4,63,0,4,63,0,9,0,0,1,57,13,0,0,1,53,19,48,0,0,30,37,0,0,0,0,0,0,0,0,0,1,0,0,0,2,0,1,0,0,1,0,0,0,61,0,0,0,0,1,0,0,0,0,0,0,0,0,0,0,0,0,0,0,0,0,0,0,0,0,0,0,0,0,0,0,0,67,0,0,0,0,0,0,0,0,0,0,7,60,0,0,67,0,15,52,0,0,66,1,0,67,0,0,52,15,0,0,0,67,67,0,48,19,8,59,0,67,0,67,0,12,55,0,9,58,0,67,4,0,0,0,0,0,1,1,0,0,0,0,0,1,2,8,0,8,0,0,1,40,0,0,0,0,0,1,0,0,0,0,0,0,0,0,0,0,0,0,0,1,0,0,0,1,0,0,40,0,1,0,0,0,23,1,0,0,53,0,0,0,0,13,0,1,0,0,30,37,7,60,0,15,52,67,67,0,1,51,15,0,36.53731343283582,36.0
22,008,37,0,37,0,1,36,0,7,0,0,1,29,8,0,0,1,28,3,34,0,0,23,14,0,0,0,0,0,0,0,0,0,2,0,0,0,0,0,1,0,0,0,0,0,0,34,0,0,0,0,0,0,0,0,0,0,0,0,0,0,0,0,0,0,0,0,0,0,0,0,0,0,0,0,0,0,0,0,37,0,0,0,0,0,0,0,0,0,0,0,37,0,0,35,2,3,34,0,0,37,0,1,36,0,1,27,9,0,0,0,37,37,0,4,33,0,37,0,37,0,37,0,6,31,0,1,36,0,37,4,0,0,0,0,0,0,0,0,0,0,0,0,0,0,3,0,7,0,0,1,21,0,0,0,0,0,1,0,0,0,0,0,0,0,0,0,0,0,0,0,0,0,0,0,0,0,0,21,0,0,0,0,0,15,1,0,0,34,0,0,0,0,0,0,3,0,0,23,14,2,34,1,9,28,37,37,0,0,28,9,0,49.972972972972975,55.0
22,009,39,2,37,0,0,39,0,2,0,0,1,36,12,0,0,1,26,5,34,0,0,21,18,0,0,0,0,0,0,0,0,0,0,0,0,0,2,0,1,1,0,0,1,0,0,28,0,4,0,1,0,1,0,0,0,0,0,0,0,0,0,0,0,0,0,1,0,0,0,0,0,0,0,0,0,0,0,0,38,0,0,0,0,0,0,0,0,0,0,0,39,0,0,39,0,7,32,0,0,39,0,1,38,0,0,6,33,0,0,0,39,39,0,4,35,2,37,0,39,0,39,0,1,38,0,2,37,0,39,8,0,0,0,0,0,0,0,0,0,0,0,0,0,0,4,0,2,0,0,0,24,0,0,0,0,1,0,0,0,0,0,0,0,0,0,0,0,0,0,0,0,0,0,0,0,0,0,24,0,0,0,0,1,14,0,0,0,35,0,0,0,0,2,0,2,0,0,21,18,4,35,0,33,6,39,38,1,0,6,33,0,37.30769230769231,34.0
22,010,17,0,17,0,0,17,0,1,0,0,1,15,4,0,0,1,12,2,15,0,0,8,9,0,0,0,0,0,0,0,0,0,0,0,0,0,0,0,0,0,0,0,0,0,0,15,0,2,0,0,0,0,0,0,0,0,0,0,0,0,0,0,0,0,0,1,0,0,0,0,0,0,0,0,0,0,0,0,16,0,0,0,0,0,0,0,0,0,0,0,17,0,0,17,0,3,14,0,0,17,0,0,17,0,0,10,7,0,0,0,17,17,0,1,16,1,16,0,17,0,17,0,2,15,0,1,16,0,17,4,0,0,0,0,0,0,0,0,0,0,0,0,0,0,0,0,1,0,0,0,11,0,0,0,0,0,1,0,0,0,0,0,0,0,0,0,0,0,0,0,0,0,0,0,0,0,0,11,0,0,0,0,0,5,1,0,0,16,0,0,0,0,0,0,1,0,0,8,9,0,17,0,7,10,17,17,0,0,10,7,0,46.88235294117647,46.0
22,011,177,2,175,0,1,176,0,21,0,1,0,155,37,0,1,0,139,6,171,0,2,102,72,1,1,0,0,0,0,0,1,1,23,0,5,1,6,0,5,3,3,0,1,3,4,111,0,0,0,0,0,2,0,3,0,0,4,1,0,0,0,0,0,0,0,2,0,1,0,0,0,0,0,0,0,0,0,0,173,0,0,0,0,0,0,0,0,0,0,0,177,0,0,174,3,10,167,0,0,176,1,0,177,0,3,74,100,0,0,4,173,173,4,11,166,4,173,0,177,2,175,0,62,114,1,3,174,0,177,13,0,0,2,1,0,0,0,0,0,0,0,0,0,0,16,0,21,0,0,5,119,0,0,0,0,0,0,1,0,0,0,1,0,0,0,0,0,0,0,0,0,0,0,0,0,0,0,119,0,0,0,0,0,56,0,0,0,170,0,0,0,0,0,0,7,0,0,105,72,4,173,0,100,77,177,177,0,2,75,100,0,41.20338983050848,38.0
22,012,32,1,31,0,2,30,0,3,0,0,0,29,7,0,0,0,25,6,26,0,0,15,17,0,0,0,0,0,0,0,0,0,1,1,1,0,0,0,0,1,0,0,0,0,0,28,0,0,0,0,0,0,0,0,0,0,0,0,0,0,0,0,0,0,0,0,0,0,0,0,0,1,0,0,0,0,0,0,31,0,0,0,0,0,0,0,0,0,0,1,31,0,0,32,0,7,25,0,0,32,0,2,30,0,0,25,7,0,0,0,32,32,0,11,21,3,29,0,32,0,32,0,5,27,0,5,27,0,32,5,0,0,0,0,0,0,0,0,0,0,0,0,0,0,2,0,3,0,0,0,22,0,0,0,0,0,0,0,0,0,0,0,0,0,0,0,0,0,0,0,0,0,0,0,0,0,0,22,0,0,0,0,0,10,0,0,0,21,0,0,0,0,10,0,1,0,0,15,17,0,32,0,7,25,32,32,0,0,25,7,0,35.125,33.5
22,013,28,2,26,0,0,28,0,1,0,0,0,27,3,0,0,0,25,3,25,0,0,10,18,0,0,0,0,0,0,0,0,0,0,0,0,0,0,0,0,0,0,0,0,0,0,27,0,0,0,0,0,0,0,0,0,0,1,0,0,0,0,0,0,0,0,0,0,0,0,0,0,0,0,0,0,0,0,0,28,0,0,0,0,0,0,0,0,0,0,1,27,0,0,28,0,8,20,0,0,28,0,0,28,0,0,22,6,0,1,0,27,27,1,17,11,1,27,0,28,0,28,0,2,25,1,3,25,0,28,3,0,0,0,0,0,0,0,0,1,0,0,0,0,0,0,0,1,0,0,0,23,0,0,0,0,0,0,0,0,0,0,0,0,0,0,0,0,0,0,0,0,0,0,0,0,0,0,23,0,0,0,0,0,5,0,0,0,28,0,0,0,0,0,0,0,0,0,10,18,2,26,0,6,22,28,28,0,0,22,6,0,50.32142857142857,53.5
22,014,3474,86,3386,2,50,3423,1,398,1,26,77,2972,672,1,26,77,2698,225,3244,5,52,1972,1443,7,5,0,2,3,5,2,17,4,268,4,128,33,42,20,268,59,11,2,4,25,24,2424,3,20,11,2,4,12,4,41,5,7,15,2,0,1,0,0,0,0,1,29,0,4,0,7,0,3,1,0,0,0,1,2,3417,1,1,0,0,0,0,1,1,0,2,37,3435,2,4,3408,62,299,3173,2,4,3436,34,62,3410,2,36,1512,1926,0,0,11,3463,3459,15,432,3042,170,3302,2,3474,69,3403,2,988,2462,24,67,3406,1,3474,238,3,0,10,26,1,1,1,1,0,1,0,0,5,1,336,0,394,0,1,83,2294,1,0,0,0,32,45,1,0,0,0,26,0,0,0,0,0,0,0,0,1,0,1,0,4,0,2,2294,1,0,0,0,32,1067,45,0,0,2675,0,13,0,2,632,0,151,1,0,2031,1443,131,3342,1,1926,1548,3474,3442,32,30,1518,1926,0,35.51007484168106,33.0
22,015,14,1,13,0,3,11,0,1,0,0,0,13,4,0,0,0,10,4,10,0,0,9,5,0,0,0,0,0,0,0,0,0,0,0,0,0,0,0,0,0,0,0,0,0,0,14,0,0,0,0,0,0,0,0,0,0,0,0,0,0,0,0,0,0,0,0,0,0,0,0,0,0,0,0,0,0,0,0,14,0,0,0,0,0,0,0,0,0,0,1,13,0,0,14,0,5,9,0,0,13,1,1,13,0,0,11,3,0,0,0,14,14,0,8,6,2,12,0,14,0,14,0,5,9,0,2,12,0,14,3,0,0,0,0,0,0,0,0,0,0,0,0,0,0,1,0,1,0,0,0,9,0,0,0,0,0,0,0,0,0,0,0,0,0,0,0,0,0,0,0,0,0,0,0,0,0,0,9,0,0,0,0,0,5,0,0,0,14,0,0,0,0,0,0,0,0,0,9,5,1,13,0,3,11,14,14,0,0,11,3,0,48.42857142857143,60.5
22,016,691,22,669,0,25,666,0,45,0,15,232,399,64,0,15,232,380,114,577,0,19,362,309,1,0,0,0,0,4,0,1,4,99,1,10,9,11,4,56,11,5,0,2,9,9,430,3,1,1,2,3,2,3,8,0,3,0,0,0,0,0,0,0,0,0,7,0,0,0,0,0,0,0,0,0,0,0,1,683,0,0,0,0,0,0,0,0,0,0,35,656,0,2,681,8,144,547,0,1,683,7,16,675,0,12,341,338,0,0,0,691,691,0,314,377,57,634,0,691,21,670,0,30,659,2,51,640,0,691,17,1,1,0,15,0,1,0,0,2,0,0,0,4,1,43,0,45,0,0,1,328,0,0,0,0,219,13,0,1,0,0,15,0,0,0,0,0,0,0,0,0,0,3,0,0,0,0,328,0,0,0,0,219,112,13,0,0,134,0,1,0,0,547,0,7,2,0,382,309,26,665,0,338,353,691,472,219,9,344,338,0,39.81765557163531,37.0
22,017,54,4,50,0,10,44,0,5,0,2,0,47,7,0,2,0,45,15,39,0,0,24,30,0,0,1,0,0,0,0,0,0,4,0,0,0,0,1,2,2,0,0,0,0,2,41,0,1,0,0,0,0,0,0,0,0,0,0,0,0,0,0,0,0,0,1,0,0,0,0,0,0,0,0,0,0,0,0,53,0,0,0,0,0,0,0,0,0,0,4,50,0,0,54,0,17,37,0,0,54,0,3,51,0,4,43,7,0,0,0,54,54,0,35,19,5,49,0,54,0,54,0,6,48,0,8,46,0,54,4,0,0,0,2,0,1,0,0,0,0,0,0,0,1,3,0,5,0,0,0,38,0,0,0,0,0,0,0,0,0,0,2,0,0,0,0,0,0,0,0,0,0,0,0,0,0,0,38,0,0,0,0,0,14,0,0,0,26,0,0,0,0,27,0,1,0,0,24,30,5,49,0,7,47,54,54,0,1,46,7,0,48.925925925925924,57.0
22,018,38,1,37,0,2,36,0,5,0,1,0,32,5,0,1,0,32,10,28,0,0,21,17,0,0,0,0,0,0,0,0,0,1,0,0,0,0,0,0,0,0,0,0,0,0,36,0,1,0,0,0,0,0,0,0,0,0,0,0,0,0,0,0,0,0,0,0,0,0,0,0,0,0,0,0,0,0,0,38,0,0,0,0,0,0,0,0,0,0,0,38,0,0,38,0,6,32,0,0,38,0,3,35,0,1,31,6,0,0,0,38,38,0,29,9,1,37,0,38,0,38,0,11,26,1,3,35,0,38,5,0,0,0,1,0,0,1,0,0,0,0,0,0,1,0,0,5,0,0,0,25,0,0,0,0,0,0,0,0,0,0,1,0,0,0,0,0,0,0,0,0,0,0,0,0,0,0,25,0,0,0,0,0,12,0,0,0,37,0,0,0,0,1,0,0,0,0,21,17,1,37,0,6,32,38,38,0,1,31,6,0,34.86842105263158,23.0
23,001,33,1,32,0,0,33,0,3,0,1,11,18,1,0,1,11,20,5,28,0,0,18,15,0,0,0,0,0,0,0,2,0,2,0,0,2,0,0,0,0,0,0,0,0,0,1,17,0,0,0,2,0,0,1,6,0,0,0,0,0,0,1,0,0,0,0,0,0,1,0,0,0,0,0,0,0,0,0,1,30,0,0,0,0,0,0,0,0,0,2,31,0,1,31,1,3,30,0,1,32,0,1,32,0,5,23,5,0,0,0,33,33,0,25,8,3,30,0,33,0,33,0,23,10,0,0,33,0,33,0,1,0,0,1,0,0,0,0,0,0,0,0,1,0,1,0,3,0,0,0,15,0,0,0,0,11,0,0,0,1,0,1,0,0,0,0,0,0,0,0,0,0,0,0,0,0,0,15,0,0,0,0,11,5,0,0,0,2,0,31,0,0,0,0,0,0,0,18,15,0,33,0,5,28,33,22,11,0,28,5,0,37.57575757575758,40.0
23,002,86,6,80,0,7,79,0,1,0,1,9,75,6,0,1,9,70,12,74,0,1,43,42,0,0,0,0,2,0,0,0,0,1,0,0,0,0,0,3,0,0,0,1,0,1,0,61,0,0,0,1,0,1,1,12,0,2,0,0,0,0,0,0,0,0,0,0,0,0,0,0,0,0,0,0,0,0,0,0,85,0,0,0,0,0,0,0,1,0,6,80,0,35,49,2,27,59,0,41,44,1,2,84,0,1,61,24,0,2,0,84,84,2,59,27,6,80,0,86,2,84,0,27,59,0,8,78,0,86,5,1,0,0,1,0,0,0,0,0,0,0,0,1,1,1,0,1,0,0,0,65,0,0,1,0,8,1,0,1,0,0,1,0,1,0,0,0,0,0,0,0,0,0,0,0,0,0,65,0,0,0,0,8,9,1,0,0,1,0,85,0,0,0,0,0,0,0,44,42,6,80,0,24,62,86,78,8,1,61,24,0,44.86046511627907,46.0
23,003,47,2,45,0,0,47,0,0,0,0,40,7,1,0,0,40,6,3,44,0,0,21,26,0,0,0,0,1,0,0,3,0,2,0,0,0,0,0,0,1,0,0,0,1,0,0,27,1,0,0,0,0,0,2,7,0,2,0,0,0,0,0,0,0,0,0,0,0,0,0,0,0,0,0,0,0,0,0,0,47,0,0,0,0,0,0,0,0,0,1,46,0,3,42,2,4,43,0,2,44,1,0,47,0,2,4,41,0,1,1,45,45,2,4,43,7,40,0,47,0,47,0,10,37,0,0,47,0,47,1,0,0,0,0,0,0,0,0,0,0,0,0,0,0,0,0,0,0,0,0,6,0,0,0,0,40,0,0,0,0,0,0,0,0,0,0,0,0,0,0,0,0,0,0,0,0,0,6,0,0,0,0,40,1,0,0,0,45,0,0,0,0,2,0,0,0,0,21,26,4,43,0,41,6,47,7,40,0,6,41,0,27.5531914893617,22.0
23,004,89,8,81,0,2,87,0,0,0,1,39,49,7,0,1,39,42,10,79,0,2,57,30,0,0,0,0,2,0,0,3,0,1,1,0,0,0,0,1,0,1,0,0,0,1,0,63,0,0,0,3,0,0,2,9,0,2,0,0,0,0,0,0,1,0,1,0,0,0,0,0,0,0,0,0,0,1,0,0,84,0,0,0,0,0,0,0,2,0,1,88,0,0,82,7,10,79,0,0,84,5,1,88,0,7,25,57,0,0,2,87,87,2,23,66,7,82,0,89,2,87,0,9,78,2,6,83,0,89,6,0,0,0,1,0,0,0,0,0,0,0,0,0,0,1,0,0,0,0,0,42,0,0,0,0,39,0,0,0,0,0,1,0,0,0,0,0,0,0,0,0,0,0,0,0,0,0,42,0,0,0,0,39,7,0,0,0,1,0,65,0,0,2,0,21,0,0,59,30,3,86,0,57,32,89,50,39,3,29,57,0,36.53932584269663,32.0
23,005,435,30,405,0,5,430,0,35,0,16,60,324,40,0,16,60,319,48,387,0,11,188,236,0,0,2,0,3,2,0,11,1,24,0,0,7,2,2,6,4,4,0,1,1,2,1,285,1,1,0,22,1,0,14,33,0,5,1,0,0,1,0,0,0,0,3,0,0,0,0,0,0,0,0,0,1,0,0,0,425,0,0,0,0,0,0,0,4,0,11,424,0,3,426,6,45,390,0,4,426,5,12,423,0,41,299,94,1,1,4,430,430,5,120,315,15,420,0,435,19,416,0,45,388,2,8,427,0,435,28,5,5,2,16,0,0,0,0,2,0,0,0,6,9,4,0,35,0,3,6,252,0,1,0,1,50,10,0,0,0,0,16,0,0,0,0,4,0,0,0,2,0,0,0,0,0,0,252,0,2,1,0,50,98,10,0,0,131,0,2,0,0,288,0,14,0,0,199,236,5,430,0,94,341,435,385,50,11,329,94,1,29.108045977011493,23.0
23,006,22,5,17,0,4,18,0,1,0,0,4,17,1,0,0,4,17,7,15,0,0,14,8,0,0,0,0,0,0,0,0,0,1,0,0,0,0,0,0,0,0,0,0,0,0,0,13,0,0,0,0,0,0,1,7,0,0,0,0,0,0,0,0,0,0,0,0,0,0,0,0,0,0,0,0,0,0,0,0,21,0,0,0,0,0,0,0,1,0,1,21,0,10,12,0,6,16,0,17,5,0,2,20,0,2,16,4,0,0,0,22,22,0,19,3,4,18,0,22,0,22,0,9,12,1,3,19,0,22,1,0,0,0,0,0,1,0,0,0,0,0,0,0,0,0,0,1,0,0,0,15,0,0,0,0,4,0,0,0,0,0,0,0,0,0,0,0,0,0,0,0,0,0,0,0,0,0,15,0,0,0,0,4,3,0,0,0,1,0,21,0,0,0,0,0,0,0,14,8,1,21,0,4,18,22,18,4,1,17,4,0,42.36363636363637,43.5
23,007,87,3,84,0,5,82,0,0,0,1,81,5,2,0,1,81,3,12,75,0,1,39,47,0,0,0,0,1,0,0,1,0,0,0,0,0,0,1,0,0,0,0,0,0,0,0,48,0,0,0,0,0,0,3,33,0,0,0,0,0,0,0,0,0,0,0,0,0,0,0,0,0,0,0,0,0,0,0,0,87,0,0,0,0,0,0,0,0,0,1,86,0,6,80,1,5,82,0,8,78,1,1,86,0,0,6,81,0,0,0,87,87,0,6,81,7,80,0,87,3,84,0,58,29,0,3,84,0,87,2,0,0,0,1,0,0,0,0,0,0,0,0,1,0,0,0,0,0,0,0,2,0,0,0,0,81,0,0,0,0,0,1,0,1,0,0,0,0,0,0,0,0,0,0,0,0,0,2,0,0,0,0,81,2,0,0,0,6,0,81,0,0,0,0,0,0,0,40,47,4,83,0,81,6,87,6,81,0,6,81,0,31.32183908045977,28.0
23,008,322,4,295,23,4,297,21,7,0,4,240,71,4,0,4,240,74,28,272,22,1,154,167,0,0,0,0,6,0,0,21,0,10,0,0,5,1,4,7,5,2,1,5,1,3,2,180,0,0,0,27,0,2,14,13,1,12,0,0,0,0,0,0,0,0,2,0,0,0,0,0,0,0,0,0,0,0,0,0,319,0,0,0,0,0,0,0,1,0,5,295,22,0,319,3,20,282,20,0,320,2,3,297,22,0,78,244,0,0,11,311,310,12,49,273,11,290,21,322,9,290,23,10,310,2,2,298,22,322,4,0,3,0,4,0,0,0,0,0,0,0,0,3,0,0,0,7,0,0,0,61,0,0,0,0,235,5,0,0,0,0,4,0,0,0,0,0,0,0,0,1,0,0,0,0,0,0,61,0,0,0,0,235,16,5,0,0,4,0,225,0,0,93,0,0,0,0,155,167,3,296,23,244,78,322,87,235,2,76,244,0,24.624223602484474,19.0
23,009,57,1,56,0,0,57,0,1,0,0,51,5,1,0,0,51,5,1,56,0,2,29,26,0,0,0,0,4,0,1,9,0,1,0,0,1,0,0,2,1,0,0,0,1,0,1,28,0,0,0,2,0,0,1,4,0,1,0,0,0,0,0,0,0,0,0,0,0,0,0,0,0,0,0,0,0,0,0,0,57,0,0,0,0,0,0,0,0,0,0,57,0,5,51,1,1,56,0,8,48,1,0,57,0,2,3,52,0,1,0,56,56,1,5,52,2,55,0,57,0,57,0,6,49,2,0,57,0,57,0,0,0,0,0,0,0,0,0,0,0,0,0,0,0,0,0,1,0,0,1,4,0,0,0,0,51,0,0,0,0,0,0,0,0,0,0,0,0,0,0,0,0,0,0,0,0,0,4,0,0,0,0,51,2,0,0,0,0,0,53,0,0,4,0,0,0,0,31,26,1,56,0,52,5,57,6,51,0,5,52,0,28.614035087719298,26.0
23,010,7,1,6,0,0,7,0,2,0,0,1,4,1,0,0,1,5,2,5,0,1,4,2,0,0,0,0,0,0,0,0,0,0,0,0,0,0,0,0,0,0,0,0,0,0,0,5,0,0,0,0,0,0,0,2,0,0,0,0,0,0,0,0,0,0,0,0,0,0,0,0,0,0,0,0,0,0,0,0,7,0,0,0,0,0,0,0,0,0,0,7,0,1,6,0,3,4,0,1,6,0,0,7,0,2,3,2,0,0,0,7,7,0,5,2,2,5,0,7,0,7,0,2,3,2,0,7,0,7,1,0,0,0,0,0,0,0,0,0,0,0,0,0,0,0,0,2,0,0,0,3,0,0,0,0,1,0,0,0,0,0,0,0,0,0,0,0,0,0,0,0,0,0,0,0,0,0,3,0,0,0,0,1,3,0,0,0,0,0,6,0,0,0,0,1,0,0,5,2,2,5,0,2,5,7,6,1,0,5,2,0,39.857142857142854,58.0
23,011,1,0,1,0,0,1,0,1,0,0,0,0,0,0,0,0,1,1,0,0,0,0,1,0,0,0,0,0,0,0,0,0,0,0,0,0,0,1,0,0,0,0,0,0,0,0,0,0,0,0,0,0,0,0,0,0,0,0,0,0,0,0,0,0,0,0,0,0,0,0,0,0,0,0,0,0,0,0,0,1,0,0,0,0,0,0,0,0,0,0,1,0,0,1,0,0,1,0,0,1,0,0,1,0,0,1,0,0,0,0,1,1,0,1,0,0,1,0,1,0,1,0,1,0,0,0,1,0,1,0,0,0,0,0,0,0,0,0,0,0,0,0,0,0,0,0,1,0,0,0,0,0,0,0,0,0,0,0,0,0,0,0,0,0,0,0,0,0,0,0,0,0,0,0,0,0,0,0,0,0,0,0,0,1,0,0,0,1,0,0,0,0,0,0,0,0,0,0,1,0,1,0,0,1,1,1,0,0,1,0,0,83.0,83.0
24,001,15,1,14,0,1,14,0,0,0,0,0,15,2,0,0,0,13,1,14,0,0,10,5,0,0,0,0,0,0,0,0,0,0,0,0,0,0,0,0,0,0,0,0,0,0,0,0,15,0,0,0,0,0,0,0,0,0,0,0,0,0,0,0,0,0,0,0,0,0,0,0,0,0,0,0,0,0,0,0,0,15,0,0,0,0,0,0,0,0,1,14,0,0,14,1,1,14,0,0,14,1,0,15,0,0,14,1,0,0,0,15,15,0,11,4,1,14,0,15,0,15,0,7,8,0,0,15,0,15,1,0,2,0,0,0,0,0,0,0,0,0,0,0,0,1,0,0,0,0,0,11,0,0,0,0,0,0,0,0,0,0,0,0,0,0,0,0,0,0,0,0,0,0,0,0,0,0,11,0,0,0,0,0,4,0,0,0,12,0,0,0,0,2,0,1,0,0,10,5,1,14,0,1,14,15,15,0,0,14,1,0,16.533333333333335,2.0
24,002,1,0,1,0,0,1,0,0,0,0,0,1,1,0,0,0,0,1,0,0,0,1,0,0,0,0,0,0,0,0,0,0,0,0,0,0,0,0,0,0,0,0,0,0,0,0,0,1,0,0,0,0,0,0,0,0,0,0,0,0,0,0,0,0,0,0,0,0,0,0,0,0,0,0,0,1,0,0,0,0,0,0,0,0,0,0,0,0,0,0,1,0,0,1,0,0,1,0,0,1,0,0,1,0,0,0,1,0,0,0,1,1,0,1,0,0,1,0,1,0,1,0,0,1,0,0,1,0,1,0,0,0,0,0,0,0,0,0,0,0,0,0,0,0,1,0,0,0,0,0,0,0,0,0,0,0,0,0,0,0,0,0,0,0,0,0,0,0,0,0,0,0,0,0,0,0,0,0,0,0,0,0,0,1,0,0,0,1,0,0,0,0,0,0,0,0,0,1,0,0,1,0,1,0,1,1,0,0,0,1,0,25.0,25.0
24,003,22,1,21,0,0,22,0,0,0,2,0,20,1,0,2,0,19,1,21,0,1,9,12,0,0,0,0,0,0,0,0,0,0,0,0,0,1,0,0,0,0,0,0,0,0,0,0,21,0,0,0,0,0,0,0,0,0,0,0,0,0,0,0,0,0,0,0,0,0,0,0,0,0,0,0,0,0,0,0,0,22,0,0,0,0,0,0,0,0,1,21,0,3,19,0,2,20,0,6,16,0,0,22,0,0,21,1,0,0,0,22,22,0,18,4,1,21,0,22,0,22,0,0,22,0,0,22,0,22,1,0,1,0,2,0,0,0,0,0,0,0,0,0,0,0,0,0,0,0,0,18,0,0,0,0,0,0,0,0,0,0,2,0,0,0,0,0,0,0,0,0,0,0,0,0,0,0,18,0,0,0,0,0,2,0,0,0,1,0,19,0,0,1,1,0,0,0,10,12,0,22,0,1,21,22,22,0,0,21,1,0,12.863636363636363,2.0
24,005,3,0,3,0,0,3,0,0,0,1,0,2,0,0,1,0,2,0,3,0,0,2,1,0,0,0,0,0,0,0,0,0,0,0,0,0,0,0,0,0,0,0,0,0,0,0,0,3,0,0,0,0,0,0,0,0,0,0,0,0,0,0,0,0,0,0,0,0,0,0,0,0,0,0,0,0,0,0,0,0,3,0,0,0,0,0,0,0,0,0,3,0,0,3,0,0,3,0,0,3,0,0,3,0,1,2,0,0,0,0,3,3,0,3,0,0,3,0,3,0,3,0,1,2,0,0,3,0,3,0,0,0,0,1,0,0,0,0,0,0,0,0,0,0,0,0,0,0,0,0,2,0,0,0,0,0,0,0,0,0,0,1,0,0,0,0,0,0,0,0,0,0,0,0,0,0,0,2,0,0,0,0,0,0,0,0,0,0,0,2,0,0,1,0,0,0,0,2,1,0,3,0,0,3,3,3,0,1,2,0,0,7.0,8.0
24,006,4,0,4,0,2,2,0,0,0,0,1,3,0,0,0,1,3,1,3,0,0,2,2,0,0,0,0,0,0,0,0,0,0,0,0,0,0,0,0,0,0,0,0,0,0,0,0,4,0,0,0,0,0,0,0,0,0,0,0,0,0,0,0,0,0,0,0,0,0,0,0,0,0,0,0,0,0,0,0,0,4,0,0,0,0,0,0,0,0,0,4,0,0,4,0,1,3,0,0,4,0,0,4,0,0,3,1,0,0,0,4,4,0,2,2,1,3,0,4,0,4,0,1,3,0,0,4,0,4,0,0,0,0,0,0,0,0,0,0,0,0,0,0,0,0,0,0,0,0,0,3,0,0,0,0,1,0,0,0,0,0,0,0,0,0,0,0,0,0,0,0,0,0,0,0,0,0,3,0,0,0,0,1,0,0,0,0,4,0,0,0,0,0,0,0,0,0,2,2,0,4,0,1,3,4,3,1,0,3,1,0,39.5,39.5
24,007,4,0,4,0,0,4,0,1,0,0,0,3,0,0,0,0,4,0,4,0,0,4,0,0,0,0,0,0,0,0,0,0,0,0,0,0,0,0,0,0,0,0,0,0,0,0,0,4,0,0,0,0,0,0,0,0,0,0,0,0,0,0,0,0,0,0,0,0,0,0,0,0,0,0,0,0,0,0,0,0,4,0,0,0,0,0,0,0,0,0,4,0,0,4,0,0,4,0,0,4,0,0,4,0,0,3,1,0,0,0,4,4,0,3,1,0,4,0,4,0,4,0,0,4,0,0,4,0,4,0,0,0,0,0,0,0,0,0,0,0,0,0,0,0,0,0,1,0,0,0,3,0,0,0,0,0,0,0,0,0,0,0,0,0,0,0,0,0,0,0,0,0,0,0,0,0,0,3,0,0,0,0,0,1,0,0,0,3,0,0,0,0,1,0,0,0,0,4,0,0,4,0,1,3,4,4,0,0,3,1,0,25.5,25.0
24,008,7,1,6,0,0,7,0,0,0,0,0,7,0,0,0,0,7,1,6,0,0,3,4,0,0,0,0,0,0,0,0,0,0,0,0,0,0,0,0,0,0,0,0,0,0,0,0,7,0,0,0,0,0,0,0,0,0,0,0,0,0,0,0,0,0,0,0,0,0,0,0,0,0,0,0,0,0,0,0,0,7,0,0,0,0,0,0,0,0,0,7,0,0,6,1,2,5,0,0,6,1,0,7,0,1,6,0,0,0,0,7,7,0,7,0,2,5,0,7,0,7,0,1,6,0,0,7,0,7,0,0,1,0,0,0,0,0,0,0,0,0,0,0,0,0,0,0,0,0,0,6,0,0,0,0,0,0,0,0,0,0,0,0,0,0,0,0,0,0,0,0,0,0,0,0,0,0,6,0,0,0,0,0,1,0,0,0,1,0,1,0,0,5,0,0,0,0,3,4,0,7,0,0,7,7,7,0,1,6,0,0,24.0,11.0
24,009,2,0,2,0,0,2,0,0,0,0,0,2,0,0,0,0,2,1,1,0,0,0,2,0,0,0,0,0,0,0,0,0,0,0,0,0,0,0,0,0,0,0,0,0,0,0,0,2,0,0,0,0,0,0,0,0,0,0,0,0,0,0,0,0,0,0,0,0,0,0,0,0,0,0,0,0,0,0,0,0,2,0,0,0,0,0,0,0,0,0,2,0,0,2,0,0,2,0,0,2,0,0,2,0,0,2,0,0,0,0,2,2,0,1,1,0,2,0,2,0,2,0,0,2,0,0,2,0,2,0,0,0,0,0,0,0,0,0,0,0,0,0,0,0,0,0,0,0,0,0,2,0,0,0,0,0,0,0,0,0,0,0,0,0,0,0,0,0,0,0,0,0,0,0,0,0,0,2,0,0,0,0,0,0,0,0,0,2,0,0,0,0,0,0,0,0,0,0,2,0,2,0,0,2,2,2,0,0,2,0,0,42.5,42.5
24,010,9,1,8,0,3,6,0,0,0,0,0,9,1,0,0,0,8,0,9,0,0,3,6,0,0,0,0,0,0,0,0,0,0,0,0,0,0,0,0,0,0,0,0,0,0,0,0,9,0,0,0,0,0,0,0,0,0,0,0,0,0,0,0,0,0,0,0,0,0,0,0,0,0,0,0,0,0,0,0,0,9,0,0,0,0,0,0,0,0,1,8,0,0,9,0,1,8,0,0,9,0,0,9,0,1,8,0,0,0,0,9,9,0,7,2,0,9,0,9,0,9,0,2,7,0,1,8,0,9,1,0,0,0,0,0,0,0,0,0,0,0,0,0,0,0,0,0,0,0,0,8,0,0,0,0,0,0,0,0,0,0,0,0,0,0,0,0,0,0,0,0,0,0,0,0,0,0,8,0,1,0,0,0,0,0,0,0,5,0,1,0,0,3,0,0,0,0,3,6,2,7,0,0,9,9,9,0,0,9,0,0,51.666666666666664,58.0
24,011,11,0,11,0,2,9,0,0,0,1,0,10,1,0,1,0,9,0,11,0,0,7,4,0,0,0,0,0,0,0,0,0,0,0,0,0,0,0,0,0,0,0,0,0,0,0,0,11,0,0,0,0,0,0,0,0,0,0,0,0,0,0,0,0,0,0,0,0,0,0,0,0,0,0,0,0,0,0,0,0,11,0,0,0,0,0,0,0,0,1,10,0,0,11,0,2,9,0,0,11,0,0,11,0,2,8,1,0,0,0,11,11,0,10,1,0,11,0,11,0,11,0,2,9,0,1,10,0,11,1,0,0,0,1,0,0,0,0,0,0,0,0,0,0,0,0,0,0,0,0,9,0,0,0,0,0,0,0,0,0,0,1,0,0,0,0,0,0,0,0,0,0,0,0,0,0,0,9,0,0,0,0,0,1,0,0,0,1,0,7,0,0,3,0,0,0,0,7,4,1,10,0,1,10,11,11,0,3,7,1,0,37.63636363636363,23.0
24,012,13,1,12,0,0,13,0,0,0,1,3,9,2,0,1,3,7,0,13,0,0,1,12,0,0,0,0,0,0,0,0,0,0,0,0,0,0,0,0,0,0,0,0,0,0,0,0,13,0,0,0,0,0,0,0,0,0,0,0,0,0,0,0,0,0,0,0,0,0,0,0,0,0,0,0,0,0,0,0,0,13,0,0,0,0,0,0,0,0,0,13,0,3,10,0,1,12,0,5,8,0,0,13,0,1,5,7,0,0,0,13,13,0,6,7,0,13,0,13,0,13,0,0,13,0,0,13,0,13,2,0,0,0,1,0,0,0,0,0,0,0,0,0,0,0,0,0,0,0,0,7,0,0,0,0,2,1,0,0,0,0,1,0,0,0,0,0,0,0,0,0,0,0,0,0,0,0,7,0,0,0,0,2,2,1,0,0,0,0,1,0,0,3,9,0,0,0,1,12,0,13,0,7,6,13,11,2,0,6,7,0,22.0,9.0
24,013,208,11,197,0,5,203,0,13,0,4,3,188,38,0,4,3,163,54,154,0,7,99,102,0,0,0,0,0,1,0,0,0,1,1,0,0,0,0,1,0,0,0,1,0,0,0,0,202,0,0,0,0,0,0,0,0,1,0,0,0,0,0,0,0,0,2,0,0,0,0,0,0,1,0,0,1,0,0,1,0,203,0,0,0,0,0,0,0,0,17,191,0,0,204,4,77,131,0,3,203,2,4,204,0,9,153,46,0,0,1,207,207,1,151,57,13,195,0,208,27,181,0,8,200,0,14,194,0,208,24,2,3,0,4,0,0,0,0,0,0,0,0,1,0,10,0,13,0,0,4,144,0,0,0,0,1,2,0,0,0,0,4,0,0,0,0,0,0,0,0,1,0,0,0,0,0,0,144,0,0,0,0,1,56,2,0,0,8,0,40,0,0,159,1,0,0,0,106,102,7,201,0,46,162,208,207,1,6,156,46,0,42.88942307692308,41.0
24,014,30,1,29,0,0,30,0,1,0,1,13,15,2,0,1,13,14,2,28,0,0,15,15,0,0,0,0,0,0,0,0,0,0,0,0,0,0,0,0,0,0,0,1,0,0,0,0,29,0,0,0,0,0,0,0,0,0,0,0,0,0,0,0,0,0,0,0,0,0,0,0,0,0,0,0,0,0,0,0,0,30,0,0,0,0,0,0,0,0,1,29,0,8,22,0,2,28,0,12,18,0,0,30,0,0,15,15,0,0,0,30,30,0,9,21,0,30,0,30,1,29,0,0,30,0,0,30,0,30,2,0,0,0,1,0,0,0,0,0,0,0,0,0,0,0,0,1,0,0,0,13,0,0,0,0,9,4,0,0,0,0,1,0,0,0,0,0,0,0,0,0,0,0,0,0,0,0,13,0,0,0,0,9,3,4,0,0,0,0,0,0,0,0,30,0,0,0,15,15,0,30,0,15,15,30,21,9,0,15,15,0,24.933333333333334,7.5
24,015,7,0,7,0,0,7,0,0,0,0,0,7,2,0,0,0,5,2,5,0,0,1,6,0,0,0,0,0,0,0,0,0,0,0,1,0,0,0,0,0,0,0,1,0,0,0,0,5,0,0,0,0,0,0,0,0,0,0,0,0,0,0,0,0,0,0,0,0,0,0,0,0,0,0,0,0,0,0,0,0,7,0,0,0,0,0,0,0,0,0,7,0,0,7,0,2,5,0,0,7,0,2,5,0,0,6,1,0,0,0,7,7,0,5,2,1,6,0,7,0,7,0,2,5,0,1,6,0,7,0,0,0,0,0,0,0,0,0,0,0,0,0,0,0,2,0,0,0,0,0,5,0,0,0,0,0,0,0,0,0,0,0,0,0,0,0,0,0,0,0,0,0,0,0,0,0,0,5,0,0,0,0,0,2,0,0,0,3,0,0,0,0,2,0,2,0,0,1,6,2,5,0,1,6,7,7,0,0,6,1,0,66.14285714285714,74.0
24,016,7,0,7,0,1,6,0,1,0,0,0,6,2,0,0,0,5,2,5,0,0,4,3,0,0,0,0,0,0,0,0,0,0,0,0,0,0,0,0,0,0,0,0,0,0,0,0,7,0,0,0,0,0,0,0,0,0,0,0,0,0,0,0,0,0,0,0,0,0,0,0,0,0,0,0,0,0,0,0,0,7,0,0,0,0,0,0,0,0,1,6,0,1,6,0,3,4,0,0,7,0,0,7,0,1,6,0,0,0,0,7,7,0,7,0,1,6,0,7,0,7,0,0,7,0,0,7,0,7,2,0,0,0,0,0,0,0,0,0,0,0,0,0,0,0,0,1,0,0,0,4,0,0,0,0,0,0,0,0,0,0,0,0,0,0,0,0,0,0,0,0,0,0,0,0,0,0,4,0,0,0,0,0,3,0,0,0,1,0,3,0,0,3,0,0,0,0,4,3,1,6,0,0,7,7,7,0,1,6,0,0,40.0,49.0
24,017,12,0,12,0,0,12,0,0,0,0,0,12,3,0,0,0,9,0,12,0,0,3,9,0,0,0,0,0,0,0,0,0,0,0,0,0,0,0,0,0,0,0,1,0,0,0,0,11,0,0,0,0,0,0,0,0,0,0,0,0,0,0,0,0,0,0,0,0,0,0,0,0,0,0,0,1,0,0,0,0,11,0,0,0,0,0,0,0,0,0,12,0,0,12,0,1,11,0,0,12,0,1,11,0,0,12,0,0,0,0,12,12,0,8,4,0,12,0,12,0,12,0,3,9,0,0,12,0,12,1,0,0,0,0,0,0,0,0,0,0,0,0,0,0,1,0,0,0,0,1,9,0,0,0,0,0,0,0,0,0,0,0,0,0,0,0,0,0,0,0,0,0,0,0,0,0,0,9,0,0,0,0,0,3,0,0,0,11,0,0,0,0,0,0,1,0,0,3,9,1,11,0,0,12,12,12,0,0,12,0,0,16.5,1.0
24,018,17,2,15,0,0,17,0,2,1,0,2,12,2,1,0,2,12,1,16,0,0,10,7,0,0,0,0,0,0,0,0,0,0,0,0,0,0,0,0,0,0,0,0,0,0,0,0,17,0,0,0,0,0,0,0,0,0,0,0,0,0,0,0,0,0,0,0,0,0,0,0,0,0,0,0,0,0,0,1,0,16,0,0,0,0,0,0,0,0,0,17,0,5,12,0,1,16,0,7,10,0,1,16,0,2,8,7,0,0,0,17,17,0,7,10,2,15,0,17,2,15,0,1,16,0,0,17,0,17,0,0,0,0,0,0,0,0,0,0,0,0,0,0,0,2,0,2,0,0,0,10,1,0,0,0,2,0,0,0,0,0,0,0,0,0,0,0,0,0,0,0,0,0,0,0,0,0,10,1,0,0,0,2,4,0,0,0,1,0,4,0,0,0,12,0,0,0,10,7,0,17,0,7,10,17,15,2,0,10,7,0,21.176470588235293,20.0
24,019,1,0,1,0,0,1,0,0,0,0,0,1,0,0,0,0,1,0,1,0,0,0,1,0,0,0,0,0,0,0,0,0,0,0,0,0,0,0,0,0,0,0,0,0,0,0,0,1,0,0,0,0,0,0,0,0,0,0,0,0,0,0,0,0,0,0,0,0,0,0,0,0,0,0,0,0,0,0,0,0,1,0,0,0,0,0,0,0,0,0,1,0,0,1,0,0,1,0,0,1,0,0,1,0,0,1,0,0,0,0,1,1,0,1,0,0,1,0,1,0,1,0,0,1,0,0,1,0,1,0,0,0,0,0,0,0,0,0,0,0,0,0,0,0,0,0,0,0,0,0,1,0,0,0,0,0,0,0,0,0,0,0,0,0,0,0,0,0,0,0,0,0,0,0,0,0,0,1,0,0,0,0,0,0,0,0,0,0,0,1,0,0,0,0,0,0,0,0,1,0,1,0,0,1,1,1,0,0,1,0,0,72.0,72.0
24,020,48,3,45,0,0,48,0,3,0,3,2,40,9,0,3,2,34,3,45,0,2,18,28,0,0,0,0,0,0,0,0,0,0,0,0,1,0,0,0,0,0,0,1,0,0,0,0,46,0,0,0,0,0,0,0,0,0,0,0,0,0,0,0,0,0,0,0,0,0,0,0,0,0,0,0,0,0,0,0,0,48,0,0,0,0,0,0,0,0,1,47,0,1,45,2,9,39,0,1,45,2,2,46,0,1,38,9,0,0,0,48,48,0,36,12,2,46,0,48,1,47,0,17,31,0,4,44,0,48,8,0,2,0,3,0,0,0,0,1,0,0,0,0,0,1,0,3,0,0,0,28,0,0,0,0,2,0,0,0,0,0,3,0,0,0,0,0,0,0,0,0,0,0,0,0,0,0,28,0,0,0,0,2,15,0,0,0,27,0,1,0,0,20,0,0,0,0,20,28,3,45,0,9,39,48,46,2,1,38,9,0,23.416666666666668,6.0
24,021,46,2,44,0,0,46,0,1,0,2,0,43,5,0,2,0,39,4,42,0,3,19,24,0,0,0,0,0,0,0,0,0,0,0,0,0,0,0,0,0,0,0,0,1,0,0,0,45,0,0,0,0,0,0,0,0,0,1,0,0,0,0,0,0,0,0,0,0,0,0,0,0,0,0,0,0,0,0,0,0,45,0,0,0,0,0,0,0,0,1,45,0,0,45,1,2,44,0,0,46,0,2,44,0,0,44,2,0,0,0,46,46,0,39,7,5,41,0,46,2,44,0,22,24,0,3,43,0,46,3,1,3,0,2,0,0,0,0,0,0,0,0,0,0,2,0,1,0,0,0,34,0,0,0,0,0,0,0,0,0,0,2,0,0,0,0,1,0,0,0,0,0,0,0,0,0,0,34,0,0,0,0,0,9,0,0,0,29,0,0,0,0,13,0,4,0,0,22,24,1,45,0,2,44,46,46,0,0,44,2,0,15.26086956521739,2.5
24,022,7,1,6,0,0,7,0,0,0,0,0,7,1,0,0,0,6,2,5,0,1,3,3,0,0,0,0,0,0,0,0,0,0,0,0,0,0,0,0,0,0,0,0,0,0,0,0,7,0,0,0,0,0,0,0,0,0,0,0,0,0,0,0,0,0,0,0,0,0,0,0,0,0,0,0,0,0,0,0,0,7,0,0,0,0,0,0,0,0,0,7,0,0,7,0,2,5,0,0,7,0,0,7,0,1,6,0,0,0,0,7,7,0,4,3,0,7,0,7,0,7,0,2,5,0,0,7,0,7,1,0,0,0,0,0,0,0,0,0,0,0,0,0,0,0,0,0,0,0,0,6,0,0,0,0,0,0,0,0,0,0,0,0,0,0,0,0,0,0,0,0,0,0,0,0,0,0,6,0,0,0,0,0,1,0,0,0,6,0,0,0,0,1,0,0,0,0,4,3,2,5,0,0,7,7,7,0,1,6,0,0,28.142857142857142,19.0
24,023,3,0,3,0,0,3,0,0,0,0,0,3,2,0,0,0,1,1,2,0,1,1,1,0,0,0,0,0,0,0,0,0,0,0,0,0,0,0,0,0,0,0,0,0,0,0,0,3,0,0,0,0,0,0,0,0,0,0,0,0,0,0,0,0,0,0,0,0,0,0,0,0,0,0,0,0,0,0,0,0,3,0,0,0,0,0,0,0,0,1,2,0,0,3,0,1,2,0,0,3,0,0,3,0,0,2,1,0,0,0,3,3,0,2,1,0,3,0,3,0,3,0,0,3,0,0,3,0,3,1,0,0,0,0,0,0,0,0,0,0,0,0,0,0,1,0,0,0,0,0,1,0,0,0,0,0,0,0,0,0,0,0,0,0,0,0,0,0,0,0,0,0,0,0,0,0,0,1,0,0,0,0,0,2,0,0,0,0,0,2,0,0,1,0,0,0,0,2,1,0,3,0,1,2,3,3,0,0,2,1,0,34.333333333333336,20.0
24,024,36,0,35,1,2,33,1,3,0,0,0,33,8,0,0,0,28,1,34,1,1,18,17,0,0,0,0,0,0,0,0,0,0,0,0,0,0,0,0,0,0,0,0,0,0,0,0,36,0,0,0,0,0,0,0,0,0,0,0,0,0,0,0,0,0,0,0,0,0,0,0,0,0,0,0,0,0,0,0,0,36,0,0,0,0,0,0,0,0,3,32,1,0,34,2,2,33,1,0,35,1,1,34,1,5,24,7,0,0,0,36,36,0,27,9,4,31,1,36,0,35,1,3,33,0,1,34,1,36,5,0,2,0,0,0,0,0,0,0,0,0,0,0,0,2,0,3,0,0,0,24,0,0,0,0,0,0,0,0,0,0,0,0,0,0,0,0,0,0,0,0,0,1,0,0,0,0,24,0,0,0,0,0,11,0,0,0,6,0,20,0,0,8,0,2,0,0,19,17,1,34,1,7,29,36,36,0,1,28,7,0,40.388888888888886,39.0
24,025,23,0,23,0,1,22,0,1,0,0,0,22,1,0,0,0,22,3,20,0,0,6,17,0,0,0,0,0,0,0,0,0,0,0,0,0,0,0,0,0,0,0,0,0,0,0,0,19,0,0,0,0,0,0,0,4,0,1,0,0,0,0,0,0,0,0,0,0,0,0,0,0,0,0,0,0,0,0,0,0,15,0,0,0,0,0,0,0,7,2,21,0,0,23,0,1,22,0,0,23,0,1,22,0,4,19,0,0,0,0,23,23,0,20,3,0,23,0,23,0,23,0,7,14,2,0,23,0,23,1,0,4,0,0,0,0,0,0,0,0,0,0,0,0,0,0,1,0,0,0,17,0,0,0,0,0,0,0,0,0,0,0,0,0,0,0,0,0,0,0,1,0,0,0,0,0,0,17,0,0,0,0,0,5,0,0,0,13,0,7,0,0,1,0,2,0,0,6,17,1,22,0,0,23,23,23,0,1,22,0,0,22.0,1.0
24,026,4,0,4,0,0,4,0,0,0,0,0,4,2,0,0,0,2,0,4,0,0,3,1,0,0,0,0,0,0,0,0,0,0,0,0,0,0,0,0,0,0,0,0,0,0,0,0,4,0,0,0,0,0,0,0,0,0,0,0,0,0,0,0,0,0,0,0,0,0,0,0,0,0,0,0,0,0,0,0,0,4,0,0,0,0,0,0,0,0,0,4,0,2,2,0,0,4,0,2,2,0,0,4,0,0,4,0,0,0,0,4,4,0,2,2,0,4,0,4,1,3,0,0,4,0,0,4,0,4,2,0,0,0,0,0,0,0,0,0,0,0,0,0,0,0,0,0,0,0,0,2,0,0,0,0,0,0,0,0,0,0,0,0,0,0,0,0,0,0,0,0,0,0,0,0,0,0,2,0,0,0,0,0,2,0,0,0,0,0,2,0,0,0,2,0,0,0,3,1,0,4,0,0,4,4,4,0,0,4,0,0,20.75,7.0
24,027,2,0,2,0,0,2,0,0,0,0,0,2,0,0,0,0,2,0,2,0,0,0,2,0,0,0,0,0,0,0,0,0,0,0,0,0,0,0,0,0,0,0,0,0,0,0,0,2,0,0,0,0,0,0,0,0,0,0,0,0,0,0,0,0,0,0,0,0,0,0,0,0,0,0,0,0,0,0,0,0,2,0,0,0,0,0,0,0,0,0,2,0,0,2,0,0,2,0,0,2,0,0,2,0,0,2,0,0,0,0,2,2,0,2,0,0,2,0,2,0,2,0,0,2,0,0,2,0,2,0,0,0,0,0,0,0,0,0,0,0,0,0,0,0,0,0,0,0,0,0,2,0,0,0,0,0,0,0,0,0,0,0,0,0,0,0,0,0,0,0,0,0,0,0,0,0,0,2,0,0,0,0,0,0,0,0,0,0,0,2,0,0,0,0,0,0,0,0,2,0,2,0,0,2,2,2,0,0,2,0,0,5.0,5.0
24,028,1315,77,1238,0,47,1268,0,71,1,12,42,1189,167,1,12,42,1093,176,1139,0,12,664,639,0,3,0,0,1,1,0,3,1,15,1,6,1,1,3,9,4,0,0,6,1,2,0,0,1224,2,1,0,13,0,5,0,6,6,0,0,0,0,0,0,0,0,11,0,2,0,0,0,1,1,0,0,2,0,0,0,1,1294,0,0,0,0,0,0,0,3,43,1272,0,3,1283,29,193,1122,0,6,1284,25,48,1267,0,19,1060,236,0,2,2,1311,1309,6,964,351,113,1202,0,1315,34,1281,0,314,992,9,46,1269,0,1315,65,11,46,1,12,0,0,0,0,3,0,0,0,38,14,87,0,71,0,8,13,897,1,6,0,0,22,20,0,6,5,0,12,0,0,0,0,2,0,0,0,11,0,1,0,0,1,0,897,1,2,0,0,22,335,20,0,0,497,1,8,0,0,708,0,101,0,0,676,639,76,1239,0,236,1079,1315,1293,22,22,1057,236,0,26.47680608365019,16.0
24,029,5,0,5,0,1,4,0,0,0,1,1,3,1,0,1,1,2,1,4,0,0,1,4,0,0,0,0,0,0,0,0,0,0,0,0,0,0,0,0,0,0,0,0,0,0,0,0,4,0,0,0,0,0,1,0,0,0,0,0,0,0,0,0,0,0,0,0,0,0,0,0,0,0,0,0,0,0,0,0,0,5,0,0,0,0,0,0,0,0,0,5,0,1,4,0,3,2,0,1,4,0,0,5,0,0,3,2,0,0,0,5,5,0,2,3,1,4,0,5,1,4,0,0,5,0,2,3,0,5,1,0,0,0,1,0,0,0,0,0,0,0,0,0,0,0,0,0,0,0,0,2,0,0,0,0,1,0,0,0,0,0,1,0,0,0,0,0,0,0,0,0,0,0,0,0,0,0,2,0,0,0,0,1,1,0,0,0,0,0,1,0,0,2,2,0,0,0,1,4,0,5,0,2,3,5,4,1,0,3,2,0,42.2,47.0
24,030,2,0,2,0,1,1,0,0,0,0,0,2,0,0,0,0,2,0,2,0,0,0,2,0,0,0,0,0,0,0,0,0,0,0,0,0,0,0,0,0,0,0,0,0,0,0,0,2,0,0,0,0,0,0,0,0,0,0,0,0,0,0,0,0,0,0,0,0,0,0,0,0,0,0,0,0,0,0,0,0,2,0,0,0,0,0,0,0,0,1,1,0,0,2,0,1,1,0,0,2,0,0,2,0,0,2,0,0,0,0,2,2,0,1,1,0,2,0,2,0,2,0,1,1,0,1,1,0,2,0,0,0,0,0,0,0,0,0,0,0,0,0,0,0,0,0,0,0,0,0,2,0,0,0,0,0,0,0,0,0,0,0,0,0,0,0,0,0,0,0,0,0,0,0,0,0,0,2,0,0,0,0,0,0,0,0,0,1,0,0,0,0,0,0,1,0,0,0,2,0,2,0,0,2,2,2,0,0,2,0,0,41.5,41.5
24,031,3,0,3,0,0,3,0,0,0,0,0,3,0,0,0,0,3,0,3,0,0,3,0,0,0,0,0,0,0,0,0,0,0,0,0,0,0,0,0,0,0,0,0,0,0,0,0,3,0,0,0,0,0,0,0,0,0,0,0,0,0,0,0,0,0,0,0,0,0,0,0,0,0,0,0,0,0,0,0,0,3,0,0,0,0,0,0,0,0,0,3,0,0,3,0,0,3,0,0,3,0,0,3,0,0,3,0,0,0,0,3,3,0,3,0,0,3,0,3,0,3,0,0,3,0,0,3,0,3,0,0,0,0,0,0,0,0,0,0,0,0,0,0,0,0,0,0,0,0,0,3,0,0,0,0,0,0,0,0,0,0,0,0,0,0,0,0,0,0,0,0,0,0,0,0,0,0,3,0,0,0,0,0,0,0,0,0,1,0,2,0,0,0,0,0,0,0,3,0,0,3,0,0,3,3,3,0,0,3,0,0,25.666666666666668,32.0
24,032,35,2,33,0,2,32,1,1,0,1,1,32,5,0,1,1,28,3,32,0,0,22,13,0,0,0,0,0,0,0,0,0,0,0,0,0,0,0,0,0,0,0,0,0,0,0,0,35,0,0,0,0,0,0,0,0,0,0,0,0,0,0,0,0,0,0,0,0,0,0,0,0,0,0,0,0,0,0,0,0,35,0,0,0,0,0,0,0,0,0,35,0,0,35,0,3,32,0,0,35,0,4,31,0,0,35,0,0,0,0,35,35,0,26,9,0,35,0,35,2,33,0,14,21,0,1,34,0,35,1,0,4,0,1,0,0,0,0,0,0,0,0,0,0,4,0,1,0,1,0,22,0,0,0,0,0,1,0,1,0,0,1,0,0,0,0,0,0,0,0,0,0,0,0,0,0,0,22,0,0,0,0,0,10,1,0,0,21,0,0,0,0,14,0,0,0,0,22,13,2,33,0,0,35,35,35,0,0,35,0,0,12.428571428571429,1.0
24,033,7,0,7,0,0,7,0,0,0,0,2,5,0,0,0,2,5,3,4,0,0,2,5,0,0,0,0,0,0,0,0,0,0,0,0,0,0,0,0,0,0,0,0,0,0,0,0,3,0,0,0,0,0,0,0,4,0,0,0,0,0,0,0,0,0,0,0,0,0,0,0,0,0,0,0,0,0,0,0,0,1,0,0,0,0,0,0,0,6,0,7,0,0,7,0,3,4,0,0,7,0,0,7,0,1,5,1,0,0,0,7,7,0,6,1,1,6,0,7,1,6,0,0,6,1,1,6,0,7,0,0,0,0,0,0,0,0,0,0,0,0,0,0,0,0,0,0,0,0,0,5,0,0,0,0,1,1,0,0,0,0,0,0,0,0,0,0,0,0,0,0,0,0,0,0,0,0,5,0,0,0,0,1,0,1,0,0,1,0,6,0,0,0,0,0,0,0,2,5,1,6,0,1,6,7,6,1,0,6,1,0,39.42857142857143,49.0
24,034,8,0,8,0,1,7,0,0,1,0,0,7,0,1,0,0,7,1,7,0,0,4,4,0,0,0,0,0,0,0,0,0,0,0,0,0,0,0,0,0,0,0,0,0,0,0,0,8,0,0,0,0,0,0,0,0,0,0,0,0,0,0,0,0,0,0,0,0,0,0,0,0,0,0,0,0,0,0,0,0,8,0,0,0,0,0,0,0,0,0,8,0,0,8,0,1,7,0,0,8,0,0,8,0,0,8,0,0,0,0,8,8,0,8,0,0,8,0,8,0,8,0,0,8,0,0,8,0,8,0,1,0,0,0,0,0,0,0,0,0,0,0,0,0,0,0,0,0,0,0,6,1,0,0,0,0,0,0,0,0,0,0,0,0,0,0,0,0,0,0,0,0,0,0,0,0,0,6,1,0,0,0,0,1,0,0,0,0,0,6,0,0,2,0,0,0,0,4,4,0,8,0,0,8,8,8,0,0,8,0,0,10.875,1.0
24,035,221,21,200,0,9,212,0,10,0,3,2,206,32,0,3,2,184,25,196,0,4,111,105,1,0,0,0,0,0,0,0,0,3,0,2,0,0,0,3,0,0,0,0,0,1,0,0,209,0,0,0,2,0,1,0,0,0,0,0,0,0,0,0,0,0,5,0,0,0,0,0,0,0,0,0,0,0,0,0,0,215,0,0,0,0,0,0,0,1,7,214,0,0,217,4,32,189,0,0,217,4,13,208,0,5,191,25,0,0,0,221,221,0,149,72,17,204,0,221,6,215,0,57,162,2,8,213,0,221,12,1,14,0,3,1,0,0,0,0,0,0,0,4,2,17,0,10,0,1,1,152,0,1,0,0,1,1,0,0,0,0,3,0,0,0,0,0,0,0,0,1,0,1,0,0,0,0,152,0,1,0,0,1,61,1,0,0,107,0,1,0,0,81,0,32,0,0,116,105,9,212,0,25,196,221,220,1,9,187,25,0,23.466063348416288,9.0
24,036,25,1,24,0,0,25,0,0,0,1,1,23,4,0,1,1,19,7,18,0,0,10,15,0,0,0,0,0,0,0,0,0,0,0,0,0,0,0,0,0,0,0,0,0,0,1,0,24,0,0,0,0,0,0,0,0,0,0,0,0,0,0,0,0,0,0,0,0,0,0,0,0,0,0,0,0,0,0,0,0,25,0,0,0,0,0,0,0,0,6,19,0,0,25,0,9,16,0,0,25,0,0,25,0,2,22,1,0,0,0,25,25,0,21,4,2,23,0,25,3,22,0,1,24,0,1,24,0,25,1,0,1,0,1,0,0,0,0,0,0,0,0,0,0,3,0,0,0,0,0,18,0,0,0,0,0,1,0,0,0,0,1,0,0,0,0,0,0,0,0,0,0,0,0,0,0,0,18,0,0,0,0,0,5,1,0,0,0,0,8,0,0,17,0,0,0,0,10,15,1,24,0,1,24,25,25,0,0,24,1,0,44.36,61.0
24,037,23,2,21,0,1,22,0,1,0,0,1,21,2,0,0,1,20,5,18,0,1,11,11,0,0,0,0,0,0,0,0,0,0,0,0,0,1,0,0,0,0,0,0,0,0,0,0,21,0,0,0,1,0,0,0,0,0,0,0,0,0,0,0,0,0,1,0,0,0,1,0,0,0,0,0,0,0,0,0,0,21,0,0,0,0,0,0,0,0,2,21,0,1,22,0,5,18,0,2,21,0,3,20,0,1,13,9,0,0,0,23,23,0,8,15,0,23,0,23,3,20,0,3,19,1,2,21,0,23,1,0,1,0,0,0,0,0,0,0,0,0,0,0,0,0,0,1,0,0,1,17,0,0,0,1,1,0,0,1,0,0,0,0,0,0,0,0,0,0,0,0,0,0,0,0,0,0,17,0,0,0,0,1,4,0,0,0,3,0,13,0,0,5,0,2,0,0,12,11,2,21,0,9,14,23,22,1,0,14,9,0,35.34782608695652,26.0
24,038,2,0,2,0,0,2,0,0,0,0,0,2,1,0,0,0,1,2,0,0,0,1,1,0,0,0,0,0,0,0,0,0,0,0,0,0,0,0,0,0,0,0,0,0,0,0,0,2,0,0,0,0,0,0,0,0,0,0,0,0,0,0,0,0,0,0,0,0,0,0,0,0,0,0,0,0,0,0,0,0,2,0,0,0,0,0,0,0,0,0,2,0,1,1,0,0,2,0,1,1,0,0,2,0,0,1,1,0,0,0,2,2,0,1,1,0,2,0,2,0,2,0,0,2,0,0,2,0,2,1,0,0,0,0,0,0,0,0,0,0,0,0,0,0,0,0,0,0,0,0,1,0,0,0,0,0,0,0,0,0,0,0,0,0,0,0,0,0,0,0,0,0,0,0,0,0,0,1,0,0,0,0,0,1,0,0,0,0,0,1,0,0,0,1,0,0,0,1,1,1,1,0,1,1,2,2,0,0,1,1,0,79.5,79.5
24,039,18,2,16,0,1,17,0,0,0,0,3,15,5,0,0,3,10,3,15,0,1,5,12,0,0,0,0,0,0,0,0,0,0,0,0,0,0,0,0,0,0,0,0,0,0,0,0,18,0,0,0,0,0,0,0,0,0,1,0,0,0,0,0,0,0,0,0,0,0,0,0,0,0,0,0,0,0,0,0,0,17,0,0,0,0,0,0,0,0,2,16,0,4,14,0,4,14,0,8,10,0,0,18,0,1,9,8,0,0,0,18,18,0,6,12,1,17,0,18,2,16,0,0,18,0,0,18,0,18,2,0,0,0,0,0,0,0,0,0,0,0,0,0,0,0,0,0,0,0,3,10,0,0,0,0,2,1,0,0,0,0,0,0,0,0,0,0,0,0,0,0,0,0,0,0,0,0,10,0,0,0,0,2,5,1,0,0,1,0,0,0,0,1,16,0,0,0,6,12,1,17,0,8,10,18,16,2,0,10,8,0,34.388888888888886,18.5
24,040,15,0,15,0,0,15,0,0,0,0,0,15,2,0,0,0,13,5,10,0,0,5,10,0,0,0,0,0,0,0,0,0,0,0,0,0,0,0,0,0,0,0,0,0,0,0,0,14,0,0,0,0,0,1,0,0,0,0,0,0,0,0,0,0,0,0,0,0,0,0,0,0,0,0,0,0,0,0,0,0,15,0,0,0,0,0,0,0,0,2,13,0,0,15,0,6,9,0,0,15,0,1,14,0,0,14,1,0,0,0,15,15,0,14,1,2,13,0,15,1,14,0,0,15,0,4,11,0,15,1,1,0,0,0,0,0,0,0,0,0,0,0,0,0,1,0,0,0,0,0,12,0,0,0,0,0,0,0,0,0,0,0,0,0,0,0,0,0,0,0,0,0,0,0,0,0,0,12,0,0,0,0,0,3,0,0,0,0,0,2,0,0,13,0,0,0,0,5,10,1,14,0,1,14,15,15,0,1,13,1,0,52.13333333333333,60.0
24,041,5,0,5,0,0,5,0,0,0,2,0,3,0,0,2,0,3,0,5,0,0,4,1,0,0,0,0,0,0,0,0,0,0,0,0,0,0,0,0,0,0,0,0,0,0,0,0,5,0,0,0,0,0,0,0,0,0,0,0,0,0,0,0,0,0,0,0,0,0,0,0,0,0,0,0,0,0,0,0,0,5,0,0,0,0,0,0,0,0,0,5,0,0,5,0,0,5,0,0,5,0,1,4,0,0,4,1,0,0,0,5,5,0,2,3,0,5,0,5,0,5,0,1,4,0,0,5,0,5,0,0,0,0,2,0,0,0,0,0,0,0,0,0,0,0,0,0,0,0,0,3,0,0,0,0,0,0,0,0,0,0,2,0,0,0,0,0,0,0,0,0,0,0,0,0,0,0,3,0,0,0,0,0,0,0,0,0,1,0,4,0,0,0,0,0,0,0,4,1,0,5,0,1,4,5,5,0,0,4,1,0,18.8,7.0
24,042,3,1,2,0,0,3,0,1,0,0,0,2,0,0,0,0,3,0,3,0,0,3,0,0,0,0,0,0,0,0,0,0,0,0,0,0,0,0,1,0,0,0,0,0,0,0,0,2,0,0,0,0,0,0,0,0,0,0,0,0,0,0,0,0,0,0,0,0,0,0,0,0,0,0,0,0,0,0,0,0,3,0,0,0,0,0,0,0,0,0,3,0,0,2,1,0,3,0,0,2,1,0,3,0,0,3,0,0,0,0,3,3,0,2,1,0,3,0,3,0,3,0,1,2,0,0,3,0,3,0,0,0,0,0,0,0,0,0,0,0,0,0,0,0,0,0,1,0,0,0,2,0,0,0,0,0,0,0,0,0,0,0,0,0,0,0,0,0,0,0,0,0,0,0,0,0,0,2,0,0,0,0,0,1,0,0,0,1,0,2,0,0,0,0,0,0,0,3,0,0,3,0,0,3,3,3,0,1,2,0,0,22.0,6.0
24,043,12,3,9,0,0,12,0,0,0,0,0,12,0,0,0,0,12,1,11,0,0,8,4,0,0,0,0,0,0,0,0,0,0,0,0,0,0,0,0,0,0,0,0,0,0,0,0,12,0,0,0,0,0,0,0,0,0,0,0,0,0,0,0,0,0,0,0,0,0,0,0,0,0,0,0,0,0,0,0,0,12,0,0,0,0,0,0,0,0,0,12,0,0,12,0,0,12,0,0,12,0,0,12,0,0,11,1,0,0,0,12,12,0,7,5,0,12,0,12,0,12,0,7,5,0,0,12,0,12,0,0,1,0,0,0,0,0,0,0,0,0,0,0,0,0,0,0,0,0,0,11,0,0,0,0,0,0,0,0,0,0,0,0,0,0,0,0,0,0,0,0,0,0,0,0,0,0,11,0,0,0,0,0,1,0,0,0,12,0,0,0,0,0,0,0,0,0,8,4,0,12,0,1,11,12,12,0,0,11,1,0,5.166666666666667,1.0
24,044,4,0,4,0,0,4,0,0,0,0,0,4,2,0,0,0,2,1,3,0,0,2,2,0,0,0,0,0,0,0,0,0,0,0,0,0,0,0,0,0,0,0,0,0,0,0,0,4,0,0,0,0,0,0,0,0,0,0,0,0,0,0,0,0,0,0,0,0,0,0,0,0,0,0,0,0,0,0,0,0,4,0,0,0,0,0,0,0,0,0,4,0,0,4,0,1,3,0,0,4,0,0,4,0,0,4,0,0,0,0,4,4,0,4,0,1,3,0,4,0,4,0,2,2,0,0,4,0,4,2,0,0,0,0,0,0,0,0,0,0,0,0,0,0,0,0,0,0,0,0,2,0,0,0,0,0,0,0,0,0,0,0,0,0,0,0,0,0,0,0,0,0,0,0,0,0,0,2,0,0,0,0,0,2,0,0,0,3,0,0,0,0,1,0,0,0,0,2,2,1,3,0,0,4,4,4,0,0,4,0,0,22.5,19.5
24,045,3,0,3,0,0,3,0,0,0,0,0,3,0,0,0,0,3,0,3,0,0,0,3,0,0,0,0,0,0,0,0,0,0,0,0,0,0,0,0,0,0,0,0,0,0,0,0,3,0,0,0,0,0,0,0,0,0,0,0,0,0,0,0,0,0,0,0,0,0,0,0,0,0,0,0,0,0,0,0,0,3,0,0,0,0,0,0,0,0,0,3,0,0,3,0,0,3,0,0,3,0,0,3,0,0,3,0,0,0,0,3,3,0,3,0,0,3,0,3,0,3,0,1,2,0,0,3,0,3,0,0,0,0,0,0,0,0,0,0,0,0,0,0,0,0,0,0,0,0,0,3,0,0,0,0,0,0,0,0,0,0,0,0,0,0,0,0,0,0,0,0,0,0,0,0,0,0,3,0,0,0,0,0,0,0,0,0,1,0,0,0,0,2,0,0,0,0,0,3,0,3,0,0,3,3,3,0,0,3,0,0,5.333333333333333,7.0
24,046,19,0,19,0,2,17,0,2,0,0,1,16,0,0,0,1,18,2,17,0,0,7,12,0,0,0,0,0,0,0,0,0,0,0,0,0,0,0,0,0,0,0,0,0,0,0,0,19,0,0,0,0,0,0,0,0,0,0,0,0,0,0,0,0,0,2,0,0,0,0,0,0,0,0,0,0,0,0,0,0,17,0,0,0,0,0,0,0,0,0,19,0,0,19,0,2,17,0,0,19,0,2,17,0,1,17,1,0,0,0,19,19,0,15,4,1,18,0,19,1,18,0,11,7,1,1,18,0,19,0,0,2,0,0,0,0,0,0,0,0,0,0,0,0,0,0,2,0,0,0,14,0,0,0,0,0,1,0,0,0,0,0,0,0,0,0,0,0,0,0,0,0,0,0,0,0,0,14,0,0,0,0,0,4,1,0,0,16,0,0,0,0,1,0,2,0,0,7,12,0,19,0,1,18,19,19,0,1,17,1,0,28.57894736842105,3.0
24,047,2,0,2,0,0,2,0,1,0,0,0,1,0,0,0,0,2,0,2,0,0,2,0,0,0,0,0,0,0,0,0,0,0,0,0,0,0,0,0,0,0,0,0,0,0,0,0,2,0,0,0,0,0,0,0,0,0,0,0,0,0,0,0,0,0,0,0,0,0,0,0,0,0,0,0,0,0,0,0,0,2,0,0,0,0,0,0,0,0,0,2,0,0,2,0,0,2,0,0,2,0,0,2,0,0,2,0,0,0,0,2,2,0,2,0,0,2,0,2,0,2,0,1,1,0,0,2,0,2,0,0,0,0,0,0,0,0,0,0,0,0,0,0,0,0,0,1,0,0,0,1,0,0,0,0,0,0,0,0,0,0,0,0,0,0,0,0,0,0,0,0,0,0,0,0,0,0,1,0,0,0,0,0,1,0,0,0,2,0,0,0,0,0,0,0,0,0,2,0,0,2,0,0,2,2,2,0,0,2,0,0,6.0,6.0
24,048,4,0,4,0,0,4,0,0,0,0,0,4,2,0,0,0,2,2,2,0,0,1,3,0,0,0,0,0,0,0,0,0,0,0,0,0,0,0,0,0,0,0,0,0,0,0,0,4,0,0,0,0,0,0,0,0,0,0,0,0,0,0,0,0,0,0,0,0,0,0,0,0,0,0,0,0,0,0,0,0,4,0,0,0,0,0,0,0,0,0,4,0,0,4,0,1,3,0,0,4,0,1,3,0,0,4,0,0,0,0,4,4,0,4,0,1,3,0,4,0,4,0,1,3,0,1,3,0,4,1,0,0,0,0,0,0,0,0,0,0,0,0,0,0,1,0,0,0,0,0,2,0,0,0,0,0,0,0,0,0,0,0,0,0,0,0,0,0,0,0,0,0,0,0,0,0,0,2,0,0,0,0,0,2,0,0,0,3,0,0,0,0,1,0,0,0,0,1,3,1,3,0,0,4,4,4,0,0,4,0,0,33.75,28.5
24,049,30,1,29,0,2,28,0,3,0,0,0,27,4,0,0,0,26,4,26,0,0,13,17,0,0,0,0,0,0,0,0,1,0,0,0,0,0,0,0,0,0,0,0,0,0,0,0,17,0,0,0,0,0,0,0,12,0,1,0,0,0,0,0,0,0,0,0,0,0,0,0,0,0,0,0,0,0,0,0,0,2,0,0,0,0,0,0,0,27,1,29,0,0,29,1,6,24,0,0,29,1,3,27,0,2,28,0,0,0,0,30,30,0,28,2,3,27,0,30,1,29,0,1,28,1,1,29,0,30,3,0,0,0,0,0,0,0,0,0,0,0,0,0,1,0,0,3,0,0,0,23,0,0,0,0,0,0,1,0,0,0,0,0,0,0,0,0,0,0,0,0,0,0,0,0,0,0,23,0,0,0,0,0,6,0,0,0,3,0,27,0,0,0,0,0,0,0,13,17,2,28,0,0,30,30,30,0,0,30,0,0,30.366666666666667,16.5
24,050,63,1,62,0,3,60,0,3,0,1,1,58,5,0,1,1,56,1,62,0,0,34,29,0,0,0,0,0,0,0,0,0,0,0,0,0,0,0,0,0,0,0,0,0,0,0,0,63,0,0,0,0,0,0,0,0,0,0,0,0,0,0,0,0,0,1,0,0,0,0,0,0,0,0,0,0,0,0,0,0,62,0,0,0,0,0,0,0,0,1,62,0,0,63,0,5,58,0,0,63,0,7,56,0,2,61,0,0,0,0,63,63,0,52,11,0,63,0,63,4,59,0,13,50,0,2,61,0,63,0,2,3,0,1,0,0,0,0,0,0,0,0,1,1,3,0,3,0,2,2,44,0,0,0,0,0,1,0,2,0,0,1,0,0,0,0,0,0,0,0,1,0,0,0,0,0,0,44,0,0,0,0,0,14,1,0,0,32,0,0,0,0,31,0,0,0,0,34,29,0,63,0,0,63,63,63,0,3,60,0,0,7.825396825396825,2.0
24,051,6,0,6,0,0,6,0,0,0,0,0,6,0,0,0,0,6,2,4,0,0,3,3,0,0,0,0,0,0,0,0,0,1,0,0,0,0,0,0,0,0,0,0,0,0,0,0,5,0,0,0,0,0,0,0,0,0,1,0,0,0,0,0,0,0,0,0,0,0,0,0,0,0,0,0,0,0,0,0,0,5,0,0,0,0,0,0,0,0,0,6,0,0,6,0,1,5,0,0,6,0,0,6,0,0,5,1,0,0,0,6,6,0,3,3,1,5,0,6,0,6,0,4,2,0,1,5,0,6,0,0,0,0,0,0,0,0,0,0,0,0,0,0,0,0,0,0,0,0,0,6,0,0,0,0,0,0,0,0,0,0,0,0,0,0,0,0,0,0,0,0,0,0,0,0,0,0,6,0,0,0,0,0,0,0,0,0,5,0,0,0,0,1,0,0,0,0,3,3,0,6,0,1,5,6,6,0,0,5,1,0,16.333333333333332,2.5
24,052,7,0,7,0,0,7,0,0,0,0,0,7,0,0,0,0,7,0,7,0,0,3,4,0,0,0,0,0,0,0,0,0,0,0,0,0,0,0,0,0,0,0,0,0,0,0,0,7,0,0,0,0,0,0,0,0,0,0,0,0,0,0,0,0,0,0,0,0,0,0,0,0,0,0,0,0,0,0,0,0,7,0,0,0,0,0,0,0,0,0,7,0,0,7,0,1,6,0,0,7,0,0,7,0,1,5,1,0,0,0,7,7,0,4,3,0,7,0,7,0,7,0,3,4,0,0,7,0,7,0,0,1,0,0,0,0,0,0,0,0,0,0,0,0,0,0,0,0,0,0,6,0,0,0,0,0,0,0,0,0,0,0,0,0,0,0,0,0,0,0,0,0,0,0,0,0,0,6,0,0,0,0,0,1,0,0,0,4,0,2,0,0,1,0,0,0,0,3,4,0,7,0,1,6,7,7,0,1,5,1,0,18.142857142857142,1.0
24,053,106,4,102,0,1,105,0,5,0,3,22,76,18,0,3,22,63,9,96,1,1,52,53,0,0,0,0,0,0,0,0,0,2,0,0,0,0,1,2,0,0,0,0,0,0,1,0,100,0,0,0,0,0,0,0,0,0,0,0,0,0,0,0,0,0,0,0,0,0,0,0,0,0,0,0,0,0,0,0,0,106,0,0,0,0,0,0,0,0,5,101,0,17,89,0,9,97,0,29,77,0,0,106,0,3,33,70,0,0,0,106,106,0,31,75,1,105,0,106,1,105,0,5,101,0,1,105,0,106,10,0,1,0,3,0,0,0,0,0,0,0,0,0,1,6,0,5,0,0,2,56,0,0,0,0,22,0,0,0,0,0,3,0,0,0,0,0,0,0,0,0,0,0,0,0,0,0,56,0,0,0,0,22,25,0,0,0,0,0,4,0,0,5,97,0,0,0,53,53,1,105,0,70,36,106,84,22,0,36,70,0,27.22641509433962,15.0
24,054,20,1,19,0,3,17,0,1,0,1,2,16,5,0,1,2,12,3,17,0,0,6,14,0,0,0,0,0,0,0,0,0,0,0,0,0,0,0,0,0,0,0,0,0,0,0,0,20,0,0,0,0,0,0,0,0,0,0,0,0,0,0,0,0,0,0,0,0,0,0,0,0,0,0,0,0,0,0,0,0,20,0,0,0,0,0,0,0,0,1,19,0,2,18,0,2,18,0,5,15,0,0,20,0,3,13,4,0,0,0,20,20,0,10,10,2,18,0,20,2,18,0,0,20,0,1,19,0,20,3,0,0,0,1,0,0,0,0,0,0,0,0,0,0,0,0,1,0,0,2,11,0,0,0,0,2,0,0,0,0,0,1,0,0,0,0,0,0,0,0,0,0,0,0,0,0,0,11,0,0,0,0,2,6,0,0,0,0,0,7,0,0,0,13,0,0,0,6,14,2,18,0,4,16,20,18,2,1,15,4,0,34.8,29.0
24,055,36,1,35,0,0,36,0,1,0,1,0,34,1,0,1,0,34,3,33,0,0,18,18,0,0,0,0,0,0,0,0,0,0,0,0,0,0,0,0,0,0,0,0,0,0,0,0,35,0,0,0,0,0,0,0,1,0,0,0,0,0,0,0,0,0,0,0,0,0,0,0,0,0,0,0,0,0,0,0,0,36,0,0,0,0,0,0,0,0,2,34,0,0,36,0,3,33,0,0,36,0,2,34,0,0,36,0,0,0,0,36,36,0,32,4,1,35,0,36,1,35,0,8,28,0,1,35,0,36,1,0,2,0,1,0,0,0,0,1,0,0,0,2,0,0,0,1,0,0,0,28,0,0,0,0,0,0,0,0,0,0,1,0,0,0,0,0,0,0,0,1,0,0,0,0,0,0,28,0,0,0,0,0,6,0,0,0,10,0,0,0,0,25,0,1,0,0,18,18,1,35,0,0,36,36,36,0,0,36,0,0,26.333333333333332,9.0
24,056,8,0,8,0,0,8,0,0,0,0,0,8,0,0,0,0,8,0,8,0,0,5,3,0,1,0,0,0,0,0,0,0,0,0,0,0,0,0,0,0,0,0,0,0,0,0,0,7,0,0,0,0,0,0,0,0,0,0,0,0,0,0,0,0,0,0,0,0,0,0,0,0,0,0,0,0,0,0,0,0,8,0,0,0,0,0,0,0,0,0,8,0,0,8,0,0,8,0,0,8,0,0,8,0,0,8,0,0,0,0,8,8,0,4,4,0,8,0,8,0,8,0,4,4,0,0,8,0,8,0,0,1,0,0,0,0,0,0,0,0,0,0,0,0,0,0,0,0,0,0,7,0,0,0,0,0,0,0,0,0,0,0,0,0,0,0,0,0,0,0,0,0,0,0,0,0,0,7,0,0,0,0,0,1,0,0,0,7,0,0,0,0,0,0,1,0,0,5,3,0,8,0,0,8,8,8,0,0,8,0,0,4.75,1.0
24,057,32,1,31,0,1,31,0,0,0,0,10,22,0,0,0,10,22,2,30,0,1,16,15,0,0,0,0,0,0,0,0,0,1,0,0,0,0,0,0,0,0,0,0,0,0,0,0,31,0,0,0,0,0,0,0,0,0,0,0,0,0,0,0,0,0,0,0,0,0,0,0,0,0,0,0,1,0,0,0,0,31,0,0,0,0,0,0,0,0,4,28,0,8,24,0,5,27,0,14,18,0,0,32,0,2,15,15,0,0,0,32,32,0,9,23,2,30,0,32,1,31,0,0,31,1,1,31,0,32,0,0,0,0,0,0,0,0,0,0,0,0,0,0,0,0,0,0,0,0,0,22,0,0,0,0,8,2,0,0,0,0,0,0,0,0,0,0,0,0,0,0,0,0,0,0,0,0,22,0,0,0,0,8,0,2,0,0,2,0,3,0,0,0,27,0,0,0,17,15,0,32,0,15,17,32,24,8,2,15,15,0,28.625,12.0
24,058,12,0,12,0,1,11,0,2,0,1,1,8,0,0,1,1,10,4,8,0,1,8,3,0,0,0,0,0,0,0,0,0,0,0,0,0,0,0,0,0,0,0,0,0,0,0,0,10,0,0,0,2,0,0,0,0,0,0,0,0,0,0,0,0,0,0,0,0,0,0,0,0,0,0,0,0,0,0,0,0,12,0,0,0,0,0,0,0,0,1,11,0,0,12,0,3,9,0,0,12,0,0,12,0,0,12,0,0,0,0,12,12,0,12,0,0,12,0,12,1,11,0,0,12,0,1,11,0,12,0,0,0,0,1,0,0,0,0,0,0,0,0,0,0,0,0,2,0,0,0,8,0,0,0,0,0,1,0,0,0,0,1,0,0,0,0,0,0,0,0,0,0,0,0,0,0,0,8,0,0,0,0,0,2,1,0,0,0,0,2,0,0,10,0,0,0,0,9,3,0,12,0,0,12,12,12,0,1,11,0,0,39.0,30.5
25,001,517,20,496,1,31,485,1,34,0,17,147,319,38,0,17,147,315,95,421,1,5,258,253,1,0,4,4,0,0,1,0,8,1,1,0,0,0,3,0,2,0,2,1,1,0,0,0,1,475,9,0,0,0,0,1,1,2,0,1,0,0,0,0,0,1,1,0,0,0,0,0,1,0,0,0,0,0,0,0,0,0,513,0,0,0,0,0,0,0,10,506,1,4,500,13,130,386,1,6,500,11,7,508,2,19,291,207,0,0,2,515,515,2,273,244,27,489,1,517,54,458,5,102,412,3,26,490,1,517,14,0,0,1,17,0,0,1,0,0,0,0,0,4,0,15,0,34,0,0,7,277,0,0,0,0,136,11,0,0,0,1,17,0,0,0,0,0,0,0,0,1,0,0,0,0,1,0,277,0,0,0,0,136,73,11,0,0,2,0,350,0,0,156,0,9,0,0,264,253,35,481,1,207,310,517,381,136,21,289,207,0,42.95164410058027,46.0
25,003,5,0,5,0,0,5,0,0,0,0,0,5,1,0,0,0,4,1,4,0,0,2,3,0,0,0,0,0,0,0,0,0,0,0,0,0,0,0,0,0,0,0,0,0,0,0,0,0,5,0,0,0,0,0,0,0,0,0,0,0,0,0,0,0,0,0,0,0,0,0,0,0,0,0,0,0,0,0,0,0,0,5,0,0,0,0,0,0,0,0,5,0,0,5,0,1,4,0,0,5,0,1,4,0,0,5,0,0,0,0,5,5,0,1,4,0,5,0,5,0,5,0,1,4,0,1,4,0,5,1,0,0,0,0,0,0,0,0,0,0,0,0,0,0,0,0,0,0,0,0,4,0,0,0,0,0,0,0,0,0,0,0,0,0,0,0,0,0,0,0,0,0,0,0,0,0,0,4,0,0,0,0,0,1,0,0,0,0,0,3,0,0,0,0,2,0,0,2,3,2,3,0,0,5,5,5,0,0,5,0,0,39.8,39.0
25,004,2,0,2,0,1,1,0,1,0,0,0,1,0,0,0,0,2,1,1,0,0,2,0,0,0,0,0,0,0,0,0,0,0,0,0,0,0,0,0,0,0,0,0,0,0,0,0,0,2,0,0,0,0,0,0,0,0,0,0,0,0,0,0,0,0,0,0,0,0,0,0,0,0,0,0,0,0,0,0,0,0,2,0,0,0,0,0,0,0,1,1,0,0,2,0,0,2,0,0,2,0,1,1,0,0,2,0,0,0,0,2,2,0,2,0,0,2,0,2,0,2,0,0,0,2,1,1,0,2,0,0,0,0,0,0,0,0,0,0,0,0,0,0,0,0,0,1,0,0,0,1,0,0,0,0,0,0,0,0,0,0,0,0,0,0,0,0,0,0,0,0,0,0,0,0,0,0,1,0,0,0,0,0,1,0,0,0,0,0,2,0,0,0,0,0,0,0,2,0,0,2,0,0,2,2,2,0,0,2,0,0,65.0,65.0
25,005,3,0,3,0,1,2,0,0,0,1,1,1,0,0,1,1,1,1,2,0,0,2,1,0,0,0,0,0,0,0,0,0,0,0,0,0,0,0,1,0,0,0,0,0,0,0,0,0,2,0,0,0,0,0,0,0,0,0,0,0,0,0,0,0,0,0,0,0,0,0,0,0,0,0,0,0,0,0,0,0,0,3,0,0,0,0,0,0,0,0,3,0,0,3,0,2,1,0,0,3,0,0,3,0,0,3,0,0,0,0,3,3,0,1,2,2,1,0,3,2,1,0,0,3,0,0,3,0,3,0,0,0,0,1,0,0,0,0,0,0,0,0,0,0,0,0,0,0,0,0,1,0,0,0,0,1,0,0,0,0,0,1,0,0,0,0,0,0,0,0,0,0,0,0,0,0,0,1,0,0,0,0,1,0,0,0,0,0,0,0,0,0,0,0,3,0,0,2,1,0,2,1,0,3,3,2,1,1,2,0,0,75.33333333333333,80.0
25,006,583,15,567,1,25,556,2,50,0,24,253,256,64,0,24,253,242,58,525,0,13,355,204,11,0,2,0,0,0,0,1,1,0,4,0,1,0,1,0,1,0,1,1,0,1,0,0,1,566,1,0,1,0,0,0,0,0,1,1,1,1,0,0,0,0,3,0,0,0,0,0,0,0,0,0,0,0,0,0,0,1,574,1,0,0,0,0,0,0,8,575,0,0,533,50,97,484,2,1,539,43,15,566,2,16,168,399,0,0,0,583,583,0,80,503,37,545,1,583,47,536,0,151,387,45,17,564,2,583,28,0,3,0,24,0,0,0,0,1,0,0,0,3,2,21,0,50,0,2,14,180,0,1,1,0,249,4,0,2,0,0,24,0,0,0,0,0,0,0,0,1,1,1,0,0,0,0,180,0,0,1,0,249,120,4,0,0,5,0,219,0,0,60,0,299,0,0,379,204,30,550,3,399,184,583,334,249,12,172,399,0,37.296740994854204,35.0
25,007,12,0,12,0,0,12,0,1,0,0,0,11,2,0,0,0,10,2,10,0,0,8,4,0,0,0,0,0,0,0,0,1,0,0,0,0,0,0,0,0,0,0,0,0,0,0,0,0,11,0,0,0,0,0,0,0,0,0,0,0,0,0,0,0,0,0,0,0,0,0,0,0,0,0,0,0,0,0,0,0,0,12,0,0,0,0,0,0,0,1,11,0,0,12,0,3,9,0,0,12,0,0,12,0,1,11,0,0,0,0,12,12,0,10,2,0,12,0,12,0,12,0,0,12,0,0,12,0,12,1,0,0,0,0,0,0,0,0,0,0,0,0,0,0,1,0,1,0,0,0,9,0,0,0,0,0,0,0,0,0,0,0,0,0,0,0,0,0,0,0,0,0,0,0,0,0,0,9,0,0,0,0,0,3,0,0,0,0,0,9,0,0,3,0,0,0,0,8,4,0,12,0,0,12,12,12,0,0,12,0,0,57.0,64.0
25,008,17,0,17,0,0,17,0,0,0,1,6,10,2,0,1,6,8,2,15,0,0,13,4,0,0,0,0,0,0,0,1,0,0,0,0,2,0,0,0,0,0,0,0,0,0,0,0,0,14,0,0,0,0,0,0,0,0,0,0,0,0,0,0,0,0,0,0,0,0,0,0,0,0,0,0,0,0,0,0,0,0,17,0,0,0,0,0,0,0,0,17,0,0,16,1,3,14,0,0,16,1,0,17,0,0,12,5,0,0,0,17,17,0,9,8,0,17,0,17,3,14,0,2,15,0,0,16,1,17,0,0,0,0,1,0,0,0,0,0,0,0,0,0,0,2,0,0,0,0,0,8,0,0,0,0,6,0,0,0,0,0,1,0,0,0,0,0,0,0,0,0,0,0,0,0,0,0,8,0,0,0,0,6,2,0,0,0,0,0,4,0,0,7,0,6,0,0,13,4,0,17,0,5,12,17,11,6,0,12,5,0,22.294117647058822,24.0
25,009,35,2,33,0,4,31,0,2,0,3,5,25,2,0,3,5,25,8,27,0,0,12,23,0,0,0,0,0,0,0,0,1,0,2,0,0,0,0,0,1,0,1,0,0,0,0,0,0,30,0,0,0,0,0,0,0,0,0,0,0,0,0,0,0,0,0,0,0,0,0,1,0,0,0,0,0,0,0,0,0,0,34,0,0,0,0,0,0,0,2,33,0,4,23,8,7,28,0,4,24,7,0,35,0,0,20,15,0,0,0,35,35,0,13,22,3,32,0,35,0,35,0,3,31,1,3,32,0,35,2,0,0,0,3,0,0,0,0,0,0,0,0,1,0,0,0,2,0,0,0,22,0,0,0,0,2,3,0,0,0,0,3,0,0,0,0,0,0,0,0,0,0,0,0,0,0,0,22,0,0,0,0,2,5,3,0,0,1,0,32,0,0,0,0,2,0,0,12,23,4,31,0,15,20,35,33,2,0,20,15,0,33.8,30.0
25,010,65,1,64,0,6,59,0,5,0,3,8,49,4,0,3,8,50,14,51,0,0,26,39,0,0,0,0,0,0,0,0,1,0,1,1,0,0,0,0,0,0,0,0,0,0,0,0,0,60,2,0,0,0,0,0,0,0,0,0,0,0,0,0,0,0,0,0,0,0,0,0,0,0,0,0,0,0,0,0,0,0,65,0,0,0,0,0,0,0,1,64,0,1,64,0,22,43,0,2,63,0,1,64,0,5,51,9,0,0,0,65,65,0,45,20,3,62,0,65,3,62,0,3,62,0,4,61,0,65,2,0,0,0,3,0,0,0,0,0,0,0,0,0,0,0,0,5,0,0,0,47,0,0,0,0,7,1,0,0,0,1,3,0,0,0,0,0,0,0,0,0,0,1,0,0,0,0,47,0,0,0,0,7,5,1,0,0,0,0,46,0,0,17,0,2,0,0,26,39,6,59,0,9,56,65,58,7,5,51,9,0,45.03076923076923,52.0
25,011,166,3,162,1,5,160,1,6,0,2,56,102,16,0,2,56,92,30,135,1,4,90,72,0,0,0,0,0,0,0,0,29,0,1,1,0,0,0,0,0,0,2,0,1,0,0,0,0,131,1,0,0,0,0,0,0,0,0,0,0,0,0,0,0,0,0,0,0,0,0,0,0,0,0,0,0,0,0,0,0,0,165,0,0,0,0,1,0,0,1,164,1,8,153,5,35,130,1,20,145,1,1,164,1,9,89,68,0,0,0,166,166,0,72,94,12,153,1,166,10,151,5,19,146,1,5,160,1,166,2,0,0,0,2,0,2,0,0,0,0,0,0,0,0,11,0,6,0,0,3,83,0,1,0,0,54,2,0,0,0,0,2,0,0,0,0,0,0,0,0,0,0,0,0,0,1,0,83,0,0,0,0,54,24,2,0,0,0,0,92,0,0,70,0,4,0,0,94,72,4,161,1,68,98,166,112,54,7,91,68,0,36.86746987951807,41.5
25,012,264,7,257,0,2,262,0,6,0,2,213,43,11,0,2,213,38,17,247,0,2,166,96,0,0,1,0,1,1,1,1,0,3,7,0,1,0,3,2,1,1,11,1,3,0,0,0,2,219,2,1,0,0,2,0,0,0,0,0,0,0,0,0,0,0,6,1,0,0,0,0,0,0,0,1,0,0,1,1,0,0,254,0,0,0,0,0,0,0,2,262,0,2,259,3,29,235,0,2,259,3,4,260,0,3,42,219,0,0,0,264,264,0,36,228,12,252,0,264,3,261,0,8,245,11,2,262,0,264,7,0,1,0,2,1,0,0,0,1,0,0,0,0,1,3,0,6,0,0,0,29,0,0,0,0,212,1,0,1,0,0,2,0,0,0,0,0,0,0,0,0,0,0,0,0,1,0,29,0,0,0,0,212,18,1,0,0,6,0,20,0,0,234,0,4,0,0,168,96,3,261,0,219,45,264,52,212,2,43,219,0,37.11363636363637,35.0
25,013,4,0,4,0,1,3,0,0,0,0,0,4,0,0,0,0,4,2,2,0,0,3,1,0,0,0,0,0,0,0,0,0,0,0,0,0,0,0,0,0,0,0,0,0,0,0,0,0,4,0,0,0,0,0,0,0,0,0,0,0,0,0,0,0,0,0,0,0,0,0,0,0,0,0,0,0,0,0,0,0,0,4,0,0,0,0,0,0,0,1,3,0,0,4,0,1,3,0,0,4,0,0,4,0,2,2,0,0,0,0,4,4,0,2,2,1,3,0,4,1,3,0,1,3,0,0,4,0,4,0,0,0,0,0,0,0,0,0,0,0,0,0,1,0,0,0,0,0,0,0,3,0,0,0,0,0,0,0,0,0,0,0,0,0,0,0,0,0,0,0,0,0,0,0,0,0,0,3,0,0,0,0,0,1,0,0,0,0,0,2,0,0,1,0,1,0,0,3,1,0,4,0,0,4,4,4,0,1,3,0,0,31.25,13.5
25,014,11,1,10,0,3,8,0,0,0,1,1,9,2,0,1,1,7,6,5,0,0,8,3,0,0,0,0,0,0,0,0,0,0,0,0,0,0,0,0,0,0,0,0,0,0,0,0,0,11,0,0,0,0,0,0,0,0,0,0,0,0,0,0,0,0,0,0,0,0,0,0,0,0,0,1,0,0,0,0,0,0,10,0,0,0,0,0,0,0,1,10,0,0,10,1,4,7,0,0,10,1,1,10,0,1,6,4,0,0,0,11,11,0,5,6,3,8,0,11,0,11,0,2,8,1,1,10,0,11,1,0,0,0,1,0,0,0,0,0,0,0,0,0,0,1,0,0,0,0,0,7,0,0,0,0,1,0,0,0,0,0,1,0,0,0,0,0,0,0,0,0,0,0,0,0,0,0,7,0,0,0,0,1,2,0,0,0,0,0,9,0,0,2,0,0,0,0,8,3,2,9,0,4,7,11,10,1,2,5,4,0,67.45454545454545,76.0
25,015,6,0,6,0,0,6,0,2,0,0,1,3,0,0,0,1,5,0,6,0,0,5,1,0,0,0,0,0,0,0,0,0,0,0,0,0,0,0,0,0,0,0,0,0,0,0,0,0,6,0,0,0,0,0,0,0,0,0,0,0,0,0,0,0,0,0,0,0,0,0,0,0,0,0,0,0,0,0,0,0,0,6,0,0,0,0,0,0,0,0,6,0,0,4,2,1,5,0,0,4,2,2,4,0,0,6,0,0,0,0,6,6,0,4,2,0,6,0,6,3,3,0,1,4,1,0,6,0,6,0,0,0,0,0,0,0,0,0,0,0,0,0,0,0,0,0,2,0,0,0,3,0,0,0,0,1,0,0,0,0,0,0,0,0,0,0,0,0,0,0,0,0,0,0,0,0,0,3,0,0,0,0,1,2,0,0,0,0,0,0,0,0,1,0,5,0,0,5,1,0,6,0,0,6,6,5,1,0,6,0,0,57.166666666666664,64.0
25,016,4,0,4,0,0,4,0,0,0,0,0,4,0,0,0,0,4,0,4,0,0,2,2,0,0,0,0,0,0,0,0,0,0,0,0,0,0,0,0,0,0,0,0,0,0,0,0,0,4,0,0,0,0,0,0,0,0,0,0,0,0,0,0,0,0,0,0,0,0,0,0,0,0,0,0,0,0,0,0,0,0,4,0,0,0,0,0,0,0,0,4,0,0,4,0,0,4,0,0,4,0,2,2,0,1,2,1,0,0,0,4,4,0,3,1,0,4,0,4,1,3,0,0,1,3,0,4,0,4,0,0,0,0,0,0,0,0,0,0,0,0,0,0,0,0,0,0,0,0,0,4,0,0,0,0,0,0,0,0,0,0,0,0,0,0,0,0,0,0,0,0,0,0,0,0,0,0,4,0,0,0,0,0,0,0,0,0,0,0,4,0,0,0,0,0,0,0,2,2,1,3,0,1,3,4,4,0,1,2,1,0,26.0,28.5
25,017,15,0,15,0,0,15,0,1,0,0,3,11,2,0,0,3,10,0,15,0,2,7,6,0,0,0,0,0,0,0,0,0,0,0,0,0,0,0,0,0,0,0,0,0,0,0,0,0,15,0,0,0,0,0,0,0,0,0,0,0,0,0,0,0,0,0,0,0,0,0,0,0,0,0,0,0,0,0,0,0,1,13,1,0,0,0,0,0,0,0,15,0,0,13,2,5,10,0,0,13,2,1,14,0,0,9,6,0,0,0,15,15,0,7,8,1,14,0,15,1,14,0,3,12,0,1,14,0,15,1,0,0,0,0,0,0,0,0,0,0,0,0,0,0,1,0,1,0,0,0,9,0,0,0,0,3,0,0,0,0,0,0,0,0,0,0,0,0,0,0,0,0,0,0,0,0,0,9,0,0,0,0,3,3,0,0,0,0,0,11,0,0,4,0,0,0,0,9,6,0,15,0,6,9,15,12,3,0,9,6,0,40.2,31.0
25,018,20,0,20,0,0,20,0,3,0,0,7,10,3,0,0,7,10,0,20,0,2,10,8,0,0,0,0,0,0,0,0,0,0,0,0,0,0,0,0,0,0,0,0,0,0,0,0,0,20,0,0,0,0,0,0,0,0,0,0,0,0,0,0,0,0,0,0,0,0,0,0,0,0,0,0,0,0,0,0,0,0,20,0,0,0,0,0,0,0,0,20,0,0,19,1,2,18,0,0,19,1,0,20,0,1,11,8,0,0,0,20,20,0,3,17,2,18,0,20,0,20,0,2,18,0,0,20,0,20,3,0,0,0,0,0,0,0,0,0,0,0,0,1,0,0,0,3,0,0,0,6,0,0,0,0,7,0,0,1,0,0,0,0,0,0,0,0,0,0,0,0,0,0,0,0,1,0,6,0,0,0,0,7,5,0,0,0,0,0,7,0,0,5,0,8,0,0,12,8,3,17,0,8,12,20,13,7,2,10,8,0,34.85,31.0
26,002,44,0,44,0,0,44,0,0,0,0,35,9,1,0,0,35,8,5,39,0,2,19,23,0,0,0,0,0,0,0,0,4,1,0,0,1,0,0,1,1,0,0,0,0,0,0,0,0,3,32,0,0,0,0,0,0,1,0,0,0,0,0,0,0,0,0,0,0,0,0,0,0,0,0,0,0,0,0,0,0,0,0,44,0,0,0,0,0,0,0,44,0,0,42,2,3,41,0,0,42,2,1,43,0,1,7,36,0,0,1,43,43,1,7,37,5,39,0,44,2,42,0,12,31,1,0,44,0,44,0,0,1,0,0,0,0,0,0,0,0,0,0,0,0,1,0,0,0,0,0,7,0,0,0,0,35,0,0,0,0,0,0,0,0,0,0,0,0,0,0,0,0,0,0,0,0,0,7,0,0,0,0,35,2,0,0,0,0,0,41,0,0,2,0,1,0,0,21,23,5,39,0,36,8,44,9,35,2,6,36,0,33.13636363636363,28.5
26,003,1,0,1,0,0,1,0,0,0,0,0,1,0,0,0,0,1,1,0,0,0,0,1,0,0,0,0,0,0,0,0,0,0,0,0,0,0,0,0,0,0,0,0,0,0,0,0,0,0,1,0,0,0,0,0,0,0,0,0,0,0,0,0,0,0,0,0,0,0,0,0,0,0,0,0,0,0,0,0,0,0,0,1,0,0,0,0,0,0,0,1,0,0,1,0,1,0,0,0,1,0,0,1,0,1,0,0,0,0,0,1,1,0,1,0,1,0,0,1,0,1,0,0,1,0,0,1,0,1,0,0,0,0,0,0,0,0,0,0,0,0,0,0,0,0,0,0,0,0,0,1,0,0,0,0,0,0,0,0,0,0,0,0,0,0,0,0,0,0,0,0,0,0,0,0,0,0,1,0,0,0,0,0,0,0,0,0,0,0,0,0,0,0,0,1,0,0,0,1,0,1,0,0,1,1,1,0,0,1,0,0,64.0,64.0
26,004,3,0,3,0,0,3,0,0,0,0,2,1,0,0,0,2,1,1,2,0,0,1,2,0,0,0,0,0,0,0,0,1,0,0,0,0,0,0,0,0,0,0,0,0,0,0,0,0,0,2,0,0,0,0,0,0,0,0,0,0,0,0,0,0,0,0,0,0,0,0,0,0,0,0,0,0,0,0,0,0,0,0,3,0,0,0,0,0,0,1,2,0,0,3,0,1,2,0,0,3,0,0,3,0,0,1,2,0,0,0,3,3,0,1,2,0,3,0,3,0,3,0,0,3,0,0,3,0,3,0,0,0,0,0,0,0,0,0,0,0,0,0,0,0,0,0,0,0,0,0,1,0,0,0,0,2,0,0,0,0,0,0,0,0,0,0,0,0,0,0,0,0,0,0,0,0,0,1,0,0,0,0,2,0,0,0,0,2,0,1,0,0,0,0,0,0,0,1,2,1,2,0,2,1,3,1,2,0,1,2,0,50.0,64.0
26,006,2,0,2,0,1,1,0,0,0,0,0,2,0,0,0,0,2,0,2,0,0,1,1,0,0,0,0,0,0,0,0,0,0,0,0,0,0,0,0,0,0,0,0,0,0,0,0,0,0,2,0,0,0,0,0,0,0,0,0,0,0,0,0,0,0,0,0,0,0,0,0,0,0,0,0,0,0,0,0,0,0,0,2,0,0,0,0,0,0,0,2,0,0,2,0,0,2,0,0,2,0,1,1,0,1,1,0,0,0,0,2,2,0,1,1,0,2,0,2,0,2,0,1,1,0,0,2,0,2,0,0,0,0,0,0,0,0,0,0,0,0,0,0,0,0,0,0,0,0,0,2,0,0,0,0,0,0,0,0,0,0,0,0,0,0,0,0,0,0,0,0,0,0,0,0,0,0,2,0,0,0,0,0,0,0,0,0,1,0,0,0,0,1,0,0,0,0,1,1,0,2,0,0,2,2,2,0,1,1,0,0,21.0,21.0
26,012,1,0,1,0,0,1,0,0,0,0,0,1,0,0,0,0,1,0,1,0,0,1,0,0,0,0,0,0,0,0,0,1,0,0,0,0,0,0,0,0,0,0,0,0,0,0,0,0,0,0,0,0,0,0,0,0,0,0,0,0,0,0,0,0,0,0,0,0,0,0,0,0,0,0,0,0,0,0,0,0,0,0,1,0,0,0,0,0,0,0,1,0,0,1,0,1,0,0,0,1,0,0,1,0,0,1,0,0,0,0,1,1,0,1,0,0,1,0,1,0,1,0,0,1,0,1,0,0,1,0,0,0,0,0,0,0,0,0,0,0,0,0,0,0,0,0,0,0,0,0,1,0,0,0,0,0,0,0,0,0,0,0,0,0,0,0,0,0,0,0,0,0,0,0,0,0,0,1,0,0,0,0,0,0,0,0,0,0,0,1,0,0,0,0,0,0,0,1,0,0,1,0,0,1,1,1,0,0,1,0,0,49.0,49.0
26,013,1,0,1,0,1,0,0,0,0,0,0,1,0,0,0,0,1,0,1,0,0,1,0,0,0,0,0,0,0,0,0,0,0,0,0,0,0,0,0,0,0,0,0,0,0,0,0,0,0,1,0,0,0,0,0,0,0,0,0,0,0,0,0,0,0,0,0,0,0,0,0,0,0,0,0,0,0,0,0,0,0,0,1,0,0,0,0,0,0,0,1,0,0,1,0,1,0,0,0,1,0,0,1,0,0,1,0,0,0,0,1,1,0,1,0,0,1,0,1,0,1,0,0,1,0,0,1,0,1,0,0,0,0,0,0,0,0,0,0,0,0,0,0,0,0,0,0,0,0,0,1,0,0,0,0,0,0,0,0,0,0,0,0,0,0,0,0,0,0,0,0,0,0,0,0,0,0,1,0,0,0,0,0,0,0,0,0,0,0,0,0,0,1,0,0,0,0,1,0,0,1,0,0,1,1,1,0,0,1,0,0,79.0,79.0
26,014,1,0,1,0,0,1,0,0,0,0,0,1,0,0,0,0,1,0,1,0,0,0,1,0,0,0,0,0,0,0,0,0,0,0,0,0,0,0,0,0,0,0,0,0,0,0,0,0,0,1,0,0,0,0,0,0,0,0,0,0,0,0,0,0,0,0,0,0,0,0,0,0,0,0,0,0,0,0,0,0,0,0,1,0,0,0,0,0,0,1,0,0,0,1,0,1,0,0,0,1,0,0,1,0,1,0,0,0,0,0,1,1,0,1,0,0,1,0,1,0,1,0,0,1,0,0,1,0,1,0,0,0,0,0,0,0,0,0,0,0,0,0,0,0,0,0,0,0,0,0,1,0,0,0,0,0,0,0,0,0,0,0,0,0,0,0,0,0,0,0,0,0,0,0,0,0,0,1,0,0,0,0,0,0,0,0,0,0,0,0,0,0,1,0,0,0,0,0,1,1,0,0,0,1,1,1,0,0,1,0,0,62.0,62.0
26,015,1,0,1,0,0,1,0,0,0,0,1,0,0,0,0,1,0,0,1,0,0,1,0,0,0,0,0,0,0,0,0,0,0,0,0,0,0,0,0,0,0,0,0,0,0,0,0,0,0,1,0,0,0,0,0,0,0,0,0,0,0,0,0,0,0,0,0,0,0,0,0,0,0,0,0,0,0,0,0,0,0,0,1,0,0,0,0,0,0,0,1,0,0,1,0,0,1,0,0,1,0,0,1,0,0,0,1,0,0,0,1,1,0,0,1,0,1,0,1,0,1,0,0,1,0,0,1,0,1,0,0,0,0,0,0,0,0,0,0,0,0,0,0,0,0,0,0,0,0,0,0,0,0,0,0,1,0,0,0,0,0,0,0,0,0,0,0,0,0,0,0,0,0,0,0,0,0,0,0,0,0,0,1,0,0,0,0,0,0,1,0,0,0,0,0,0,0,1,0,0,1,0,1,0,1,0,1,0,0,1,0,21.0,21.0
26,017,42,1,41,0,1,41,0,4,0,1,11,26,2,0,1,11,28,4,38,0,2,17,23,0,0,0,0,0,0,0,0,0,0,0,1,0,0,0,0,0,0,1,0,0,0,0,0,0,0,40,0,0,0,0,0,0,0,0,0,0,0,0,0,0,0,0,0,0,0,0,0,0,0,0,0,0,0,0,0,0,0,0,42,0,0,0,0,0,0,0,42,0,0,38,4,6,36,0,0,37,5,0,42,0,5,22,15,0,0,0,42,42,0,23,19,8,34,0,42,1,41,0,7,32,3,2,40,0,42,2,0,7,0,1,0,0,0,0,1,0,0,0,0,0,0,0,4,0,0,0,15,0,1,0,0,5,6,0,0,1,0,1,0,0,0,0,0,0,0,0,0,0,0,0,0,0,0,15,0,0,0,0,5,14,6,0,0,29,0,7,0,0,3,0,3,0,0,19,23,4,38,0,15,27,42,37,5,0,27,15,0,29.166666666666668,25.5
26,018,30,2,28,0,0,30,0,2,0,0,6,22,2,0,0,6,22,2,28,0,4,16,10,0,0,1,0,0,0,0,0,0,0,0,0,0,0,0,0,0,0,0,0,0,0,1,0,0,7,21,0,0,0,0,0,0,0,0,0,0,0,0,0,0,0,0,0,0,0,0,0,0,0,0,0,1,0,0,1,0,0,1,26,0,1,0,0,0,0,0,30,0,0,30,0,1,29,0,1,29,0,2,28,0,1,11,18,0,0,0,30,30,0,7,23,3,27,0,30,3,27,0,4,24,2,0,30,0,30,0,0,1,0,0,0,0,0,0,0,0,0,0,0,0,1,0,2,0,0,1,19,0,0,0,0,5,1,0,0,0,0,0,0,0,0,0,0,0,0,0,0,0,0,0,0,0,0,19,0,0,0,0,5,5,1,0,0,2,0,8,0,2,17,0,1,0,0,20,10,2,28,0,18,12,30,25,5,0,12,18,0,27.266666666666666,28.0
26,019,5,0,5,0,0,5,0,0,0,0,0,5,1,0,0,0,4,1,4,0,0,2,3,0,0,0,0,0,0,0,0,0,0,0,0,0,0,0,0,0,0,0,0,0,0,0,0,0,0,5,0,0,0,0,0,0,0,0,0,0,0,0,0,0,0,0,0,0,0,0,0,0,0,0,0,0,0,0,0,0,0,0,5,0,0,0,0,0,0,1,4,0,0,5,0,1,4,0,0,5,0,0,5,0,0,5,0,0,0,0,5,5,0,5,0,0,5,0,5,0,5,0,2,3,0,0,5,0,5,0,0,2,0,0,0,0,0,0,0,0,0,0,0,0,0,0,0,0,0,1,2,0,0,0,0,0,0,0,0,0,0,0,0,0,0,0,0,0,0,0,0,0,0,0,0,0,0,2,0,0,0,0,0,3,0,0,0,1,0,1,0,0,3,0,0,0,0,2,3,0,5,0,0,5,5,5,0,1,4,0,0,17.6,1.0
26,020,4,0,4,0,0,4,0,0,0,0,0,4,0,0,0,0,4,0,4,0,0,3,1,0,0,0,0,0,0,0,0,0,0,0,0,0,0,0,1,0,0,0,0,0,0,0,0,0,0,2,0,0,0,0,1,0,0,0,0,0,0,0,0,0,0,0,0,0,0,0,0,0,0,0,0,0,0,0,0,0,0,0,4,0,0,0,0,0,0,0,4,0,0,4,0,0,4,0,0,4,0,0,4,0,0,4,0,0,0,0,4,4,0,3,1,0,4,0,4,0,4,0,0,4,0,0,4,0,4,0,0,0,0,0,0,0,0,0,0,0,0,0,0,0,0,0,0,0,0,0,4,0,0,0,0,0,0,0,0,0,0,0,0,0,0,0,0,0,0,0,0,0,0,0,0,0,0,4,0,0,0,0,0,0,0,0,0,0,0,3,0,0,1,0,0,0,0,3,1,0,4,0,0,4,4,4,0,0,4,0,0,7.25,4.5
26,023,1,0,1,0,0,1,0,0,0,0,0,1,0,0,0,0,1,0,1,0,0,1,0,0,0,0,0,0,0,0,0,0,0,0,0,0,0,0,0,0,0,0,0,0,0,0,0,0,0,1,0,0,0,0,0,0,0,0,0,0,0,0,0,0,0,0,0,0,0,0,0,0,0,0,0,0,0,0,0,0,0,0,1,0,0,0,0,0,0,0,1,0,0,1,0,0,1,0,0,1,0,0,1,0,0,1,0,0,0,0,1,1,0,1,0,0,1,0,1,0,1,0,0,1,0,0,1,0,1,0,0,0,0,0,0,0,0,0,0,0,0,0,0,0,0,0,0,0,0,0,1,0,0,0,0,0,0,0,0,0,0,0,0,0,0,0,0,0,0,0,0,0,0,0,0,0,0,1,0,0,0,0,0,0,0,0,0,0,0,1,0,0,0,0,0,0,0,1,0,0,1,0,0,1,1,1,0,0,1,0,0,10.0,10.0
26,025,40,1,38,1,0,39,1,3,0,5,1,31,7,0,5,1,27,2,37,1,1,14,25,0,0,2,0,0,1,0,3,2,1,0,0,0,1,0,0,0,0,0,0,0,0,0,0,0,0,30,0,0,0,0,0,0,0,0,0,0,0,0,0,0,0,0,0,0,0,0,0,0,0,0,0,0,0,0,0,0,0,0,40,0,0,0,0,0,0,0,39,1,5,32,3,4,35,1,9,28,3,2,37,1,5,28,7,0,0,0,40,40,0,31,9,1,38,1,40,2,38,0,3,28,9,0,39,1,40,2,0,5,0,5,0,0,0,0,0,0,0,0,0,0,1,0,3,0,0,4,19,0,0,0,0,1,0,0,0,4,0,5,0,0,0,0,0,0,0,0,0,0,0,0,0,0,0,19,0,0,0,0,1,11,0,0,0,0,0,39,0,0,0,0,1,0,0,15,25,2,37,1,7,33,40,39,1,4,29,7,0,18.125,2.0
26,026,5,0,5,0,0,5,0,0,0,0,1,4,0,0,0,1,4,0,5,0,0,2,3,0,0,0,0,0,0,0,0,0,0,0,0,0,0,0,0,0,0,0,0,0,0,0,0,0,0,5,0,0,0,0,0,0,0,0,0,0,0,0,0,0,0,0,0,0,0,0,0,0,0,0,0,0,0,0,0,0,0,0,5,0,0,0,0,0,0,0,5,0,0,5,0,0,5,0,0,5,0,1,4,0,1,3,1,0,0,0,5,5,0,3,2,0,5,0,5,1,4,0,0,5,0,0,5,0,5,0,0,1,0,0,0,0,0,0,0,0,0,0,0,0,0,0,0,0,0,0,3,0,0,0,0,1,0,0,0,0,0,0,0,0,0,0,0,0,0,0,0,0,0,0,0,0,0,3,0,0,0,0,1,1,0,0,0,0,0,5,0,0,0,0,0,0,0,2,3,0,5,0,1,4,5,4,1,0,4,1,0,4.2,1.0
26,029,73,2,71,0,0,73,0,2,0,5,3,63,10,0,5,3,55,5,68,0,0,27,46,0,0,0,0,0,0,0,0,3,0,0,0,1,0,1,1,0,0,1,0,0,0,0,0,0,1,64,0,0,0,1,0,0,0,0,0,0,0,0,0,0,0,1,0,0,0,0,0,0,0,0,0,0,0,0,0,0,0,0,72,0,0,0,0,0,0,1,72,0,3,67,3,6,67,0,4,66,3,2,71,0,5,45,23,0,0,0,73,73,0,47,26,7,66,0,73,10,63,0,6,50,17,1,72,0,73,5,0,17,0,5,0,0,0,0,0,0,0,0,0,0,3,0,2,0,0,2,35,0,1,0,0,3,0,0,0,0,0,5,0,0,0,0,0,0,0,0,0,0,0,0,0,0,0,35,0,0,0,0,3,30,0,0,0,0,0,68,0,0,3,0,1,1,0,27,46,6,67,0,23,50,73,70,3,4,46,23,0,22.65753424657534,13.0
26,030,684,41,642,1,27,657,0,53,0,6,89,536,61,0,6,89,528,73,611,0,13,313,358,0,0,3,1,0,1,0,2,3,4,4,0,0,0,6,2,3,2,1,0,0,3,0,0,0,10,635,0,1,0,1,0,0,2,0,0,0,0,0,0,0,0,1,0,0,0,0,0,0,0,0,0,0,0,0,0,1,0,1,681,0,0,0,0,0,0,21,663,0,5,623,56,90,594,0,6,623,55,32,652,0,68,472,143,1,0,0,684,682,2,442,242,39,645,0,684,77,606,1,122,540,22,8,676,0,684,13,2,103,0,6,0,0,0,0,0,0,0,0,1,1,34,0,53,0,2,12,364,0,1,3,0,84,5,0,1,8,0,6,0,0,0,0,0,0,0,0,3,0,2,0,0,0,0,364,0,0,0,0,84,211,5,0,0,55,0,263,0,69,224,0,73,0,0,326,358,29,654,1,143,541,684,600,84,44,496,143,1,22.00438596491228,5.0
26,033,9,0,9,0,0,9,0,2,0,1,0,6,0,0,1,0,8,0,9,0,0,4,5,0,0,0,0,0,0,0,0,0,0,0,0,0,0,0,0,0,0,0,0,0,0,0,0,0,2,7,0,0,0,0,0,0,0,0,0,0,0,0,0,0,0,0,0,0,0,0,0,0,0,0,0,0,0,0,0,0,0,3,6,0,0,0,0,0,0,0,9,0,0,9,0,1,8,0,0,9,0,2,7,0,0,9,0,0,0,0,9,9,0,8,1,0,9,0,9,1,8,0,1,8,0,0,9,0,9,0,0,2,0,1,0,0,0,0,0,0,0,0,0,0,0,0,2,0,0,0,4,0,0,0,0,0,0,0,0,0,0,1,0,0,0,0,0,0,0,0,0,0,0,0,0,0,0,4,0,0,0,0,0,4,0,0,0,1,0,5,0,0,0,0,3,0,0,4,5,1,8,0,0,9,9,9,0,0,9,0,0,28.11111111111111,16.0
26,035,2,0,2,0,0,2,0,0,0,0,0,2,0,0,0,0,2,0,2,0,0,1,1,0,0,0,0,0,0,0,0,0,0,0,0,0,0,0,0,0,0,0,0,0,0,0,0,0,0,2,0,0,0,0,0,0,0,0,0,0,0,0,0,0,0,0,0,0,0,0,0,0,0,0,0,0,0,0,0,0,0,0,2,0,0,0,0,0,0,0,2,0,0,2,0,1,1,0,0,2,0,0,2,0,0,2,0,0,0,0,2,2,0,2,0,0,2,0,2,0,2,0,0,2,0,0,2,0,2,0,0,0,0,0,0,0,0,0,0,0,0,0,0,0,0,0,0,0,0,0,2,0,0,0,0,0,0,0,0,0,0,0,0,0,0,0,0,0,0,0,0,0,0,0,0,0,0,2,0,0,0,0,0,0,0,0,0,0,0,0,0,0,1,0,1,0,0,1,1,0,2,0,0,2,2,2,0,0,2,0,0,43.5,43.5
26,036,5,0,5,0,1,4,0,0,0,0,0,5,0,0,0,0,5,2,3,0,0,2,3,0,0,0,0,0,0,0,0,0,0,0,0,0,0,0,0,0,0,1,0,0,0,0,0,0,0,4,0,0,0,0,0,0,0,0,0,0,0,0,0,0,0,0,0,0,0,0,0,0,0,0,0,0,0,0,0,0,0,0,5,0,0,0,0,0,0,1,4,0,0,4,1,2,3,0,0,4,1,0,5,0,1,4,0,0,0,0,5,5,0,5,0,0,5,0,5,1,4,0,0,5,0,1,4,0,5,0,0,1,0,0,0,0,0,0,0,0,0,0,0,0,0,0,0,0,0,0,4,0,0,0,0,0,0,0,0,0,0,0,0,0,0,0,0,0,0,0,0,0,0,0,0,0,0,4,0,0,0,0,0,1,0,0,0,0,0,1,0,1,3,0,0,0,0,2,3,1,4,0,0,5,5,5,0,0,5,0,0,44.4,63.0
26,039,3,0,3,0,0,3,0,0,0,0,1,2,0,0,0,1,2,0,3,0,0,1,2,0,0,0,0,0,0,0,0,0,0,0,0,0,0,0,0,0,0,0,0,0,0,0,0,0,0,3,0,0,0,0,0,0,0,0,0,0,0,0,0,0,0,0,0,0,0,0,0,0,0,0,0,0,0,0,0,0,0,0,3,0,0,0,0,0,0,0,3,0,0,3,0,0,3,0,0,3,0,0,3,0,1,1,1,0,0,0,3,3,0,2,1,0,3,0,3,0,3,0,1,2,0,0,3,0,3,0,0,0,0,0,0,0,0,0,0,0,0,0,0,0,0,0,0,0,0,0,2,0,0,0,0,1,0,0,0,0,0,0,0,0,0,0,0,0,0,0,0,0,0,0,0,0,0,2,0,0,0,0,1,0,0,0,0,0,0,3,0,0,0,0,0,0,0,1,2,0,3,0,1,2,3,2,1,1,1,1,0,24.666666666666668,7.0
26,042,26,2,24,0,2,24,0,2,0,1,12,11,1,0,1,12,12,5,21,0,0,10,16,0,0,0,0,0,0,0,0,1,0,0,0,0,0,0,0,0,0,0,0,0,0,0,0,0,3,22,0,0,0,0,0,0,0,0,0,0,0,0,0,0,0,1,0,0,0,0,0,0,0,0,0,0,0,0,0,0,0,2,23,0,0,0,0,0,0,2,24,0,0,21,5,3,23,0,0,21,5,2,24,0,4,8,14,0,0,0,26,26,0,12,14,0,26,0,26,3,23,0,7,19,0,1,25,0,26,0,0,0,0,1,1,0,0,0,0,0,0,0,0,0,0,0,2,0,0,0,10,0,0,0,0,12,0,0,0,0,0,1,0,0,0,0,0,0,0,0,0,0,0,0,0,0,0,10,0,0,0,0,12,3,0,0,0,1,0,19,0,0,0,0,6,0,0,10,16,0,26,0,14,12,26,14,12,2,10,14,0,34.34615384615385,21.5
26,043,59,3,56,0,1,58,0,2,0,0,22,35,6,0,0,22,31,7,52,0,0,34,25,0,0,0,0,0,0,0,0,2,1,0,0,0,0,0,0,1,0,0,0,0,0,1,0,0,6,48,0,0,0,0,0,0,0,0,0,0,0,0,0,0,1,0,0,1,0,0,0,0,1,0,0,0,0,0,0,0,0,5,51,0,0,0,0,0,0,2,57,0,0,55,4,9,50,0,0,55,4,4,55,0,4,24,31,0,0,0,59,59,0,22,37,6,53,0,59,2,57,0,15,44,0,1,58,0,59,3,0,7,0,0,0,0,0,0,0,0,0,0,0,0,0,0,2,0,0,3,22,0,0,0,0,20,2,0,0,0,0,0,0,0,0,0,0,0,0,0,0,0,0,0,0,0,0,22,0,0,0,0,20,15,2,0,0,4,0,10,0,0,41,0,4,0,0,34,25,3,56,0,31,28,59,39,20,2,26,31,0,29.033898305084747,29.0
26,047,5,0,5,0,0,5,0,0,0,0,1,4,0,0,0,1,4,0,5,0,0,0,5,0,0,0,0,0,0,0,0,0,0,0,0,0,0,0,0,0,0,0,0,0,0,0,0,0,0,5,0,0,0,0,0,0,0,0,0,0,0,0,0,0,0,0,0,0,0,0,0,0,0,0,0,0,0,0,0,0,0,0,5,0,0,0,0,0,0,0,5,0,0,5,0,1,4,0,0,5,0,1,4,0,2,2,1,0,0,0,5,5,0,3,2,1,4,0,5,0,5,0,2,2,1,0,5,0,5,0,0,3,0,0,0,0,0,0,0,0,0,0,0,0,0,0,0,0,0,0,1,0,0,0,0,1,0,0,0,0,0,0,0,0,0,0,0,0,0,0,0,0,0,0,0,0,0,1,0,0,0,0,1,3,0,0,0,3,0,2,0,0,0,0,0,0,0,0,5,1,4,0,1,4,5,4,1,1,3,1,0,25.2,16.0
26,048,33,2,31,0,1,32,0,0,0,1,1,31,4,0,1,1,27,4,29,0,0,8,25,0,0,4,0,0,0,0,0,0,0,1,0,0,0,0,0,0,0,0,0,0,0,0,0,0,4,22,0,0,0,0,0,0,2,0,2,0,0,0,0,0,0,0,0,0,0,0,0,0,0,0,0,0,0,0,0,0,0,0,31,0,0,0,0,0,0,0,33,0,0,33,0,4,29,0,0,33,0,1,32,0,1,26,6,0,0,2,31,31,2,20,13,3,30,0,33,3,30,0,5,27,1,2,31,0,33,2,0,1,0,1,0,0,0,0,0,0,0,0,0,0,0,0,0,0,0,2,26,0,0,0,0,0,1,0,0,0,0,1,0,0,0,0,0,0,0,0,0,0,0,0,0,0,0,26,0,0,0,0,0,5,1,0,0,1,0,29,0,0,3,0,0,0,0,8,25,2,31,0,6,27,33,33,0,1,26,6,0,36.333333333333336,38.0
26,051,1,0,1,0,0,1,0,0,0,0,0,1,0,0,0,0,1,0,1,0,0,0,1,0,0,0,0,0,0,0,0,0,0,0,0,0,0,0,0,0,0,0,0,0,0,0,0,0,0,1,0,0,0,0,0,0,0,0,0,0,0,0,0,0,0,0,0,0,0,0,0,0,0,0,0,0,0,0,0,0,0,0,1,0,0,0,0,0,0,0,1,0,0,1,0,0,1,0,0,1,0,0,1,0,0,1,0,0,0,0,1,1,0,1,0,0,1,0,1,0,1,0,0,1,0,0,1,0,1,0,0,0,0,0,0,0,0,0,0,0,0,0,0,0,0,0,0,0,0,0,1,0,0,0,0,0,0,0,0,0,0,0,0,0,0,0,0,0,0,0,0,0,0,0,0,0,0,1,0,0,0,0,0,0,0,0,0,0,0,0,0,0,0,0,1,0,0,0,1,0,1,0,0,1,1,1,0,0,1,0,0,54.0,54.0
26,052,1,0,1,0,0,1,0,1,0,0,0,0,0,0,0,0,1,0,1,0,0,0,1,0,0,0,0,0,0,0,0,0,0,0,0,0,0,0,0,0,0,0,0,0,0,0,0,0,0,1,0,0,0,0,0,0,0,0,0,0,0,0,0,0,0,0,0,0,0,0,0,0,0,0,0,0,0,0,0,0,0,0,1,0,0,0,0,0,0,0,1,0,0,1,0,0,1,0,0,1,0,0,1,0,0,1,0,0,0,0,1,1,0,1,0,0,1,0,1,0,1,0,0,1,0,0,1,0,1,0,0,0,0,0,0,0,0,0,0,0,0,0,0,0,0,0,1,0,0,0,0,0,0,0,0,0,0,0,0,0,0,0,0,0,0,0,0,0,0,0,0,0,0,0,0,0,0,0,0,0,0,0,0,1,0,0,0,0,0,0,0,0,0,0,1,0,0,0,1,0,1,0,0,1,1,1,0,0,1,0,0,76.0,76.0
26,054,1,0,1,0,0,1,0,0,0,0,0,1,0,0,0,0,1,0,1,0,0,1,0,0,0,0,0,0,0,0,0,0,0,0,0,0,0,0,0,0,0,0,0,0,0,0,0,0,0,1,0,0,0,0,0,0,0,0,0,0,0,0,0,0,0,0,0,0,0,0,0,0,0,0,0,0,0,0,0,0,0,0,1,0,0,0,0,0,0,0,1,0,0,1,0,0,1,0,0,1,0,0,1,0,0,1,0,0,0,0,1,1,0,0,1,0,1,0,1,1,0,0,1,0,0,0,1,0,1,0,0,0,0,0,0,0,0,0,0,0,0,0,0,0,0,0,0,0,0,0,1,0,0,0,0,0,0,0,0,0,0,0,0,0,0,0,0,0,0,0,0,0,0,0,0,0,0,1,0,0,0,0,0,0,0,0,0,0,0,1,0,0,0,0,0,0,0,1,0,0,1,0,0,1,1,1,0,0,1,0,0,1.0,1.0
26,055,18,0,18,0,3,15,0,0,0,0,0,18,2,0,0,0,16,3,15,0,0,10,8,0,0,1,0,0,0,0,0,0,0,0,0,0,0,0,1,0,0,0,0,0,0,0,0,0,1,14,0,0,0,0,0,0,1,0,15,0,0,0,0,0,0,0,0,0,0,0,0,0,0,0,0,0,0,0,0,0,0,0,3,0,0,0,0,0,0,1,17,0,0,18,0,4,14,0,0,18,0,2,16,0,5,12,1,0,0,1,17,17,1,15,3,3,15,0,18,1,17,0,2,7,9,0,18,0,18,2,0,3,0,0,0,0,0,0,0,0,0,0,0,0,0,0,0,0,0,0,13,0,0,0,0,0,0,0,0,0,0,0,0,0,0,0,0,0,0,0,0,0,0,0,0,0,0,13,0,0,0,0,0,5,0,0,0,0,0,16,0,0,1,0,1,0,0,10,8,0,18,0,1,17,18,18,0,1,16,1,0,26.833333333333332,11.5
26,056,7,0,7,0,0,7,0,0,0,0,0,7,2,0,0,0,5,0,7,0,0,2,5,0,0,0,0,0,0,0,0,0,0,0,0,0,0,0,0,0,0,0,0,0,0,0,0,0,0,7,0,0,0,0,0,0,0,0,0,0,0,0,0,0,0,0,0,0,0,0,0,0,0,0,0,0,0,0,0,0,0,0,7,0,0,0,0,0,0,0,7,0,0,7,0,0,7,0,0,6,1,0,7,0,0,7,0,0,0,0,7,7,0,6,1,0,7,0,7,0,7,0,1,6,0,1,6,0,7,0,0,1,0,0,0,0,0,0,0,0,0,0,0,0,1,0,0,0,0,1,4,0,0,0,0,0,0,0,0,0,0,0,0,0,0,0,0,0,0,0,0,0,0,0,0,0,0,4,0,0,0,0,0,3,0,0,0,0,0,7,0,0,0,0,0,0,0,2,5,0,7,0,0,7,7,7,0,0,7,0,0,1.8571428571428572,1.0
26,057,1,0,1,0,1,0,0,0,0,0,0,1,0,0,0,0,1,0,1,0,0,0,1,0,0,0,0,0,0,0,0,0,0,0,0,0,0,0,0,0,0,0,0,0,0,0,0,0,0,1,0,0,0,0,0,0,0,0,0,0,0,0,0,0,0,0,0,0,0,0,0,0,0,0,0,0,0,0,0,0,0,0,1,0,0,0,0,0,0,0,1,0,0,1,0,1,0,0,0,1,0,0,1,0,0,1,0,0,0,0,1,1,0,1,0,0,1,0,1,0,1,0,1,0,0,0,1,0,1,0,0,0,0,0,0,0,0,0,0,0,0,0,0,0,0,0,0,0,0,0,1,0,0,0,0,0,0,0,0,0,0,0,0,0,0,0,0,0,0,0,0,0,0,0,0,0,0,1,0,0,0,0,0,0,0,0,0,1,0,0,0,0,0,0,0,0,0,0,1,0,1,0,0,1,1,1,0,0,1,0,0,69.0,69.0
26,058,4,0,4,0,0,4,0,0,0,0,0,4,1,0,0,0,3,2,2,0,0,2,2,0,0,0,0,0,0,0,0,0,0,0,0,0,0,0,0,0,0,0,0,0,0,0,0,0,0,4,0,0,0,0,0,0,0,0,0,0,0,0,0,0,0,0,0,0,0,0,0,0,0,0,0,0,0,0,0,0,0,0,4,0,0,0,0,0,0,0,4,0,0,4,0,3,1,0,0,4,0,0,4,0,0,3,1,0,0,0,4,4,0,3,1,0,4,0,4,0,4,0,1,3,0,0,4,0,4,0,0,0,0,0,0,0,0,0,0,0,0,0,0,0,0,0,0,0,0,1,3,0,0,0,0,0,0,0,0,0,0,0,0,0,0,0,0,0,0,0,0,0,0,0,0,0,0,3,0,0,0,0,0,1,0,0,0,1,0,0,0,1,0,0,2,0,0,2,2,0,4,0,1,3,4,4,0,0,3,1,0,54.75,51.0
26,061,1,0,1,0,0,1,0,0,0,0,0,1,0,0,0,0,1,0,1,0,0,1,0,0,0,0,0,0,0,0,0,0,0,0,0,0,0,0,0,0,0,0,0,0,0,0,0,0,0,1,0,0,0,0,0,0,0,0,0,0,0,0,0,0,0,0,0,0,0,0,0,0,0,0,0,0,0,0,0,0,0,0,1,0,0,0,0,0,0,0,1,0,0,1,0,1,0,0,0,1,0,0,1,0,0,1,0,0,0,0,1,1,0,1,0,1,0,0,1,0,1,0,0,1,0,0,1,0,1,0,0,0,0,0,0,0,0,0,0,0,0,0,0,0,0,0,0,0,0,0,1,0,0,0,0,0,0,0,0,0,0,0,0,0,0,0,0,0,0,0,0,0,0,0,0,0,0,1,0,0,0,0,0,0,0,0,0,1,0,0,0,0,0,0,0,0,0,1,0,0,1,0,0,1,1,1,0,0,1,0,0,75.0,75.0
26,066,9,1,8,0,5,4,0,1,0,1,0,7,3,0,1,0,5,3,6,0,0,7,2,0,0,0,0,0,0,0,0,0,0,0,0,0,0,0,0,0,0,0,0,0,0,0,0,0,0,9,0,0,0,0,0,0,0,0,0,0,0,0,0,0,0,0,0,0,0,0,0,0,0,0,0,0,0,0,0,0,0,0,9,0,0,0,0,0,0,2,7,0,0,8,1,4,5,0,0,8,1,0,9,0,1,8,0,0,0,0,9,9,0,8,1,1,8,0,9,3,6,0,0,9,0,0,9,0,9,1,0,0,0,1,0,0,0,0,0,0,0,0,0,0,2,0,1,0,0,0,4,0,0,0,0,0,0,0,0,0,0,1,0,0,0,0,0,0,0,0,0,0,0,0,0,0,0,4,0,0,0,0,0,4,0,0,0,1,0,2,0,1,1,0,4,0,0,7,2,0,9,0,0,9,9,9,0,0,9,0,0,64.44444444444444,77.0
26,068,1,0,1,0,0,1,0,0,0,0,0,1,0,0,0,0,1,0,1,0,0,1,0,0,0,0,0,0,0,0,0,0,0,0,0,0,0,0,0,0,0,0,0,0,0,0,0,0,0,1,0,0,0,0,0,0,0,0,0,0,0,0,0,0,0,0,0,0,0,0,0,0,0,0,0,0,0,0,0,0,0,0,1,0,0,0,0,0,0,0,1,0,0,1,0,0,1,0,0,1,0,0,1,0,1,0,0,0,0,0,1,1,0,1,0,0,1,0,1,0,1,0,0,1,0,0,1,0,1,0,0,0,0,0,0,0,0,0,0,0,0,0,0,0,0,0,0,0,0,0,1,0,0,0,0,0,0,0,0,0,0,0,0,0,0,0,0,0,0,0,0,0,0,0,0,0,0,1,0,0,0,0,0,0,0,0,0,1,0,0,0,0,0,0,0,0,0,1,0,0,1,0,0,1,1,1,0,0,1,0,0,37.0,37.0
26,069,1,0,1,0,0,1,0,0,0,0,0,1,0,0,0,0,1,0,1,0,0,0,1,0,0,0,0,0,0,0,0,1,0,0,0,0,0,0,0,0,0,0,0,0,0,0,0,0,0,0,0,0,0,0,0,0,0,0,0,0,0,0,0,0,1,0,0,0,0,0,0,0,0,0,0,0,0,0,0,0,0,0,0,0,0,0,0,0,0,0,1,0,0,1,0,0,1,0,0,1,0,0,1,0,0,1,0,0,0,0,1,1,0,1,0,0,1,0,1,0,1,0,0,1,0,0,1,0,1,0,0,0,0,0,0,0,0,0,0,0,0,0,0,0,0,0,0,0,0,0,1,0,0,0,0,0,0,0,0,0,0,0,0,0,0,0,0,0,0,0,0,0,0,0,0,0,0,1,0,0,0,0,0,0,0,0,0,1,0,0,0,0,0,0,0,0,0,0,1,0,1,0,0,1,1,1,0,0,1,0,0,42.0,42.0
26,070,4,0,4,0,0,4,0,0,0,0,0,4,0,0,0,0,4,0,4,0,0,2,2,0,0,1,0,0,0,0,0,0,0,0,0,0,0,0,0,0,0,0,0,0,0,0,0,0,0,3,0,0,0,0,0,0,0,0,0,0,0,0,0,0,0,0,0,0,0,0,0,0,0,0,0,0,0,0,0,0,0,0,4,0,0,0,0,0,0,0,4,0,0,2,2,0,4,0,0,3,1,0,4,0,0,4,0,0,0,0,4,4,0,2,2,1,3,0,4,0,4,0,0,4,0,0,4,0,4,0,0,0,0,0,0,0,0,0,0,0,0,0,0,0,0,0,0,0,0,0,4,0,0,0,0,0,0,0,0,0,0,0,0,0,0,0,0,0,0,0,0,0,0,0,0,0,0,4,0,0,0,0,0,0,0,0,0,0,0,4,0,0,0,0,0,0,0,2,2,0,4,0,0,4,4,4,0,0,4,0,0,28.0,28.0
26,071,2,0,2,0,0,2,0,0,0,1,0,1,0,0,1,0,1,1,1,0,0,1,1,0,0,0,0,0,0,0,0,0,0,0,0,0,0,0,0,0,0,0,0,0,0,0,0,0,1,1,0,0,0,0,0,0,0,0,0,0,0,0,0,0,0,0,0,0,0,0,0,0,0,0,0,0,0,0,0,0,0,0,2,0,0,0,0,0,0,0,2,0,0,2,0,0,2,0,0,2,0,0,2,0,0,2,0,0,0,0,2,2,0,1,1,0,2,0,2,0,2,0,0,2,0,0,2,0,2,0,0,0,0,1,0,0,0,0,0,0,0,0,0,0,0,0,0,0,0,0,1,0,0,0,0,0,0,0,0,0,0,1,0,0,0,0,0,0,0,0,0,0,0,0,0,0,0,1,0,0,0,0,0,0,0,0,0,0,0,1,0,0,0,0,1,0,0,1,1,0,2,0,0,2,2,2,0,0,2,0,0,32.5,32.5
26,072,2,0,2,0,0,2,0,0,0,0,0,2,1,0,0,0,1,0,2,0,0,1,1,0,0,0,0,0,0,0,0,0,0,0,0,0,0,0,0,0,0,0,0,0,0,0,0,0,0,2,0,0,0,0,0,0,0,0,0,0,0,0,0,0,0,0,0,0,0,0,0,0,0,0,0,0,0,0,0,0,0,0,2,0,0,0,0,0,0,0,2,0,0,2,0,1,1,0,0,2,0,0,2,0,0,1,1,0,0,0,2,2,0,1,1,1,1,0,2,1,1,0,0,1,1,0,2,0,2,1,0,0,0,0,0,0,0,0,0,0,0,0,0,0,0,0,0,0,0,0,1,0,0,0,0,0,0,0,0,0,0,0,0,0,0,0,0,0,0,0,0,0,0,0,0,0,0,1,0,0,0,0,0,1,0,0,0,0,0,1,0,0,1,0,0,0,0,1,1,0,2,0,1,1,2,2,0,1,0,1,0,48.0,48.0
27,001,46,1,45,0,1,45,0,2,0,1,9,34,1,0,1,9,35,14,32,0,0,23,23,0,0,0,0,1,0,0,0,0,0,0,0,0,0,0,0,0,0,0,0,1,0,0,0,0,0,1,43,0,0,0,0,0,0,0,0,0,1,0,0,0,0,0,0,0,0,0,0,0,0,0,0,0,0,0,0,0,0,0,0,45,0,0,0,0,0,1,45,0,0,45,1,8,38,0,0,46,0,1,45,0,1,36,9,0,0,0,46,46,0,21,25,7,39,0,46,1,44,1,4,42,0,1,45,0,46,0,0,0,0,1,0,0,0,0,0,0,0,0,0,0,0,0,2,0,0,0,34,0,0,0,0,9,0,1,0,0,0,1,0,0,0,0,0,0,0,0,0,0,0,0,0,0,0,34,0,0,0,0,9,1,0,0,0,0,0,45,0,0,1,0,0,0,0,23,23,4,42,0,9,37,46,37,9,1,36,9,0,37.608695652173914,42.0
27,002,136,3,133,0,5,131,0,10,0,2,17,107,8,0,2,17,109,11,125,0,6,74,56,0,0,0,0,0,0,0,0,0,1,0,0,1,0,0,1,0,0,0,0,2,0,0,0,0,0,0,128,0,0,3,0,0,0,0,0,0,0,0,0,0,0,1,0,1,0,0,0,0,0,0,0,0,0,1,0,1,0,0,0,129,0,0,2,1,0,5,131,0,0,132,4,17,119,0,0,132,4,4,132,0,4,91,41,0,0,0,136,136,0,63,73,8,128,0,136,5,131,0,30,104,2,3,133,0,136,8,0,0,0,2,0,0,0,0,1,0,0,0,6,3,0,0,10,0,0,0,89,0,0,0,0,16,1,0,1,1,0,2,0,0,0,0,0,0,0,0,1,1,0,0,0,0,0,89,0,0,0,0,16,24,1,0,0,2,0,73,0,3,54,0,2,2,0,80,56,2,134,0,41,95,136,120,16,4,91,41,0,33.455882352941174,29.0
27,003,12,0,12,0,1,11,0,0,0,0,1,11,0,0,0,1,11,1,11,0,3,3,6,0,0,0,0,0,0,0,0,0,0,0,0,0,0,0,0,0,0,0,0,0,0,0,0,0,0,0,12,0,0,0,0,0,0,0,0,0,0,0,0,0,0,0,0,0,0,0,0,0,0,0,0,0,0,0,0,0,0,0,0,11,0,0,1,0,0,2,10,0,0,12,0,2,10,0,0,12,0,0,12,0,3,9,0,0,0,0,12,12,0,5,7,0,12,0,12,1,11,0,1,9,2,0,12,0,12,0,0,0,0,0,0,1,0,0,0,0,0,0,0,0,0,0,0,0,0,0,10,0,0,0,0,1,0,0,0,0,0,0,0,0,0,0,0,0,0,0,0,0,0,0,0,0,0,10,0,0,0,0,1,1,0,0,0,0,0,7,0,2,3,0,0,0,0,6,6,0,12,0,0,12,12,11,1,2,10,0,0,34.583333333333336,37.0
27,004,314,20,294,0,12,302,0,15,0,9,39,251,8,0,9,39,258,41,273,0,8,146,159,1,1,0,0,1,0,0,3,0,3,1,1,0,0,0,2,0,0,0,0,3,1,0,1,0,2,0,283,0,0,5,2,0,5,0,0,0,1,0,0,0,0,17,0,0,0,3,0,0,0,0,0,0,0,1,0,0,0,0,0,286,0,0,2,4,0,9,305,0,0,299,15,50,264,0,0,300,14,6,308,0,27,231,56,0,0,5,309,309,5,156,158,9,305,0,314,14,300,0,56,231,27,14,300,0,314,6,2,5,0,9,0,0,0,0,0,0,0,0,6,7,0,0,15,0,2,2,221,0,0,0,0,33,6,0,0,0,0,9,0,0,0,1,0,0,0,0,2,0,0,0,0,2,0,221,0,1,0,0,33,39,6,0,0,18,0,128,0,22,115,1,6,24,0,155,159,4,310,0,56,258,314,281,33,16,242,56,0,36.51910828025478,31.5
27,005,153,15,138,0,4,149,0,4,0,1,11,137,1,0,1,11,140,22,131,0,1,68,84,0,0,1,0,0,0,0,0,0,0,0,0,0,0,0,0,0,0,0,0,0,0,0,0,0,0,1,151,0,0,0,0,0,0,0,0,0,0,0,0,0,0,1,0,0,0,0,0,0,0,0,0,0,0,0,0,0,0,0,0,152,0,0,0,0,0,16,137,0,3,144,6,29,124,0,3,146,4,2,151,0,4,137,12,0,0,0,153,153,0,68,85,16,137,0,153,85,68,0,4,148,1,8,145,0,153,0,1,1,0,1,0,0,0,0,0,0,0,0,2,2,0,0,4,0,0,1,130,0,0,0,0,7,4,0,0,0,0,1,0,0,0,0,0,0,0,0,2,0,0,0,0,1,0,130,0,0,0,0,7,8,4,0,0,0,0,127,0,0,20,0,0,6,0,69,84,5,148,0,12,141,153,146,7,4,137,12,0,33.3921568627451,30.0
27,006,21,0,21,0,1,20,0,2,0,0,3,16,0,0,0,3,18,0,21,0,0,14,7,0,0,0,0,0,0,0,0,0,0,0,0,0,0,0,0,0,0,0,0,0,0,0,0,0,0,0,21,0,0,0,0,0,0,0,0,0,0,0,0,0,0,2,0,0,0,0,0,0,0,0,0,0,0,1,0,0,0,0,0,18,0,0,0,0,0,1,20,0,0,20,1,1,20,0,0,20,1,0,21,0,1,16,4,0,0,0,21,21,0,13,8,1,20,0,21,1,20,0,4,16,1,0,21,0,21,0,0,0,0,0,0,0,0,0,0,0,0,0,1,0,0,0,2,0,2,0,13,0,0,0,0,3,0,0,0,0,0,0,0,0,0,0,0,0,0,0,0,0,0,0,0,0,0,13,0,0,1,0,3,4,0,0,0,0,0,13,0,1,6,0,0,1,0,14,7,1,20,0,4,17,21,18,3,2,15,4,0,24.61904761904762,25.0
27,008,70,2,68,0,3,67,0,0,0,0,6,64,3,0,0,6,61,10,60,0,1,28,41,0,0,0,0,1,0,0,2,1,0,0,0,0,0,0,0,1,0,0,0,0,0,0,0,0,0,0,65,0,0,0,0,0,0,0,0,0,0,0,0,0,0,0,0,0,0,0,0,0,0,0,0,0,0,0,0,0,0,0,0,70,0,0,0,0,0,1,69,0,0,64,6,9,61,0,0,69,1,8,62,0,6,58,6,0,0,0,70,70,0,47,23,6,64,0,70,7,62,1,13,54,3,5,65,0,70,3,0,0,0,0,0,0,0,1,0,0,0,0,1,4,0,0,0,0,0,0,55,0,0,0,0,4,2,0,0,0,0,0,0,0,0,0,0,0,0,0,1,0,0,0,0,1,0,55,0,0,0,0,4,7,2,0,0,0,0,40,0,1,27,0,0,2,0,29,41,0,70,0,6,64,70,66,4,4,60,6,0,26.728571428571428,9.0
27,009,9,0,9,0,0,9,0,0,0,0,2,7,0,0,0,2,7,0,9,0,0,5,4,0,0,0,0,0,0,0,0,0,0,0,0,0,0,0,0,0,0,0,0,0,0,0,0,0,0,0,9,0,0,0,0,0,0,0,0,0,0,0,0,0,0,1,0,0,0,0,0,0,0,0,0,0,0,0,0,0,0,0,0,8,0,0,0,0,0,0,9,0,0,9,0,0,9,0,0,9,0,0,9,0,2,6,1,0,0,0,9,9,0,7,2,0,9,0,9,0,9,0,1,8,0,1,8,0,9,0,0,0,0,0,0,0,0,0,0,0,0,0,0,0,0,0,0,0,0,0,7,0,0,0,0,1,1,0,0,0,0,0,0,0,0,0,0,0,0,0,0,0,0,0,0,0,0,7,0,0,0,0,1,0,1,0,0,0,0,3,0,3,2,0,0,1,0,5,4,0,9,0,1,8,9,8,1,1,7,1,0,27.0,8.0
27,010,19,0,19,0,0,19,0,0,0,0,2,17,0,0,0,2,17,4,15,0,1,8,10,0,0,0,0,0,0,0,0,0,0,0,0,0,0,0,0,0,0,0,0,0,0,0,0,0,0,0,19,0,0,0,0,0,0,0,0,0,0,0,0,0,0,0,0,0,0,0,0,0,0,0,0,0,0,0,0,0,0,0,0,19,0,0,0,0,0,0,19,0,0,18,1,2,17,0,0,18,1,0,19,0,3,14,2,0,0,0,19,19,0,11,8,0,19,0,19,1,18,0,5,14,0,0,19,0,19,0,0,0,0,0,0,0,0,0,0,0,0,0,0,1,0,0,0,0,0,0,16,0,0,0,0,2,0,0,0,1,0,0,0,0,0,0,0,0,0,0,0,0,0,0,0,0,0,16,0,0,0,0,2,0,0,0,0,0,0,13,0,1,5,0,0,0,0,9,10,1,18,0,2,17,19,17,2,2,15,2,0,27.157894736842106,20.0
27,011,4,0,4,0,0,4,0,1,0,0,0,3,0,0,0,0,4,0,4,0,0,2,2,0,0,0,0,0,0,0,0,0,0,0,0,0,0,0,0,0,0,0,0,0,0,0,0,0,0,0,4,0,0,0,0,0,0,0,0,0,0,0,0,0,0,0,0,0,0,0,0,0,0,0,0,0,0,0,0,0,0,0,0,4,0,0,0,0,0,0,4,0,0,4,0,0,4,0,0,4,0,0,4,0,2,2,0,0,0,0,4,4,0,4,0,0,4,0,4,0,4,0,0,4,0,0,4,0,4,0,0,0,0,0,0,0,0,0,0,0,0,0,0,0,0,0,1,0,0,0,3,0,0,0,0,0,0,0,0,0,0,0,0,0,0,0,0,0,0,0,0,0,0,0,0,0,0,3,0,0,0,0,0,1,0,0,0,0,0,4,0,0,0,0,0,0,0,2,2,0,4,0,0,4,4,4,0,0,4,0,0,1.75,0.0
27,012,20,0,20,0,0,20,0,0,0,0,3,17,0,0,0,3,17,6,14,0,1,7,12,0,0,0,0,0,0,0,0,0,1,0,0,0,0,0,0,0,0,0,0,0,0,0,0,0,0,0,19,0,0,0,0,0,0,0,0,0,0,0,0,0,0,2,0,0,0,0,0,0,0,0,0,0,0,0,0,0,0,0,0,18,0,0,0,0,0,1,19,0,0,19,1,4,16,0,0,19,1,3,17,0,5,13,2,0,0,0,20,20,0,17,3,1,19,0,20,1,19,0,4,14,2,0,20,0,20,0,0,0,0,0,0,0,1,0,0,0,0,0,0,0,0,0,0,0,0,0,16,0,0,0,0,2,1,0,0,0,0,0,0,0,0,0,0,0,0,0,0,0,0,0,0,0,0,16,0,0,0,0,2,1,1,0,0,1,0,9,0,3,2,0,0,5,0,8,12,0,20,0,2,18,20,18,2,5,13,2,0,29.2,23.5
27,013,35,1,34,0,2,33,0,3,0,2,7,23,4,0,2,7,22,5,28,2,1,12,22,0,0,0,0,0,0,0,2,0,1,0,0,0,1,0,0,0,0,0,0,0,0,0,0,0,0,0,31,0,0,0,0,0,0,0,0,0,0,0,0,0,0,2,0,0,0,0,0,0,0,0,0,0,0,1,0,0,0,0,0,32,0,0,0,0,0,1,34,0,0,33,2,3,32,0,1,32,2,0,35,0,4,24,7,0,0,0,35,35,0,16,19,3,32,0,35,1,34,0,1,31,3,2,33,0,35,1,1,0,0,2,0,0,0,0,0,0,0,0,1,0,1,0,3,0,0,2,17,0,0,0,0,7,0,0,0,0,0,2,0,0,0,0,0,0,0,0,0,0,0,0,0,0,0,17,0,0,0,0,7,9,0,0,0,1,0,13,0,2,14,0,0,5,0,13,22,0,35,0,7,28,35,28,7,3,25,7,0,30.17142857142857,28.0
27,014,18,2,16,0,0,18,0,0,0,0,0,18,2,0,0,0,16,0,18,0,0,7,11,0,0,0,0,0,0,0,0,0,0,0,0,0,0,0,0,0,0,0,0,0,0,0,0,0,0,0,17,0,0,1,0,0,0,0,0,0,0,0,0,0,0,1,0,0,0,0,0,0,0,0,0,0,0,0,0,0,0,0,0,16,0,0,1,0,0,1,17,0,0,18,0,3,15,0,0,18,0,0,18,0,2,15,1,0,0,0,18,18,0,11,7,2,16,0,18,6,12,0,3,14,1,0,18,0,18,2,0,1,0,0,0,0,0,0,0,0,0,0,0,0,0,0,0,0,0,0,15,0,0,0,0,0,0,0,0,0,0,0,0,0,0,0,0,0,0,0,0,0,0,0,0,0,0,15,0,0,0,0,0,3,0,0,0,1,0,11,0,0,6,0,0,0,0,7,11,1,17,0,1,17,18,18,0,2,15,1,0,24.833333333333332,17.5
27,015,2,0,2,0,1,1,0,1,0,0,0,1,1,0,0,0,1,0,2,0,0,2,0,0,0,0,0,0,0,0,1,0,0,0,0,0,0,0,0,0,0,0,0,0,0,0,0,0,0,0,1,0,0,0,0,0,0,0,0,0,0,0,0,0,0,0,0,0,0,0,0,0,0,0,0,0,0,0,0,0,0,0,0,2,0,0,0,0,0,0,2,0,0,2,0,1,1,0,0,2,0,0,2,0,0,2,0,0,0,0,2,2,0,1,1,1,1,0,2,0,2,0,1,1,0,0,2,0,2,1,0,0,0,0,0,0,0,0,0,0,0,0,0,0,0,0,1,0,0,0,0,0,0,0,0,0,0,0,0,0,0,0,0,0,0,0,0,0,0,0,0,0,0,0,0,0,0,0,0,0,0,0,0,2,0,0,0,0,0,1,0,0,1,0,0,0,0,2,0,0,2,0,0,2,2,2,0,0,2,0,0,55.5,55.5
27,016,10,0,10,0,0,10,0,1,0,0,1,8,0,0,0,1,9,1,9,0,0,4,6,0,0,0,0,0,0,0,0,0,0,0,0,1,0,0,0,0,0,0,0,0,0,0,0,0,0,0,9,0,0,0,0,0,0,0,0,0,0,0,0,0,0,1,0,0,0,0,0,0,0,0,0,0,0,0,0,0,0,0,0,9,0,0,0,0,0,0,10,0,0,10,0,3,7,0,0,10,0,0,10,0,1,9,0,0,0,0,10,10,0,9,1,0,10,0,10,1,9,0,1,9,0,2,8,0,10,0,0,0,0,0,0,0,0,0,0,0,0,0,0,0,0,0,1,0,0,0,8,0,0,0,0,0,1,0,0,0,0,0,0,0,0,0,0,0,0,0,0,0,0,0,0,0,0,8,0,0,0,0,0,1,1,0,0,1,0,4,0,0,5,0,0,0,0,4,6,0,10,0,0,10,10,10,0,0,10,0,0,35.7,38.0
27,017,7,0,7,0,0,7,0,0,0,1,1,5,1,0,1,1,4,0,7,0,0,4,3,0,0,0,0,0,0,0,0,0,0,0,0,0,0,0,0,0,0,0,0,0,0,0,0,0,0,0,7,0,0,0,0,0,0,0,0,0,0,0,0,0,0,0,0,0,0,0,0,0,0,0,0,0,0,1,0,0,0,0,0,6,0,0,0,0,0,0,7,0,0,7,0,0,7,0,0,7,0,0,7,0,0,6,1,0,0,0,7,7,0,3,4,0,7,0,7,0,7,0,0,7,0,0,7,0,7,0,0,0,0,1,0,0,0,0,0,0,0,0,0,0,0,0,0,0,0,1,4,0,0,0,0,1,0,0,0,0,0,1,0,0,0,0,0,0,0,0,0,0,0,0,0,0,0,4,0,0,0,0,1,1,0,0,0,0,0,2,0,1,4,0,0,0,0,4,3,0,7,0,1,6,7,6,1,0,6,1,0,23.0,19.0
28,001,2,0,2,0,0,2,0,0,0,0,0,2,0,0,0,0,2,0,2,0,0,1,1,0,0,0,0,0,0,0,0,0,0,0,0,0,0,0,0,0,0,0,0,0,0,0,0,0,0,0,0,2,0,0,0,0,0,0,0,0,0,0,0,0,0,0,0,0,0,0,0,0,0,0,0,0,0,0,0,0,0,0,0,0,2,0,0,0,0,0,2,0,0,2,0,0,2,0,0,2,0,0,2,0,0,2,0,0,0,0,2,2,0,2,0,0,2,0,2,0,2,0,0,2,0,0,2,0,2,0,0,0,0,0,0,0,0,0,0,0,0,0,0,0,0,0,0,0,0,0,2,0,0,0,0,0,0,0,0,0,0,0,0,0,0,0,0,0,0,0,0,0,0,0,0,0,0,2,0,0,0,0,0,0,0,0,0,0,0,2,0,0,0,0,0,0,0,1,1,0,2,0,0,2,2,2,0,0,2,0,0,38.5,38.5
28,002,2,0,2,0,0,2,0,0,0,0,0,2,0,0,0,0,2,0,2,0,0,1,1,0,0,0,0,0,0,0,0,0,0,0,0,0,0,0,0,0,0,0,0,0,0,0,0,0,0,0,0,2,0,0,0,0,0,0,0,0,0,0,0,0,0,0,0,0,0,0,0,0,0,0,0,1,0,0,0,0,0,0,0,0,1,0,0,0,0,0,2,0,0,2,0,0,2,0,0,2,0,0,2,0,0,1,1,0,0,0,2,2,0,0,2,0,2,0,2,1,1,0,0,2,0,0,2,0,2,0,0,0,0,0,0,0,0,0,0,0,0,0,0,0,0,0,0,0,0,0,2,0,0,0,0,0,0,0,0,0,0,0,0,0,0,0,0,0,0,0,0,0,0,0,0,0,0,2,0,0,0,0,0,0,0,0,0,1,0,0,0,0,1,0,0,0,0,1,1,0,2,0,1,1,2,2,0,0,1,1,0,45.0,45.0
28,003,44,3,41,0,5,39,0,2,0,0,17,25,3,0,0,17,24,8,36,0,1,26,17,0,0,0,0,0,0,0,0,0,0,0,0,0,0,0,0,0,0,0,1,0,0,0,0,5,0,0,0,34,0,4,0,0,0,0,0,0,0,0,0,0,0,2,0,0,0,0,0,0,0,0,0,1,0,0,0,0,1,0,0,0,40,0,0,0,0,1,43,0,0,43,1,9,35,0,0,43,1,0,44,0,0,33,11,0,0,0,44,44,0,5,39,3,41,0,44,5,39,0,6,37,1,2,42,0,44,2,0,0,0,0,0,0,0,0,0,0,0,0,0,0,1,0,2,0,0,0,22,0,0,0,0,16,1,0,0,0,0,0,0,0,0,0,0,0,0,0,0,0,0,0,0,0,0,22,0,0,0,0,16,5,1,0,0,3,0,15,0,0,21,0,4,1,0,27,17,2,42,0,11,33,44,28,16,0,33,11,0,35.81818181818182,37.5
28,007,5,1,4,0,1,4,0,0,0,0,0,5,0,0,0,0,5,0,5,0,0,2,3,0,0,0,0,0,0,0,0,0,0,0,0,0,0,0,0,0,0,0,0,0,0,0,0,0,0,0,0,5,0,0,0,0,0,0,0,0,0,0,0,0,0,1,0,0,0,0,0,0,0,0,0,0,0,0,0,0,0,0,0,0,4,0,0,0,0,0,5,0,0,5,0,0,5,0,0,5,0,2,3,0,0,4,1,0,0,0,5,5,0,2,3,1,4,0,5,0,5,0,1,4,0,0,5,0,5,0,1,1,0,0,0,0,0,0,0,0,0,0,1,0,0,0,0,0,0,0,2,0,0,0,0,0,0,0,0,0,0,0,0,0,0,0,0,0,0,0,0,0,0,0,0,0,0,2,0,0,0,0,0,3,0,0,0,0,0,3,0,0,1,0,0,1,0,2,3,1,4,0,1,4,5,5,0,0,4,1,0,25.0,14.0
28,009,177,23,154,0,4,173,0,4,0,1,147,25,5,0,1,147,24,26,151,0,10,91,76,0,0,0,0,0,0,0,1,0,0,0,0,0,0,1,6,0,0,0,0,0,0,0,0,2,0,0,0,159,0,7,0,0,1,0,0,0,0,1,0,0,0,2,0,0,0,0,1,0,0,0,0,0,0,0,0,0,0,0,0,0,173,0,0,0,0,9,168,0,0,170,7,24,153,0,0,170,7,2,175,0,0,57,120,0,0,1,176,176,1,7,170,6,171,0,177,1,176,0,15,160,2,1,176,0,177,3,1,1,0,1,0,0,0,0,0,0,0,0,0,0,1,0,4,0,0,0,19,0,0,0,0,146,1,1,0,0,0,1,0,0,0,0,0,0,0,0,0,1,0,0,0,0,0,19,0,0,0,0,146,8,1,0,0,0,0,153,0,0,13,0,8,2,1,101,76,13,164,0,120,57,177,31,146,0,57,120,0,28.548022598870055,23.0
28,012,3,0,3,0,0,3,0,0,0,0,3,0,0,0,0,3,0,0,3,0,2,0,1,0,0,0,0,0,0,0,0,0,0,0,0,0,0,0,0,0,0,0,0,0,0,0,0,0,0,0,0,3,0,0,0,0,0,0,0,0,0,0,0,0,0,0,0,0,0,0,0,0,0,0,0,0,0,0,0,0,0,0,0,0,3,0,0,0,0,0,3,0,0,3,0,0,3,0,0,3,0,0,3,0,0,1,2,0,0,0,3,3,0,0,3,1,2,0,3,0,3,0,0,3,0,0,3,0,3,0,0,0,0,0,0,0,0,0,0,0,0,0,0,0,0,0,0,0,0,0,0,0,0,0,0,3,0,0,0,0,0,0,0,0,0,0,0,0,0,0,0,0,0,0,0,0,0,0,0,0,0,0,3,0,0,0,0,0,0,3,0,0,0,0,0,0,0,2,1,0,3,0,2,1,3,0,3,0,1,2,0,14.666666666666666,20.0
28,015,6,0,6,0,3,3,0,1,0,0,1,4,0,0,0,1,5,3,3,0,0,3,3,0,1,0,0,0,0,0,0,0,0,0,0,0,0,0,0,0,0,0,0,0,0,0,0,0,0,0,0,4,0,0,0,1,0,0,0,0,0,0,0,0,0,0,0,0,0,0,0,0,0,0,0,0,0,0,0,0,0,0,0,0,6,0,0,0,0,2,4,0,0,6,0,2,4,0,0,6,0,1,5,0,0,6,0,0,0,0,6,6,0,4,2,3,3,0,6,0,6,0,0,6,0,0,6,0,6,0,0,0,0,0,0,0,0,0,0,0,0,0,0,0,0,0,1,0,0,0,4,0,0,0,0,0,1,0,0,0,0,0,0,0,0,0,0,0,0,0,0,0,0,0,0,0,0,4,0,0,0,0,0,1,1,0,0,0,0,5,0,0,1,0,0,0,0,3,3,2,4,0,0,6,6,6,0,0,6,0,0,53.333333333333336,50.5
28,016,1,0,1,0,0,1,0,0,0,0,0,1,0,0,0,0,1,0,1,0,0,1,0,0,0,0,0,0,0,0,0,0,0,0,0,0,0,0,0,0,0,0,0,0,0,0,0,0,0,0,0,1,0,0,0,0,0,0,0,0,0,0,0,0,0,0,0,0,0,0,0,0,0,0,0,0,0,0,0,0,0,0,0,0,1,0,0,0,0,0,1,0,0,1,0,0,1,0,0,1,0,0,1,0,0,1,0,0,0,0,1,1,0,1,0,0,1,0,1,0,1,0,0,1,0,0,1,0,1,0,0,0,0,0,0,0,0,0,0,0,0,0,0,0,0,0,0,0,0,0,1,0,0,0,0,0,0,0,0,0,0,0,0,0,0,0,0,0,0,0,0,0,0,0,0,0,0,1,0,0,0,0,0,0,0,0,0,0,0,1,0,0,0,0,0,0,0,1,0,0,1,0,0,1,1,1,0,0,1,0,0,95.0,95.0
28,017,1,0,1,0,0,1,0,0,0,0,0,1,0,0,0,0,1,0,1,0,0,1,0,0,0,0,0,0,0,0,0,0,0,0,0,0,0,0,0,0,0,0,0,0,0,0,0,0,0,0,0,1,0,0,0,0,0,0,0,0,0,0,0,0,0,0,0,0,0,0,0,0,0,0,0,0,0,0,0,0,0,0,0,0,1,0,0,0,0,0,1,0,0,1,0,0,1,0,0,1,0,0,1,0,0,1,0,0,0,0,1,1,0,1,0,0,1,0,1,0,1,0,0,1,0,0,1,0,1,0,0,0,0,0,0,0,0,0,0,0,0,0,0,0,0,0,0,0,0,0,1,0,0,0,0,0,0,0,0,0,0,0,0,0,0,0,0,0,0,0,0,0,0,0,0,0,0,1,0,0,0,0,0,0,0,0,0,0,0,1,0,0,0,0,0,0,0,1,0,0,1,0,0,1,1,1,0,0,1,0,0,37.0,37.0
28,019,1,0,1,0,0,1,0,0,0,0,0,1,0,0,0,0,1,1,0,0,0,1,0,0,0,0,0,0,0,0,0,0,0,0,0,0,0,0,0,0,0,0,0,0,0,0,0,0,0,0,0,1,0,0,0,0,0,0,0,0,0,0,0,0,0,0,0,0,0,0,0,0,0,0,0,0,0,0,0,0,0,0,0,0,1,0,0,0,0,0,1,0,0,1,0,1,0,0,0,1,0,0,1,0,1,0,0,0,0,0,1,1,0,1,0,0,1,0,1,0,1,0,0,1,0,0,1,0,1,0,0,0,0,0,0,0,0,0,0,0,0,0,1,0,0,0,0,0,0,0,0,0,0,0,0,0,0,0,0,0,0,0,0,0,0,0,0,0,0,0,0,0,0,0,0,1,0,0,0,0,0,0,0,0,0,0,0,0,0,1,0,0,0,0,0,0,0,1,0,0,1,0,0,1,1,1,0,1,0,0,0,68.0,68.0
28,021,2,0,2,0,0,2,0,0,0,1,0,1,0,0,1,0,1,1,1,0,0,1,1,0,0,0,0,0,0,0,0,0,0,0,0,0,0,0,0,0,0,0,0,0,0,0,0,0,0,0,0,2,0,0,0,0,0,0,0,0,0,0,0,0,0,0,0,0,0,0,0,0,0,0,0,0,0,0,0,0,0,0,0,0,2,0,0,0,0,0,2,0,0,2,0,1,1,0,0,2,0,0,2,0,0,2,0,0,0,0,2,2,0,2,0,0,2,0,2,0,2,0,0,2,0,0,2,0,2,0,0,0,0,1,0,0,0,0,0,0,0,0,0,0,0,0,0,0,0,0,1,0,0,0,0,0,0,0,0,0,0,1,0,0,0,0,0,0,0,0,0,0,0,0,0,0,0,1,0,0,0,0,0,0,0,0,0,0,0,1,0,0,1,0,0,0,0,1,1,0,2,0,0,2,2,2,0,0,2,0,0,69.0,69.0
28,022,9,2,7,0,1,8,0,1,0,1,2,5,2,0,1,2,4,1,8,0,0,5,4,0,0,0,0,0,0,0,1,0,0,0,0,0,0,0,0,0,0,0,0,0,0,0,0,0,0,0,0,6,0,1,0,1,0,0,0,0,0,0,0,0,0,0,0,0,0,0,1,0,0,0,0,1,0,0,1,0,0,0,0,0,3,0,1,0,2,1,8,0,0,9,0,1,8,0,0,9,0,0,9,0,0,4,5,0,0,0,9,9,0,2,7,2,7,0,9,0,8,1,1,7,1,0,9,0,9,1,0,0,0,1,0,0,0,0,0,0,0,0,0,0,1,0,1,0,0,0,3,0,0,0,0,1,1,0,0,0,0,1,0,0,0,0,0,0,0,0,0,0,0,0,0,0,0,3,0,0,0,0,1,3,1,0,0,2,0,1,0,0,6,0,0,0,0,5,4,1,8,0,5,4,9,8,1,0,4,5,0,37.77777777777778,27.0
28,024,2,0,2,0,0,2,0,0,0,0,0,2,0,0,0,0,2,2,0,0,0,0,2,0,0,0,0,0,0,0,0,0,0,0,0,0,0,0,0,0,0,0,0,0,0,0,0,0,0,0,0,0,0,0,0,2,0,0,0,0,0,0,0,0,0,0,0,0,0,0,0,0,0,0,0,0,0,0,0,0,0,0,0,0,2,0,0,0,0,0,2,0,0,2,0,1,1,0,0,2,0,0,2,0,0,2,0,0,0,0,2,2,0,2,0,0,2,0,2,0,2,0,0,2,0,1,1,0,2,0,0,0,0,0,0,0,0,0,0,0,0,0,0,0,0,0,0,0,0,0,2,0,0,0,0,0,0,0,0,0,0,0,0,0,0,0,0,0,0,0,0,0,0,0,0,0,0,2,0,0,0,0,0,0,0,0,0,0,0,2,0,0,0,0,0,0,0,0,2,0,2,0,0,2,2,2,0,0,2,0,0,51.0,51.0
28,025,2,0,2,0,1,1,0,0,0,0,0,2,0,0,0,0,2,0,2,0,0,1,1,0,0,0,0,0,0,0,0,0,0,0,0,0,0,0,0,0,0,0,0,0,0,0,0,0,0,0,0,2,0,0,0,0,0,0,0,0,0,0,0,0,0,0,0,0,0,0,0,0,0,0,0,0,0,0,0,0,0,0,0,0,2,0,0,0,0,0,2,0,0,2,0,0,2,0,0,2,0,0,2,0,1,1,0,0,0,0,2,2,0,1,1,0,2,0,2,0,2,0,0,2,0,0,2,0,2,0,0,0,0,0,0,0,0,0,0,0,0,0,0,0,0,0,0,0,0,0,2,0,0,0,0,0,0,0,0,0,0,0,0,0,0,0,0,0,0,0,0,0,0,0,0,0,0,2,0,0,0,0,0,0,0,0,0,0,0,1,0,0,1,0,0,0,0,1,1,0,2,0,0,2,2,2,0,0,2,0,0,21.0,21.0
28,027,8,0,8,0,0,8,0,3,0,0,0,5,0,0,0,0,8,1,7,0,1,1,6,0,0,0,0,0,2,0,0,0,0,0,0,1,0,0,0,0,0,0,0,0,0,0,0,0,0,0,0,2,0,2,0,1,0,0,0,0,0,0,0,0,0,1,0,0,0,0,0,0,0,0,0,0,0,0,1,0,0,0,0,0,5,0,1,0,0,0,8,0,0,8,0,2,6,0,0,8,0,1,7,0,2,3,3,0,0,0,8,8,0,4,4,1,7,0,8,2,6,0,0,8,0,0,8,0,8,0,0,0,0,0,0,0,0,0,0,0,0,0,1,0,0,0,3,0,0,0,4,0,0,0,0,0,0,0,0,0,0,0,0,0,0,0,0,0,0,0,0,0,0,0,0,0,0,4,0,0,0,0,0,4,0,0,0,1,0,0,0,0,7,0,0,0,0,2,6,0,8,0,3,5,8,8,0,1,4,3,0,38.125,35.0
28,028,1,0,1,0,0,1,0,0,0,0,0,1,0,0,0,0,1,0,1,0,0,1,0,0,0,0,0,0,0,0,0,0,0,0,0,0,0,0,0,0,0,0,0,0,0,0,0,1,0,0,0,0,0,0,0,0,0,0,0,0,0,0,0,0,0,0,0,0,0,0,0,0,0,0,0,0,0,0,0,0,1,0,0,0,0,0,0,0,0,0,1,0,0,1,0,1,0,0,0,1,0,0,1,0,0,1,0,0,0,0,1,1,0,1,0,0,1,0,1,1,0,0,0,1,0,1,0,0,1,0,0,0,0,0,0,0,0,0,0,0,0,0,0,0,0,0,0,0,0,0,1,0,0,0,0,0,0,0,0,0,0,0,0,0,0,0,0,0,0,0,0,0,0,0,0,0,0,1,0,0,0,0,0,0,0,0,0,0,0,0,0,0,1,0,0,0,0,1,0,0,1,0,0,1,1,1,0,0,1,0,0,85.0,85.0
28,029,1,1,0,0,0,1,0,0,0,0,0,1,0,0,0,0,1,1,0,0,0,1,0,0,0,0,0,0,0,0,0,0,0,0,0,0,0,0,0,0,0,0,0,0,0,0,0,1,0,0,0,0,0,0,0,0,0,0,0,0,0,0,0,0,0,0,0,0,0,0,0,0,0,0,0,0,0,0,0,0,1,0,0,0,0,0,0,0,0,0,1,0,0,1,0,1,0,0,0,1,0,0,1,0,0,1,0,0,0,0,1,1,0,1,0,0,1,0,1,0,1,0,0,1,0,0,1,0,1,0,0,0,0,0,0,0,0,0,0,0,0,0,0,0,0,0,0,0,0,0,1,0,0,0,0,0,0,0,0,0,0,0,0,0,0,0,0,0,0,0,0,0,0,0,0,0,0,1,0,0,0,0,0,0,0,0,0,0,0,0,0,0,1,0,0,0,0,1,0,0,1,0,0,1,1,1,0,0,1,0,0,65.0,65.0
28,030,1,0,1,0,1,0,0,0,0,0,0,1,0,0,0,0,1,1,0,0,0,1,0,0,0,0,0,0,0,0,0,0,0,0,0,0,0,0,0,0,0,0,0,0,0,0,0,0,0,0,0,1,0,0,0,0,0,0,0,0,0,0,0,0,0,0,0,0,0,0,0,0,0,0,0,0,0,0,0,0,0,0,0,0,1,0,0,0,0,0,1,0,0,1,0,0,1,0,0,1,0,0,1,0,0,1,0,0,0,0,1,1,0,1,0,1,0,0,1,0,1,0,0,1,0,1,0,0,1,0,0,0,0,0,0,0,0,0,0,0,0,0,0,0,0,0,0,0,0,0,1,0,0,0,0,0,0,0,0,0,0,0,0,0,0,0,0,0,0,0,0,0,0,0,0,0,0,1,0,0,0,0,0,0,0,0,0,0,0,1,0,0,0,0,0,0,0,1,0,0,1,0,0,1,1,1,0,0,1,0,0,41.0,41.0
28,032,413,39,374,0,32,381,0,34,2,6,19,352,23,2,6,19,363,69,344,0,5,205,203,0,0,1,0,0,8,0,0,0,2,3,3,0,2,1,8,6,0,0,16,0,2,0,0,11,0,3,1,309,0,32,0,1,4,0,0,0,0,0,0,0,0,4,0,0,0,0,0,0,0,0,0,1,0,0,0,0,0,1,0,0,406,0,1,0,0,24,389,0,2,405,6,80,333,0,3,406,4,15,398,0,22,288,103,0,2,1,410,409,4,133,280,40,373,0,413,21,392,0,28,382,3,22,391,0,413,12,1,9,0,6,0,0,0,1,0,0,1,0,7,0,5,0,34,0,0,5,307,2,1,1,2,8,11,1,0,0,0,6,0,0,0,0,0,0,0,0,0,0,0,1,0,0,0,307,2,0,0,0,8,77,11,0,0,1,1,176,0,0,231,0,1,3,0,210,203,57,356,0,103,310,413,405,8,7,303,103,0,35.116222760290555,32.0
28,033,10,0,10,0,4,6,0,0,0,0,0,10,0,0,0,0,10,5,5,0,0,3,7,0,0,0,0,0,0,0,0,1,0,0,1,0,0,0,0,2,0,0,0,0,0,0,0,0,0,0,0,6,0,0,0,0,0,0,0,0,0,0,0,0,0,0,0,0,0,0,0,0,0,0,0,1,0,0,0,0,0,0,0,0,9,0,0,0,0,0,10,0,0,9,1,3,7,0,0,9,1,0,10,0,1,8,1,0,0,0,10,10,0,6,4,1,9,0,10,1,9,0,1,9,0,1,9,0,10,0,0,0,0,0,0,0,0,0,0,0,0,0,0,0,0,0,0,0,0,0,10,0,0,0,0,0,0,0,0,0,0,0,0,0,0,0,0,0,0,0,0,0,0,0,0,0,0,10,0,0,0,0,0,0,0,0,0,1,0,6,0,0,3,0,0,0,0,3,7,1,9,0,1,9,10,10,0,0,9,1,0,47.3,53.5
28,034,1,0,1,0,0,1,0,0,0,0,0,1,0,0,0,0,1,0,1,0,0,0,1,0,0,0,0,0,0,0,0,0,0,0,0,0,0,0,0,0,0,0,0,0,0,0,0,0,0,0,0,1,0,0,0,0,0,0,0,0,0,0,0,0,0,0,0,0,0,0,0,0,0,0,0,0,0,0,0,0,0,0,0,0,1,0,0,0,0,0,1,0,0,1,0,1,0,0,0,1,0,0,1,0,0,1,0,0,0,0,1,1,0,1,0,0,1,0,1,0,1,0,0,1,0,0,1,0,1,0,0,0,0,0,0,0,0,0,0,0,0,0,0,0,0,0,0,0,0,0,1,0,0,0,0,0,0,0,0,0,0,0,0,0,0,0,0,0,0,0,0,0,0,0,0,0,0,1,0,0,0,0,0,0,0,0,0,0,0,1,0,0,0,0,0,0,0,0,1,0,1,0,0,1,1,1,0,0,1,0,0,84.0,84.0
28,035,6,0,6,0,0,6,0,0,0,0,1,5,0,0,0,1,5,2,4,0,1,1,4,0,0,0,0,0,0,0,0,0,0,0,0,0,0,0,0,0,0,0,0,0,0,0,0,0,0,0,0,6,0,0,0,0,0,0,0,0,0,0,0,0,0,0,0,0,0,0,0,0,0,0,0,1,0,0,0,0,0,0,0,0,5,0,0,0,0,1,5,0,0,6,0,1,5,0,0,6,0,0,6,0,0,5,1,0,0,0,6,6,0,4,2,0,6,0,6,0,6,0,0,6,0,1,5,0,6,0,0,0,0,0,0,0,0,0,0,0,0,0,0,0,0,0,0,0,0,0,5,0,0,0,0,1,0,0,0,0,0,0,0,0,0,0,0,0,0,0,0,0,0,0,0,0,0,5,0,0,0,0,1,0,0,0,0,1,0,5,0,0,0,0,0,0,0,2,4,2,4,0,1,5,6,5,1,0,5,1,0,35.333333333333336,25.0
28,037,6,0,6,0,0,6,0,1,0,0,2,3,1,0,0,2,3,1,5,0,0,4,2,0,0,0,0,0,0,0,0,0,0,0,0,0,0,0,1,0,0,0,0,0,0,0,0,0,0,0,0,5,0,0,0,0,0,0,0,0,0,0,0,0,0,0,0,0,0,0,0,0,0,0,0,0,0,0,0,0,1,0,0,0,5,0,0,0,0,0,6,0,0,6,0,1,5,0,0,6,0,1,5,0,1,1,4,0,0,0,6,6,0,1,5,1,5,0,6,0,6,0,1,5,0,0,6,0,6,0,0,0,0,0,0,0,0,0,0,0,0,0,0,0,1,0,1,0,0,0,2,0,0,0,0,2,0,0,0,0,0,0,0,0,0,0,0,0,0,0,0,0,0,0,0,0,0,2,0,0,0,0,2,2,0,0,0,1,0,3,0,0,2,0,0,0,0,4,2,2,4,0,4,2,6,4,2,1,1,4,0,41.5,40.0
28,038,119,11,108,0,7,111,1,1,0,2,74,42,10,0,2,74,33,30,89,0,6,67,46,0,0,0,0,0,0,0,0,0,1,0,0,0,0,0,1,2,0,0,1,0,0,0,0,5,0,0,0,99,0,10,0,0,0,0,0,0,0,0,0,0,0,1,0,0,0,1,0,0,0,0,0,0,0,0,0,0,0,0,0,0,117,0,0,0,0,4,114,1,0,119,0,29,90,0,0,119,0,2,117,0,2,60,57,0,0,0,119,119,0,6,113,11,108,0,119,4,114,1,12,106,1,7,112,0,119,5,0,1,0,2,0,0,0,2,0,0,0,0,0,2,4,0,1,0,1,1,26,0,0,0,0,73,1,0,1,0,0,2,0,0,0,1,0,0,0,0,0,0,0,0,0,0,0,26,0,0,0,0,73,15,1,0,0,0,0,71,0,0,41,0,5,2,0,73,46,10,109,0,57,62,119,46,73,1,61,57,0,40.32773109243698,43.0
28,040,3,0,3,0,1,2,0,1,0,0,0,2,0,0,0,0,3,0,3,0,0,2,1,0,0,0,0,0,0,0,0,0,0,0,0,0,0,0,1,0,0,0,0,0,0,0,0,0,0,0,0,2,0,0,0,0,0,0,0,0,0,0,0,0,0,0,0,0,0,0,0,0,0,0,0,0,0,0,0,0,0,0,0,0,3,0,0,0,0,1,2,0,0,3,0,1,2,0,0,3,0,0,3,0,1,1,1,0,0,0,3,3,0,2,1,2,1,0,3,0,3,0,0,3,0,0,3,0,3,0,0,0,0,0,0,0,0,0,0,0,0,0,0,0,0,0,1,0,0,0,2,0,0,0,0,0,0,0,0,0,0,0,0,0,0,0,0,0,0,0,0,0,0,0,0,0,0,2,0,0,0,0,0,1,0,0,0,0,0,1,0,0,2,0,0,0,0,2,1,1,2,0,1,2,3,3,0,0,2,1,0,35.333333333333336,25.0
28,041,127,2,125,0,1,126,0,4,0,0,88,35,3,0,0,88,36,20,107,0,3,78,46,0,0,0,0,0,0,0,0,0,0,0,0,0,0,0,0,0,0,0,0,0,0,0,0,1,0,0,1,124,0,1,0,0,0,0,0,0,0,0,0,0,0,0,0,0,0,0,0,0,0,0,0,0,0,0,1,0,1,0,0,0,125,0,0,0,0,0,127,0,0,123,4,18,109,0,1,122,4,2,125,0,2,36,89,0,0,0,127,127,0,34,93,6,121,0,127,0,127,0,10,114,3,0,127,0,127,2,0,3,0,0,0,0,0,0,0,0,0,0,1,0,0,0,4,0,1,1,27,0,0,0,0,88,0,0,0,0,0,0,0,0,0,0,0,0,0,0,0,0,0,0,0,0,0,27,0,0,0,0,88,12,0,0,0,2,0,124,0,0,0,0,1,0,0,81,46,2,125,0,89,38,127,39,88,2,36,89,0,45.99212598425197,47.0
28,042,1,0,1,0,0,1,0,0,0,0,1,0,0,0,0,1,0,0,1,0,0,1,0,0,0,0,0,0,0,0,0,0,0,0,0,0,0,0,0,0,0,0,0,0,0,0,0,0,0,0,0,1,0,0,0,0,0,0,0,0,0,0,0,0,0,0,0,0,0,0,0,0,0,0,0,1,0,0,0,0,0,0,0,0,0,0,0,0,0,1,0,0,0,1,0,0,1,0,0,1,0,0,1,0,0,1,0,0,0,0,1,1,0,1,0,0,1,0,1,0,1,0,1,0,0,0,1,0,1,0,0,0,0,0,0,0,0,0,0,0,0,0,0,0,0,0,0,0,0,0,0,0,0,0,0,1,0,0,0,0,0,0,0,0,0,0,0,0,0,0,0,0,0,0,0,0,0,0,0,0,0,0,1,0,0,0,0,1,0,0,0,0,0,0,0,0,0,1,0,0,1,0,0,1,1,0,1,0,1,0,0,95.0,95.0
28,043,1,0,1,0,0,1,0,0,0,0,0,1,0,0,0,0,1,1,0,0,0,0,1,0,0,0,0,0,0,0,0,0,0,0,0,0,0,0,0,0,0,0,0,0,0,0,0,0,0,0,0,1,0,0,0,0,0,0,0,0,0,0,0,0,0,0,0,0,0,0,0,0,0,0,0,0,0,0,0,0,1,0,0,0,0,0,0,0,0,0,1,0,0,1,0,1,0,0,0,1,0,0,1,0,0,1,0,0,0,0,1,1,0,0,1,0,1,0,1,1,0,0,0,1,0,0,1,0,1,0,0,0,0,0,0,0,0,0,0,0,0,0,0,0,0,0,0,0,0,0,1,0,0,0,0,0,0,0,0,0,0,0,0,0,0,0,0,0,0,0,0,0,0,0,0,0,0,1,0,0,0,0,0,0,0,0,0,0,0,0,0,0,0,0,1,0,0,0,1,1,0,0,0,1,1,1,0,0,1,0,0,70.0,70.0
29,001,20,0,20,0,0,20,0,0,0,0,0,20,4,0,0,0,16,1,19,0,0,11,9,0,0,0,0,0,0,0,0,0,2,0,0,0,0,0,0,0,0,0,0,0,0,0,0,0,0,0,0,0,18,0,0,0,0,0,0,0,0,0,0,0,0,0,0,0,0,0,0,0,0,0,0,0,0,0,0,0,0,0,0,0,0,20,0,0,0,4,16,0,0,20,0,2,18,0,0,19,1,0,20,0,0,15,5,0,0,0,20,20,0,9,11,0,20,0,20,0,20,0,2,18,0,1,19,0,20,1,0,0,0,0,0,0,0,0,0,0,0,0,0,0,3,0,0,0,0,0,16,0,0,0,0,0,0,0,0,0,0,0,0,0,0,0,0,0,0,0,0,0,0,0,0,0,0,16,0,0,0,0,0,4,0,0,0,0,0,10,0,0,8,0,2,0,0,11,9,0,20,0,5,15,20,20,0,1,14,5,0,48.55,49.0
29,002,23,0,23,0,1,22,0,0,0,0,4,19,4,0,0,4,15,3,20,0,1,13,9,0,0,0,0,0,0,0,0,0,1,0,0,0,0,0,0,1,0,0,0,0,1,0,0,0,0,0,0,0,16,3,0,0,1,0,0,0,0,0,0,0,0,0,0,0,0,0,0,0,0,0,0,0,0,2,0,0,0,0,0,0,0,21,0,0,0,0,23,0,0,23,0,3,20,0,0,23,0,1,22,0,0,15,8,0,1,0,22,22,1,9,14,2,21,0,23,0,23,0,4,19,0,2,21,0,23,1,0,0,0,0,0,0,0,0,0,0,0,0,0,0,2,0,0,0,0,1,15,0,0,0,0,4,0,0,0,0,0,0,0,0,0,0,0,0,0,0,0,0,0,0,0,0,0,15,0,0,0,0,4,4,0,0,0,0,0,13,0,1,7,0,2,0,0,14,9,2,21,0,8,15,23,19,4,0,15,8,0,38.17391304347826,41.0
29,003,4,0,2,2,0,3,1,0,0,0,0,4,0,0,0,0,4,0,2,2,0,1,3,0,0,0,0,0,0,0,0,0,0,0,0,0,0,0,0,0,0,0,0,0,0,0,0,0,0,0,0,0,4,0,0,0,0,0,0,0,0,0,0,0,0,0,0,0,0,0,0,0,0,0,0,0,0,0,0,0,0,0,0,0,0,4,0,0,0,0,2,2,0,4,0,0,2,2,0,4,0,0,2,2,0,4,0,0,0,0,4,4,0,2,2,0,2,2,4,0,2,2,0,2,2,0,2,2,4,0,0,0,0,0,0,0,0,0,0,0,0,0,0,0,0,0,0,0,0,0,4,0,0,0,0,0,0,0,0,0,0,0,0,0,0,0,0,0,0,0,0,0,0,0,0,0,0,4,0,0,0,0,0,0,0,0,0,0,0,2,0,0,0,0,2,0,0,1,3,0,2,2,0,4,4,4,0,0,4,0,0,46.0,47.0
29,004,9,0,9,0,0,9,0,1,0,0,1,7,0,0,0,1,8,0,9,0,0,4,5,0,0,0,0,0,0,0,0,0,0,0,0,0,0,0,0,0,0,0,0,0,0,0,0,0,0,0,0,0,9,0,0,0,0,0,0,0,0,0,0,0,0,0,0,0,0,0,0,0,0,0,0,0,0,0,0,0,0,0,0,0,0,9,0,0,0,1,8,0,0,9,0,1,8,0,0,9,0,2,7,0,0,9,0,0,0,0,9,9,0,7,2,0,9,0,9,0,9,0,3,6,0,1,8,0,9,0,0,0,0,0,0,0,0,0,0,0,0,0,0,0,0,0,1,0,0,0,7,0,0,0,0,1,0,0,0,0,0,0,0,0,0,0,0,0,0,0,0,0,0,0,0,0,0,7,0,0,0,0,1,1,0,0,0,2,0,5,0,0,0,0,2,0,0,4,5,1,8,0,0,9,9,8,1,0,9,0,0,21.555555555555557,6.0
29,005,61,2,59,0,2,59,0,4,0,2,6,49,14,0,2,6,39,12,49,0,0,29,32,0,0,0,0,0,0,0,0,0,0,0,0,0,0,0,4,0,0,0,0,0,5,0,0,0,0,0,0,0,52,0,0,0,0,0,0,0,0,1,0,0,0,2,0,0,0,1,0,0,0,0,0,0,0,1,0,0,0,0,0,0,0,55,1,0,0,5,56,0,0,59,2,16,45,0,0,59,2,5,56,0,0,30,31,0,0,0,61,61,0,17,44,4,57,0,61,4,57,0,14,45,2,5,56,0,61,3,0,0,0,2,0,0,0,0,0,0,0,0,0,0,9,0,4,0,0,2,35,0,0,0,0,6,0,0,0,0,0,2,0,0,0,0,0,0,0,0,0,0,0,0,0,0,0,35,0,0,0,0,6,18,0,0,0,3,0,33,0,0,5,0,20,0,0,29,32,8,52,1,31,30,61,55,6,1,29,31,0,39.442622950819676,35.0
29,006,121,6,99,16,7,109,5,7,0,0,5,109,18,0,0,5,98,16,89,16,1,57,63,0,0,0,0,1,0,0,0,0,0,0,0,0,4,0,5,0,0,0,0,1,2,0,0,0,0,0,0,1,106,0,0,0,1,0,0,0,0,0,0,0,0,3,0,0,0,3,0,0,0,0,0,0,0,0,0,0,0,0,0,0,0,115,0,0,0,20,77,24,0,119,2,24,92,5,0,119,2,5,112,4,4,79,38,0,0,1,120,120,1,44,77,21,98,2,121,76,42,3,13,50,58,12,106,3,121,8,0,2,0,0,0,0,0,0,0,0,0,0,4,0,7,0,7,0,0,3,85,0,0,0,0,5,0,0,0,0,0,0,0,0,0,0,0,0,0,0,0,0,0,0,0,0,0,85,0,0,1,0,5,30,0,0,0,3,0,113,1,0,0,0,4,0,0,58,63,13,104,4,38,83,121,116,5,0,83,38,0,35.05785123966942,30.0
29,007,4,0,4,0,0,4,0,0,0,0,1,3,0,0,0,1,3,1,3,0,0,2,2,0,0,0,0,0,0,0,0,0,0,0,0,0,0,0,0,0,0,0,0,0,1,0,0,0,0,0,0,0,3,0,0,0,0,0,0,0,0,0,0,0,0,0,0,0,0,0,0,0,0,0,0,0,0,1,0,0,0,0,0,0,0,3,0,0,0,0,4,0,0,4,0,2,2,0,0,4,0,1,3,0,0,4,0,0,0,0,4,4,0,4,0,0,4,0,4,1,3,0,0,4,0,0,4,0,4,0,0,0,0,0,0,0,0,0,0,0,0,0,0,0,0,0,0,0,0,0,3,0,0,0,0,0,1,0,0,0,0,0,0,0,0,0,0,0,0,0,0,0,0,0,0,0,0,3,0,0,0,0,0,0,1,0,0,0,0,2,0,1,0,0,1,0,0,2,2,0,4,0,0,4,4,4,0,0,4,0,0,33.25,22.0
29,008,6,0,6,0,0,6,0,0,1,0,0,5,0,1,0,0,5,1,5,0,0,4,2,0,0,0,0,0,0,0,0,0,0,0,0,0,0,0,0,0,0,0,0,0,0,0,0,0,0,0,0,0,6,0,0,0,0,0,0,0,0,0,0,0,0,0,0,0,0,0,0,0,0,0,0,0,0,0,0,0,0,0,0,0,0,6,0,0,0,1,5,0,0,6,0,0,6,0,0,6,0,0,6,0,1,5,0,0,0,0,6,6,0,4,2,0,6,0,6,0,6,0,0,6,0,0,6,0,6,0,0,1,0,0,0,0,0,0,0,0,0,0,0,0,0,0,0,0,0,0,4,1,0,0,0,0,0,0,0,0,0,0,0,0,0,0,0,0,0,0,0,0,0,0,0,0,0,4,1,0,0,0,0,1,0,0,0,1,0,5,0,0,0,0,0,0,0,4,2,0,6,0,0,6,6,6,0,1,5,0,0,14.833333333333334,1.0
29,009,2,0,2,0,0,2,0,1,0,1,0,0,0,0,1,0,1,0,2,0,0,1,1,0,0,0,0,0,0,0,0,0,0,0,0,0,0,0,0,0,0,0,0,0,0,0,0,0,0,0,0,0,2,0,0,0,0,0,0,0,0,0,0,0,0,0,0,0,0,0,0,0,0,0,0,0,0,0,0,0,0,0,0,0,0,2,0,0,0,0,2,0,0,2,0,0,2,0,0,2,0,0,2,0,0,1,1,0,0,0,2,2,0,0,2,1,1,0,2,0,2,0,0,2,0,0,2,0,2,0,0,0,0,1,0,0,0,0,0,0,0,0,0,0,0,0,1,0,0,0,0,0,0,0,0,0,0,0,0,0,0,1,0,0,0,0,0,0,0,0,0,0,0,0,0,0,0,0,0,0,0,0,0,1,0,0,0,0,0,2,0,0,0,0,0,0,0,1,1,0,2,0,1,1,2,2,0,0,1,1,0,35.5,35.5
29,010,84,1,82,1,4,80,0,6,0,7,9,62,11,0,7,9,57,16,68,0,0,46,38,0,0,0,0,0,0,0,0,0,1,0,0,0,0,1,2,0,0,0,0,0,5,0,0,0,0,0,0,1,71,1,0,0,2,0,0,0,0,0,0,0,0,2,0,0,0,1,0,0,0,0,0,0,0,3,0,0,0,0,0,0,0,78,0,0,0,2,81,1,0,81,3,16,68,0,0,83,1,2,81,1,0,48,36,0,0,2,82,82,2,22,62,5,78,1,84,2,81,1,23,58,3,7,77,0,84,1,0,0,0,7,0,0,0,0,0,0,0,0,0,0,9,0,6,0,0,1,51,0,0,0,0,8,1,0,0,0,0,7,0,0,0,0,0,0,0,0,0,0,0,0,0,0,0,51,0,0,0,0,8,17,1,0,0,1,0,53,0,2,7,0,21,0,0,46,38,4,80,0,36,48,84,76,8,1,47,36,0,35.20238095238095,34.0
29,011,5,1,4,0,0,5,0,1,0,0,0,4,0,0,0,0,5,1,4,0,0,2,3,0,0,0,0,0,0,0,0,0,0,0,0,0,0,0,0,0,0,0,0,0,0,0,0,0,0,0,0,0,5,0,0,0,0,0,0,0,0,0,0,0,0,1,0,0,0,0,0,0,0,0,0,0,0,0,0,0,0,0,0,0,0,4,0,0,0,0,5,0,0,5,0,1,4,0,0,5,0,0,5,0,0,4,1,0,0,0,5,5,0,3,2,0,5,0,5,0,5,0,0,5,0,0,5,0,5,0,0,0,0,0,0,0,0,0,0,0,0,0,0,0,0,0,1,0,0,0,4,0,0,0,0,0,0,0,0,0,0,0,0,0,0,0,0,0,0,0,0,0,0,0,0,0,0,4,0,0,0,0,0,1,0,0,0,1,0,3,0,0,0,0,1,0,0,2,3,2,3,0,1,4,5,5,0,0,4,1,0,42.0,47.0
29,012,14,0,12,2,3,9,2,2,0,1,0,11,0,0,1,0,13,2,8,4,0,8,6,0,0,0,0,0,0,0,0,0,0,0,0,0,0,0,1,0,0,0,0,0,0,0,0,0,0,0,0,0,13,0,0,0,0,0,0,0,0,0,0,0,0,0,0,0,0,0,0,0,0,0,0,0,0,0,0,0,0,0,0,0,0,14,0,0,0,4,6,4,0,14,0,6,7,1,0,14,0,0,14,0,0,14,0,0,0,0,14,14,0,6,8,6,8,0,14,10,4,0,2,5,7,2,12,0,14,0,0,0,0,1,0,0,0,0,0,0,0,0,0,1,0,0,2,0,0,0,10,0,0,0,0,0,0,0,0,0,0,1,0,0,0,0,0,0,0,0,0,0,0,0,0,0,0,10,0,0,0,0,0,3,0,0,0,0,0,13,0,0,0,0,1,0,0,8,6,1,13,0,0,14,14,14,0,0,14,0,0,49.642857142857146,54.5
29,013,45,1,44,0,0,45,0,0,0,4,3,38,3,0,4,3,35,11,34,0,0,24,21,0,0,0,0,0,0,0,0,0,0,0,0,0,2,0,1,0,0,0,0,0,1,0,0,0,0,0,0,0,41,0,0,0,0,0,0,0,0,0,0,0,0,4,0,0,0,0,0,0,0,0,0,0,0,2,0,0,0,0,0,0,0,39,0,0,0,2,43,0,1,43,1,9,36,0,0,45,0,4,41,0,1,38,6,0,0,0,45,45,0,28,17,2,43,0,45,0,45,0,1,43,1,2,43,0,45,3,0,0,0,4,0,0,0,0,1,0,0,0,0,0,0,0,0,0,0,0,34,0,0,0,0,3,0,0,0,0,0,4,0,0,0,0,0,0,0,0,0,0,1,0,0,0,0,34,0,0,0,0,3,3,0,0,0,18,0,15,0,0,0,0,11,1,0,24,21,1,44,0,6,39,45,42,3,2,37,6,0,38.022222222222226,39.0
29,014,8,1,6,1,1,7,0,1,0,0,0,7,1,0,0,0,7,2,6,0,1,5,2,0,0,0,0,0,0,0,0,0,0,0,0,0,0,0,1,0,0,0,0,0,0,0,0,0,0,0,0,0,7,0,0,0,0,0,0,0,0,0,0,0,0,0,0,0,0,0,0,0,0,0,0,0,0,0,0,0,0,0,0,0,0,8,0,0,0,1,7,0,0,7,1,1,7,0,0,8,0,2,6,0,0,7,1,0,0,0,8,8,0,2,6,2,6,0,8,4,4,0,0,6,2,1,7,0,8,0,0,0,0,0,0,0,0,0,0,0,0,0,0,1,1,0,1,0,0,0,5,0,0,0,0,0,0,0,0,0,0,0,0,0,0,0,0,0,0,0,0,0,0,0,0,0,0,5,0,0,0,0,0,3,0,0,0,0,0,7,0,0,0,0,1,0,0,6,2,2,6,0,1,7,8,8,0,0,7,1,0,30.5,28.0
29,015,79,1,77,1,1,77,1,1,0,8,31,39,8,0,8,31,32,10,69,0,0,49,30,0,0,0,0,0,0,0,0,0,1,0,0,0,0,0,0,0,0,0,0,0,6,0,0,0,0,0,0,1,71,0,0,0,0,0,0,0,0,0,0,0,0,0,0,0,0,0,0,0,0,0,0,0,0,4,0,0,0,0,0,0,0,75,0,0,0,2,76,1,0,75,4,15,64,0,0,75,4,3,75,1,2,32,45,0,0,0,79,79,0,16,63,4,74,1,79,2,76,1,9,69,1,3,75,1,79,4,0,0,0,8,0,0,0,0,0,0,0,0,0,0,1,0,1,0,0,3,31,0,0,0,0,31,0,0,0,0,0,8,0,0,0,0,0,0,0,0,0,0,0,0,0,0,0,31,0,0,0,0,31,9,0,0,0,0,0,22,0,2,44,0,11,0,0,49,30,0,78,1,45,34,79,48,31,2,32,45,0,40.54430379746835,35.0
29,016,8,0,8,0,1,7,0,0,0,0,2,6,1,0,0,2,5,1,7,0,0,5,3,0,0,0,0,0,0,0,0,0,0,0,0,0,0,0,0,0,0,0,0,0,0,0,0,0,0,0,0,0,8,0,0,0,0,0,0,0,0,0,0,0,0,0,0,0,0,0,0,0,0,0,0,0,0,1,0,0,0,0,0,0,0,7,0,0,0,1,7,0,0,8,0,1,7,0,0,8,0,0,8,0,1,5,2,0,0,0,8,8,0,5,3,0,8,0,8,0,8,0,0,8,0,0,8,0,8,0,0,0,0,0,0,0,0,0,0,0,0,0,0,0,0,0,0,0,0,1,5,0,0,0,0,2,0,0,0,0,0,0,0,0,0,0,0,0,0,0,0,0,0,0,0,0,0,5,0,0,0,0,2,1,0,0,0,3,0,0,0,1,1,0,3,0,0,5,3,0,8,0,2,6,8,6,2,0,6,2,0,22.875,13.5
29,017,5,0,5,0,0,5,0,0,0,0,0,5,1,0,0,0,4,2,3,0,0,1,4,0,0,0,0,0,0,0,0,0,0,0,0,0,0,0,0,0,0,0,0,0,0,0,0,0,0,0,0,0,5,0,0,0,0,0,0,0,0,0,0,0,0,0,0,0,0,0,0,0,0,0,0,0,0,0,0,0,0,0,0,0,0,5,0,0,0,0,5,0,0,5,0,1,4,0,0,5,0,1,4,0,0,5,0,0,0,0,5,5,0,3,2,0,5,0,5,0,5,0,1,3,1,1,4,0,5,0,0,0,0,0,0,0,0,0,0,0,0,0,0,0,1,0,0,0,0,0,4,0,0,0,0,0,0,0,0,0,0,0,0,0,0,0,0,0,0,0,0,0,0,0,0,0,0,4,0,0,0,0,0,1,0,0,0,0,0,5,0,0,0,0,0,0,0,1,4,0,5,0,0,5,5,5,0,0,5,0,0,36.2,48.0
29,018,75,2,73,0,2,73,0,6,0,3,10,56,10,0,3,10,52,11,63,1,2,40,33,0,0,0,0,0,0,0,0,0,1,0,0,0,1,0,2,0,0,0,0,0,3,0,0,0,0,0,0,0,67,1,0,0,0,0,0,0,0,0,0,0,0,0,0,0,0,0,0,0,0,0,0,0,0,3,0,0,0,0,0,0,0,72,0,0,0,2,73,0,0,73,2,8,67,0,0,73,2,1,74,0,1,39,35,0,0,0,75,75,0,19,56,4,71,0,75,1,74,0,12,62,1,1,74,0,75,4,1,1,0,3,0,0,0,0,0,0,0,0,2,0,5,0,6,0,0,1,42,0,0,0,0,9,1,0,0,0,0,3,0,0,0,0,0,0,0,0,0,0,0,0,0,0,0,42,0,0,0,0,9,20,1,0,0,0,0,55,0,1,10,0,9,0,0,42,33,3,72,0,35,40,75,66,9,2,38,35,0,30.613333333333333,27.0
29,019,61,0,61,0,3,58,0,4,0,5,31,21,6,0,5,31,19,5,56,0,1,31,29,0,0,0,0,0,0,0,0,0,1,0,0,0,0,0,0,0,0,0,0,0,10,0,0,0,0,0,0,0,50,0,0,0,0,0,0,0,0,0,0,0,0,1,0,0,0,0,0,0,0,0,0,0,0,6,0,0,0,0,0,0,0,54,0,0,0,3,58,0,0,59,2,8,53,0,0,58,3,0,61,0,1,22,38,0,0,0,61,61,0,14,47,2,59,0,61,1,60,0,6,55,0,1,60,0,61,6,0,0,0,5,0,0,0,0,0,0,0,0,0,0,0,0,4,0,0,0,15,0,0,0,0,31,0,0,0,0,0,5,0,0,0,0,0,0,0,0,0,0,0,0,0,0,0,15,0,0,0,0,31,10,0,0,0,0,0,18,0,0,35,0,8,0,0,32,29,2,59,0,38,23,61,30,31,1,22,38,0,45.9344262295082,46.0
29,020,17,0,14,3,1,15,1,2,0,0,0,15,0,0,0,0,17,1,16,0,0,5,12,0,0,0,0,0,0,0,0,0,0,0,0,0,0,0,0,0,0,0,0,0,0,0,0,0,0,0,0,2,15,0,0,0,0,0,0,0,0,0,0,0,0,1,0,0,0,0,0,0,0,0,0,0,0,0,0,0,0,0,0,0,0,16,0,0,0,2,14,1,1,15,1,2,15,0,1,15,1,0,17,0,1,14,2,0,0,0,17,17,0,9,8,3,14,0,17,8,9,0,3,6,8,1,16,0,17,0,0,0,0,0,0,0,0,0,0,0,0,0,0,1,0,0,2,0,0,0,14,0,0,0,0,0,0,0,0,0,0,0,0,0,0,0,0,0,0,0,0,0,0,0,0,0,0,14,0,0,0,0,0,3,0,0,0,1,0,16,0,0,0,0,0,0,0,5,12,2,15,0,2,15,17,17,0,0,15,2,0,19.235294117647058,6.0
29,021,31,2,24,5,2,29,0,2,0,1,1,27,1,0,1,1,28,7,21,3,1,13,17,0,0,0,0,0,0,0,0,0,0,0,0,0,1,0,3,0,0,0,0,0,1,0,0,0,0,0,0,0,26,0,0,0,0,0,0,0,0,0,0,0,0,0,0,0,0,0,0,0,0,0,0,0,0,0,0,0,0,0,0,0,0,31,0,0,0,9,16,6,0,31,0,11,20,0,0,31,0,1,30,0,2,22,7,0,0,0,31,31,0,14,17,3,28,0,31,17,14,0,0,16,15,2,29,0,31,1,0,0,0,1,0,0,0,0,1,0,0,0,0,0,0,0,2,0,0,0,25,0,0,0,0,1,0,0,0,0,0,1,0,0,0,0,0,0,0,0,0,0,0,0,0,0,0,25,0,0,0,0,1,4,0,0,0,0,0,29,0,0,0,0,2,0,0,14,17,5,26,0,7,24,31,30,1,2,22,7,0,41.87096774193548,54.0
29,022,3,0,3,0,0,3,0,0,0,0,0,3,0,0,0,0,3,1,2,0,0,3,0,0,0,0,0,0,0,0,0,0,0,0,0,0,0,0,0,0,0,0,0,0,1,0,0,0,0,0,0,0,2,0,0,0,0,0,0,0,0,0,0,0,0,1,0,0,0,0,0,0,0,0,0,0,0,0,0,0,0,0,0,0,0,2,0,0,0,0,3,0,0,3,0,1,2,0,0,3,0,0,3,0,0,1,2,0,0,0,3,3,0,1,2,0,3,0,3,0,3,0,1,2,0,0,3,0,3,0,0,0,0,0,0,0,0,0,0,0,0,0,0,1,0,0,0,0,0,0,2,0,0,0,0,0,0,0,0,0,0,0,0,0,0,0,0,0,0,0,0,0,0,0,0,0,0,2,0,0,0,0,0,1,0,0,0,1,0,1,0,0,1,0,0,0,0,3,0,0,3,0,2,1,3,3,0,0,1,2,0,55.0,70.0
29,023,38,0,38,0,2,36,0,4,0,8,3,23,3,0,8,3,24,8,30,0,1,17,20,0,0,0,0,0,0,0,0,0,0,0,0,0,0,0,0,0,0,0,0,1,4,0,0,0,0,0,0,0,32,0,0,0,1,0,0,0,0,0,0,0,0,0,0,0,0,0,0,0,0,0,0,0,0,1,0,0,0,0,0,0,0,37,0,0,0,2,36,0,0,36,2,8,30,0,0,36,2,1,37,0,1,25,12,0,1,0,37,37,1,15,23,4,34,0,38,2,36,0,6,31,1,3,35,0,38,3,0,0,0,8,0,0,0,0,1,0,0,0,0,0,0,0,4,0,0,0,19,0,0,0,0,2,1,0,0,0,0,8,0,0,0,0,0,0,0,0,0,0,0,0,0,0,0,19,0,0,0,0,2,8,1,0,0,0,0,28,0,1,3,0,6,0,0,18,20,0,37,1,12,26,38,36,2,3,23,12,0,43.13157894736842,46.0
29,024,70,4,65,1,5,64,1,3,0,4,21,42,9,0,4,21,36,6,63,1,1,37,32,0,0,0,0,0,0,0,0,0,4,0,0,0,0,0,3,0,0,0,0,1,1,1,0,2,0,0,0,0,58,0,0,0,0,0,0,0,0,0,0,0,0,3,0,0,0,0,0,0,0,0,0,0,0,2,0,0,0,0,0,0,0,65,0,0,0,4,65,1,0,70,0,11,58,1,0,70,0,6,63,1,1,29,40,0,0,0,70,70,0,17,53,4,65,1,70,2,66,2,11,56,3,2,67,1,70,2,0,0,0,4,0,0,0,0,0,0,0,0,0,1,5,0,3,0,0,2,32,0,0,0,0,21,0,0,0,0,0,4,0,0,0,0,0,0,0,0,0,0,0,0,0,0,0,32,0,0,0,0,21,13,0,0,0,3,0,17,0,1,33,0,16,0,0,38,32,0,70,0,40,30,70,49,21,2,28,40,0,39.84285714285714,33.5
29,025,59,1,57,1,1,57,1,1,0,1,15,42,10,0,1,15,33,15,43,1,1,41,16,1,0,0,0,0,0,0,0,0,1,0,0,0,0,0,0,0,0,0,0,0,20,0,0,0,0,0,0,1,36,0,0,0,1,0,0,0,0,0,0,0,0,5,0,0,0,0,0,0,0,0,0,0,0,23,0,0,0,0,0,0,0,31,0,0,0,2,55,2,1,56,2,9,49,1,0,59,0,4,53,2,2,33,24,0,0,1,58,58,1,16,43,5,53,1,59,3,54,2,10,40,9,4,54,1,59,7,1,0,0,1,0,0,0,0,0,1,0,0,1,0,1,0,1,0,0,2,28,0,1,0,0,15,0,0,0,0,0,1,0,0,0,0,0,0,0,0,1,0,0,0,0,0,0,28,0,0,0,0,15,14,0,0,0,5,0,31,0,20,0,0,3,0,0,43,16,2,56,1,24,35,59,44,15,0,35,24,0,40.05084745762712,42.0
29,026,36,1,35,0,2,34,0,1,0,2,7,26,1,0,2,7,26,9,27,0,1,20,15,0,0,0,0,0,0,0,0,0,1,0,0,0,0,0,0,0,0,0,0,0,3,0,0,0,0,0,0,1,30,1,0,0,0,0,0,0,0,0,0,0,0,0,0,0,0,0,0,0,0,0,0,0,0,2,0,0,0,0,0,0,0,34,0,0,0,4,32,0,1,34,1,14,22,0,1,34,1,0,36,0,0,29,7,0,0,0,36,36,0,19,17,1,35,0,36,0,36,0,3,31,2,1,35,0,36,1,0,0,0,2,0,0,0,0,0,0,0,0,1,0,0,0,1,0,1,0,22,0,1,0,0,7,0,0,0,0,0,2,0,0,0,0,0,0,0,0,0,0,0,0,0,0,0,22,0,0,0,0,7,5,0,0,0,0,0,11,0,2,16,0,7,0,0,21,15,1,33,2,7,29,36,29,7,1,28,7,0,46.77777777777778,57.0
29,027,13,1,12,0,1,12,0,0,0,0,2,11,4,0,0,2,7,0,13,0,0,11,2,0,0,0,0,0,0,0,0,0,0,0,0,0,0,0,1,0,0,0,0,0,1,0,0,0,0,0,0,0,11,0,0,0,0,0,0,0,0,0,0,0,0,0,0,0,0,0,0,0,0,0,0,0,0,1,0,0,0,0,0,0,0,12,0,0,0,0,13,0,0,13,0,4,9,0,0,13,0,1,12,0,0,11,2,0,0,0,13,13,0,1,12,2,11,0,13,0,13,0,0,12,1,2,11,0,13,1,0,0,0,0,0,0,0,0,0,0,0,0,0,0,1,0,0,0,0,2,7,0,0,0,0,2,0,0,0,0,0,0,0,0,0,0,0,0,0,0,0,0,0,0,0,0,0,7,0,0,0,0,2,4,0,0,0,0,0,8,0,1,1,0,3,0,0,11,2,0,13,0,2,11,13,11,2,0,11,2,0,29.76923076923077,28.0
29,028,38,0,38,0,2,36,0,4,0,1,1,32,2,0,1,1,34,6,32,0,0,20,18,0,0,0,0,0,0,0,0,0,0,0,0,0,0,0,1,0,0,0,0,0,0,0,0,0,0,0,0,1,36,0,0,0,0,0,0,0,0,0,0,0,0,0,0,0,0,0,0,0,0,0,0,0,0,0,0,0,0,0,0,0,0,38,0,0,0,1,37,0,0,38,0,7,31,0,0,38,0,1,37,0,2,27,9,0,0,0,38,38,0,22,16,2,36,0,38,0,38,0,5,33,0,2,36,0,38,0,0,0,0,1,0,0,0,0,0,0,0,0,1,0,2,0,4,0,0,0,29,0,0,0,0,1,0,0,0,0,0,1,0,0,0,0,0,0,0,0,0,0,0,0,0,0,0,29,0,0,0,0,1,7,0,0,0,0,0,20,0,0,15,0,3,0,0,20,18,3,35,0,9,29,38,37,1,1,28,9,0,42.421052631578945,40.5
29,029,22,1,21,0,4,18,0,1,0,0,2,19,7,0,0,2,13,7,15,0,1,11,10,0,0,0,0,0,0,0,0,0,0,0,0,0,0,0,0,0,0,0,0,0,4,0,0,0,0,0,0,0,17,1,0,0,0,0,0,0,0,0,0,0,0,0,0,0,0,0,0,0,0,0,0,0,0,0,0,0,0,0,0,0,0,22,0,0,0,6,16,0,0,21,1,5,17,0,0,21,1,2,20,0,0,9,13,0,0,0,22,22,0,6,16,1,21,0,22,2,20,0,10,12,0,0,22,0,22,6,0,0,0,0,0,0,0,0,0,0,0,0,0,0,1,0,1,0,0,0,12,0,0,0,0,1,1,0,0,0,0,0,0,0,0,0,0,0,0,0,0,0,0,0,0,0,0,12,0,0,0,0,1,8,1,0,0,0,0,14,0,0,0,0,8,0,0,12,10,1,21,0,13,9,22,21,1,0,9,13,0,39.36363636363637,31.0
29,030,4,0,4,0,1,3,0,1,0,1,0,2,0,0,1,0,3,2,2,0,0,4,0,0,0,0,0,0,0,0,0,0,0,0,0,0,0,0,0,0,0,0,0,0,0,0,0,0,0,0,0,0,4,0,0,0,0,0,0,0,0,0,0,0,0,0,0,0,0,0,0,0,0,0,0,0,0,0,0,0,0,0,0,0,0,4,0,0,0,0,3,1,0,4,0,2,2,0,0,4,0,3,1,0,0,4,0,0,0,0,4,4,0,4,0,0,4,0,4,1,3,0,1,3,0,0,4,0,4,0,0,0,0,1,0,0,0,0,0,0,0,0,0,0,0,0,1,0,0,0,2,0,0,0,0,0,0,0,0,0,0,1,0,0,0,0,0,0,0,0,0,0,0,0,0,0,0,2,0,0,0,0,0,1,0,0,0,0,0,2,0,0,0,0,2,0,0,4,0,0,4,0,0,4,4,4,0,1,3,0,0,40.0,40.0
29,031,11,1,10,0,1,10,0,0,0,0,2,9,1,0,0,2,8,1,10,0,0,6,5,0,0,0,0,0,0,0,0,0,1,0,0,0,0,0,0,0,0,0,0,0,0,0,0,0,0,0,0,0,10,0,0,0,0,0,0,0,0,0,0,0,0,1,0,0,0,0,0,0,0,0,0,0,0,0,0,0,0,0,0,0,0,10,0,0,0,1,10,0,0,11,0,1,10,0,0,11,0,3,8,0,1,7,3,0,0,0,11,11,0,3,8,0,11,0,11,0,11,0,2,9,0,1,10,0,11,1,0,0,0,0,0,0,0,0,1,0,0,0,0,0,0,0,0,0,0,0,7,0,0,0,0,2,0,0,0,0,0,0,0,0,0,0,0,0,0,0,0,0,0,0,0,0,0,7,0,0,0,0,2,2,0,0,0,0,0,5,0,0,2,0,3,1,0,6,5,0,11,0,3,8,11,9,2,1,7,3,0,21.727272727272727,18.0
29,032,17,0,17,0,0,17,0,1,0,1,6,9,1,0,1,6,9,4,13,0,0,13,4,0,0,0,0,0,0,0,0,0,2,0,0,0,0,0,0,0,0,0,0,0,1,0,0,0,0,0,0,0,14,0,0,0,0,0,0,0,0,0,0,0,0,0,0,0,0,0,0,0,0,0,0,0,0,0,0,0,0,0,0,0,0,17,0,0,0,2,15,0,0,17,0,2,15,0,0,17,0,1,16,0,0,8,9,0,0,0,17,17,0,5,12,0,17,0,17,0,17,0,3,14,0,1,16,0,17,1,0,0,0,1,0,0,0,0,0,0,0,0,0,0,0,0,1,0,0,0,8,0,0,0,0,6,0,0,0,0,0,1,0,0,0,0,0,0,0,0,0,0,0,0,0,0,0,8,0,0,0,0,6,2,0,0,0,0,0,9,0,0,6,0,2,0,0,13,4,1,16,0,9,8,17,11,6,0,8,9,0,37.23529411764706,38.0
29,033,1244,8,1234,2,14,1226,4,24,1,38,800,381,63,1,38,800,342,59,1182,3,6,716,522,0,0,1,0,0,0,0,3,0,17,0,2,2,5,0,10,1,0,0,0,2,52,0,0,0,0,1,0,1,1136,7,0,0,4,0,0,0,0,0,0,0,0,8,0,0,0,1,0,2,0,0,0,0,0,23,0,0,0,0,0,0,0,1210,0,0,0,27,1214,3,1,1237,6,87,1155,2,4,1235,5,13,1229,2,7,311,926,0,0,4,1240,1240,4,257,987,23,1217,4,1244,23,1215,6,62,1175,7,24,1216,4,1244,26,1,0,0,38,0,0,0,0,0,0,0,0,3,1,26,0,24,0,0,8,314,1,1,0,1,796,4,1,0,0,0,38,0,0,0,0,0,0,0,0,0,0,1,0,0,0,1,314,1,0,0,0,796,88,4,0,0,9,1,96,0,15,1034,0,88,1,0,722,522,9,1231,4,926,318,1244,448,796,9,309,926,0,39.47588424437299,38.0
29,034,20,2,18,0,0,20,0,0,0,0,3,17,3,0,0,3,14,2,18,0,0,8,12,0,0,0,0,0,0,0,0,0,2,0,0,0,1,0,0,0,0,0,0,0,0,0,0,0,0,0,0,0,16,1,0,0,0,0,0,0,0,0,0,0,0,0,0,0,0,2,0,0,0,0,0,0,0,1,0,0,0,0,0,0,0,17,0,0,0,2,18,0,0,20,0,2,18,0,0,20,0,1,19,0,0,15,5,0,0,0,20,20,0,7,13,1,19,0,20,1,19,0,8,10,2,2,18,0,20,1,1,0,0,0,0,0,0,0,0,0,0,0,1,0,1,0,0,0,0,1,12,0,0,0,0,3,0,0,0,0,0,0,0,0,0,0,0,0,0,0,0,0,0,0,0,0,0,12,0,0,0,0,3,5,0,0,0,0,0,15,0,1,0,0,4,0,0,8,12,1,19,0,5,15,20,17,3,0,15,5,0,15.8,6.0
29,035,5,0,4,1,0,4,1,1,0,0,0,4,0,0,0,0,5,0,4,1,0,4,1,0,0,0,0,0,0,0,0,0,0,0,0,0,0,0,0,0,0,0,0,0,0,0,0,0,0,0,0,0,5,0,0,0,0,0,0,0,0,0,0,0,0,0,0,0,0,0,0,0,0,0,0,1,0,0,0,0,0,0,0,0,0,4,0,0,0,0,4,1,0,5,0,0,4,1,0,5,0,0,4,1,0,4,1,0,0,0,5,5,0,4,1,0,4,1,5,0,4,1,0,5,0,0,4,1,5,0,0,0,0,0,0,0,0,0,0,0,0,0,0,0,0,0,1,0,0,0,4,0,0,0,0,0,0,0,0,0,0,0,0,0,0,0,0,0,0,0,0,0,0,0,0,0,0,4,0,0,0,0,0,1,0,0,0,1,0,4,0,0,0,0,0,0,0,4,1,0,4,1,1,4,5,5,0,0,4,1,0,13.0,2.0
29,036,96,0,96,0,1,95,0,4,0,2,53,37,9,0,2,53,32,4,91,1,1,65,30,0,0,0,0,0,0,0,1,0,2,0,0,0,2,0,0,0,0,0,0,0,6,0,0,0,0,0,0,1,83,1,0,0,0,0,0,0,0,0,0,0,0,0,0,0,0,0,0,0,0,0,0,0,1,0,0,0,0,0,0,0,0,95,0,0,0,1,95,0,0,96,0,9,87,0,0,96,0,0,95,1,0,26,70,0,0,0,96,96,0,18,78,2,94,0,96,2,93,1,9,85,2,1,95,0,96,4,1,0,0,2,0,0,0,0,0,0,0,0,0,0,4,0,4,0,0,1,27,0,0,0,0,53,0,0,0,0,0,2,0,0,0,0,0,0,0,0,0,0,0,0,0,0,0,27,0,0,0,0,53,14,0,0,0,0,0,13,0,0,74,0,9,0,0,66,30,0,96,0,70,26,96,43,53,0,26,70,0,38.03125,35.0
29,037,10,0,10,0,0,10,0,0,0,0,4,6,2,0,0,4,4,5,5,0,0,5,5,0,0,0,0,0,0,0,0,0,0,0,0,0,0,0,0,0,0,0,0,0,1,0,0,0,0,0,0,0,9,0,0,0,0,0,0,0,0,0,0,0,0,0,0,0,0,0,0,0,0,0,0,0,0,3,0,0,0,0,0,0,0,7,0,0,0,0,10,0,0,9,1,6,4,0,0,10,0,2,8,0,0,7,3,0,0,0,10,10,0,4,6,1,9,0,10,0,10,0,1,9,0,1,9,0,10,2,0,0,0,0,0,0,0,0,0,0,0,0,0,0,0,0,0,0,0,0,4,0,0,0,0,3,1,0,0,0,0,0,0,0,0,0,0,0,0,0,0,0,0,0,0,0,0,4,0,0,0,0,3,2,1,0,0,4,0,2,0,3,0,0,1,0,0,5,5,0,10,0,3,7,10,7,3,0,7,3,0,52.2,57.5
29,038,13,1,12,0,0,13,0,1,0,1,1,10,3,0,1,1,8,3,10,0,0,4,9,0,0,0,0,0,0,0,0,0,1,0,0,0,0,0,0,0,0,0,0,0,0,0,0,0,0,0,0,0,11,1,0,0,0,0,0,0,0,0,0,0,0,0,0,0,0,0,0,0,0,0,0,0,0,0,0,0,0,0,0,0,0,13,0,0,0,1,12,0,0,13,0,4,9,0,0,13,0,2,11,0,1,10,2,0,0,0,13,13,0,6,7,1,12,0,13,0,13,0,0,12,1,0,13,0,13,1,0,0,0,1,0,0,0,0,0,0,0,0,0,0,2,0,1,0,0,0,7,0,0,0,0,1,0,0,0,0,0,1,0,0,0,0,0,0,0,0,0,0,0,0,0,0,0,7,0,0,0,0,1,4,0,0,0,0,0,8,0,0,0,0,5,0,0,4,9,2,11,0,2,11,13,12,1,1,10,2,0,31.0,38.0
29,039,8,0,8,0,0,8,0,0,0,0,1,7,2,0,0,1,5,1,7,0,0,4,4,0,0,0,0,0,0,0,0,0,0,0,0,0,0,0,0,0,0,0,0,0,0,0,0,0,0,0,0,0,8,0,0,0,0,0,0,0,0,0,0,0,0,0,0,0,0,0,0,0,0,0,0,0,0,0,0,0,0,0,0,0,0,8,0,0,0,1,7,0,0,8,0,2,6,0,0,8,0,0,8,0,0,8,0,0,0,0,8,8,0,5,3,0,8,0,8,0,8,0,1,7,0,1,7,0,8,1,0,0,0,0,0,0,0,0,0,0,0,0,0,0,1,0,0,0,0,0,5,0,0,0,0,1,0,0,0,0,0,0,0,0,0,0,0,0,0,0,0,0,0,0,0,0,0,5,0,0,0,0,1,2,0,0,0,0,0,7,0,0,0,0,1,0,0,4,4,1,7,0,0,8,8,7,1,0,8,0,0,13.625,1.0
29,040,6,0,6,0,1,5,0,1,0,0,0,5,1,0,0,0,5,1,5,0,0,3,3,0,0,0,0,0,0,0,0,0,0,0,0,0,0,0,0,0,0,0,0,0,0,0,0,0,0,0,0,0,6,0,0,0,0,0,0,0,0,0,0,0,0,0,0,0,0,0,0,0,0,0,0,0,0,0,0,0,0,0,0,0,0,6,0,0,0,0,6,0,0,6,0,1,5,0,0,6,0,0,6,0,1,4,1,0,0,0,6,6,0,2,4,2,4,0,6,0,6,0,3,3,0,0,6,0,6,0,0,0,0,0,0,0,0,0,0,0,0,0,0,0,1,0,1,0,0,0,4,0,0,0,0,0,0,0,0,0,0,0,0,0,0,0,0,0,0,0,0,0,0,0,0,0,0,4,0,0,0,0,0,2,0,0,0,0,0,6,0,0,0,0,0,0,0,3,3,1,5,0,1,5,6,6,0,0,5,1,0,28.333333333333332,25.5
29,041,30,1,29,0,0,30,0,1,0,0,8,21,4,0,0,8,18,6,24,0,1,19,10,0,0,0,0,0,0,0,0,0,1,0,0,0,0,0,0,0,0,0,0,0,16,0,0,0,0,0,0,0,13,0,0,0,0,0,0,0,0,0,0,0,0,0,0,0,0,0,0,0,0,0,0,0,0,9,0,0,0,0,0,0,0,21,0,0,0,2,28,0,0,30,0,3,27,0,0,30,0,0,30,0,1,16,13,0,0,0,30,30,0,11,19,2,27,1,30,1,29,0,6,18,6,0,30,0,30,2,1,0,0,0,0,0,0,0,0,0,0,0,2,0,1,0,1,0,0,1,14,0,0,0,0,7,1,0,0,0,0,0,0,0,0,0,0,0,0,0,0,0,0,0,0,0,0,14,0,0,0,0,7,8,1,0,0,0,0,20,0,9,0,0,1,0,0,20,10,0,29,1,13,17,30,23,7,0,17,13,0,34.46666666666667,41.0
29,042,20,0,20,0,0,20,0,1,0,2,4,13,1,0,2,4,13,7,13,0,0,9,11,0,0,0,0,0,0,0,0,0,1,0,0,0,3,0,0,0,0,0,0,0,3,0,0,0,0,0,0,0,12,1,0,0,0,0,0,0,0,0,0,0,0,0,0,0,0,0,0,0,0,0,0,0,0,3,0,0,0,0,0,0,0,17,0,0,0,1,19,0,0,19,1,1,19,0,0,20,0,0,20,0,0,10,10,0,0,0,20,20,0,9,11,0,20,0,20,1,19,0,5,14,1,0,20,0,20,0,0,0,0,2,0,0,0,0,0,0,0,0,0,0,1,0,1,0,0,0,12,0,0,0,0,4,0,0,0,0,0,2,0,0,0,0,0,0,0,0,0,0,0,0,0,0,0,12,0,0,0,0,4,2,0,0,0,0,0,14,0,3,1,0,2,0,0,9,11,1,19,0,10,10,20,16,4,1,9,10,0,31.45,29.0
29,043,21,3,18,0,0,21,0,3,0,1,3,14,1,0,1,3,16,0,21,0,0,10,11,0,0,0,0,0,0,0,0,0,1,0,0,0,0,0,0,0,0,0,0,0,0,0,0,0,0,0,0,0,19,0,0,0,1,0,0,0,0,0,0,0,0,1,0,0,0,1,0,0,0,0,0,0,0,0,0,0,0,0,0,0,0,18,1,0,0,0,21,0,0,21,0,1,20,0,0,21,0,1,20,0,1,13,7,0,1,0,20,20,1,10,11,0,21,0,21,1,20,0,4,17,0,0,21,0,21,1,0,0,0,1,0,0,0,0,0,0,0,0,1,0,0,0,3,0,0,0,12,0,0,0,0,3,0,0,0,0,0,1,0,0,0,0,0,0,0,0,0,0,0,0,0,0,0,12,0,0,0,0,3,5,0,0,0,1,0,15,0,0,1,0,4,0,0,10,11,2,19,0,7,14,21,18,3,1,13,7,0,27.80952380952381,26.0
29,044,74,4,70,0,1,73,0,14,0,1,5,54,8,0,1,5,60,7,67,0,2,36,36,0,0,0,0,0,0,0,0,0,1,0,0,0,1,0,4,0,0,0,0,0,9,0,0,0,0,0,0,2,55,0,0,1,1,0,0,0,0,0,0,0,0,2,0,0,0,0,0,0,0,0,0,0,0,2,0,0,0,0,0,0,0,69,0,0,1,2,72,0,0,72,2,10,64,0,0,72,2,1,73,0,1,29,44,0,0,1,73,73,1,17,57,6,68,0,74,1,73,0,21,51,2,3,71,0,74,4,0,0,0,1,0,0,0,0,0,0,0,0,0,0,4,0,14,0,0,0,46,0,0,0,0,5,0,0,0,0,0,1,0,0,0,0,0,0,0,0,0,0,0,0,0,0,0,46,0,0,0,0,5,22,0,0,0,2,0,58,0,2,7,0,5,0,0,38,36,3,70,1,44,30,74,69,5,0,30,44,0,31.5,27.0
29,045,7,0,6,1,1,5,1,1,0,0,0,6,1,0,0,0,6,1,4,2,0,5,2,0,0,0,0,0,0,0,0,0,0,0,0,0,0,0,0,0,0,0,0,0,0,0,0,0,0,0,0,0,7,0,0,0,0,0,0,0,0,0,0,0,0,0,0,0,0,0,0,0,0,0,0,0,0,0,0,0,0,0,0,0,0,7,0,0,0,1,2,4,0,7,0,0,4,3,0,7,0,1,6,0,2,5,0,0,0,0,7,7,0,6,1,2,5,0,7,6,1,0,0,5,2,1,5,1,7,0,1,0,0,0,0,0,0,0,0,0,0,0,0,0,0,0,1,0,0,1,4,0,0,0,0,0,0,0,0,0,0,0,0,0,0,0,0,0,0,0,0,0,0,0,0,0,0,4,0,0,0,0,0,3,0,0,0,0,0,7,0,0,0,0,0,0,0,5,2,1,5,1,0,7,7,7,0,0,7,0,0,47.285714285714285,53.0
29,046,4,0,4,0,0,4,0,0,0,0,1,3,0,0,0,1,3,1,3,0,0,3,1,0,0,0,0,0,0,0,0,0,0,0,0,0,0,0,0,0,0,0,0,0,0,0,0,0,0,0,0,0,4,0,0,0,0,0,0,0,0,0,0,0,0,0,0,0,0,0,0,0,0,0,0,0,0,0,0,0,0,0,0,0,0,4,0,0,0,0,4,0,0,4,0,1,3,0,0,4,0,0,4,0,0,4,0,0,0,0,4,4,0,2,2,0,4,0,4,0,4,0,0,4,0,1,3,0,4,0,0,0,0,0,0,0,0,0,1,0,0,0,0,0,0,0,0,0,0,0,2,0,0,0,0,0,1,0,0,0,0,0,0,0,0,0,0,0,0,0,0,0,0,0,0,0,0,2,0,0,0,0,0,1,1,0,0,0,0,3,0,0,1,0,0,0,0,3,1,0,4,0,0,4,4,4,0,0,4,0,0,22.25,10.0
29,047,2,0,2,0,0,2,0,0,0,0,0,2,0,0,0,0,2,0,2,0,0,0,2,0,0,0,0,0,0,0,0,0,0,0,0,0,0,0,0,0,0,0,0,0,0,0,0,0,0,0,0,0,2,0,0,0,0,0,0,0,0,0,0,0,0,0,0,0,0,0,0,0,0,0,0,0,0,0,0,0,0,0,0,0,0,2,0,0,0,0,2,0,0,2,0,0,2,0,0,2,0,0,2,0,0,2,0,0,0,0,2,2,0,1,1,0,2,0,2,0,2,0,0,2,0,0,2,0,2,0,0,0,0,0,0,0,0,0,0,0,0,0,0,0,0,0,0,0,0,0,2,0,0,0,0,0,0,0,0,0,0,0,0,0,0,0,0,0,0,0,0,0,0,0,0,0,0,2,0,0,0,0,0,0,0,0,0,0,0,2,0,0,0,0,0,0,0,0,2,0,2,0,0,2,2,2,0,0,2,0,0,3.5,3.5
29,048,18,0,18,0,2,16,0,1,0,0,2,15,1,0,0,2,15,2,16,0,1,7,10,0,0,0,0,0,0,0,0,0,1,0,0,0,0,0,0,0,0,0,0,0,3,0,0,0,0,0,0,0,12,1,0,0,1,0,0,0,0,0,0,0,0,0,0,0,0,0,0,0,0,0,0,0,0,1,0,0,0,0,0,0,0,17,0,0,0,0,18,0,0,18,0,5,13,0,0,18,0,0,18,0,1,16,1,0,0,1,17,17,1,7,11,2,16,0,18,0,18,0,1,16,1,1,17,0,18,0,0,0,0,0,0,0,0,0,0,0,0,0,0,0,1,0,1,0,0,0,13,0,0,1,0,1,1,0,0,0,0,0,0,0,0,0,0,0,0,0,0,0,0,0,0,0,0,13,0,0,0,0,1,3,1,0,0,0,0,16,0,1,0,0,1,0,0,8,10,0,18,0,1,17,18,17,1,1,16,1,0,32.666666666666664,23.5
29,049,7,0,7,0,0,7,0,2,0,0,1,4,1,0,0,1,5,1,6,0,0,4,3,0,0,0,0,0,0,0,0,0,0,0,0,0,1,0,0,0,0,0,0,0,0,0,0,0,0,0,0,0,6,0,0,0,0,0,0,0,0,0,0,0,0,0,0,0,0,0,0,0,0,0,0,0,0,0,0,0,0,0,0,0,0,7,0,0,0,1,6,0,0,7,0,2,5,0,0,7,0,0,7,0,0,2,5,0,0,0,7,7,0,1,6,1,6,0,7,0,6,1,2,4,1,0,7,0,7,0,0,0,0,0,0,0,0,0,0,0,0,0,0,0,1,0,2,0,0,0,3,0,0,0,0,1,0,0,0,0,0,0,0,0,0,0,0,0,0,0,0,0,0,0,0,0,0,3,0,0,0,0,1,3,0,0,0,0,0,3,0,0,2,0,2,0,0,4,3,0,7,0,5,2,7,6,1,1,1,5,0,39.857142857142854,41.0
29,050,11,0,11,0,0,11,0,1,0,0,2,8,1,0,0,2,8,2,9,0,0,8,3,0,0,0,0,0,0,0,0,0,0,0,0,0,0,0,0,0,0,0,0,0,0,0,0,0,0,0,0,0,11,0,0,0,0,0,0,0,0,0,0,0,0,0,0,0,0,0,0,0,0,0,0,0,0,0,0,0,0,0,0,0,0,11,0,0,0,1,10,0,0,11,0,1,10,0,0,11,0,2,9,0,0,8,3,0,0,0,11,11,0,4,7,1,10,0,11,0,11,0,1,10,0,1,10,0,11,1,0,0,0,0,0,0,0,0,0,0,0,0,0,0,0,0,1,0,0,0,7,0,0,0,0,2,0,0,0,0,0,0,0,0,0,0,0,0,0,0,0,0,0,0,0,0,0,7,0,0,0,0,2,2,0,0,0,0,0,9,0,0,0,0,2,0,0,8,3,0,11,0,3,8,11,9,2,1,7,3,0,28.09090909090909,34.0
29,051,7,0,7,0,1,6,0,0,0,0,0,7,0,0,0,0,7,3,4,0,0,4,3,0,0,0,0,0,0,0,0,0,0,0,0,0,0,0,1,0,0,0,0,0,0,0,0,0,0,0,0,0,6,0,0,0,0,0,0,0,0,0,0,0,0,0,0,0,0,0,0,0,0,0,0,0,0,0,0,0,0,0,0,0,0,7,0,0,0,0,7,0,0,7,0,2,5,0,0,7,0,0,7,0,0,5,2,0,0,0,7,7,0,4,3,0,7,0,7,0,7,0,0,7,0,1,6,0,7,0,0,0,0,0,0,0,0,0,0,0,0,0,0,0,0,0,0,0,0,0,7,0,0,0,0,0,0,0,0,0,0,0,0,0,0,0,0,0,0,0,0,0,0,0,0,0,0,7,0,0,0,0,0,0,0,0,0,0,0,3,0,0,1,0,3,0,0,4,3,0,7,0,2,5,7,7,0,0,5,2,0,33.857142857142854,26.0
29,052,2,0,2,0,0,2,0,0,0,0,0,2,0,0,0,0,2,0,2,0,0,1,1,0,0,0,0,0,0,0,0,0,0,0,0,0,0,0,0,0,0,0,0,0,0,0,0,0,0,0,0,0,2,0,0,0,0,0,0,0,0,0,0,0,0,0,0,0,0,0,0,0,0,0,0,0,0,0,0,0,0,0,0,0,0,2,0,0,0,0,2,0,0,2,0,0,2,0,0,2,0,0,2,0,0,2,0,0,0,0,2,2,0,0,2,0,2,0,2,0,2,0,0,2,0,0,2,0,2,0,0,0,0,0,0,0,0,0,0,0,0,0,0,0,0,0,0,0,0,0,2,0,0,0,0,0,0,0,0,0,0,0,0,0,0,0,0,0,0,0,0,0,0,0,0,0,0,2,0,0,0,0,0,0,0,0,0,0,0,2,0,0,0,0,0,0,0,1,1,0,2,0,0,2,2,2,0,0,2,0,0,2.0,2.0
29,053,11,0,11,0,1,10,0,0,0,0,2,9,1,0,0,2,8,3,8,0,1,3,7,0,0,0,0,0,0,0,0,0,0,0,0,0,0,0,0,0,0,0,0,0,0,0,0,0,0,0,0,0,11,0,0,0,0,0,0,0,0,0,0,0,0,0,0,0,0,0,0,0,0,0,0,0,0,2,0,0,0,0,0,0,0,9,0,0,0,0,11,0,0,11,0,4,7,0,0,11,0,0,11,0,0,6,5,0,0,0,11,11,0,5,6,2,9,0,11,0,11,0,2,9,0,0,11,0,11,1,0,0,0,0,0,0,0,0,0,0,0,0,0,0,0,0,0,0,0,0,8,0,0,0,0,2,0,0,0,0,0,0,0,0,0,0,0,0,0,0,0,0,0,0,0,0,0,8,0,0,0,0,2,1,0,0,0,0,0,8,0,2,0,0,1,0,0,4,7,0,11,0,5,6,11,9,2,0,6,5,0,21.454545454545453,20.0
29,054,13,0,13,0,0,13,0,1,0,1,1,10,2,0,1,1,9,3,10,0,1,7,5,0,0,0,0,0,0,0,0,0,1,0,0,0,0,0,0,0,0,0,0,0,1,0,0,0,0,0,0,0,10,0,0,0,1,0,0,0,0,0,0,0,0,0,0,0,0,0,0,0,0,0,0,0,0,0,0,0,0,0,0,0,0,13,0,0,0,1,12,0,0,13,0,2,11,0,0,12,1,1,12,0,0,4,9,0,0,1,12,12,1,2,11,1,12,0,13,0,12,1,5,7,1,1,12,0,13,1,0,0,0,1,0,0,0,0,0,0,0,0,0,0,1,0,1,0,0,0,8,0,0,0,0,1,0,0,0,0,0,1,0,0,0,0,0,0,0,0,0,0,0,0,0,0,0,8,0,0,0,0,1,3,0,0,0,0,0,10,0,0,0,0,3,0,0,8,5,0,13,0,9,4,13,12,1,0,4,9,0,38.84615384615385,38.0
29,055,1,0,1,0,0,1,0,0,0,0,0,1,0,0,0,0,1,0,1,0,0,1,0,0,0,0,0,0,0,0,0,0,0,0,0,0,0,0,0,0,0,0,0,0,0,0,0,0,0,0,0,0,1,0,0,0,0,0,0,0,0,0,0,0,0,0,0,0,0,0,0,0,0,0,0,0,0,0,0,0,0,0,0,0,0,1,0,0,0,0,1,0,0,1,0,0,1,0,0,1,0,0,1,0,0,1,0,0,0,0,1,1,0,1,0,0,1,0,1,0,1,0,0,1,0,0,1,0,1,0,0,0,0,0,0,0,0,0,0,0,0,0,0,0,0,0,0,0,0,0,1,0,0,0,0,0,0,0,0,0,0,0,0,0,0,0,0,0,0,0,0,0,0,0,0,0,0,1,0,0,0,0,0,0,0,0,0,0,0,1,0,0,0,0,0,0,0,1,0,0,1,0,0,1,1,1,0,0,1,0,0,1.0,1.0
29,056,11,0,11,0,1,10,0,0,0,0,2,9,1,0,0,2,8,2,9,0,0,5,6,0,0,0,0,0,0,0,0,0,0,0,0,0,0,0,0,0,0,0,0,0,1,0,0,0,0,0,0,0,10,0,0,0,0,0,0,0,0,0,0,0,0,0,0,0,0,0,0,0,0,0,0,0,0,2,0,0,0,0,0,0,0,9,0,0,0,1,10,0,0,11,0,2,9,0,0,11,0,0,11,0,0,9,2,0,0,0,11,11,0,6,5,0,11,0,11,0,11,0,1,10,0,0,11,0,11,0,0,0,0,0,0,0,0,0,0,0,0,0,0,0,1,0,0,0,0,0,8,0,0,0,0,2,0,0,0,0,0,0,0,0,0,0,0,0,0,0,0,0,0,0,0,0,0,8,0,0,0,0,2,1,0,0,0,0,0,7,0,2,0,0,2,0,0,5,6,0,11,0,2,9,11,9,2,0,9,2,0,34.63636363636363,17.0
29,057,1,0,1,0,0,1,0,1,0,0,0,0,0,0,0,0,1,0,1,0,0,0,1,0,0,0,0,0,0,0,0,0,0,0,0,0,0,0,0,0,0,0,0,0,0,0,0,0,0,0,0,0,1,0,0,0,0,0,0,0,0,0,0,0,0,0,0,0,0,0,0,0,0,0,0,0,0,0,0,0,0,0,0,0,0,1,0,0,0,0,1,0,0,1,0,0,1,0,0,1,0,0,1,0,0,0,1,0,0,0,1,1,0,0,1,0,1,0,1,0,1,0,1,0,0,0,1,0,1,0,0,0,0,0,0,0,0,0,0,0,0,0,0,0,0,0,1,0,0,0,0,0,0,0,0,0,0,0,0,0,0,0,0,0,0,0,0,0,0,0,0,0,0,0,0,0,0,0,0,0,0,0,0,1,0,0,0,0,0,1,0,0,0,0,0,0,0,0,1,0,1,0,1,0,1,1,0,0,0,1,0,32.0,32.0
29,058,11,0,11,0,0,11,0,0,0,0,2,9,2,0,0,2,7,2,9,0,0,6,5,0,0,0,0,0,0,0,0,0,0,0,0,0,0,0,0,0,0,0,0,0,1,0,0,0,0,0,0,0,9,0,0,0,1,0,0,0,0,0,0,0,0,0,0,0,0,0,0,0,0,0,0,0,0,2,0,0,0,0,0,0,0,9,0,0,0,0,11,0,0,11,0,2,9,0,0,11,0,1,10,0,0,5,6,0,0,1,10,10,1,2,9,1,10,0,11,0,11,0,2,9,0,0,11,0,11,1,0,0,0,0,0,0,0,0,0,0,0,0,0,0,0,0,0,0,0,1,7,0,0,0,0,2,0,0,0,0,0,0,0,0,0,0,0,0,0,0,0,0,0,0,0,0,0,7,0,0,0,0,2,2,0,0,0,0,0,7,0,2,0,0,2,0,0,6,5,0,11,0,6,5,11,9,2,0,5,6,0,29.90909090909091,29.0
29,059,6,0,6,0,0,6,0,0,0,0,0,6,2,0,0,0,4,0,6,0,0,1,5,0,0,0,0,0,0,0,0,0,0,0,0,0,0,0,0,0,0,0,0,0,1,0,0,0,0,0,0,0,5,0,0,0,0,0,0,0,0,0,0,0,0,0,0,0,0,0,0,0,0,0,0,0,0,0,0,0,0,0,0,0,0,6,0,0,0,0,6,0,0,6,0,1,5,0,0,6,0,0,6,0,1,1,4,0,0,0,6,6,0,2,4,0,6,0,6,0,6,0,3,3,0,0,6,0,6,1,0,0,0,0,0,0,0,0,0,0,0,0,0,0,1,0,0,0,0,0,4,0,0,0,0,0,0,0,0,0,0,0,0,0,0,0,0,0,0,0,0,0,0,0,0,0,0,4,0,0,0,0,0,2,0,0,0,0,0,6,0,0,0,0,0,0,0,1,5,1,5,0,4,2,6,6,0,1,1,4,0,28.5,17.5
29,060,7,0,7,0,1,6,0,0,0,1,1,5,1,0,1,1,4,1,6,0,0,5,2,0,0,0,0,0,0,0,0,0,0,0,0,0,0,0,0,0,0,0,0,0,0,0,0,0,0,0,0,0,7,0,0,0,0,0,0,0,0,0,0,0,0,0,0,0,0,0,0,0,0,0,0,0,0,0,0,0,0,0,0,0,0,7,0,0,0,0,7,0,0,7,0,1,6,0,0,7,0,1,6,0,0,6,1,0,0,0,7,7,0,3,4,1,6,0,7,0,7,0,1,6,0,1,6,0,7,0,0,0,0,1,0,0,0,0,0,0,0,0,0,0,1,0,0,0,0,0,4,0,0,0,0,0,1,0,0,0,0,1,0,0,0,0,0,0,0,0,0,0,0,0,0,0,0,4,0,0,0,0,0,1,1,0,0,0,0,4,0,0,1,0,2,0,0,5,2,0,7,0,1,6,7,7,0,0,6,1,0,37.285714285714285,38.0
30,001,7,0,7,0,0,7,0,0,0,0,0,7,1,0,0,0,6,1,6,0,2,2,3,0,0,0,0,0,0,0,0,0,0,0,0,0,0,0,0,0,0,0,0,0,0,0,0,0,0,0,0,0,0,7,0,0,0,0,0,0,0,0,0,0,0,0,0,0,0,0,0,0,0,0,0,0,0,0,0,0,0,0,0,0,0,0,7,0,0,0,7,0,0,7,0,0,7,0,0,7,0,1,6,0,1,6,0,0,0,0,7,7,0,2,5,0,7,0,7,1,6,0,3,3,1,0,7,0,7,1,0,0,0,0,0,0,0,0,0,0,0,0,0,0,0,0,0,0,0,0,6,0,0,0,0,0,0,0,0,0,0,0,0,0,0,0,0,0,0,0,0,0,0,0,0,0,0,6,0,0,0,0,0,1,0,0,0,0,0,6,0,0,1,0,0,0,0,4,3,0,7,0,0,7,7,7,0,0,7,0,0,21.142857142857142,20.0
30,003,5,0,5,0,0,5,0,0,0,0,0,5,0,0,0,0,5,1,4,0,0,1,4,0,0,0,0,1,0,0,0,0,0,0,0,0,0,0,0,0,0,0,0,0,0,0,0,0,0,0,0,0,0,4,0,0,0,0,0,0,0,0,0,0,0,1,0,0,0,0,0,0,0,0,0,0,0,0,0,0,0,0,0,0,0,0,4,0,0,0,5,0,0,5,0,3,2,0,0,5,0,0,5,0,1,4,0,0,0,0,5,5,0,2,3,1,4,0,5,1,4,0,0,5,0,0,5,0,5,0,0,0,0,0,0,0,0,0,0,0,0,0,0,0,0,1,0,0,0,0,4,0,0,0,0,0,0,0,0,0,0,0,0,0,0,0,0,0,0,0,0,0,0,0,0,0,0,4,0,0,0,0,0,1,0,0,0,1,0,2,0,0,0,0,2,0,0,1,4,0,5,0,0,5,5,5,0,0,5,0,0,41.0,48.0
30,004,2,0,2,0,0,2,0,0,0,0,0,2,0,0,0,0,2,0,2,0,0,1,1,0,0,0,0,0,0,0,0,0,0,0,0,0,0,0,0,0,0,0,0,0,0,0,0,0,0,0,0,0,0,2,0,0,0,0,0,0,0,0,0,0,0,0,0,0,0,0,0,0,0,0,0,0,0,0,0,0,0,0,0,0,0,0,2,0,0,0,2,0,0,2,0,0,2,0,0,2,0,0,2,0,0,2,0,0,0,0,2,2,0,1,1,0,2,0,2,0,2,0,0,0,2,1,1,0,2,0,0,0,0,0,0,0,0,0,0,0,0,0,0,0,0,0,0,0,0,0,2,0,0,0,0,0,0,0,0,0,0,0,0,0,0,0,0,0,0,0,0,0,0,0,0,0,0,2,0,0,0,0,0,0,0,0,0,0,0,2,0,0,0,0,0,0,0,1,1,0,2,0,0,2,2,2,0,0,2,0,0,1.0,1.0
30,005,1,0,1,0,0,1,0,0,0,0,0,1,1,0,0,0,0,0,1,0,0,0,1,0,0,0,0,0,0,0,0,0,0,0,0,0,0,0,0,0,0,0,0,0,0,0,0,0,0,0,0,0,0,1,0,0,0,0,0,0,0,0,0,0,0,0,0,0,0,0,0,0,0,0,0,0,0,0,0,0,0,0,0,0,0,0,1,0,0,1,0,0,0,1,0,0,1,0,0,1,0,0,1,0,0,1,0,0,0,0,1,1,0,1,0,0,1,0,1,0,1,0,1,0,0,0,1,0,1,1,0,0,0,0,0,0,0,0,0,0,0,0,0,0,0,0,0,0,0,0,0,0,0,0,0,0,0,0,0,0,0,0,0,0,0,0,0,0,0,0,0,0,0,0,0,0,0,0,0,0,0,0,0,1,0,0,0,0,0,0,0,0,0,0,1,0,0,0,1,1,0,0,0,1,1,1,0,0,1,0,0,85.0,85.0
30,006,3,0,3,0,0,3,0,1,0,0,0,2,1,0,0,0,2,0,3,0,0,2,1,0,0,0,0,0,0,0,0,0,0,0,0,0,0,0,0,0,0,0,0,0,0,0,0,0,0,0,0,0,0,3,0,0,0,0,0,0,0,0,0,0,0,0,0,0,0,0,0,0,0,0,0,0,0,0,0,0,0,0,0,0,0,0,3,0,0,0,3,0,0,3,0,1,2,0,0,3,0,0,3,0,0,2,1,0,0,0,3,3,0,0,3,0,3,0,3,0,3,0,1,2,0,0,3,0,3,0,0,0,0,0,0,0,0,0,0,0,0,0,0,0,1,0,1,0,0,0,1,0,0,0,0,0,0,0,0,0,0,0,0,0,0,0,0,0,0,0,0,0,0,0,0,0,0,1,0,0,0,0,0,2,0,0,0,0,0,1,0,0,2,0,0,0,0,2,1,0,3,0,1,2,3,3,0,0,2,1,0,46.666666666666664,51.0
30,007,1,0,1,0,0,1,0,0,0,0,0,1,0,0,0,0,1,1,0,0,0,1,0,0,0,0,0,0,0,0,0,0,0,0,0,0,0,0,0,0,0,0,0,0,0,0,0,0,0,0,0,0,0,1,0,0,0,0,0,0,0,0,0,0,0,0,0,0,0,0,0,0,0,0,0,0,0,0,0,0,0,0,0,0,0,0,1,0,0,0,1,0,0,1,0,1,0,0,0,1,0,0,1,0,1,0,0,0,0,0,1,1,0,1,0,0,1,0,1,0,1,0,0,0,1,0,1,0,1,0,0,0,0,0,0,0,0,0,0,0,0,0,0,0,0,0,0,0,0,0,1,0,0,0,0,0,0,0,0,0,0,0,0,0,0,0,0,0,0,0,0,0,0,0,0,0,0,1,0,0,0,0,0,0,0,0,0,0,0,1,0,0,0,0,0,0,0,1,0,0,1,0,0,1,1,1,0,0,1,0,0,59.0,59.0
30,008,3,0,3,0,0,3,0,0,0,0,1,2,1,0,0,1,1,0,3,0,0,0,3,0,0,0,0,0,0,0,0,0,0,0,0,0,0,0,0,0,0,0,0,0,0,0,0,0,0,0,0,0,0,3,0,0,0,0,0,0,0,0,0,0,0,0,0,0,0,0,0,0,0,0,0,0,0,0,0,0,0,0,0,0,0,0,3,0,0,0,3,0,0,3,0,0,3,0,0,3,0,0,3,0,0,1,2,0,0,0,3,3,0,1,2,0,3,0,3,0,3,0,0,3,0,0,3,0,3,0,0,0,0,0,0,0,0,0,0,0,0,0,0,0,1,0,0,0,0,0,1,0,0,0,0,1,0,0,0,0,0,0,0,0,0,0,0,0,0,0,0,0,0,0,0,0,0,1,0,0,0,0,1,1,0,0,0,0,0,0,0,0,1,2,0,0,0,0,3,0,3,0,2,1,3,2,1,0,1,2,0,32.666666666666664,32.0
30,009,6,2,4,0,1,5,0,1,0,0,1,4,3,0,0,1,2,0,6,0,0,1,5,0,0,0,0,0,0,0,0,0,0,0,0,0,0,0,0,0,0,0,0,0,0,0,0,0,0,0,0,0,0,6,0,0,0,0,0,0,0,0,0,0,0,0,0,0,0,0,0,0,0,0,0,0,0,2,0,0,0,0,0,0,1,0,3,0,0,0,6,0,0,5,1,3,3,0,0,6,0,0,6,0,1,5,0,0,0,0,6,6,0,4,2,0,6,0,6,0,6,0,2,4,0,2,4,0,6,3,0,0,0,0,0,0,0,0,0,0,0,0,0,0,0,0,1,0,0,0,1,0,0,0,0,1,0,0,0,0,0,0,0,0,0,0,0,0,0,0,0,0,0,0,0,0,0,1,0,0,0,0,1,4,0,0,0,0,0,4,0,0,0,0,2,0,0,1,5,0,6,0,0,6,6,5,1,1,5,0,0,53.166666666666664,52.5
30,010,12,0,12,0,0,12,0,1,0,0,1,10,3,0,0,1,8,1,11,0,0,2,10,0,0,0,0,0,0,0,0,0,2,0,0,0,0,0,0,0,0,0,0,0,1,0,0,0,0,0,0,0,0,9,0,0,0,0,0,0,0,0,0,0,0,4,0,0,0,0,0,0,0,0,0,0,0,4,0,0,0,0,0,0,0,0,4,0,0,0,12,0,0,12,0,1,11,0,0,12,0,3,9,0,2,7,3,0,0,0,12,12,0,6,6,0,12,0,12,0,12,0,4,6,2,2,10,0,12,2,0,0,1,0,0,0,0,0,0,0,0,0,0,0,0,0,1,0,0,0,7,0,0,0,0,1,0,0,0,0,0,0,0,0,0,0,0,0,0,0,0,0,0,0,0,0,0,7,0,0,0,0,1,4,0,0,0,4,0,3,0,2,1,0,2,0,0,2,10,1,11,0,3,9,12,11,1,1,8,3,0,34.416666666666664,38.0
30,011,17,1,16,0,3,14,0,2,0,0,0,15,2,0,0,0,15,7,10,0,0,11,6,0,0,0,0,0,0,0,0,0,1,0,0,0,0,0,0,0,0,0,0,0,0,0,0,0,0,0,0,0,0,16,0,0,0,0,0,0,0,0,0,0,0,1,0,0,0,0,0,1,0,0,0,0,0,0,0,0,0,0,0,0,0,0,15,0,0,2,15,0,0,16,1,8,9,0,0,16,1,0,17,0,0,14,3,0,0,0,17,17,0,11,6,5,12,0,17,1,16,0,1,13,3,3,14,0,17,0,0,0,2,0,0,0,0,0,0,0,0,0,0,0,0,0,2,0,0,0,13,0,0,0,0,0,0,0,0,0,0,0,0,0,0,0,0,0,0,0,0,0,0,0,0,0,0,13,0,0,0,0,0,4,0,0,0,1,0,2,0,0,0,0,14,0,0,11,6,0,17,0,3,14,17,17,0,0,14,3,0,62.05882352941177,69.0
30,012,3,0,3,0,0,3,0,0,0,0,2,1,0,0,0,2,1,0,3,0,0,2,1,0,0,0,0,0,0,0,0,0,0,0,0,0,0,0,0,0,0,0,0,0,0,0,0,0,0,0,0,0,0,3,0,0,0,0,0,0,0,0,0,0,0,0,0,0,0,0,0,0,0,0,0,0,0,0,0,0,0,0,0,0,0,0,3,0,0,0,3,0,0,3,0,1,2,0,0,3,0,0,3,0,0,1,2,0,0,0,3,3,0,1,2,0,3,0,3,0,3,0,1,2,0,0,3,0,3,0,0,0,0,0,0,0,0,0,0,0,0,0,0,0,0,0,0,0,0,0,1,0,0,0,0,2,0,0,0,0,0,0,0,0,0,0,0,0,0,0,0,0,0,0,0,0,0,1,0,0,0,0,2,0,0,0,0,0,0,2,0,0,0,0,1,0,0,2,1,0,3,0,2,1,3,1,2,0,1,2,0,49.0,54.0
30,013,1,1,0,0,0,1,0,0,0,0,1,0,0,0,0,1,0,0,1,0,0,0,1,0,0,0,0,0,0,0,0,0,0,0,0,0,0,0,0,0,0,0,0,0,0,0,0,0,0,0,0,0,0,1,0,0,0,0,0,0,0,0,0,0,0,0,0,0,0,0,0,0,0,0,0,0,0,0,0,0,0,0,0,0,1,0,0,0,0,0,1,0,0,1,0,0,1,0,0,1,0,0,1,0,0,0,1,0,0,0,1,1,0,0,1,0,1,0,1,0,1,0,0,1,0,0,1,0,1,0,0,0,0,0,0,0,0,0,0,0,0,0,0,0,0,0,0,0,0,0,0,0,0,0,0,1,0,0,0,0,0,0,0,0,0,0,0,0,0,0,0,0,0,0,0,0,0,0,0,0,0,0,1,0,0,0,0,0,0,1,0,0,0,0,0,0,0,0,1,0,1,0,1,0,1,0,1,0,0,1,0,62.0,62.0
30,014,20,0,20,0,0,20,0,2,0,0,2,16,7,0,0,2,11,2,18,0,1,14,5,0,0,0,0,0,0,0,0,0,0,0,0,0,0,0,0,0,0,0,0,0,0,0,0,0,0,0,0,0,0,20,0,0,0,0,0,0,0,0,0,0,0,0,0,0,0,0,0,0,0,0,0,0,0,0,0,0,0,0,0,0,0,0,20,0,0,0,20,0,0,20,0,1,19,0,0,20,0,0,20,0,0,1,19,0,0,0,20,20,0,0,20,3,17,0,20,0,20,0,8,12,0,0,20,0,20,3,0,0,0,0,0,0,0,0,0,0,0,0,0,0,3,0,2,0,0,0,10,0,0,0,0,2,0,1,0,0,0,0,0,0,0,0,0,0,0,0,0,0,0,0,0,0,0,10,0,0,0,0,2,7,0,0,0,0,0,0,0,0,19,1,0,0,0,15,5,1,19,0,19,1,20,18,2,0,1,19,0,37.85,39.5
30,016,6,0,6,0,0,6,0,0,0,0,1,5,2,0,0,1,3,0,6,0,0,2,4,0,0,0,0,0,0,0,0,0,0,0,0,0,0,0,0,0,0,0,0,0,0,0,0,0,0,0,0,0,0,6,0,0,0,0,0,0,0,0,0,0,0,0,0,0,0,0,0,0,0,0,0,0,0,0,0,0,0,0,0,0,0,0,6,0,0,0,6,0,0,6,0,4,2,0,0,6,0,0,6,0,1,3,2,0,0,0,6,6,0,2,4,0,6,0,6,0,6,0,3,3,0,2,4,0,6,2,0,0,0,0,0,0,0,0,0,0,0,0,0,0,0,0,0,0,0,0,3,0,0,0,0,0,1,0,0,0,0,0,0,0,0,0,0,0,0,0,0,0,0,0,0,0,0,3,0,0,0,0,0,2,1,0,0,0,0,1,0,0,1,0,4,0,0,2,4,0,6,0,2,4,6,6,0,0,4,2,0,57.333333333333336,68.0
30,017,1,0,1,0,1,0,0,0,0,0,0,1,0,0,0,0,1,0,1,0,0,1,0,0,0,0,0,0,0,0,0,0,0,0,0,0,0,0,0,0,0,0,0,0,0,0,0,0,0,0,0,0,0,1,0,0,0,0,0,0,0,0,0,0,0,0,0,0,0,0,0,0,0,0,0,0,0,0,0,0,0,0,0,0,0,0,1,0,0,0,1,0,0,1,0,0,1,0,0,1,0,0,1,0,1,0,0,0,0,0,1,1,0,0,1,0,1,0,1,0,1,0,0,1,0,0,1,0,1,0,0,0,0,0,0,0,0,0,0,0,0,0,0,0,0,0,0,0,0,0,1,0,0,0,0,0,0,0,0,0,0,0,0,0,0,0,0,0,0,0,0,0,0,0,0,0,0,1,0,0,0,0,0,0,0,0,0,0,0,0,0,0,1,0,0,0,0,1,0,0,1,0,0,1,1,1,0,1,0,0,0,1.0,1.0
30,021,2,0,2,0,0,2,0,1,0,0,0,1,0,0,0,0,2,0,2,0,0,1,1,0,0,0,0,0,0,0,0,0,0,0,0,0,0,0,0,0,0,0,0,0,0,0,0,0,0,0,0,0,0,2,0,0,0,0,0,0,0,0,0,0,0,0,0,0,0,0,0,0,0,0,0,0,0,0,0,0,0,0,0,0,0,0,2,0,0,0,2,0,0,2,0,0,2,0,0,2,0,0,2,0,0,2,0,0,0,0,2,2,0,0,2,0,2,0,2,0,2,0,0,2,0,0,2,0,2,0,0,1,0,0,0,0,0,0,0,0,0,0,0,0,0,0,1,0,0,0,0,0,0,0,0,0,0,0,0,0,0,0,0,0,0,0,0,0,0,0,0,0,0,0,0,0,0,0,0,0,0,0,0,2,0,0,0,0,0,0,0,0,2,0,0,0,0,1,1,0,2,0,0,2,2,2,0,0,2,0,0,45.5,45.5
30,022,6,1,5,0,0,6,0,1,0,0,1,4,0,0,0,1,5,2,4,0,0,4,2,0,0,0,0,0,0,0,0,0,0,0,1,0,0,0,0,0,0,0,0,0,0,0,0,0,0,0,0,0,0,5,0,0,0,0,0,0,0,0,0,0,0,0,0,0,0,0,0,0,0,0,0,0,0,0,0,0,0,0,0,0,0,0,6,0,0,0,6,0,0,6,0,1,5,0,0,6,0,0,6,0,0,5,1,0,0,0,6,6,0,0,6,1,5,0,6,0,6,0,0,6,0,0,6,0,6,0,0,0,0,0,0,0,0,0,0,0,0,0,0,0,0,0,1,0,0,0,4,0,0,0,0,1,0,0,0,0,0,0,0,0,0,0,0,0,0,0,0,0,0,0,0,0,0,4,0,0,0,0,1,1,0,0,0,0,0,1,0,0,5,0,0,0,0,4,2,0,6,0,1,5,6,5,1,0,5,1,0,58.833333333333336,66.5
30,023,6,1,5,0,0,6,0,0,0,0,0,6,0,0,0,0,6,0,6,0,0,5,1,0,0,0,0,0,0,0,0,0,0,0,0,0,0,0,0,0,0,0,0,0,0,0,0,0,0,0,0,0,0,6,0,0,0,0,0,0,0,0,0,0,0,0,0,0,0,0,0,0,0,0,0,0,0,0,0,0,0,0,0,0,0,0,6,0,0,0,6,0,0,6,0,1,5,0,0,6,0,1,5,0,0,6,0,0,0,0,6,6,0,4,2,2,4,0,6,1,5,0,0,4,2,1,5,0,6,0,0,0,0,0,0,0,0,0,0,0,0,0,0,0,0,0,0,0,0,0,6,0,0,0,0,0,0,0,0,0,0,0,0,0,0,0,0,0,0,0,0,0,0,0,0,0,0,6,0,0,0,0,0,0,0,0,0,0,0,6,0,0,0,0,0,0,0,5,1,0,6,0,0,6,6,6,0,0,6,0,0,22.833333333333332,8.0
30,024,1,0,1,0,0,1,0,0,0,0,0,1,0,0,0,0,1,0,1,0,0,0,1,0,0,0,0,0,0,0,0,0,0,0,0,0,0,0,0,0,0,0,0,0,0,0,0,0,0,0,0,0,0,1,0,0,0,0,0,0,0,0,0,0,0,0,0,0,0,0,0,0,0,0,0,0,0,0,0,0,0,0,0,0,0,0,1,0,0,0,1,0,0,1,0,0,1,0,0,1,0,0,1,0,1,0,0,0,0,0,1,1,0,0,1,0,1,0,1,0,1,0,0,0,1,0,1,0,1,0,0,0,0,0,0,0,0,0,0,0,0,0,0,0,0,0,0,0,0,0,1,0,0,0,0,0,0,0,0,0,0,0,0,0,0,0,0,0,0,0,0,0,0,0,0,0,0,1,0,0,0,0,0,0,0,0,0,0,0,1,0,0,0,0,0,0,0,0,1,0,1,0,0,1,1,1,0,0,1,0,0,0.0,0.0
30,025,3,0,3,0,0,3,0,0,0,0,1,2,1,0,0,1,1,0,3,0,0,3,0,0,0,0,0,0,0,0,0,0,0,0,0,0,0,0,0,0,0,0,0,0,0,0,0,0,0,0,0,0,0,3,0,0,0,0,0,0,0,0,0,0,0,0,0,0,0,0,0,0,0,0,0,0,0,0,0,0,0,0,0,0,0,0,3,0,0,0,3,0,0,3,0,1,2,0,0,3,0,0,3,0,0,2,1,0,0,0,3,3,0,0,3,0,3,0,3,0,3,0,1,2,0,0,3,0,3,0,0,0,0,0,0,0,0,0,0,0,0,0,0,0,0,0,0,0,0,1,1,0,0,0,0,1,0,0,0,0,0,0,0,0,0,0,0,0,0,0,0,0,0,0,0,0,0,1,0,0,0,0,1,1,0,0,0,0,0,2,0,0,0,0,1,0,0,3,0,0,3,0,1,2,3,2,1,0,2,1,0,35.333333333333336,32.0
30,026,21,2,19,0,0,21,0,2,0,1,2,16,7,0,1,2,11,3,17,1,0,12,9,0,0,0,0,0,0,0,0,0,0,0,0,0,0,0,0,0,0,0,0,0,0,0,0,0,0,0,0,0,0,21,0,0,0,0,0,0,0,0,0,1,0,0,0,0,0,0,0,0,0,0,0,0,0,0,0,0,0,0,0,0,0,0,20,0,0,0,21,0,0,21,0,5,16,0,0,21,0,0,21,0,1,17,3,0,0,0,21,21,0,14,7,1,20,0,21,1,20,0,7,14,0,0,21,0,21,4,0,0,1,1,0,0,0,0,0,0,0,0,0,0,2,0,2,0,0,0,9,0,0,0,0,2,0,0,0,0,0,1,0,0,0,0,0,0,0,0,0,0,0,0,0,0,0,9,0,0,0,0,2,9,0,0,0,0,0,8,0,0,13,0,0,0,0,12,9,2,19,0,3,18,21,19,2,0,18,3,0,36.61904761904762,46.0
30,027,3,0,3,0,0,3,0,0,0,1,0,2,0,0,1,0,2,0,3,0,0,2,1,0,0,0,0,0,0,0,0,0,0,0,0,0,0,0,0,0,0,0,0,0,0,0,0,0,0,0,0,1,0,2,0,0,0,0,0,0,0,0,0,0,0,0,0,0,0,0,0,0,0,0,0,0,0,0,0,0,0,0,0,0,1,0,2,0,0,1,2,0,0,3,0,1,2,0,0,3,0,0,3,0,0,2,1,0,0,0,3,3,0,0,3,0,3,0,3,0,3,0,1,2,0,0,3,0,3,0,0,0,0,1,0,0,0,0,0,0,0,0,0,0,0,0,0,0,0,0,2,0,0,0,0,0,0,0,0,0,0,1,0,0,0,0,0,0,0,0,0,0,0,0,0,0,0,2,0,0,0,0,0,0,0,0,0,0,0,2,0,0,0,1,0,0,0,2,1,0,3,0,1,2,3,3,0,0,2,1,0,45.666666666666664,55.0
30,028,80,5,75,0,3,77,0,5,0,0,17,58,12,0,0,17,51,13,67,0,0,58,22,0,0,0,0,0,0,1,0,1,3,0,0,0,1,0,2,0,0,0,0,2,0,0,0,0,0,0,2,0,0,66,0,0,2,0,0,0,0,0,0,0,0,4,0,0,0,0,0,0,0,0,0,0,0,0,0,0,0,0,0,0,0,0,76,0,0,1,79,0,0,79,1,24,56,0,0,79,1,2,78,0,1,28,51,0,0,2,78,78,2,24,56,8,72,0,80,1,79,0,31,45,4,7,73,0,80,9,0,0,1,0,0,0,0,0,0,0,0,0,0,0,1,0,5,0,0,1,46,0,0,0,0,13,4,0,0,0,0,0,0,0,0,0,0,0,0,0,0,0,0,0,0,0,0,46,0,0,0,0,13,17,4,0,0,2,0,11,0,0,1,0,65,1,0,58,22,8,72,0,51,29,80,67,13,1,28,51,0,43.0375,41.0
30,029,3,0,3,0,0,3,0,0,0,0,0,3,0,0,0,0,3,0,3,0,0,3,0,0,0,0,0,0,0,0,0,0,0,0,0,0,0,0,0,0,0,0,0,0,0,0,0,0,0,0,0,0,0,3,0,0,0,0,0,0,0,0,0,0,0,0,0,0,0,0,0,0,0,0,0,0,0,0,0,0,0,0,0,0,0,0,3,0,0,0,3,0,0,3,0,0,3,0,0,3,0,0,3,0,0,3,0,0,0,0,3,3,0,3,0,1,2,0,3,0,3,0,0,3,0,0,3,0,3,0,0,0,0,0,0,0,0,0,0,0,0,0,0,0,0,0,0,0,0,0,3,0,0,0,0,0,0,0,0,0,0,0,0,0,0,0,0,0,0,0,0,0,0,0,0,0,0,3,0,0,0,0,0,0,0,0,0,0,0,0,0,0,1,2,0,0,0,3,0,0,3,0,0,3,3,3,0,0,3,0,0,47.666666666666664,50.0
30,030,10,0,10,0,0,10,0,1,0,1,2,6,2,0,1,2,5,0,10,0,0,6,4,0,0,0,0,0,0,0,0,0,0,0,0,0,0,0,0,0,0,0,0,0,0,0,0,0,0,0,0,0,0,10,0,0,0,0,0,0,0,0,0,0,0,0,0,0,0,0,0,0,0,0,0,0,0,0,0,0,0,0,0,0,0,0,10,0,0,0,10,0,0,10,0,1,9,0,0,10,0,0,10,0,0,5,5,0,0,0,10,10,0,1,9,1,9,0,10,0,10,0,0,10,0,1,9,0,10,1,1,0,0,1,0,0,0,0,0,0,0,0,0,0,0,0,1,0,0,1,3,0,0,0,0,2,0,0,0,0,0,1,0,0,0,0,0,0,0,0,0,0,0,0,0,0,0,3,0,0,0,0,2,4,0,0,0,0,0,2,0,0,8,0,0,0,0,6,4,0,10,0,5,5,10,8,2,0,5,5,0,58.4,55.0
30,031,2,0,2,0,0,2,0,0,0,0,0,2,0,0,0,0,2,0,2,0,0,0,2,0,0,0,0,0,0,0,0,0,0,0,0,0,0,0,0,0,0,0,0,0,0,0,0,0,0,0,0,0,0,2,0,0,0,0,0,0,0,0,0,0,0,0,0,0,0,0,0,0,0,0,0,0,0,0,0,0,0,0,0,0,0,0,2,0,0,0,2,0,0,2,0,0,2,0,0,2,0,0,2,0,0,2,0,0,0,0,2,2,0,2,0,0,2,0,2,0,2,0,0,2,0,0,2,0,2,0,0,0,0,0,0,0,0,0,0,0,0,0,0,0,0,0,0,0,0,0,2,0,0,0,0,0,0,0,0,0,0,0,0,0,0,0,0,0,0,0,0,0,0,0,0,0,0,2,0,0,0,0,0,0,0,0,0,0,0,2,0,0,0,0,0,0,0,0,2,0,2,0,0,2,2,2,0,0,2,0,0,1.0,1.0
30,032,6,1,5,0,1,5,0,0,0,0,1,5,0,0,0,1,5,2,4,0,0,2,4,0,0,0,0,0,0,0,0,0,0,0,0,0,0,0,0,0,0,0,0,0,0,0,0,0,0,0,0,0,0,5,1,0,0,0,0,0,0,0,0,0,0,0,0,0,0,0,0,0,0,0,0,0,0,0,0,0,0,0,0,0,0,0,5,1,0,1,5,0,0,5,1,1,5,0,0,6,0,0,6,0,0,3,3,0,0,0,6,6,0,3,3,0,6,0,6,0,6,0,2,4,0,2,4,0,6,0,0,0,0,0,0,0,0,0,0,0,0,0,0,0,0,0,0,0,0,0,5,0,0,0,0,1,0,0,0,0,0,0,0,0,0,0,0,0,0,0,0,0,0,0,0,0,0,5,0,0,0,0,1,0,0,0,0,1,0,3,0,0,0,0,2,0,0,2,4,1,5,0,3,3,6,5,1,0,3,3,0,37.166666666666664,31.5
30,033,15,1,14,0,0,15,0,0,0,0,0,15,3,0,0,0,12,3,12,0,0,8,7,0,0,0,0,0,0,0,0,0,0,0,0,0,0,0,0,0,0,0,0,0,0,0,0,0,0,0,0,1,0,14,0,0,0,0,0,0,0,0,0,0,0,0,0,0,0,0,0,0,0,0,0,0,0,0,0,0,0,0,0,0,0,0,15,0,0,2,13,0,0,15,0,2,13,0,0,15,0,0,15,0,0,15,0,0,0,0,15,15,0,7,8,1,14,0,15,0,15,0,2,13,0,0,15,0,15,3,0,0,0,0,0,0,0,0,1,0,0,0,0,0,0,0,0,0,0,0,11,0,0,0,0,0,0,0,0,0,0,0,0,0,0,0,0,0,0,0,0,0,0,0,0,0,0,11,0,0,0,0,0,4,0,0,0,0,0,10,0,0,4,1,0,0,0,8,7,0,15,0,0,15,15,15,0,0,15,0,0,37.2,11.0
30,034,15,0,15,0,1,14,0,0,0,1,10,4,2,0,1,10,2,2,13,0,0,11,4,0,0,0,0,0,0,0,1,0,0,0,0,0,0,0,0,0,0,0,0,0,1,0,0,0,0,0,0,1,0,12,0,0,0,0,0,0,0,0,0,0,0,1,0,0,0,0,0,0,0,0,0,0,0,0,0,0,0,0,0,0,0,0,14,0,0,0,15,0,0,14,1,2,13,0,0,14,1,1,14,0,0,3,12,0,0,0,15,15,0,3,12,0,15,0,15,0,15,0,6,8,1,0,15,0,15,2,0,0,0,1,0,0,0,0,0,0,0,0,0,0,0,0,0,0,0,0,2,0,0,0,0,10,0,0,0,0,0,1,0,0,0,0,0,0,0,0,0,0,0,0,0,0,0,2,0,0,0,0,10,2,0,0,0,0,0,12,0,0,0,0,2,1,0,11,4,1,14,0,12,3,15,5,10,0,3,12,0,43.0,45.0
30,036,3,0,3,0,0,3,0,0,0,0,0,3,0,0,0,0,3,0,3,0,1,2,0,0,0,0,0,0,0,0,0,0,0,0,0,0,0,0,0,0,0,0,0,0,0,0,0,0,0,0,0,0,0,3,0,0,0,0,0,0,0,0,0,0,0,0,0,0,0,0,0,0,0,0,0,0,0,0,0,0,0,0,0,0,0,0,3,0,0,0,3,0,0,3,0,0,3,0,0,3,0,1,2,0,0,3,0,0,0,0,3,3,0,1,2,0,3,0,3,0,3,0,3,0,0,1,2,0,3,0,0,0,0,0,0,0,0,0,0,0,0,0,0,0,0,0,0,0,0,0,3,0,0,0,0,0,0,0,0,0,0,0,0,0,0,0,0,0,0,0,0,0,0,0,0,0,0,3,0,0,0,0,0,0,0,0,0,0,0,3,0,0,0,0,0,0,0,3,0,0,3,0,0,3,3,3,0,0,3,0,0,18.666666666666668,17.0
30,038,28,1,27,0,0,28,0,3,0,0,0,25,9,0,0,0,19,5,23,0,0,15,13,0,0,0,0,0,0,0,0,0,0,0,0,0,0,0,0,0,0,0,0,0,0,0,0,0,0,0,0,0,0,28,0,0,0,0,0,0,0,0,0,0,0,1,0,0,0,0,0,0,0,0,0,0,0,0,0,0,0,0,0,0,0,0,27,0,0,1,27,0,0,28,0,10,18,0,0,28,0,0,28,0,0,26,2,0,0,0,28,28,0,24,4,3,25,0,28,3,25,0,8,20,0,0,28,0,28,8,0,0,0,0,0,0,0,0,0,0,0,0,2,0,1,0,3,0,0,0,14,0,0,0,0,0,0,0,0,0,0,0,0,0,0,0,0,0,0,0,0,0,0,0,0,0,0,14,0,0,0,0,0,14,0,0,0,1,0,1,0,0,26,0,0,0,0,15,13,0,28,0,2,26,28,28,0,0,26,2,0,44.964285714285715,51.5
30,039,356,36,320,0,8,348,0,11,0,13,9,323,33,0,13,9,301,99,256,1,6,167,183,0,0,0,0,1,1,0,6,0,3,0,0,0,1,0,0,0,1,1,0,19,0,0,0,0,0,0,9,0,1,311,0,0,2,0,0,0,0,0,0,0,0,13,0,0,0,0,0,0,0,0,0,1,0,1,0,0,0,0,0,0,0,0,341,0,0,14,342,0,0,356,0,118,238,0,0,356,0,6,350,0,15,316,24,1,0,2,354,354,2,197,159,16,340,0,356,4,352,0,14,341,1,23,333,0,356,29,0,1,0,13,0,1,0,2,0,0,0,0,6,2,1,0,11,0,3,3,274,0,0,0,1,9,0,0,0,0,0,13,0,0,0,0,0,0,0,0,5,0,0,0,0,0,0,274,0,0,0,0,9,55,0,0,0,6,0,70,0,1,270,0,2,7,0,173,183,20,336,0,24,332,356,347,9,4,327,24,1,47.550561797752806,55.0
30,040,46,0,46,0,3,43,0,1,0,1,8,36,10,0,1,8,27,11,35,0,3,21,22,0,0,0,0,0,0,0,0,0,0,0,0,0,0,1,0,0,0,0,0,0,0,0,0,0,0,0,0,1,0,44,0,0,0,1,0,0,0,0,0,0,0,0,0,0,0,0,0,0,0,0,0,0,0,0,0,0,0,0,0,0,0,0,45,0,0,1,45,0,0,46,0,15,31,0,0,46,0,1,45,0,2,29,15,0,0,0,46,46,0,21,25,3,43,0,46,3,43,0,7,39,0,3,43,0,46,5,0,0,1,1,0,0,0,1,0,0,0,0,0,0,3,0,1,0,0,1,25,0,0,0,0,4,4,0,0,0,0,1,0,0,0,0,0,0,0,0,0,0,0,0,0,0,0,25,0,0,0,0,4,12,4,0,0,1,0,23,0,0,22,0,0,0,0,24,22,1,45,0,15,31,46,42,4,0,31,15,0,41.78260869565217,41.0
30,043,4,0,4,0,0,4,0,0,0,0,0,4,0,0,0,0,4,0,4,0,0,2,2,0,0,0,0,0,0,0,0,0,0,0,0,0,0,0,0,0,0,0,0,0,0,0,0,0,0,0,0,0,0,4,0,0,0,0,0,0,0,0,0,0,0,2,0,0,0,0,0,0,0,0,0,0,0,0,0,0,0,0,0,0,0,0,2,0,0,0,4,0,0,4,0,0,4,0,0,4,0,1,3,0,0,4,0,0,0,0,4,4,0,2,2,0,4,0,4,2,2,0,0,4,0,0,4,0,4,0,0,0,0,0,0,0,0,0,0,0,0,0,2,0,0,0,0,0,0,0,2,0,0,0,0,0,0,0,0,0,0,0,0,0,0,0,0,0,0,0,0,0,0,0,0,0,0,2,0,0,0,0,0,2,0,0,0,2,0,2,0,0,0,0,0,0,0,2,2,0,4,0,0,4,4,4,0,0,4,0,0,10.25,5.0
30,044,452,13,439,0,2,450,0,24,0,5,257,166,65,0,5,257,125,22,430,0,5,271,176,0,0,0,0,0,0,0,0,0,1,0,0,0,1,0,0,0,0,0,0,0,0,0,0,0,0,0,0,0,0,450,0,0,0,0,0,0,0,0,0,0,0,2,0,0,0,0,0,0,0,0,0,0,0,1,0,0,0,0,0,0,0,1,448,0,0,3,449,0,0,450,2,45,407,0,1,449,2,2,450,0,0,12,440,0,0,0,452,452,0,10,442,22,430,0,452,11,441,0,88,363,1,3,449,0,452,29,0,0,0,5,0,0,0,0,0,0,0,0,1,0,22,0,24,0,0,12,102,0,0,0,0,253,4,2,0,0,0,5,0,0,0,0,0,0,0,0,0,0,0,0,0,0,0,102,0,0,0,0,253,86,4,0,0,2,0,4,0,0,441,0,5,0,0,276,176,17,435,0,440,12,452,199,253,1,11,440,0,34.61725663716814,34.0
30,045,26,0,26,0,1,25,0,2,0,1,10,13,5,0,1,10,10,4,22,0,0,15,11,0,0,0,0,0,0,0,1,0,0,0,0,0,0,0,0,0,0,0,1,1,0,0,0,0,0,0,0,0,0,23,0,0,0,0,0,0,0,0,0,0,0,1,0,0,0,0,0,0,0,0,0,0,1,0,0,0,0,0,0,0,0,0,24,0,0,0,26,0,0,26,0,2,24,0,0,26,0,1,25,0,0,4,22,0,0,0,26,26,0,2,24,3,23,0,26,1,25,0,7,18,1,0,26,0,26,4,0,0,0,1,0,0,0,0,0,0,0,0,0,0,0,0,2,0,0,1,8,0,0,0,0,10,0,0,0,0,0,1,0,0,0,0,0,0,0,0,0,0,0,0,0,0,0,8,0,0,0,0,10,7,0,0,0,1,0,24,0,0,0,0,1,0,0,15,11,0,26,0,22,4,26,16,10,0,4,22,0,31.115384615384617,32.0
30,047,16,0,16,0,0,16,0,0,0,2,6,8,3,0,2,6,5,3,13,0,0,10,6,0,0,0,0,0,0,0,0,0,0,0,0,0,0,0,1,0,0,0,0,0,1,0,0,0,0,0,0,0,0,14,0,0,0,0,0,0,0,0,0,0,0,0,0,0,0,1,0,0,0,0,0,0,0,0,0,0,0,0,0,0,0,0,15,0,0,0,16,0,0,16,0,1,15,0,0,16,0,0,16,0,1,7,8,0,0,0,16,16,0,7,9,3,13,0,16,0,16,0,0,16,0,1,15,0,16,0,0,0,0,2,0,0,0,0,0,0,0,0,0,0,2,0,0,0,0,1,5,0,0,0,0,5,1,0,0,0,0,2,0,0,0,0,0,0,0,0,0,0,0,0,0,0,0,5,0,0,0,0,5,3,1,0,0,0,0,0,1,0,5,10,0,0,0,10,6,0,16,0,8,8,16,11,5,0,8,8,0,28.4375,24.5
30,048,12,2,10,0,1,11,0,0,0,1,1,10,1,0,1,1,9,2,10,0,0,8,4,0,0,0,0,0,0,0,1,0,0,0,0,0,0,0,0,0,0,0,0,0,0,0,0,0,0,0,0,0,0,11,0,0,0,0,0,0,0,0,0,0,0,3,0,0,0,0,0,0,0,0,0,0,0,0,0,0,0,0,0,0,0,0,9,0,0,2,10,0,0,12,0,4,8,0,0,12,0,0,12,0,1,10,1,0,0,0,12,12,0,6,6,0,12,0,12,2,10,0,0,12,0,0,12,0,12,1,0,0,0,1,0,0,0,0,0,0,0,0,0,0,0,0,0,0,0,0,9,0,0,0,0,1,0,0,0,0,0,1,0,0,0,0,0,0,0,0,0,0,0,0,0,0,0,9,0,0,0,0,1,1,0,0,0,1,0,2,0,0,7,0,0,2,0,8,4,0,12,0,1,11,12,11,1,1,10,1,0,43.416666666666664,55.5
30,049,3,0,3,0,0,3,0,0,0,0,0,3,1,0,0,0,2,1,2,0,0,1,2,0,0,0,0,0,0,0,0,0,0,0,0,0,0,0,0,0,0,0,0,0,0,0,0,0,0,0,0,0,0,3,0,0,0,0,0,0,0,0,0,0,0,0,0,0,0,0,0,0,0,0,0,0,0,0,0,0,0,0,0,0,0,0,2,1,0,0,3,0,0,3,0,1,2,0,0,3,0,0,3,0,0,2,1,0,0,0,3,3,0,2,1,1,2,0,3,0,3,0,0,3,0,1,2,0,3,1,0,0,0,0,0,0,0,0,0,0,0,0,0,0,0,0,0,0,0,0,2,0,0,0,0,0,0,0,0,0,0,0,0,0,0,0,0,0,0,0,0,0,0,0,0,0,0,2,0,0,0,0,0,1,0,0,0,1,0,1,0,0,0,0,1,0,0,1,2,0,3,0,1,2,3,3,0,0,2,1,0,52.333333333333336,55.0
30,050,2,0,2,0,0,2,0,0,0,0,0,2,0,0,0,0,2,0,2,0,0,0,2,0,0,0,0,0,0,0,0,0,0,0,0,0,0,0,0,0,0,0,0,0,0,0,0,0,0,0,0,0,0,2,0,0,0,0,0,0,0,0,0,0,0,0,0,0,0,0,0,0,0,0,0,0,0,0,0,0,0,0,0,0,0,0,2,0,0,0,2,0,0,1,1,0,2,0,0,1,1,0,2,0,1,1,0,0,0,0,2,2,0,1,1,0,2,0,2,0,2,0,2,0,0,0,2,0,2,0,0,0,0,0,0,0,0,0,0,0,0,0,0,0,0,0,0,0,0,0,2,0,0,0,0,0,0,0,0,0,0,0,0,0,0,0,0,0,0,0,0,0,0,0,0,0,0,2,0,0,0,0,0,0,0,0,0,0,0,2,0,0,0,0,0,0,0,0,2,0,2,0,0,2,2,2,0,1,1,0,0,0.5,0.5
30,051,6,0,6,0,2,4,0,1,0,0,0,5,1,0,0,0,5,1,5,0,1,1,4,0,0,0,0,0,0,0,0,0,0,0,0,0,0,0,0,0,0,0,0,0,1,0,0,0,0,0,0,0,0,5,0,0,0,0,0,0,0,0,0,0,0,1,0,0,0,0,0,0,0,0,0,0,0,0,0,0,0,0,0,0,1,0,4,0,0,0,6,0,1,5,0,1,5,0,0,6,0,1,5,0,0,3,3,0,0,0,6,6,0,1,5,0,6,0,6,1,5,0,3,3,0,0,6,0,6,1,0,0,0,0,0,0,0,0,0,0,0,0,1,0,0,0,1,0,0,0,3,0,0,0,0,0,0,0,0,0,0,0,0,0,0,0,0,0,0,0,0,0,0,0,0,0,0,3,0,0,0,0,0,3,0,0,0,1,0,4,0,0,1,0,0,0,0,2,4,0,6,0,3,3,6,6,0,0,3,3,0,38.833333333333336,45.5
30,053,2,0,2,0,0,2,0,0,0,0,1,1,0,0,0,1,1,0,2,0,0,2,0,0,0,0,0,0,0,0,0,0,0,0,0,0,0,0,0,0,0,0,0,0,0,0,0,0,0,0,0,0,0,2,0,0,0,0,0,0,0,0,0,0,0,1,0,0,0,0,0,0,0,0,0,0,0,0,0,0,0,0,0,0,0,0,1,0,0,0,2,0,0,2,0,0,2,0,0,2,0,0,2,0,0,1,1,0,0,0,2,2,0,0,2,1,1,0,2,0,2,0,0,2,0,0,2,0,2,0,0,0,0,0,0,0,0,0,0,0,0,0,0,0,0,0,0,0,0,0,1,0,0,0,0,1,0,0,0,0,0,0,0,0,0,0,0,0,0,0,0,0,0,0,0,0,0,1,0,0,0,0,1,0,0,0,0,0,0,0,0,0,1,0,0,1,0,2,0,0,2,0,1,1,2,1,1,0,1,1,0,59.5,59.5
30,054,2,0,2,0,0,2,0,0,0,0,0,2,2,0,0,0,0,0,2,0,0,0,2,0,0,0,0,0,0,0,0,0,0,0,0,0,0,0,0,0,0,0,0,0,0,0,0,0,0,0,0,0,0,2,0,0,0,0,0,0,0,0,0,0,0,0,0,0,0,0,0,0,0,0,0,0,0,0,0,0,0,0,0,0,0,0,2,0,0,0,2,0,0,2,0,0,2,0,0,2,0,0,2,0,1,1,0,0,0,0,2,2,0,2,0,0,2,0,2,1,1,0,0,2,0,0,2,0,2,1,0,0,0,0,0,0,0,0,0,0,0,0,0,0,0,0,0,0,0,1,0,0,0,0,0,0,0,0,0,0,0,0,0,0,0,0,0,0,0,0,0,0,0,0,0,0,0,0,0,0,0,0,0,2,0,0,0,0,0,1,0,0,0,0,1,0,0,0,2,0,2,0,0,2,2,2,0,0,2,0,0,3.0,3.0
30,055,1,0,1,0,0,1,0,0,0,0,0,1,0,0,0,0,1,0,1,0,0,0,1,0,0,0,0,0,0,0,0,0,0,0,0,0,1,0,0,0,0,0,0,0,0,0,0,0,0,0,0,0,0,0,0,0,0,0,0,0,0,0,0,0,0,0,0,0,0,0,0,0,0,0,0,0,0,0,0,0,0,0,0,0,0,0,1,0,0,0,1,0,1,0,0,0,1,0,1,0,0,0,1,0,1,0,0,0,0,0,1,1,0,0,1,0,1,0,1,0,1,0,0,1,0,0,1,0,1,0,0,0,0,0,0,0,0,0,0,0,0,0,0,0,0,0,0,0,0,0,1,0,0,0,0,0,0,0,0,0,0,0,0,0,0,0,0,0,0,0,0,0,0,0,0,0,0,1,0,0,0,0,0,0,0,0,0,0,0,1,0,0,0,0,0,0,0,0,1,0,1,0,0,1,1,1,0,1,0,0,0,24.0,24.0
30,057,1,0,1,0,0,1,0,0,0,0,0,1,0,0,0,0,1,0,1,0,0,1,0,0,0,0,0,0,0,0,0,0,0,0,0,0,0,0,0,0,0,0,0,0,0,0,0,0,0,0,0,0,0,1,0,0,0,0,0,0,0,0,0,0,0,0,0,0,0,0,0,0,0,0,0,0,0,0,0,0,0,0,0,0,0,0,1,0,0,0,1,0,0,1,0,0,1,0,0,1,0,0,1,0,0,1,0,0,0,0,1,1,0,1,0,0,1,0,1,0,1,0,0,1,0,0,1,0,1,0,0,1,0,0,0,0,0,0,0,0,0,0,0,0,0,0,0,0,0,0,0,0,0,0,0,0,0,0,0,0,0,0,0,0,0,0,0,0,0,0,1,0,0,0,0,0,0,0,0,0,0,0,0,0,0,0,0,0,0,0,0,0,1,0,0,0,0,1,0,0,1,0,0,1,1,1,0,0,1,0,0,2.0,2.0
30,058,14,1,13,0,1,13,0,0,0,0,4,10,3,0,0,4,7,3,11,0,1,6,7,0,0,0,0,0,0,0,0,0,2,0,0,0,0,1,1,0,0,0,0,0,0,0,0,0,0,0,0,0,0,10,0,0,0,0,0,0,0,0,0,0,0,1,0,0,0,0,0,1,0,0,0,0,0,0,0,0,0,0,0,0,0,0,12,0,0,1,13,0,6,8,0,4,10,0,5,9,0,0,14,0,1,7,6,0,0,0,14,14,0,4,10,1,13,0,14,1,13,0,4,9,1,1,13,0,14,1,0,0,0,0,0,0,0,0,0,0,0,0,1,0,2,0,0,0,0,0,6,0,0,0,0,4,0,0,0,0,0,0,0,0,0,0,0,0,0,0,0,0,0,0,0,0,0,6,0,0,0,0,4,4,0,0,0,1,0,2,0,0,2,8,1,0,0,7,7,0,14,0,6,8,14,10,4,0,8,6,0,51.714285714285715,54.0
30,059,3,0,3,0,0,3,0,0,0,0,1,2,1,0,0,1,1,2,1,0,0,1,2,0,0,0,0,0,0,0,0,0,0,0,0,0,0,0,0,0,0,0,0,0,0,0,0,0,0,0,0,0,0,3,0,0,0,0,0,0,0,0,0,0,0,0,0,0,0,0,0,0,0,0,0,0,0,1,0,0,0,0,0,0,0,0,2,0,0,0,3,0,0,3,0,0,3,0,0,3,0,0,3,0,0,1,2,0,0,0,3,3,0,1,2,1,2,0,3,0,3,0,1,2,0,0,3,0,3,1,0,0,0,0,0,0,0,0,0,0,0,0,0,0,0,0,0,0,0,0,1,0,0,0,0,0,1,0,0,0,0,0,0,0,0,0,0,0,0,0,0,0,0,0,0,0,0,1,0,0,0,0,0,1,1,0,0,0,0,1,0,0,1,1,0,0,0,1,2,0,3,0,2,1,3,3,0,0,1,2,0,44.333333333333336,46.0
30,061,15,1,14,0,0,15,0,1,0,0,2,12,0,0,0,2,13,2,13,0,0,7,8,0,0,0,0,0,0,0,0,0,0,0,0,0,0,0,1,0,0,0,0,0,0,0,0,0,0,0,2,0,0,12,0,0,0,0,0,0,0,0,0,0,0,2,0,0,0,0,0,0,0,0,0,0,0,0,0,0,0,0,0,1,0,0,12,0,0,1,14,0,0,15,0,3,12,0,0,15,0,0,15,0,2,11,2,0,0,0,15,15,0,6,9,1,14,0,15,1,14,0,1,14,0,1,14,0,15,0,0,0,0,0,0,0,0,0,0,0,0,0,1,0,0,0,1,0,0,0,11,0,0,0,0,2,0,0,0,0,0,0,0,0,0,0,0,0,0,0,0,0,0,0,0,0,0,11,0,0,0,0,2,2,0,0,0,0,0,5,0,0,8,0,0,2,0,7,8,0,15,0,2,13,15,13,2,0,13,2,0,41.266666666666666,40.0
30,062,27,0,27,0,0,27,0,0,0,1,20,6,4,0,1,20,2,0,27,0,1,12,14,0,0,0,0,0,0,0,0,0,0,0,0,0,0,0,0,0,0,0,0,0,0,0,0,0,0,0,0,0,0,27,0,0,0,0,0,0,0,0,0,0,0,0,0,0,0,0,0,0,0,0,0,0,0,0,0,0,0,0,0,0,0,0,27,0,0,0,27,0,0,27,0,1,26,0,0,27,0,0,27,0,0,3,24,0,0,0,27,27,0,3,24,0,27,0,27,1,26,0,0,27,0,0,27,0,27,2,0,0,0,1,0,0,0,0,0,0,0,0,0,0,2,0,0,0,0,0,2,0,0,0,0,20,0,0,0,0,0,1,0,0,0,0,0,0,0,0,0,0,0,0,0,0,0,2,0,0,0,0,20,4,0,0,0,0,0,0,0,0,24,3,0,0,0,13,14,0,27,0,24,3,27,7,20,0,3,24,0,29.74074074074074,28.0
30,065,20,0,20,0,1,19,0,1,0,1,1,17,5,0,1,1,13,2,18,0,0,10,10,0,0,0,0,0,0,0,0,0,1,0,0,0,0,0,0,0,0,0,0,0,0,0,0,0,0,0,0,0,0,19,0,0,0,0,0,0,0,0,0,0,0,1,0,0,0,0,0,0,0,0,0,0,0,0,0,0,0,0,0,0,0,0,19,0,0,1,19,0,0,20,0,2,18,0,0,20,0,2,18,0,1,16,3,0,0,0,20,20,0,16,4,0,20,0,20,2,18,0,11,9,0,2,18,0,20,4,0,0,0,1,0,0,0,0,0,0,0,0,0,0,1,0,1,0,0,0,12,0,0,0,0,1,0,0,0,0,0,1,0,0,0,0,0,0,0,0,0,0,0,0,0,0,0,12,0,0,0,0,1,6,0,0,0,1,0,3,0,0,16,0,0,0,0,10,10,0,20,0,3,17,20,19,1,1,16,3,0,28.25,13.5
30,066,6,0,6,0,0,6,0,0,0,0,1,5,1,0,0,1,4,3,3,0,1,2,3,0,0,0,0,0,0,0,0,0,0,0,0,0,0,0,0,0,0,0,0,0,0,0,0,0,0,0,0,0,0,6,0,0,0,0,0,0,0,0,0,0,0,0,0,0,0,0,0,0,0,0,0,0,0,0,0,0,0,0,0,0,0,0,6,0,0,1,5,0,1,5,0,2,4,0,0,6,0,0,6,0,0,3,3,0,0,0,6,6,0,0,6,0,6,0,6,0,6,0,2,4,0,0,6,0,6,1,0,0,0,0,0,0,0,0,0,0,0,0,0,0,0,0,0,0,0,0,4,0,0,0,0,1,0,0,0,0,0,0,0,0,0,0,0,0,0,0,0,0,0,0,0,0,0,4,0,0,0,0,1,1,0,0,0,0,0,2,0,0,1,3,0,0,0,3,3,0,6,0,3,3,6,5,1,0,3,3,0,45.166666666666664,53.0
30,068,207,4,203,0,0,207,0,5,0,0,172,30,16,0,0,172,19,14,193,0,4,106,97,0,0,0,0,0,0,0,0,0,0,0,0,0,0,0,0,0,0,0,0,1,0,0,0,0,0,0,0,0,0,206,0,0,0,0,0,0,0,0,0,0,0,0,0,0,0,0,0,0,0,0,0,0,0,0,0,0,0,0,0,0,0,0,207,0,0,3,204,0,0,207,0,13,194,0,0,207,0,0,207,0,0,3,204,0,0,0,207,207,0,2,205,4,203,0,207,2,205,0,3,204,0,1,206,0,207,7,0,0,0,0,0,0,0,1,0,0,0,0,0,0,3,0,5,0,0,5,13,0,1,0,0,171,1,0,0,0,0,0,0,0,0,0,0,0,0,0,0,0,0,0,0,0,1,13,0,0,0,0,171,21,1,0,0,0,0,0,0,0,207,0,0,0,0,110,97,3,204,0,204,3,207,36,171,1,2,204,0,33.990338164251206,32.0
30,069,8,0,8,0,0,8,0,0,0,0,0,8,0,0,0,0,8,1,7,0,0,3,5,0,0,0,0,0,0,0,0,0,0,0,0,0,0,0,0,0,0,0,0,0,0,0,0,0,0,0,0,0,0,8,0,0,0,0,0,0,0,0,0,0,0,0,0,0,0,0,0,0,0,0,0,0,0,0,0,0,0,0,0,0,0,0,8,0,0,0,8,0,0,8,0,1,7,0,0,8,0,1,7,0,0,7,1,0,0,0,8,8,0,5,3,1,7,0,8,1,7,0,0,8,0,0,8,0,8,0,0,0,0,0,0,0,0,0,0,0,0,0,0,0,0,0,0,0,0,0,8,0,0,0,0,0,0,0,0,0,0,0,0,0,0,0,0,0,0,0,0,0,0,0,0,0,0,8,0,0,0,0,0,0,0,0,0,0,0,3,0,0,5,0,0,0,0,3,5,1,7,0,1,7,8,8,0,0,7,1,0,55.875,51.0
30,070,1,0,1,0,0,1,0,0,0,0,0,1,0,0,0,0,1,0,1,0,0,1,0,0,0,0,0,0,0,0,0,0,0,0,0,0,0,0,0,0,0,0,0,0,0,0,0,0,0,0,0,0,0,1,0,0,0,0,0,0,0,0,0,0,0,0,0,0,0,0,0,0,0,0,0,0,0,0,0,0,0,0,0,0,0,0,1,0,0,0,1,0,0,1,0,0,1,0,0,1,0,0,1,0,0,1,0,0,0,0,1,1,0,0,1,0,1,0,1,0,1,0,0,1,0,0,1,0,1,0,0,0,0,0,0,0,0,0,0,0,0,0,0,0,0,0,0,0,0,0,1,0,0,0,0,0,0,0,0,0,0,0,0,0,0,0,0,0,0,0,0,0,0,0,0,0,0,1,0,0,0,0,0,0,0,0,0,0,0,1,0,0,0,0,0,0,0,1,0,0,1,0,0,1,1,1,0,0,1,0,0,9.0,9.0
30,071,5,0,5,0,0,5,0,1,0,0,1,3,0,0,0,1,4,0,5,0,0,4,1,0,0,0,0,0,0,0,0,0,0,0,0,0,0,0,0,0,0,0,0,0,0,0,0,0,0,0,0,0,0,4,0,0,1,0,0,0,0,0,0,0,0,0,0,0,0,0,0,0,0,0,0,0,0,0,0,0,0,0,0,0,0,0,5,0,0,0,5,0,0,5,0,0,5,0,0,5,0,0,5,0,0,4,1,0,0,1,4,4,1,2,3,0,5,0,5,0,5,0,1,4,0,0,5,0,5,0,0,0,0,0,0,0,0,0,0,0,0,0,0,0,0,0,1,0,0,0,3,0,0,0,0,1,0,0,0,0,0,0,0,0,0,0,0,0,0,0,0,0,0,0,0,0,0,3,0,0,0,0,1,1,0,0,0,0,0,3,0,0,1,1,0,0,0,4,1,1,4,0,1,4,5,4,1,1,3,1,0,27.4,24.0
30,072,10,0,10,0,0,10,0,2,0,0,1,7,1,0,0,1,8,3,7,0,0,5,5,0,0,0,0,0,0,0,0,0,0,0,0,0,3,0,0,0,0,0,0,0,0,0,0,0,0,0,0,0,0,7,0,0,0,0,0,0,0,0,0,0,0,1,0,0,0,8,0,0,0,0,0,0,0,0,0,0,0,0,0,0,0,0,1,0,0,0,10,0,0,10,0,3,7,0,1,9,0,1,9,0,0,8,2,0,0,0,10,10,0,6,4,1,9,0,10,1,9,0,3,7,0,0,10,0,10,0,0,0,0,0,0,0,0,0,0,0,0,0,0,0,1,0,2,0,0,0,6,0,0,0,0,1,0,0,0,0,0,0,0,0,0,0,0,0,0,0,0,0,0,0,0,0,0,6,0,0,0,0,1,3,0,0,0,1,0,6,1,0,0,1,1,0,0,5,5,1,9,0,2,8,10,9,1,0,8,2,0,35.2,35.5
30,073,2,0,2,0,1,1,0,0,0,0,0,2,0,0,0,0,2,2,0,0,0,1,1,0,0,0,0,0,0,0,0,0,0,0,0,0,0,0,0,0,0,0,0,0,0,0,0,0,0,0,0,0,0,2,0,0,0,0,0,0,0,0,0,0,0,0,0,0,0,0,0,0,0,0,0,0,0,0,0,0,0,0,0,0,0,0,2,0,0,0,2,0,0,2,0,2,0,0,0,2,0,0,2,0,1,1,0,0,0,0,2,2,0,2,0,0,2,0,2,0,2,0,0,2,0,0,2,0,2,0,0,0,0,0,0,0,0,0,0,0,0,0,0,0,0,0,0,0,0,0,2,0,0,0,0,0,0,0,0,0,0,0,0,0,0,0,0,0,0,0,0,0,0,0,0,0,0,2,0,0,0,0,0,0,0,0,0,0,0,1,0,0,1,0,0,0,0,1,1,0,2,0,0,2,2,2,0,0,2,0,0,70.5,70.5
30,074,2,1,1,0,0,2,0,0,0,0,0,2,0,0,0,0,2,0,2,0,0,1,1,0,0,0,0,0,0,0,0,0,0,0,0,0,0,0,0,0,0,0,0,0,0,0,0,0,0,0,0,0,0,2,0,0,0,0,0,0,0,0,0,0,0,0,0,0,0,0,0,0,0,0,0,0,0,0,0,0,0,0,0,0,0,0,2,0,0,1,1,0,0,2,0,0,2,0,0,2,0,0,2,0,0,2,0,0,0,0,2,2,0,0,2,0,2,0,2,0,2,0,0,2,0,0,2,0,2,0,0,0,0,0,0,0,0,0,0,0,0,0,0,0,0,0,0,0,0,0,2,0,0,0,0,0,0,0,0,0,0,0,0,0,0,0,0,0,0,0,0,0,0,0,0,0,0,2,0,0,0,0,0,0,0,0,0,0,0,0,0,0,2,0,0,0,0,1,1,1,1,0,0,2,2,2,0,0,2,0,0,75.5,75.5
30,075,2,0,2,0,0,2,0,0,0,0,0,2,1,0,0,0,1,1,1,0,0,1,1,0,0,0,0,0,0,0,0,0,0,0,0,0,0,0,0,0,0,0,0,0,0,0,0,0,0,0,0,0,0,2,0,0,0,0,0,0,0,0,0,0,0,0,0,0,0,0,0,0,0,0,0,0,0,0,0,0,0,0,0,0,0,0,2,0,0,0,2,0,0,2,0,0,2,0,0,2,0,0,2,0,0,2,0,0,0,0,2,2,0,1,1,1,1,0,2,0,2,0,0,2,0,1,1,0,2,1,0,0,0,0,0,0,0,0,0,0,0,0,0,0,0,0,0,0,0,0,1,0,0,0,0,0,0,0,0,0,0,0,0,0,0,0,0,0,0,0,0,0,0,0,0,0,0,1,0,0,0,0,0,1,0,0,0,0,0,1,0,0,0,0,1,0,0,1,1,0,2,0,0,2,2,2,0,0,2,0,0,75.0,75.0
30,076,3,1,2,0,0,3,0,0,0,0,1,2,0,0,0,1,2,0,3,0,0,2,1,0,0,0,0,0,0,0,0,0,0,0,0,0,0,0,0,0,0,0,0,0,0,0,0,0,0,0,0,0,0,3,0,0,0,0,0,0,0,0,0,0,0,0,0,0,0,3,0,0,0,0,0,0,0,0,0,0,0,0,0,0,0,0,0,0,0,0,3,0,0,2,1,0,3,0,0,3,0,0,3,0,0,2,1,0,0,0,3,3,0,2,1,0,3,0,3,0,3,0,0,3,0,0,3,0,3,0,0,0,0,0,0,0,0,0,0,0,0,0,1,0,0,0,0,0,0,0,1,0,0,0,0,1,0,0,0,0,0,0,0,0,0,0,0,0,0,0,0,0,0,0,0,0,0,1,0,0,0,0,1,1,0,0,0,0,0,1,0,0,0,2,0,0,0,2,1,0,3,0,1,2,3,2,1,0,2,1,0,57.0,80.0
30,077,2,0,2,0,0,2,0,0,0,0,1,1,0,0,0,1,1,0,2,0,0,2,0,0,0,0,0,0,0,0,0,0,0,0,0,0,0,0,0,0,0,0,0,0,0,0,0,0,0,0,0,0,0,2,0,0,0,0,0,0,0,0,0,0,0,0,0,0,0,0,0,0,0,0,0,0,0,0,0,0,0,0,0,0,0,0,2,0,0,0,2,0,0,2,0,0,2,0,0,2,0,0,2,0,0,1,1,0,0,0,2,2,0,0,2,0,2,0,2,0,2,0,1,1,0,0,2,0,2,0,0,0,0,0,0,0,0,0,0,0,0,0,0,0,0,0,0,0,0,0,1,0,0,0,0,1,0,0,0,0,0,0,0,0,0,0,0,0,0,0,0,0,0,0,0,0,0,1,0,0,0,0,1,0,0,0,0,0,0,0,0,0,0,0,2,0,0,2,0,0,2,0,1,1,2,1,1,0,1,1,0,25.0,25.0
30,078,1,0,1,0,0,1,0,0,0,0,0,1,0,0,0,0,1,0,1,0,0,1,0,0,0,0,0,0,0,0,0,0,0,0,0,0,0,0,0,0,0,0,0,0,0,0,0,0,0,0,0,0,0,1,0,0,0,0,0,0,0,0,0,0,0,0,0,0,0,0,0,0,0,0,0,0,0,0,0,0,0,0,0,0,0,0,1,0,0,0,1,0,0,1,0,0,1,0,0,1,0,1,0,0,0,1,0,0,0,0,1,1,0,0,1,0,1,0,1,0,1,0,0,1,0,0,1,0,1,0,0,0,0,0,0,0,0,1,0,0,0,0,0,0,0,0,0,0,0,0,0,0,0,0,0,0,0,0,0,0,0,0,0,0,0,0,0,0,0,0,0,0,0,0,0,0,0,0,0,0,0,0,0,1,0,0,0,0,0,1,0,0,0,0,0,0,0,1,0,0,1,0,0,1,1,1,0,0,1,0,0,6.0,6.0
30,079,1,0,1,0,0,1,0,0,0,0,0,1,1,0,0,0,0,0,1,0,0,0,1,0,0,0,0,0,0,0,0,0,0,0,0,0,0,0,0,0,0,0,0,0,0,0,0,0,0,0,0,0,0,1,0,0,0,0,0,0,0,0,0,0,0,0,0,0,0,0,0,0,0,0,0,0,0,0,0,0,0,0,0,0,0,0,1,0,0,0,1,0,0,1,0,0,1,0,0,1,0,0,1,0,0,1,0,0,0,0,1,1,0,1,0,0,1,0,1,0,1,0,0,1,0,0,1,0,1,0,0,0,1,0,0,0,0,0,0,0,0,0,0,0,0,0,0,0,0,0,0,0,0,0,0,0,0,0,0,0,0,0,0,0,0,0,0,0,0,0,0,0,0,0,0,0,0,0,0,0,0,0,0,1,0,0,0,0,0,1,0,0,0,0,0,0,0,0,1,1,0,0,0,1,1,1,0,0,1,0,0,56.0,56.0
30,080,6,0,6,0,0,6,0,0,0,0,3,3,0,0,0,3,3,0,6,0,1,3,2,0,0,0,0,0,0,0,0,0,0,0,0,0,0,0,1,0,0,0,0,0,0,0,0,0,0,0,0,0,0,5,0,0,0,0,0,0,0,0,0,0,0,0,0,0,0,0,0,0,0,0,0,0,0,0,0,0,0,0,0,0,0,0,6,0,0,0,6,0,1,5,0,0,6,0,1,5,0,0,6,0,1,2,3,0,0,0,6,6,0,2,4,1,5,0,6,0,6,0,1,5,0,0,6,0,6,0,0,0,0,0,0,0,0,0,0,0,0,0,0,0,0,0,0,0,0,0,3,0,0,0,0,3,0,0,0,0,0,0,0,0,0,0,0,0,0,0,0,0,0,0,0,0,0,3,0,0,0,0,3,0,0,0,0,0,0,1,0,0,1,4,0,0,0,4,2,1,5,0,3,3,6,3,3,0,3,3,0,9.833333333333334,4.5
30,081,6,0,6,0,0,6,0,0,0,1,1,4,0,0,1,1,4,1,5,0,0,4,2,0,0,0,0,0,0,0,0,0,0,0,0,0,0,0,0,0,0,0,0,0,0,0,0,0,0,0,0,0,0,6,0,0,0,0,0,0,0,0,0,0,0,0,0,0,0,0,0,0,0,0,0,0,0,0,0,0,0,0,0,0,0,0,6,0,0,0,6,0,0,6,0,0,6,0,0,6,0,0,6,0,0,5,1,0,0,0,6,6,0,0,6,0,6,0,6,0,6,0,0,6,0,0,6,0,6,0,0,0,0,1,0,0,0,0,0,0,0,0,0,0,0,0,0,0,0,0,4,0,0,0,0,1,0,0,0,0,0,1,0,0,0,0,0,0,0,0,0,0,0,0,0,0,0,4,0,0,0,0,1,0,0,0,0,0,0,1,0,0,5,0,0,0,0,4,2,0,6,0,1,5,6,5,1,0,5,1,0,67.33333333333333,68.5
30,082,4,0,4,0,0,4,0,0,0,0,0,4,0,0,0,0,4,1,3,0,0,2,2,0,0,0,0,0,0,0,1,0,0,0,0,0,0,0,0,0,0,0,0,0,0,0,0,0,0,0,0,0,0,3,0,0,0,0,0,0,0,0,0,0,0,0,0,0,0,0,0,0,0,0,0,0,0,0,0,0,0,0,0,0,0,0,4,0,0,0,4,0,0,4,0,3,1,0,0,4,0,0,4,0,1,3,0,0,0,0,4,4,0,2,2,1,3,0,4,0,4,0,0,4,0,0,4,0,4,0,0,0,0,0,0,0,0,0,0,0,0,0,0,0,0,0,0,0,0,0,4,0,0,0,0,0,0,0,0,0,0,0,0,0,0,0,0,0,0,0,0,0,0,0,0,0,0,4,0,0,0,0,0,0,0,0,0,0,0,1,0,0,3,0,0,0,0,2,2,0,4,0,0,4,4,4,0,0,4,0,0,74.25,76.0
30,083,5,0,5,0,0,5,0,0,0,0,0,5,0,0,0,0,5,1,4,0,0,3,2,0,0,0,0,0,0,0,0,0,0,0,0,0,0,0,0,0,0,0,0,0,0,0,0,0,0,0,0,0,0,5,0,0,0,0,0,0,0,0,0,0,0,0,0,0,0,1,0,0,0,0,0,0,0,1,0,0,0,0,0,0,0,0,3,0,0,0,5,0,0,5,0,1,4,0,0,5,0,0,5,0,0,5,0,0,0,0,5,5,0,3,2,0,5,0,5,0,5,0,1,4,0,0,5,0,5,0,0,0,0,0,0,0,0,0,0,0,0,0,0,0,0,0,0,0,0,0,5,0,0,0,0,0,0,0,0,0,0,0,0,0,0,0,0,0,0,0,0,0,0,0,0,0,0,5,0,0,0,0,0,0,0,0,0,0,0,5,0,0,0,0,0,0,0,3,2,0,5,0,0,5,5,5,0,0,5,0,0,35.8,46.0
30,084,3,0,3,0,0,3,0,0,0,0,1,2,0,0,0,1,2,0,3,0,0,2,1,0,0,0,0,0,0,0,0,0,0,0,0,0,0,0,0,0,0,0,0,0,0,0,0,0,0,0,0,0,0,3,0,0,0,0,0,0,0,0,0,0,0,0,0,0,0,0,0,0,0,0,0,0,0,0,0,0,0,0,0,0,0,0,3,0,0,0,3,0,0,3,0,0,3,0,0,3,0,0,3,0,1,1,1,0,0,0,3,3,0,2,1,0,3,0,3,0,3,0,0,2,1,0,3,0,3,0,0,0,0,0,0,0,0,0,0,0,0,0,0,0,0,0,0,0,0,0,2,0,0,0,0,1,0,0,0,0,0,0,0,0,0,0,0,0,0,0,0,0,0,0,0,0,0,2,0,0,0,0,1,0,0,0,0,0,0,3,0,0,0,0,0,0,0,2,1,0,3,0,1,2,3,2,1,0,2,1,0,22.333333333333332,19.0
30,085,28,0,28,0,0,28,0,0,0,1,12,15,1,0,1,12,14,2,26,0,2,12,14,0,0,0,0,0,0,0,0,0,0,0,0,0,0,0,1,0,0,0,0,0,0,0,0,0,0,0,0,0,0,27,0,0,0,0,0,0,0,0,0,0,0,0,0,0,0,0,0,0,0,0,0,0,0,0,0,0,0,0,1,0,0,0,27,0,0,0,28,0,0,28,0,2,26,0,0,28,0,1,27,0,0,17,11,0,0,0,28,28,0,3,25,0,28,0,28,1,27,0,0,27,1,0,28,0,28,0,0,0,0,1,0,0,0,0,0,0,0,0,0,0,1,0,0,0,0,0,14,0,0,0,0,12,0,0,0,0,0,1,0,0,0,0,0,0,0,0,0,0,0,0,0,0,0,14,0,0,0,0,12,1,0,0,0,0,0,6,0,0,20,0,2,0,0,14,14,2,26,0,11,17,28,16,12,0,17,11,0,41.857142857142854,40.0
30,086,5,0,5,0,0,5,0,0,0,0,1,4,1,0,0,1,3,0,5,0,0,2,3,0,0,0,0,0,0,0,0,0,0,0,0,0,0,0,0,0,0,0,0,0,1,0,0,0,0,0,0,0,0,4,0,0,0,0,0,0,0,0,0,0,0,0,0,0,0,0,0,1,0,0,0,0,0,2,0,0,0,0,0,0,0,0,2,0,0,0,5,0,0,5,0,0,5,0,0,5,0,1,4,0,0,1,4,0,0,0,5,5,0,1,4,0,5,0,5,0,5,0,0,4,1,0,5,0,5,1,0,0,0,0,0,0,0,0,0,0,0,0,0,0,0,0,0,0,0,0,3,0,0,0,0,1,0,0,0,0,0,0,0,0,0,0,0,0,0,0,0,0,0,0,0,0,0,3,0,0,0,0,1,1,0,0,0,0,0,3,0,0,2,0,0,0,0,2,3,0,5,0,4,1,5,4,1,0,1,4,0,43.6,29.0
30,087,274,12,261,1,12,261,1,28,0,7,22,217,42,0,7,22,203,42,232,0,6,116,152,0,0,0,0,0,0,0,1,1,4,0,0,0,0,0,3,0,0,0,1,1,2,0,0,0,0,0,0,0,1,260,0,0,0,0,0,0,0,0,0,0,0,5,0,0,0,0,0,0,1,0,0,0,0,7,0,0,0,0,0,0,0,1,260,0,0,11,262,1,0,269,5,64,210,0,0,270,4,18,256,0,9,219,46,0,0,0,274,274,0,182,92,18,256,0,274,24,250,0,108,159,7,18,256,0,274,26,1,0,2,7,1,0,0,0,0,0,0,0,1,2,7,0,28,0,1,5,170,0,1,0,0,15,7,1,0,1,0,7,0,0,0,0,0,0,0,0,2,0,0,1,0,2,0,170,0,0,0,0,15,68,7,0,0,5,4,78,0,1,174,0,12,0,0,122,152,8,266,0,46,228,274,259,15,3,225,46,0,36.32116788321168,34.0
30,088,1,0,1,0,0,1,0,0,0,0,0,1,0,0,0,0,1,0,1,0,0,0,1,0,0,0,0,0,0,0,0,0,0,0,0,0,0,0,0,0,0,0,0,0,0,0,0,0,0,0,0,0,0,1,0,0,0,0,0,0,0,0,0,0,0,0,0,0,0,0,0,0,0,0,0,0,0,0,0,0,0,0,0,0,0,0,1,0,0,0,1,0,0,1,0,0,1,0,0,1,0,0,1,0,1,0,0,0,0,0,1,1,0,1,0,0,1,0,1,0,1,0,0,0,1,0,1,0,1,0,0,0,0,0,0,0,0,0,0,0,0,0,0,0,0,0,0,0,0,0,1,0,0,0,0,0,0,0,0,0,0,0,0,0,0,0,0,0,0,0,0,0,0,0,0,0,0,1,0,0,0,0,0,0,0,0,0,0,0,1,0,0,0,0,0,0,0,0,1,1,0,0,0,1,1,1,0,0,1,0,0,18.0,18.0
30,089,2,0,2,0,0,2,0,1,0,0,0,1,0,0,0,0,2,0,2,0,0,0,2,0,0,0,0,0,0,0,0,0,0,0,0,0,0,0,0,0,0,0,0,0,1,0,0,0,0,0,0,0,0,1,0,0,0,0,0,0,0,0,0,0,0,0,0,0,0,0,0,0,0,0,0,0,0,1,0,0,0,0,0,0,0,0,1,0,0,0,2,0,0,2,0,2,0,0,0,2,0,0,2,0,0,2,0,0,0,0,2,2,0,1,1,0,2,0,2,0,2,0,0,2,0,0,2,0,2,0,0,0,0,0,0,0,0,0,0,0,0,0,0,0,0,0,1,0,0,0,1,0,0,0,0,0,0,0,0,0,0,0,0,0,0,0,0,0,0,0,0,0,0,0,0,0,0,1,0,0,0,0,0,1,0,0,0,0,0,2,0,0,0,0,0,0,0,0,2,0,2,0,0,2,2,2,0,0,2,0,0,50.5,50.5
30,090,3,1,2,0,0,3,0,0,0,0,1,2,1,0,0,1,1,1,2,0,0,1,2,0,0,0,0,0,0,0,0,0,0,0,0,0,0,0,0,0,0,0,0,0,0,0,0,0,0,0,0,0,0,3,0,0,0,0,0,0,0,0,0,0,0,0,0,0,0,0,0,0,0,0,0,0,0,0,0,0,0,0,0,0,0,0,3,0,0,0,3,0,0,3,0,1,2,0,0,3,0,0,3,0,0,2,1,0,0,0,3,3,0,2,1,1,2,0,3,0,3,0,1,2,0,1,2,0,3,1,0,0,0,0,0,0,0,0,0,0,0,0,0,0,0,0,0,0,0,0,1,0,0,0,0,1,0,0,0,0,0,0,0,0,0,0,0,0,0,0,0,0,0,0,0,0,0,1,0,0,0,0,1,1,0,0,0,0,0,0,0,0,0,0,3,0,0,1,2,0,3,0,1,2,3,2,1,0,2,1,0,71.33333333333333,78.0
30,091,1,0,1,0,0,1,0,0,0,0,0,1,0,0,0,0,1,1,0,0,0,1,0,0,0,0,0,0,0,0,0,0,0,0,0,0,0,0,0,0,0,0,0,0,0,0,0,0,0,0,0,0,0,1,0,0,0,0,0,0,0,0,0,0,0,0,0,0,0,0,0,0,0,0,0,0,0,0,0,0,0,0,0,0,0,0,1,0,0,0,1,0,0,1,0,0,1,0,0,1,0,0,1,0,0,1,0,0,0,0,1,1,0,1,0,0,1,0,1,0,1,0,0,1,0,0,1,0,1,0,0,0,0,0,0,0,0,0,0,0,0,0,0,0,0,0,0,0,0,0,1,0,0,0,0,0,0,0,0,0,0,0,0,0,0,0,0,0,0,0,0,0,0,0,0,0,0,1,0,0,0,0,0,0,0,0,0,0,0,0,0,0,1,0,0,0,0,1,0,0,1,0,0,1,1,1,0,0,1,0,0,56.0,56.0
30,092,4,0,4,0,1,3,0,0,0,0,0,4,1,0,0,0,3,1,3,0,0,0,4,0,0,0,0,0,0,0,0,0,0,0,0,0,0,0,0,0,0,0,0,0,0,0,0,0,0,0,0,0,0,4,0,0,0,0,0,0,0,0,0,0,0,0,0,0,0,0,0,0,0,0,0,0,0,0,0,0,0,0,0,0,0,0,4,0,0,0,4,0,0,4,0,2,2,0,0,4,0,0,4,0,0,4,0,0,0,0,4,4,0,3,1,0,4,0,4,0,4,0,2,2,0,1,3,0,4,1,0,0,0,0,0,0,0,0,0,0,0,0,0,0,0,0,0,0,0,0,3,0,0,0,0,0,0,0,0,0,0,0,0,0,0,0,0,0,0,0,0,0,0,0,0,0,0,3,0,0,0,0,0,1,0,0,0,0,0,0,0,0,4,0,0,0,0,0,4,0,4,0,0,4,4,4,0,0,4,0,0,38.5,39.5
30,093,3,0,3,0,0,3,0,0,0,1,0,2,1,0,1,0,1,2,1,0,0,1,2,0,0,0,0,0,0,0,0,0,0,0,0,0,0,0,0,0,0,0,0,0,0,0,0,0,0,0,0,0,0,3,0,0,0,0,0,0,0,0,0,0,0,0,0,0,0,0,0,0,0,0,0,0,0,0,0,0,0,0,0,0,0,0,3,0,0,0,3,0,0,3,0,1,2,0,0,3,0,0,3,0,0,2,1,0,0,0,3,3,0,2,1,0,3,0,3,0,3,0,0,3,0,0,3,0,3,0,0,0,0,1,0,0,0,0,0,0,0,0,0,0,0,0,0,0,0,1,1,0,0,0,0,0,0,0,0,0,0,1,0,0,0,0,0,0,0,0,0,0,0,0,0,0,0,1,0,0,0,0,0,1,0,0,0,0,0,0,0,0,3,0,0,0,0,1,2,0,3,0,1,2,3,3,0,0,2,1,0,57.666666666666664,70.0
30,094,6,0,6,0,1,5,0,0,0,0,1,5,0,0,0,1,5,2,4,0,0,0,6,0,0,0,0,0,0,0,0,0,0,0,0,0,0,0,0,0,0,0,0,0,0,0,0,0,0,0,0,0,0,6,0,0,0,0,0,0,0,0,0,0,0,0,0,0,0,0,0,0,0,0,0,0,0,0,0,0,0,0,0,0,0,0,6,0,0,0,6,0,0,6,0,1,5,0,0,6,0,1,5,0,1,5,0,0,0,0,6,6,0,5,1,0,6,0,6,0,6,0,0,6,0,1,5,0,6,0,0,0,0,0,0,0,0,0,0,0,0,0,0,0,0,0,0,0,0,0,5,0,0,0,0,0,1,0,0,0,0,0,0,0,0,0,0,0,0,0,0,0,0,0,0,0,0,5,0,0,0,0,0,0,1,0,0,0,0,2,0,0,0,0,4,0,0,0,6,1,5,0,0,6,6,6,0,0,6,0,0,51.5,56.5
30,095,2,0,2,0,0,2,0,1,0,0,1,0,0,0,0,1,1,0,2,0,0,1,1,0,0,0,0,0,0,0,0,0,0,0,0,0,0,0,0,0,0,0,0,0,0,0,0,0,0,0,0,0,0,1,0,0,1,0,0,0,0,0,0,0,0,1,0,0,0,0,0,0,0,0,0,0,0,0,0,0,0,0,0,0,0,0,1,0,0,0,2,0,0,2,0,1,1,0,0,2,0,0,2,0,0,1,1,0,0,1,1,1,1,0,2,1,1,0,2,0,2,0,0,2,0,0,2,0,2,0,0,0,0,0,0,0,0,0,0,0,0,0,0,0,0,0,1,0,0,0,0,0,0,0,0,1,0,0,0,0,0,0,0,0,0,0,0,0,0,0,0,0,0,0,0,0,0,0,0,0,0,0,1,1,0,0,0,1,0,1,0,0,0,0,0,0,0,1,1,0,2,0,1,1,2,1,1,0,1,1,0,32.5,32.5
30,097,3,0,3,0,0,3,0,1,0,0,2,0,0,0,0,2,1,0,3,0,0,1,2,0,0,0,0,0,0,0,0,0,0,0,0,0,0,1,0,0,0,0,0,0,0,0,0,0,0,0,0,0,0,2,0,0,0,0,0,0,0,0,0,0,0,0,0,0,0,0,0,0,0,0,0,0,0,0,0,0,0,0,0,0,0,0,3,0,0,0,3,0,0,3,0,1,2,0,0,3,0,0,3,0,0,1,2,0,0,0,3,3,0,0,3,0,3,0,3,0,3,0,0,3,0,0,3,0,3,0,0,0,0,0,0,0,0,0,0,0,0,0,0,0,0,0,1,0,0,0,0,0,0,0,0,2,0,0,0,0,0,0,0,0,0,0,0,0,0,0,0,0,0,0,0,0,0,0,0,0,0,0,2,1,0,0,0,0,0,0,0,0,1,0,2,0,0,1,2,1,2,0,2,1,3,1,2,0,1,2,0,67.33333333333333,64.0
30,099,5,0,5,0,1,4,0,1,0,0,1,3,0,0,0,1,4,1,4,0,0,3,2,0,0,0,0,0,0,0,0,0,0,0,0,0,0,0,0,0,0,0,0,0,0,0,0,0,0,0,0,0,0,5,0,0,0,0,0,0,0,0,0,0,0,0,0,0,0,0,0,0,0,0,0,0,0,0,0,0,0,0,0,0,0,0,5,0,0,0,5,0,0,5,0,0,5,0,0,5,0,0,5,0,1,2,2,0,0,0,5,5,0,3,2,0,5,0,5,1,4,0,0,5,0,0,5,0,5,0,0,0,0,0,0,0,0,0,0,0,0,0,0,0,0,0,1,0,0,0,3,0,0,0,0,1,0,0,0,0,0,0,0,0,0,0,0,0,0,0,0,0,0,0,0,0,0,3,0,0,0,0,1,1,0,0,0,0,0,0,0,0,5,0,0,0,0,3,2,0,5,0,2,3,5,4,1,0,3,2,0,27.0,24.0
30,100,7,0,7,0,0,7,0,0,0,0,1,6,0,0,0,1,6,1,6,0,1,3,3,0,0,0,0,0,0,0,0,0,0,0,1,0,0,0,0,0,0,0,0,0,0,0,0,0,0,0,0,0,0,6,0,0,0,0,0,0,0,0,0,0,0,0,0,0,0,0,0,0,0,0,0,0,0,0,0,0,0,0,0,0,0,0,7,0,0,0,7,0,0,6,1,0,7,0,0,6,1,0,7,0,0,5,2,0,0,0,7,7,0,2,5,0,7,0,7,0,7,0,1,6,0,0,7,0,7,0,0,0,0,0,0,0,0,0,0,0,0,0,0,0,0,0,0,0,0,0,6,0,0,0,0,1,0,0,0,0,0,0,0,0,0,0,0,0,0,0,0,0,0,0,0,0,0,6,0,0,0,0,1,0,0,0,0,0,0,6,0,0,0,0,1,0,0,4,3,0,7,0,2,5,7,6,1,1,4,2,0,25.0,23.0
30,101,11,0,11,0,0,11,0,1,0,0,2,8,0,0,0,2,9,1,10,0,0,5,6,0,0,0,0,0,0,0,0,0,0,0,1,0,0,0,0,0,0,0,0,0,0,0,0,0,0,0,0,0,0,10,0,0,0,0,0,0,0,0,0,0,0,0,0,0,0,0,0,0,0,0,0,0,0,0,0,0,0,0,0,0,0,0,11,0,0,0,11,0,0,11,0,3,8,0,1,10,0,0,11,0,0,9,2,0,0,0,11,11,0,1,10,0,11,0,11,0,11,0,1,9,1,0,11,0,11,0,1,0,0,0,0,0,0,0,0,0,0,0,1,0,0,0,1,0,0,0,6,0,0,0,0,2,0,0,0,0,0,0,0,0,0,0,0,0,0,0,0,0,0,0,0,0,0,6,0,0,0,0,2,3,0,0,0,0,0,2,0,0,9,0,0,0,0,5,6,0,11,0,2,9,11,9,2,0,9,2,0,59.36363636363637,62.0
30,102,10,1,9,0,0,10,0,0,0,0,0,10,0,0,0,0,10,0,10,0,0,6,4,0,0,0,0,0,0,0,0,0,0,0,0,0,0,0,0,0,0,0,0,0,0,0,0,0,0,0,0,0,0,10,0,0,0,0,0,0,0,0,0,0,0,0,0,0,0,0,0,0,0,0,0,0,0,0,0,0,0,0,0,0,1,0,9,0,0,0,10,0,0,10,0,0,10,0,0,10,0,3,7,0,2,8,0,0,0,0,10,10,0,5,5,1,9,0,10,2,8,0,0,9,1,1,9,0,10,0,0,0,0,0,0,0,0,0,0,0,0,0,0,0,0,0,0,0,0,0,10,0,0,0,0,0,0,0,0,0,0,0,0,0,0,0,0,0,0,0,0,0,0,0,0,0,0,10,0,0,0,0,0,0,0,0,0,0,0,8,0,0,1,0,1,0,0,6,4,1,9,0,0,10,10,10,0,0,10,0,0,20.7,12.0
30,103,1,0,1,0,0,1,0,0,0,0,0,1,0,0,0,0,1,0,1,0,0,1,0,0,0,0,0,0,0,0,0,0,0,0,0,0,0,0,0,0,0,0,0,0,0,0,0,0,0,0,0,0,0,1,0,0,0,0,0,0,0,0,0,0,0,0,0,0,0,0,0,0,0,0,0,0,0,0,0,0,0,0,0,0,0,0,1,0,0,0,1,0,1,0,0,0,1,0,1,0,0,0,1,0,0,0,0,1,0,0,1,1,0,0,1,0,1,0,1,0,1,0,0,1,0,0,1,0,1,0,0,0,0,0,0,0,0,0,0,0,0,0,0,0,0,0,0,0,0,0,1,0,0,0,0,0,0,0,0,0,0,0,0,0,0,0,0,0,0,0,0,0,0,0,0,0,0,1,0,0,0,0,0,0,0,0,0,0,0,1,0,0,0,0,0,0,0,1,0,1,0,0,0,1,1,1,0,0,0,0,1,88.0,88.0
30,104,1,0,1,0,0,1,0,0,0,0,0,1,0,0,0,0,1,0,1,0,0,1,0,0,0,0,0,0,0,0,0,0,0,0,0,0,0,0,0,0,0,0,0,0,0,0,0,0,0,0,0,0,0,1,0,0,0,0,0,0,0,0,0,0,0,0,0,0,0,0,0,0,0,0,0,0,0,0,0,0,0,0,0,0,0,0,1,0,0,0,1,0,1,0,0,0,1,0,1,0,0,0,0,1,0,1,0,0,0,0,1,1,0,1,0,0,1,0,1,0,1,0,0,1,0,0,1,0,1,0,0,0,0,0,0,0,0,0,0,0,0,0,0,0,0,0,0,0,0,0,1,0,0,0,0,0,0,0,0,0,0,0,0,0,0,0,0,0,0,0,0,0,0,0,0,0,0,1,0,0,0,0,0,0,0,0,0,0,0,0,0,0,0,0,1,0,0,1,0,0,1,0,0,1,1,1,0,0,1,0,0,21.0,21.0
30,105,48,3,45,0,3,45,0,1,0,0,4,43,9,0,0,4,35,8,40,0,0,29,19,0,0,0,0,0,0,0,0,0,1,0,0,0,0,0,1,0,0,0,0,2,0,0,0,0,0,0,0,0,0,44,0,0,0,0,0,0,0,0,0,0,0,0,0,0,0,0,0,0,0,0,0,0,0,0,0,0,0,0,0,0,0,0,48,0,0,2,46,0,0,46,2,10,38,0,0,47,1,1,47,0,4,23,21,0,0,0,48,48,0,20,28,8,40,0,48,1,47,0,14,32,2,3,45,0,48,6,0,1,0,0,0,0,0,0,0,0,0,0,1,0,2,0,1,0,0,1,32,0,0,0,0,3,1,0,0,0,0,0,0,0,0,0,0,0,0,0,0,0,0,0,0,0,0,32,0,0,0,0,3,12,1,0,0,0,0,17,0,0,1,0,30,0,0,29,19,4,43,1,21,27,48,45,3,1,26,21,0,36.645833333333336,34.0
30,108,19,0,19,0,0,19,0,1,0,0,8,10,2,0,0,8,9,2,17,0,0,8,11,0,0,0,0,0,0,0,1,0,0,0,0,0,0,0,0,0,0,0,0,3,0,0,0,0,0,0,0,0,0,15,0,0,0,0,0,0,0,0,0,0,0,6,0,0,0,0,0,0,0,0,0,0,0,0,0,2,0,0,0,0,0,0,11,0,0,1,18,0,0,19,0,2,17,0,0,19,0,1,18,0,0,9,10,0,0,0,19,19,0,4,15,2,17,0,19,1,18,0,3,16,0,0,19,0,19,1,0,0,1,0,0,0,0,0,0,0,0,0,0,0,0,0,1,0,0,0,8,0,0,0,0,7,1,0,0,0,0,0,0,0,0,0,0,0,0,0,0,0,0,0,0,0,0,8,0,0,0,0,7,3,1,0,0,1,0,7,0,0,4,0,2,5,0,8,11,2,17,0,10,9,19,12,7,2,7,10,0,38.68421052631579,31.0
30,109,2,0,2,0,1,1,0,0,0,0,0,2,0,0,0,0,2,1,1,0,0,2,0,0,0,0,0,0,0,0,0,0,0,0,0,0,0,0,0,0,0,0,0,0,0,0,0,0,0,0,0,0,0,1,0,0,1,0,0,0,0,0,0,0,0,0,0,0,0,0,0,0,0,0,0,0,0,0,0,0,0,0,0,0,0,0,2,0,0,0,2,0,0,2,0,1,1,0,0,2,0,0,2,0,0,2,0,0,0,1,1,1,1,1,1,0,2,0,2,0,2,0,0,2,0,0,2,0,2,0,0,0,0,0,0,0,0,0,0,0,0,0,0,0,0,0,0,0,0,0,2,0,0,0,0,0,0,0,0,0,0,0,0,0,0,0,0,0,0,0,0,0,0,0,0,0,0,2,0,0,0,0,0,0,0,0,0,0,0,1,0,0,0,0,1,0,0,2,0,0,2,0,0,2,2,2,0,0,2,0,0,36.0,36.0
30,111,4,0,4,0,0,4,0,0,0,0,1,3,1,0,0,1,2,1,3,0,0,2,2,0,0,0,0,0,0,0,0,0,0,0,0,0,0,0,0,0,0,0,0,0,0,0,0,0,0,0,0,0,0,4,0,0,0,0,0,0,0,0,0,0,0,0,0,0,0,0,0,0,0,0,0,0,0,0,0,0,0,0,0,0,0,0,4,0,0,0,4,0,0,4,0,0,4,0,0,4,0,1,3,0,1,3,0,0,0,0,4,4,0,1,3,0,4,0,4,0,4,0,1,3,0,1,3,0,4,1,0,0,0,0,0,0,0,0,0,0,0,0,0,0,0,0,0,0,0,0,2,0,0,0,0,0,1,0,0,0,0,0,0,0,0,0,0,0,0,0,0,0,0,0,0,0,0,2,0,0,0,0,0,1,1,0,0,0,0,2,0,0,2,0,0,0,0,2,2,0,4,0,0,4,4,4,0,0,4,0,0,37.5,39.0
30,112,4,1,3,0,0,4,0,0,0,0,0,4,0,0,0,0,4,1,3,0,0,1,3,0,0,0,0,0,0,0,0,0,0,0,0,0,0,0,0,0,0,0,0,0,0,0,0,0,0,0,0,0,0,4,0,0,0,0,0,0,0,0,0,0,0,0,0,0,0,0,0,0,0,0,0,0,0,0,0,0,0,0,0,0,0,0,4,0,0,0,4,0,0,4,0,1,3,0,0,4,0,0,4,0,0,4,0,0,0,0,4,4,0,4,0,0,4,0,4,0,4,0,1,2,1,0,4,0,4,0,0,0,0,0,0,0,0,0,0,0,0,0,0,0,0,0,0,0,0,0,4,0,0,0,0,0,0,0,0,0,0,0,0,0,0,0,0,0,0,0,0,0,0,0,0,0,0,4,0,0,0,0,0,0,0,0,0,0,0,1,0,0,3,0,0,0,0,1,3,0,4,0,0,4,4,4,0,0,4,0,0,37.0,36.5
30,113,1,0,1,0,0,1,0,0,0,0,0,1,0,0,0,0,1,0,1,0,0,1,0,0,0,0,0,0,0,0,0,0,0,0,0,0,0,0,0,0,0,0,0,0,0,0,0,0,0,0,0,0,0,1,0,0,0,0,0,0,0,0,0,0,0,0,0,0,0,0,0,0,0,0,0,0,0,0,0,0,0,0,0,0,0,0,1,0,0,0,1,0,0,1,0,0,1,0,0,1,0,0,1,0,0,0,1,0,0,0,1,1,0,0,1,0,1,0,1,0,1,0,1,0,0,0,1,0,1,0,0,0,0,0,0,0,0,0,0,0,0,0,0,0,0,0,0,0,0,0,1,0,0,0,0,0,0,0,0,0,0,0,0,0,0,0,0,0,0,0,0,0,0,0,0,0,0,1,0,0,0,0,0,0,0,0,0,0,0,0,0,0,1,0,0,0,0,1,0,0,1,0,1,0,1,1,0,0,0,1,0,21.0,21.0
30,115,15,0,15,0,0,15,0,1,0,1,3,10,1,0,1,3,10,1,14,0,0,5,10,0,0,0,0,0,0,0,0,0,0,0,0,0,0,0,0,0,0,0,0,0,0,0,0,0,0,0,0,0,0,15,0,0,0,0,0,0,0,0,0,0,0,0,0,0,0,0,0,0,0,0,0,0,0,0,0,0,0,0,0,0,0,0,15,0,0,0,15,0,0,15,0,0,15,0,0,15,0,0,15,0,0,10,5,0,0,0,15,15,0,4,11,0,15,0,15,1,14,0,0,15,0,0,15,0,15,1,0,0,0,1,0,0,0,0,0,0,0,0,0,0,0,0,1,0,0,0,9,0,0,0,0,2,1,0,0,0,0,1,0,0,0,0,0,0,0,0,0,0,0,0,0,0,0,9,0,0,0,0,2,2,1,0,0,0,0,1,0,0,13,1,0,0,0,5,10,1,14,0,5,10,15,13,2,0,10,5,0,44.06666666666667,48.0
30,116,1,0,1,0,0,1,0,0,0,0,0,1,0,0,0,0,1,0,1,0,0,0,1,0,0,0,0,0,0,0,0,0,0,0,0,0,0,0,0,0,0,0,0,0,0,0,0,0,0,0,0,0,0,1,0,0,0,0,0,0,0,0,0,0,0,0,0,0,0,0,0,0,0,0,0,0,0,0,0,0,0,0,0,0,0,0,1,0,0,0,1,0,0,1,0,0,1,0,0,1,0,0,1,0,0,1,0,0,0,0,1,1,0,0,1,0,1,0,1,0,1,0,0,1,0,0,1,0,1,0,0,0,0,0,0,0,0,0,0,0,0,0,0,0,0,0,0,0,0,0,1,0,0,0,0,0,0,0,0,0,0,0,0,0,0,0,0,0,0,0,0,0,0,0,0,0,0,1,0,0,0,0,0,0,0,0,0,0,0,1,0,0,0,0,0,0,0,0,1,0,1,0,0,1,1,1,0,0,1,0,0,13.0,13.0
30,118,140,3,137,0,4,136,0,10,0,3,49,78,7,0,3,49,81,13,127,0,1,84,55,0,0,0,0,0,0,0,0,0,3,0,1,0,1,1,1,0,1,0,0,0,1,0,0,0,0,0,1,0,1,129,0,0,0,0,0,0,0,0,0,0,0,1,0,0,0,0,0,0,0,0,0,0,0,3,0,1,0,0,0,0,0,1,134,0,0,5,135,0,1,139,0,22,118,0,0,140,0,3,137,0,1,69,70,0,0,0,140,140,0,17,123,11,129,0,140,6,134,0,22,117,1,2,138,0,140,2,0,0,0,3,0,0,0,0,0,0,0,0,0,0,3,0,10,0,0,1,71,0,1,0,0,48,1,1,0,0,0,3,0,0,0,0,0,0,0,0,0,0,0,0,0,0,0,71,0,0,0,0,48,16,1,0,0,2,0,49,0,0,84,0,5,0,0,85,55,5,135,0,70,70,140,92,48,0,70,70,0,49.26428571428571,48.0
30,120,1,0,1,0,1,0,0,0,0,0,0,1,1,0,0,0,0,1,0,0,0,0,1,0,0,0,0,0,0,0,0,0,0,0,0,0,0,0,0,0,0,0,0,0,0,0,0,0,0,0,0,0,0,1,0,0,0,0,0,0,0,0,0,0,0,0,0,0,0,0,0,0,0,0,0,0,0,0,0,0,0,0,0,0,0,0,1,0,0,0,1,0,0,1,0,1,0,0,0,1,0,0,1,0,1,0,0,0,0,0,1,1,0,0,1,0,1,0,1,0,1,0,0,1,0,1,0,0,1,1,0,0,0,0,0,0,0,0,0,0,0,0,0,0,0,0,0,0,0,0,0,0,0,0,0,0,0,0,0,0,0,0,0,0,0,0,0,0,0,0,0,0,0,0,0,0,0,0,0,0,0,0,0,1,0,0,0,0,0,1,0,0,0,0,0,0,0,0,1,0,1,0,0,1,1,1,0,0,1,0,0,39.0,39.0
30,121,2,0,2,0,0,2,0,0,0,0,1,1,0,0,0,1,1,0,2,0,0,1,1,0,0,0,0,0,0,0,0,0,0,0,0,0,0,0,0,0,0,0,0,0,0,0,0,0,0,0,0,0,0,2,0,0,0,0,0,0,0,0,0,0,0,0,0,0,0,0,0,0,0,0,0,0,0,0,0,0,0,0,0,0,2,0,0,0,0,0,2,0,0,2,0,0,2,0,0,1,1,0,2,0,0,2,0,0,0,0,2,2,0,1,1,0,2,0,2,0,2,0,0,2,0,0,2,0,2,0,0,0,0,0,0,0,0,0,0,0,0,0,0,0,0,0,0,0,0,0,1,0,0,0,0,1,0,0,0,0,0,0,0,0,0,0,0,0,0,0,0,0,0,0,0,0,0,1,0,0,0,0,1,0,0,0,0,0,0,2,0,0,0,0,0,0,0,1,1,0,2,0,0,2,2,1,1,0,2,0,0,54.0,54.0
30,123,20,0,20,0,0,20,0,1,0,0,12,7,1,0,0,12,7,5,15,0,1,11,8,0,0,0,0,0,0,0,0,0,0,0,0,0,0,0,0,0,0,0,0,0,0,0,0,2,0,0,0,7,0,11,0,0,0,0,0,0,0,0,0,0,0,0,0,0,0,0,0,0,0,0,0,1,0,1,0,0,1,0,0,0,12,0,5,0,0,0,20,0,0,19,1,2,18,0,0,19,1,0,20,0,0,11,9,0,0,0,20,20,0,4,16,3,17,0,20,0,19,1,3,17,0,0,20,0,20,1,0,1,0,0,0,0,0,0,0,0,0,0,0,0,0,0,1,0,0,0,5,0,0,0,0,12,0,0,0,0,0,0,0,0,0,0,0,0,0,0,0,0,0,0,0,0,0,5,0,0,0,0,12,3,0,0,0,1,0,14,0,0,5,0,0,0,0,12,8,1,19,0,9,11,20,8,12,0,11,9,0,38.9,35.0
30,124,138,6,132,0,3,135,0,10,0,3,35,90,24,0,3,35,76,36,102,0,4,82,52,0,0,0,0,0,0,0,0,0,1,0,0,0,1,0,0,0,0,0,0,0,2,2,0,0,0,0,0,1,1,130,0,0,0,0,0,0,0,0,0,0,0,3,0,0,0,0,0,0,0,0,0,0,0,2,0,0,0,0,0,0,0,0,133,0,0,9,129,0,2,129,7,35,103,0,5,129,4,1,137,0,4,75,59,0,0,0,138,138,0,42,96,13,125,0,138,12,126,0,20,116,2,11,127,0,138,20,0,0,2,3,1,0,0,0,0,0,0,0,0,0,1,0,10,0,0,0,66,0,0,0,0,33,2,0,0,0,0,3,0,0,0,0,0,0,0,0,0,0,0,0,0,0,0,66,0,0,0,0,33,34,2,0,0,2,0,61,0,2,33,40,0,0,0,86,52,4,134,0,59,79,138,105,33,2,77,59,0,44.44927536231884,48.5
30,125,3,1,2,0,0,3,0,0,0,0,0,3,0,0,0,0,3,0,3,0,0,2,1,0,0,0,0,0,0,0,0,0,0,0,0,0,0,0,0,0,0,0,0,0,0,0,0,0,0,0,0,0,0,3,0,0,0,0,0,0,0,0,0,0,0,0,0,0,0,0,0,0,0,0,0,0,0,0,0,0,0,0,0,0,0,0,3,0,0,0,3,0,0,3,0,0,3,0,0,3,0,0,3,0,0,2,1,0,0,0,3,3,0,1,2,0,3,0,3,0,3,0,1,2,0,0,3,0,3,0,0,0,0,0,0,0,0,0,0,0,0,0,0,0,0,0,0,0,0,0,3,0,0,0,0,0,0,0,0,0,0,0,0,0,0,0,0,0,0,0,0,0,0,0,0,0,0,3,0,0,0,0,0,0,0,0,0,0,0,0,0,0,2,1,0,0,0,2,1,0,3,0,1,2,3,3,0,0,2,1,0,23.666666666666668,24.0
30,126,6,1,5,0,0,6,0,0,0,0,0,6,3,0,0,0,3,1,5,0,1,3,2,0,0,0,0,0,0,0,0,0,0,0,0,0,0,0,0,0,0,0,0,0,0,0,0,0,0,0,0,0,0,6,0,0,0,0,0,0,0,0,0,0,0,0,0,0,0,0,0,0,0,0,0,0,0,0,0,0,0,0,0,0,0,0,6,0,0,0,6,0,0,6,0,1,5,0,0,6,0,0,6,0,1,3,2,0,0,0,6,6,0,2,4,0,6,0,6,0,6,0,1,5,0,0,6,0,6,2,0,0,0,0,0,0,0,0,0,0,0,0,0,0,0,0,0,0,0,1,3,0,0,0,0,0,0,0,0,0,0,0,0,0,0,0,0,0,0,0,0,0,0,0,0,0,0,3,0,0,0,0,0,3,0,0,0,0,0,3,0,0,0,0,3,0,0,4,2,0,6,0,2,4,6,6,0,0,4,2,0,26.666666666666668,20.5
30,127,2,0,2,0,0,2,0,1,0,0,0,1,1,0,0,0,1,0,2,0,0,1,1,0,0,0,0,0,0,0,0,0,0,0,0,0,0,0,0,0,0,0,0,0,0,0,0,0,0,0,0,0,0,2,0,0,0,0,0,0,0,0,0,0,0,1,0,0,0,0,0,0,0,0,0,0,0,0,0,0,0,0,0,0,0,0,1,0,0,0,2,0,0,2,0,0,2,0,0,2,0,0,2,0,0,2,0,0,0,0,2,2,0,0,2,0,2,0,2,1,1,0,1,1,0,0,2,0,2,0,0,0,0,0,0,0,0,0,0,0,0,0,0,0,1,0,1,0,0,0,0,0,0,0,0,0,0,0,0,0,0,0,0,0,0,0,0,0,0,0,0,0,0,0,0,0,0,0,0,0,0,0,0,2,0,0,0,1,0,0,0,0,1,0,0,0,0,1,1,0,2,0,0,2,2,2,0,0,2,0,0,51.0,51.0
30,128,15,0,15,0,1,14,0,2,0,0,2,11,1,0,0,2,12,1,14,0,0,8,7,0,0,0,0,0,0,0,0,0,0,0,0,0,0,0,0,0,0,0,0,0,1,0,0,0,0,0,0,0,0,14,0,0,0,0,0,0,0,0,0,0,0,2,0,0,0,0,0,0,0,0,0,0,0,2,0,0,0,0,0,0,0,0,11,0,0,3,12,0,0,15,0,3,12,0,0,15,0,1,14,0,1,10,4,0,0,0,15,15,0,9,6,0,15,0,15,0,15,0,2,12,1,0,15,0,15,1,0,0,0,0,0,0,0,0,0,0,0,0,2,0,0,0,2,0,0,0,8,0,0,0,0,2,0,0,0,0,0,0,0,0,0,0,0,0,0,0,0,0,0,0,0,0,0,8,0,0,0,0,2,5,0,0,0,2,0,5,0,0,8,0,0,0,0,8,7,0,15,0,4,11,15,13,2,1,10,4,0,30.8,21.0
30,129,1,0,1,0,0,1,0,0,0,0,0,1,0,0,0,0,1,1,0,0,0,1,0,0,0,0,0,0,0,0,0,0,0,0,0,0,0,0,0,0,0,0,0,0,0,0,0,0,0,0,0,0,0,1,0,0,0,0,0,0,0,0,0,0,0,0,0,0,0,1,0,0,0,0,0,0,0,0,0,0,0,0,0,0,0,0,0,0,0,0,1,0,0,1,0,1,0,0,0,1,0,0,1,0,0,1,0,0,0,0,1,1,0,0,1,0,1,0,1,0,1,0,0,1,0,0,1,0,1,0,0,0,0,0,0,0,0,0,0,0,0,0,0,0,0,0,0,0,0,0,1,0,0,0,0,0,0,0,0,0,0,0,0,0,0,0,0,0,0,0,0,0,0,0,0,0,0,1,0,0,0,0,0,0,0,0,0,0,0,0,0,0,0,0,1,0,0,1,0,0,1,0,0,1,1,1,0,0,1,0,0,76.0,76.0
30,130,4,0,4,0,1,3,0,0,0,0,1,3,0,0,0,1,3,0,4,0,0,1,3,0,0,0,0,0,0,0,0,0,0,0,0,0,0,0,0,0,0,0,0,0,1,0,0,0,0,0,0,0,0,3,0,0,0,0,0,0,0,0,0,0,0,0,0,0,0,0,0,0,0,0,0,0,1,1,0,0,0,0,0,0,0,0,2,0,0,0,4,0,1,3,0,1,3,0,1,3,0,0,4,0,1,2,1,0,0,0,4,4,0,1,3,1,3,0,4,0,4,0,1,3,0,1,3,0,4,0,0,0,0,0,0,0,0,0,0,0,0,0,0,0,0,0,0,0,0,0,3,0,0,0,0,1,0,0,0,0,0,0,0,0,0,0,0,0,0,0,0,0,0,0,0,0,0,3,0,0,0,0,1,0,0,0,0,0,0,4,0,0,0,0,0,0,0,1,3,0,4,0,1,3,4,3,1,0,3,1,0,15.75,13.5
30,131,387,6,381,0,16,371,0,13,0,1,163,210,26,0,1,163,197,74,313,0,3,213,171,0,0,0,0,0,0,0,1,0,1,1,0,0,0,1,2,0,0,0,0,0,6,0,0,0,0,0,0,4,0,371,0,0,0,0,0,0,0,0,0,0,0,5,0,0,0,1,0,0,0,0,0,0,0,0,0,0,0,0,0,0,0,0,381,0,0,19,368,0,0,387,0,78,309,0,0,387,0,10,377,0,4,166,217,0,0,0,387,387,0,104,283,21,366,0,387,15,372,0,155,232,0,15,372,0,387,15,0,1,0,1,0,0,0,0,0,0,0,0,3,1,7,0,13,0,0,4,179,0,0,0,0,156,7,0,0,0,0,1,0,0,0,0,0,0,0,0,0,0,0,0,0,0,0,179,0,0,0,0,156,44,7,0,0,1,0,240,0,0,140,0,3,3,0,216,171,8,379,0,217,170,387,231,156,0,170,217,0,40.00516795865633,40.0
30,132,7,0,7,0,0,7,0,0,0,0,1,6,1,0,0,1,5,1,6,0,0,6,1,0,0,0,0,0,0,0,0,0,0,0,0,0,0,0,0,0,0,0,0,0,0,0,0,0,0,0,0,0,0,7,0,0,0,0,0,0,0,0,0,0,0,1,0,0,0,0,0,0,0,0,0,0,0,0,0,0,0,0,0,0,0,0,6,0,0,0,7,0,0,7,0,1,6,0,0,7,0,2,5,0,1,6,0,0,0,0,7,7,0,3,4,0,7,0,7,1,6,0,4,2,1,1,6,0,7,1,0,1,0,0,0,0,0,0,0,0,0,0,0,0,0,0,0,0,0,0,4,0,0,0,0,0,1,0,0,0,0,0,0,0,0,0,0,0,0,0,0,0,0,0,0,0,0,4,0,0,0,0,0,2,1,0,0,1,0,5,0,0,1,0,0,0,0,6,1,1,6,0,0,7,7,7,0,0,7,0,0,28.142857142857142,23.0
30,133,19,0,19,0,1,18,0,0,0,0,10,9,4,0,0,10,5,3,16,0,1,8,10,0,0,0,0,0,0,0,0,0,0,0,0,0,0,0,1,0,0,0,0,0,0,0,0,0,0,0,1,8,0,9,0,0,0,0,0,0,0,0,0,0,0,0,0,0,0,0,0,0,0,0,0,0,0,0,0,0,0,0,0,0,19,0,0,0,0,1,18,0,0,19,0,4,15,0,0,19,0,0,19,0,1,9,9,0,0,0,19,19,0,3,16,1,18,0,19,0,19,0,2,17,0,3,16,0,19,4,0,0,0,0,0,0,0,0,0,0,0,0,0,0,0,0,0,0,0,0,5,0,0,0,0,10,0,0,0,1,0,0,0,0,0,0,0,0,0,0,0,0,0,0,0,0,0,5,0,0,0,0,10,3,0,0,0,0,0,14,0,0,5,0,0,0,0,9,10,2,17,0,9,10,19,9,10,1,9,9,0,32.10526315789474,20.0
30,134,2,0,2,0,0,2,0,0,0,0,0,2,0,0,0,0,2,0,2,0,0,0,2,0,0,0,0,0,0,0,0,0,0,0,0,0,0,0,0,0,0,0,0,0,0,0,0,0,0,0,0,0,0,2,0,0,0,0,0,0,0,0,0,0,0,0,0,0,0,0,0,0,0,0,0,0,0,0,0,0,0,0,0,0,0,0,2,0,0,0,2,0,0,2,0,0,2,0,0,2,0,1,1,0,0,2,0,0,0,0,2,2,0,1,1,0,2,0,2,0,2,0,0,2,0,0,2,0,2,0,0,0,0,0,0,0,0,0,0,0,0,0,0,0,0,0,0,0,0,0,2,0,0,0,0,0,0,0,0,0,0,0,0,0,0,0,0,0,0,0,0,0,0,0,0,0,0,2,0,0,0,0,0,0,0,0,0,0,0,1,0,0,0,0,1,0,0,0,2,0,2,0,0,2,2,2,0,0,2,0,0,31.0,31.0
30,135,3,0,3,0,0,3,0,0,0,0,1,2,0,0,0,1,2,0,3,0,0,1,2,0,0,0,0,0,0,0,0,0,0,0,0,0,0,0,0,0,0,0,0,0,0,0,0,0,0,0,0,0,0,3,0,0,0,0,0,0,0,0,0,0,0,0,0,0,0,0,0,0,0,0,0,0,0,1,0,0,0,0,0,0,0,0,2,0,0,0,3,0,0,3,0,0,3,0,0,3,0,0,3,0,0,1,2,0,0,0,3,3,0,1,2,0,3,0,3,0,3,0,0,3,0,0,3,0,3,0,0,0,0,0,0,0,0,0,0,0,0,0,0,0,0,0,0,0,0,0,2,0,0,0,0,1,0,0,0,0,0,0,0,0,0,0,0,0,0,0,0,0,0,0,0,0,0,2,0,0,0,0,1,0,0,0,0,0,0,0,0,1,2,0,0,0,0,1,2,0,3,0,2,1,3,2,1,0,1,2,0,28.0,25.0
30,138,26,0,26,0,0,26,0,1,0,2,7,16,4,0,2,7,13,2,24,0,0,16,10,0,0,0,0,0,0,0,0,0,0,0,0,0,0,0,0,0,0,0,0,0,0,0,0,0,0,0,0,0,0,26,0,0,0,0,0,1,0,0,0,0,0,0,0,0,0,0,0,0,0,0,0,0,0,0,0,0,0,0,0,0,0,0,25,0,0,0,26,0,0,26,0,3,23,0,0,26,0,0,26,0,0,19,7,0,0,0,26,26,0,3,23,2,24,0,26,0,26,0,3,22,1,0,26,0,26,4,0,0,0,2,0,0,0,0,0,0,0,0,0,0,0,0,1,0,0,0,12,0,0,0,0,5,2,0,0,0,0,2,0,0,0,0,0,0,0,0,0,0,0,0,0,0,0,12,0,0,0,0,5,5,2,0,0,0,0,5,0,0,20,0,1,0,0,16,10,0,26,0,7,19,26,21,5,0,19,7,0,48.88461538461539,50.5
30,139,1,0,1,0,0,1,0,0,0,0,0,1,1,0,0,0,0,0,1,0,0,0,1,0,0,0,0,0,0,0,0,0,0,0,0,0,0,0,0,0,0,0,0,0,0,0,0,0,0,0,0,0,0,1,0,0,0,0,0,0,0,0,0,0,0,0,0,0,0,0,0,0,0,0,0,0,0,0,0,0,0,0,0,0,0,0,1,0,0,0,1,0,0,1,0,0,1,0,0,1,0,0,1,0,0,0,1,0,0,0,1,1,0,0,1,0,1,0,1,0,1,0,1,0,0,0,1,0,1,1,0,0,0,0,0,0,0,0,0,0,0,0,0,0,0,0,0,0,0,0,0,0,0,0,0,0,0,0,0,0,0,0,0,0,0,0,0,0,0,0,0,0,0,0,0,0,0,0,0,0,0,0,0,1,0,0,0,0,0,0,0,0,0,0,1,0,0,0,1,0,1,0,1,0,1,1,0,0,0,1,0,12.0,12.0
30,141,45,1,44,0,0,44,1,1,0,1,25,18,2,0,1,25,17,11,33,1,3,25,17,0,0,0,0,0,0,0,0,0,1,0,0,0,0,0,0,0,0,0,0,0,0,0,0,0,0,0,0,0,0,44,0,0,0,0,0,0,0,0,0,0,0,2,0,0,0,0,0,0,0,0,0,0,0,0,0,0,0,0,0,0,0,0,43,0,0,0,45,0,0,38,7,8,37,0,0,43,2,1,42,2,2,26,17,0,0,0,45,45,0,15,30,2,43,0,45,2,43,0,4,39,2,1,42,2,45,2,0,0,0,1,0,0,0,0,0,0,0,0,1,0,0,0,1,0,0,0,15,0,0,0,0,25,0,0,0,0,0,1,0,0,0,0,0,0,0,0,0,1,0,0,0,0,0,15,0,0,0,0,25,3,0,0,0,2,0,36,0,0,0,0,7,0,0,28,17,2,43,0,17,28,45,20,25,1,27,17,0,34.48888888888889,24.0
30,142,3,0,3,0,0,3,0,0,0,0,0,3,0,0,0,0,3,0,3,0,0,2,1,0,0,0,0,0,0,0,0,0,1,0,0,0,0,0,0,0,0,0,0,0,0,0,0,0,0,0,0,0,0,2,0,0,0,0,0,0,0,0,0,0,0,1,0,0,0,0,0,0,0,0,0,0,0,0,0,0,0,0,0,0,0,0,2,0,0,0,3,0,0,3,0,1,2,0,0,3,0,1,2,0,0,3,0,0,0,0,3,3,0,2,1,0,3,0,3,1,2,0,0,3,0,0,3,0,3,0,0,0,0,0,0,0,0,0,0,0,0,0,0,0,0,0,0,0,0,0,3,0,0,0,0,0,0,0,0,0,0,0,0,0,0,0,0,0,0,0,0,0,0,0,0,0,0,3,0,0,0,0,0,0,0,0,0,1,0,1,0,0,1,0,0,0,0,2,1,0,3,0,0,3,3,3,0,0,3,0,0,32.666666666666664,18.0
30,143,5,0,5,0,2,3,0,0,0,0,1,4,1,0,0,1,3,1,4,0,0,3,2,0,0,0,0,0,0,0,0,0,0,0,0,0,0,0,0,0,0,0,0,0,0,0,0,0,0,0,0,0,0,5,0,0,0,0,0,0,0,0,0,0,0,0,0,0,0,0,0,0,0,0,0,0,0,0,0,0,0,0,0,0,0,0,5,0,0,1,4,0,0,4,1,2,3,0,0,5,0,0,5,0,0,4,1,0,0,0,5,5,0,3,2,0,5,0,5,0,5,0,0,4,1,0,5,0,5,1,0,0,0,0,0,0,0,0,0,0,0,0,0,0,0,0,0,0,0,0,3,0,0,0,0,1,0,0,0,0,0,0,0,0,0,0,0,0,0,0,0,0,0,0,0,0,0,3,0,0,0,0,1,1,0,0,0,0,0,3,0,0,1,0,1,0,0,3,2,1,4,0,1,4,5,4,1,0,4,1,0,32.0,13.0
30,144,2,0,2,0,0,2,0,0,0,0,0,2,0,0,0,0,2,1,1,0,0,1,1,0,0,0,0,0,0,0,0,0,0,0,0,1,0,0,0,0,0,0,0,0,0,0,0,0,0,0,0,0,0,1,0,0,0,0,0,0,0,0,0,0,0,0,0,0,0,0,0,0,0,0,0,0,0,0,0,0,0,0,0,0,0,0,2,0,0,0,2,0,0,2,0,0,2,0,0,2,0,0,2,0,2,0,0,0,0,0,2,2,0,2,0,0,2,0,2,0,2,0,0,2,0,0,2,0,2,0,0,0,0,0,0,0,0,0,0,0,0,0,0,0,0,0,0,0,0,0,2,0,0,0,0,0,0,0,0,0,0,0,0,0,0,0,0,0,0,0,0,0,0,0,0,0,0,2,0,0,0,0,0,0,0,0,0,0,0,2,0,0,0,0,0,0,0,1,1,0,2,0,0,2,2,2,0,0,2,0,0,37.5,37.5
30,145,1,0,1,0,0,1,0,0,0,0,0,1,0,0,0,0,1,1,0,0,0,1,0,0,0,0,0,0,0,0,0,0,0,0,0,0,0,0,0,0,0,0,0,0,0,0,0,0,0,0,0,0,0,1,0,0,0,0,0,0,0,0,0,0,0,1,0,0,0,0,0,0,0,0,0,0,0,0,0,0,0,0,0,0,0,0,0,0,0,0,1,0,0,1,0,0,1,0,0,1,0,0,1,0,0,0,1,0,0,0,1,1,0,0,1,0,1,0,1,1,0,0,0,1,0,0,1,0,1,0,0,0,0,0,0,0,0,0,1,0,0,0,0,0,0,0,0,0,0,0,0,0,0,0,0,0,0,0,0,0,0,0,0,0,0,0,0,0,0,0,0,0,0,0,0,0,0,0,0,0,0,0,0,1,0,0,0,1,0,0,0,0,0,0,0,0,0,1,0,0,1,0,1,0,1,1,0,0,0,1,0,73.0,73.0
30,146,1,0,1,0,0,1,0,0,0,0,0,1,0,0,0,0,1,0,1,0,0,1,0,0,0,0,0,0,0,0,0,0,0,0,0,0,0,0,0,0,0,0,0,0,0,0,0,0,0,0,0,0,0,1,0,0,0,0,0,0,0,0,0,0,0,0,0,0,0,0,0,0,0,0,0,0,0,0,0,0,0,0,0,0,0,0,1,0,0,0,1,0,0,1,0,0,1,0,0,0,1,0,1,0,0,1,0,0,0,0,1,1,0,0,1,0,1,0,1,0,1,0,0,1,0,0,1,0,1,0,0,0,0,0,0,0,0,0,0,0,0,0,0,0,0,0,0,0,0,0,1,0,0,0,0,0,0,0,0,0,0,0,0,0,0,0,0,0,0,0,0,0,0,0,0,0,0,1,0,0,0,0,0,0,0,0,0,0,0,1,0,0,0,0,0,0,0,1,0,0,1,0,0,1,1,1,0,0,1,0,0,0.0,0.0
30,148,8,0,8,0,1,7,0,0,0,0,1,7,1,0,0,1,6,1,7,0,0,3,5,0,0,0,0,0,0,0,0,0,0,0,0,0,0,0,0,0,0,0,0,0,0,0,0,0,0,0,0,1,0,7,0,0,0,0,0,0,0,0,0,0,0,0,0,0,0,0,0,0,0,0,0,0,0,0,0,0,0,0,0,0,0,0,8,0,0,1,7,0,0,7,1,0,8,0,0,7,1,0,7,1,3,4,1,0,0,0,8,8,0,5,3,0,8,0,8,1,7,0,0,8,0,0,8,0,8,1,0,0,0,0,0,0,0,0,0,0,0,0,0,0,0,0,0,0,0,0,6,0,0,0,0,0,1,0,0,0,0,0,0,0,0,0,0,0,0,0,0,0,0,0,0,0,0,6,0,0,0,0,0,1,1,0,0,0,0,7,0,0,0,0,1,0,0,3,5,0,7,1,1,7,8,8,0,1,6,1,0,19.875,8.5
30,149,2,0,2,0,0,2,0,0,0,0,0,2,1,0,0,0,1,0,2,0,0,2,0,0,0,0,0,0,0,0,0,0,0,0,0,0,0,0,0,0,0,0,0,0,0,0,0,0,0,0,0,0,0,2,0,0,0,0,0,0,0,0,0,0,0,0,0,0,0,0,0,0,0,0,0,0,0,0,0,0,0,0,0,0,0,0,2,0,0,0,2,0,1,1,0,0,2,0,1,1,0,0,2,0,0,2,0,0,0,0,2,2,0,1,1,0,2,0,2,0,2,0,0,2,0,0,2,0,2,0,0,0,0,0,0,0,0,0,0,0,0,0,0,0,0,0,0,0,0,1,1,0,0,0,0,0,0,0,0,0,0,0,0,0,0,0,0,0,0,0,0,0,0,0,0,0,0,1,0,0,0,0,0,1,0,0,0,0,0,2,0,0,0,0,0,0,0,2,0,0,2,0,0,2,2,2,0,0,2,0,0,5.0,5.0
30,151,1,0,1,0,0,1,0,0,0,0,0,1,0,0,0,0,1,0,1,0,0,0,1,0,0,0,0,0,0,0,0,0,0,0,0,0,0,0,0,0,0,0,0,0,0,0,0,0,0,0,0,0,0,1,0,0,0,0,0,0,0,0,0,0,0,0,0,0,0,0,0,0,0,0,0,0,0,0,0,0,0,0,0,0,0,0,1,0,0,0,1,0,0,1,0,0,1,0,0,1,0,0,1,0,0,1,0,0,0,0,1,1,0,0,1,0,1,0,1,0,1,0,0,0,1,0,1,0,1,0,0,0,0,0,0,0,0,0,0,0,0,0,0,0,0,0,0,0,0,0,1,0,0,0,0,0,0,0,0,0,0,0,0,0,0,0,0,0,0,0,0,0,0,0,0,0,0,1,0,0,0,0,0,0,0,0,0,0,0,1,0,0,0,0,0,0,0,0,1,0,1,0,0,1,1,1,0,0,1,0,0,64.0,64.0
30,152,2,0,2,0,0,2,0,0,0,0,2,0,0,0,0,2,0,0,2,0,0,2,0,0,0,0,0,0,0,0,0,0,0,0,0,0,0,0,0,0,0,0,0,0,0,0,0,0,0,0,0,1,0,1,0,0,0,0,0,0,0,0,0,0,0,0,0,0,0,0,0,0,0,0,0,0,0,0,0,0,0,0,0,0,2,0,0,0,0,0,2,0,0,2,0,0,2,0,0,2,0,0,2,0,0,0,2,0,0,0,2,2,0,0,2,0,2,0,2,0,2,0,0,2,0,0,2,0,2,0,0,0,0,0,0,0,0,0,0,0,0,0,0,0,0,0,0,0,0,0,0,0,0,0,0,2,0,0,0,0,0,0,0,0,0,0,0,0,0,0,0,0,0,0,0,0,0,0,0,0,0,0,2,0,0,0,0,0,0,2,0,0,0,0,0,0,0,2,0,0,2,0,2,0,2,0,2,0,0,2,0,7.0,7.0
30,153,1,0,1,0,0,1,0,0,0,0,0,1,1,0,0,0,0,1,0,0,0,0,1,0,0,0,0,0,0,0,0,0,0,0,0,0,0,0,0,0,0,0,0,0,0,0,0,0,0,0,0,0,0,1,0,0,0,0,0,0,0,0,0,0,0,0,0,0,0,0,0,0,0,0,0,0,0,0,0,0,0,0,0,0,0,0,1,0,0,0,1,0,0,1,0,0,1,0,0,1,0,0,1,0,0,0,1,0,0,0,1,1,0,0,1,0,1,0,1,0,1,0,1,0,0,0,1,0,1,1,0,0,0,0,0,0,0,0,0,0,0,0,0,0,0,0,0,0,0,0,0,0,0,0,0,0,0,0,0,0,0,0,0,0,0,0,0,0,0,0,0,0,0,0,0,0,0,0,0,0,0,0,0,1,0,0,0,0,0,1,0,0,0,0,0,0,0,0,1,0,1,0,1,0,1,1,0,0,0,1,0,46.0,46.0
30,155,8,1,7,0,0,8,0,0,0,0,3,5,0,0,0,3,5,1,7,0,0,6,2,0,0,0,0,0,0,0,0,0,1,0,0,0,0,0,0,0,0,0,0,0,0,0,0,0,0,0,0,0,0,7,0,0,0,0,0,0,0,0,0,0,0,1,0,0,0,1,0,0,0,0,0,0,0,0,0,0,0,0,0,0,0,0,6,0,0,1,7,0,0,8,0,2,6,0,0,8,0,0,8,0,1,4,3,0,0,0,8,8,0,4,4,1,7,0,8,0,8,0,2,6,0,0,8,0,8,0,0,0,0,0,0,0,0,0,0,0,0,0,0,0,0,0,0,0,0,0,5,0,0,0,0,3,0,0,0,0,0,0,0,0,0,0,0,0,0,0,0,0,0,0,0,0,0,5,0,0,0,0,3,0,0,0,0,0,0,4,0,0,2,1,1,0,0,6,2,0,8,0,3,5,8,5,3,0,5,3,0,43.125,51.5
30,157,4,0,4,0,0,4,0,0,0,0,0,4,1,0,0,0,3,0,4,0,0,2,2,0,0,0,0,0,0,0,0,0,0,0,0,0,0,0,0,0,0,0,0,0,0,0,0,0,0,0,0,0,0,4,0,0,0,0,0,0,0,0,0,0,0,0,0,0,0,0,0,0,0,0,0,0,0,0,0,0,0,0,0,0,0,0,4,0,0,1,3,0,0,4,0,1,3,0,0,4,0,1,3,0,0,4,0,0,0,0,4,4,0,3,1,0,4,0,4,1,3,0,0,4,0,0,4,0,4,1,0,0,0,0,0,0,0,0,0,0,0,0,0,0,0,0,0,0,0,0,3,0,0,0,0,0,0,0,0,0,0,0,0,0,0,0,0,0,0,0,0,0,0,0,0,0,0,3,0,0,0,0,0,1,0,0,0,0,0,3,0,0,1,0,0,0,0,2,2,1,3,0,0,4,4,4,0,0,4,0,0,39.75,37.0
30,158,3,0,3,0,0,3,0,0,0,0,1,2,0,0,0,1,2,1,2,0,0,2,1,0,0,0,0,0,0,0,0,0,0,0,0,0,0,0,0,0,0,0,0,0,1,0,0,0,0,0,0,0,0,2,0,0,0,0,0,0,0,0,0,0,0,0,0,0,0,0,0,0,0,0,0,0,0,0,0,0,0,0,0,0,0,0,3,0,0,0,3,0,0,3,0,0,3,0,0,3,0,0,3,0,0,2,1,0,0,0,3,3,0,2,1,2,1,0,3,0,3,0,0,3,0,0,3,0,3,0,0,0,0,0,0,0,0,0,0,0,0,0,0,0,0,0,0,0,0,0,2,0,0,0,0,1,0,0,0,0,0,0,0,0,0,0,0,0,0,0,0,0,0,0,0,0,0,2,0,0,0,0,1,0,0,0,0,0,0,0,0,0,2,1,0,0,0,2,1,1,2,0,1,2,3,2,1,0,2,1,0,71.33333333333333,70.0
30,160,11,0,11,0,1,10,0,0,0,0,1,10,1,0,0,1,9,0,11,0,0,3,8,0,0,0,0,0,0,0,0,0,0,0,0,0,0,0,0,0,0,0,0,0,0,0,0,0,0,0,0,0,0,11,0,0,0,0,0,0,0,0,0,0,0,1,0,0,0,0,0,0,0,0,0,0,0,0,0,0,0,0,0,0,0,0,10,0,0,0,11,0,0,11,0,1,10,0,0,11,0,0,11,0,0,9,2,0,0,0,11,11,0,6,5,1,10,0,11,2,9,0,1,9,1,0,11,0,11,0,0,0,0,0,1,0,0,0,0,0,0,0,0,0,0,0,0,0,0,0,9,0,0,0,0,0,1,0,0,0,0,0,0,0,0,0,0,0,0,0,0,0,0,0,0,0,1,9,0,0,0,0,0,0,1,0,0,1,0,7,0,0,3,0,0,0,0,3,8,0,11,0,2,9,11,11,0,0,9,2,0,19.636363636363637,15.0
30,161,3,1,2,0,1,2,0,0,0,0,1,2,1,0,0,1,1,2,1,0,0,2,1,0,0,0,0,0,0,0,0,0,0,0,0,0,0,0,0,0,0,0,0,0,0,0,0,0,0,0,0,0,0,3,0,0,0,0,0,0,0,0,0,0,0,1,0,0,0,0,0,0,0,0,0,0,0,0,0,0,0,0,0,0,1,0,1,0,0,0,3,0,0,3,0,2,1,0,0,3,0,0,3,0,0,2,1,0,0,0,3,3,0,1,2,1,2,0,3,0,3,0,0,3,0,1,2,0,3,0,0,0,0,0,0,0,0,0,0,0,0,0,1,0,1,0,0,0,0,0,0,0,0,0,0,0,1,0,0,0,0,0,0,0,0,0,0,0,0,0,0,0,0,0,0,0,0,0,0,0,0,0,0,2,1,0,0,1,0,1,0,0,1,0,0,0,0,2,1,1,2,0,1,2,3,3,0,0,2,1,0,59.0,66.0
30,162,2,0,2,0,0,2,0,0,0,0,0,2,0,0,0,0,2,0,2,0,0,0,2,0,0,0,0,0,0,0,0,0,0,0,0,0,0,0,0,0,0,0,0,0,0,0,0,0,0,0,0,0,0,2,0,0,0,0,0,0,0,0,0,0,0,0,0,0,0,0,0,0,0,0,0,0,0,0,0,0,0,0,0,0,0,0,2,0,0,0,2,0,0,2,0,0,2,0,0,2,0,0,2,0,0,2,0,0,0,0,2,2,0,0,2,0,2,0,2,0,2,0,0,1,1,0,2,0,2,0,0,0,0,0,0,0,0,0,0,0,0,0,0,0,0,0,0,0,0,0,2,0,0,0,0,0,0,0,0,0,0,0,0,0,0,0,0,0,0,0,0,0,0,0,0,0,0,2,0,0,0,0,0,0,0,0,0,0,0,2,0,0,0,0,0,0,0,0,2,0,2,0,0,2,2,2,0,0,2,0,0,9.0,9.0
30,163,2,0,2,0,0,2,0,0,0,0,0,2,0,0,0,0,2,0,2,0,0,0,2,0,0,0,0,0,0,0,0,0,0,0,0,0,0,0,0,0,0,0,0,0,0,0,0,0,0,0,0,0,0,2,0,0,0,0,0,0,0,0,0,0,0,0,0,0,0,0,0,0,0,0,0,0,0,0,0,0,0,0,0,0,0,0,2,0,0,0,2,0,0,2,0,0,2,0,0,2,0,0,2,0,1,1,0,0,0,0,2,2,0,2,0,0,2,0,2,0,2,0,1,0,1,0,2,0,2,0,0,0,0,0,0,0,0,0,0,0,0,0,0,0,0,0,0,0,0,0,2,0,0,0,0,0,0,0,0,0,0,0,0,0,0,0,0,0,0,0,0,0,0,0,0,0,0,2,0,0,0,0,0,0,0,0,0,0,0,2,0,0,0,0,0,0,0,0,2,0,2,0,0,2,2,2,0,2,0,0,0,27.5,27.5
30,166,1,0,1,0,0,1,0,0,0,0,0,1,0,0,0,0,1,0,1,0,0,1,0,0,0,0,0,0,0,0,0,0,0,0,0,0,0,0,0,0,0,0,0,0,0,0,0,0,0,0,0,0,0,1,0,0,0,0,0,0,0,0,0,0,0,0,0,0,0,0,0,0,0,0,0,0,0,0,0,0,0,0,0,0,0,0,1,0,0,0,1,0,0,1,0,0,1,0,0,1,0,0,1,0,0,0,1,0,0,0,1,1,0,0,1,0,1,0,1,0,1,0,0,1,0,0,1,0,1,0,0,0,0,0,0,0,0,0,0,0,0,0,0,0,0,0,0,0,0,0,1,0,0,0,0,0,0,0,0,0,0,0,0,0,0,0,0,0,0,0,0,0,0,0,0,0,0,1,0,0,0,0,0,0,0,0,0,0,0,0,0,0,0,0,1,0,0,1,0,0,1,0,1,0,1,1,0,0,0,1,0,23.0,23.0
30,167,5,0,5,0,0,5,0,0,0,0,2,3,0,0,0,2,3,0,5,0,0,3,2,0,0,0,0,0,0,0,0,0,0,0,0,0,0,0,0,0,0,0,0,0,0,0,0,0,0,0,0,0,0,5,0,0,0,0,0,0,0,0,0,0,0,0,0,0,0,0,0,0,0,0,0,0,0,0,0,0,0,0,0,0,0,0,5,0,0,0,5,0,1,3,1,1,4,0,1,3,1,0,5,0,0,3,2,0,0,0,5,5,0,3,2,0,5,0,5,0,5,0,0,4,1,0,5,0,5,0,0,0,0,0,0,0,0,0,0,0,0,0,0,0,0,0,0,0,0,0,3,0,0,0,0,2,0,0,0,0,0,0,0,0,0,0,0,0,0,0,0,0,0,0,0,0,0,3,0,0,0,0,2,0,0,0,0,0,0,3,0,0,0,2,0,0,0,3,2,0,5,0,2,3,5,3,2,1,2,2,0,12.4,15.0
30,169,1,0,1,0,0,1,0,0,0,0,0,1,0,0,0,0,1,0,1,0,0,0,1,0,0,0,0,0,0,0,0,0,0,0,0,0,0,0,0,0,0,0,0,0,0,0,0,0,0,0,0,0,0,1,0,0,0,0,0,0,0,0,0,0,0,0,0,0,0,0,0,0,0,0,0,0,0,0,0,0,0,0,0,0,0,0,1,0,0,0,1,0,0,1,0,0,1,0,0,1,0,0,1,0,0,1,0,0,0,0,1,1,0,1,0,0,1,0,1,0,1,0,0,1,0,0,1,0,1,0,0,0,0,0,0,0,0,0,0,0,0,0,0,1,0,0,0,0,0,0,0,0,0,0,0,0,0,0,0,0,0,0,0,0,0,0,0,0,0,0,0,0,0,0,0,0,0,0,0,0,0,0,0,1,0,0,0,0,0,1,0,0,0,0,0,0,0,0,1,0,1,0,0,1,1,1,0,0,1,0,0,1.0,1.0
30,170,4,0,4,0,0,4,0,0,0,0,1,3,1,0,0,1,2,0,4,0,1,2,1,0,0,0,0,0,0,0,0,0,0,0,0,0,1,0,0,0,0,0,0,0,0,0,0,0,0,0,0,0,0,3,0,0,0,0,0,0,0,0,0,0,0,0,0,0,0,2,0,0,0,0,0,0,0,0,0,0,0,0,0,0,0,0,2,0,0,0,4,0,2,2,0,0,4,0,2,2,0,0,4,0,0,3,1,0,0,0,4,4,0,1,3,1,3,0,4,0,4,0,1,3,0,0,4,0,4,1,0,0,0,0,0,0,0,0,0,0,0,0,0,0,0,0,0,0,0,0,2,0,0,0,0,1,0,0,0,0,0,0,0,0,0,0,0,0,0,0,0,0,0,0,0,0,0,2,0,0,0,0,1,1,0,0,0,0,0,1,0,0,0,3,0,0,0,3,1,0,4,0,1,3,4,3,1,1,2,1,0,24.5,22.5
30,172,1,0,1,0,0,1,0,0,0,0,0,1,1,0,0,0,0,0,1,0,0,1,0,0,0,0,0,0,0,0,0,0,0,0,0,0,0,0,0,0,0,0,0,0,0,0,0,0,0,0,0,0,0,1,0,0,0,0,0,0,0,0,0,0,0,0,0,0,0,0,0,0,0,0,0,0,0,0,0,0,0,0,0,0,0,0,1,0,0,0,1,0,0,1,0,0,1,0,0,1,0,1,0,0,1,0,0,0,0,0,1,1,0,1,0,0,1,0,1,0,1,0,0,1,0,0,1,0,1,1,0,0,0,0,0,0,0,0,0,0,0,0,0,0,0,0,0,0,0,0,0,0,0,0,0,0,0,0,0,0,0,0,0,0,0,0,0,0,0,0,0,0,0,0,0,0,0,0,0,0,0,0,0,1,0,0,0,0,0,0,0,0,1,0,0,0,0,1,0,0,1,0,0,1,1,1,0,0,1,0,0,12.0,12.0
30,173,3,0,3,0,0,3,0,0,0,0,0,3,1,0,0,0,2,1,2,0,0,1,2,0,0,0,0,0,0,0,0,0,0,0,0,0,0,0,0,0,0,0,0,0,0,0,0,0,0,0,0,0,0,3,0,0,0,0,0,0,0,0,0,0,0,1,0,0,0,0,0,0,0,0,0,0,0,0,0,0,0,0,0,0,0,0,2,0,0,0,3,0,0,3,0,2,1,0,0,3,0,1,2,0,0,1,2,0,0,0,3,3,0,0,3,1,2,0,3,1,2,0,1,2,0,0,3,0,3,0,0,0,0,0,0,0,0,0,0,0,0,0,0,0,1,0,0,0,0,0,2,0,0,0,0,0,0,0,0,0,0,0,0,0,0,0,0,0,0,0,0,0,0,0,0,0,0,2,0,0,0,0,0,1,0,0,0,1,0,1,0,0,1,0,0,0,0,1,2,0,3,0,2,1,3,3,0,0,1,2,0,43.666666666666664,44.0
30,174,23,1,22,0,2,21,0,2,0,1,0,20,2,0,1,0,20,5,18,0,2,12,9,0,1,0,0,0,0,0,0,0,0,0,0,0,0,0,0,1,0,0,0,1,0,0,0,0,0,0,0,0,0,19,0,1,0,0,0,0,0,0,0,0,0,1,0,0,0,0,0,0,0,0,0,0,2,0,0,0,0,0,0,0,0,0,20,0,0,2,21,0,0,22,1,4,19,0,0,23,0,1,22,0,4,18,1,0,0,0,23,23,0,11,12,1,22,0,23,2,21,0,1,19,3,1,22,0,23,2,0,0,0,1,0,0,0,0,0,0,0,0,0,1,0,0,2,0,0,0,17,0,0,0,0,0,0,0,0,0,0,1,0,0,0,0,0,0,0,0,0,0,0,0,0,0,0,17,0,0,0,0,0,5,0,0,0,1,0,9,0,0,5,0,8,0,0,14,9,1,22,0,1,22,23,23,0,3,19,1,0,40.69565217391305,41.0
30,175,49,1,48,0,3,46,0,2,0,1,2,44,6,0,1,2,40,13,36,0,2,25,22,0,0,0,0,0,0,0,0,0,0,0,0,0,0,0,1,0,0,0,0,0,2,0,0,0,0,0,0,0,0,46,0,0,0,0,0,0,0,0,0,0,0,2,0,0,0,0,0,0,0,0,0,1,0,0,0,0,0,0,0,0,0,0,46,0,0,1,48,0,0,49,0,16,33,0,1,48,0,0,49,0,3,35,11,0,0,0,49,49,0,24,25,1,48,0,49,3,46,0,8,41,0,6,43,0,49,5,0,0,0,1,0,0,0,0,0,0,0,0,0,0,1,0,2,0,0,0,38,0,0,0,0,1,1,0,0,0,0,1,0,0,0,1,0,0,0,0,0,0,0,0,0,0,0,38,0,1,0,0,1,6,1,0,0,3,0,22,0,0,24,0,0,0,0,27,22,0,49,0,11,38,49,48,1,0,38,11,0,42.91836734693877,51.0
30,176,1,0,1,0,0,1,0,0,0,0,0,1,0,0,0,0,1,0,1,0,0,1,0,0,0,0,0,0,0,0,0,0,0,0,0,0,0,0,0,0,0,0,0,0,0,0,0,0,0,0,0,0,0,1,0,0,0,0,0,0,0,0,0,0,0,0,0,0,0,0,0,0,0,0,0,0,1,0,0,0,0,0,0,0,0,0,0,0,0,0,1,0,0,1,0,0,1,0,0,1,0,0,1,0,0,1,0,0,0,0,1,1,0,1,0,0,1,0,1,0,1,0,1,0,0,0,1,0,1,0,0,0,0,0,0,0,0,0,0,0,0,0,0,0,0,0,0,0,0,0,1,0,0,0,0,0,0,0,0,0,0,0,0,0,0,0,0,0,0,0,0,0,0,0,0,0,0,1,0,0,0,0,0,0,0,0,0,0,0,1,0,0,0,0,0,0,0,1,0,0,1,0,0,1,1,1,0,0,1,0,0,1.0,1.0
30,177,3,0,3,0,1,2,0,0,0,0,0,3,1,0,0,0,2,0,3,0,0,3,0,0,0,0,0,0,0,0,0,0,0,0,0,0,0,0,0,0,0,0,0,0,0,0,0,0,0,0,0,0,0,3,0,0,0,0,0,0,0,0,0,0,0,0,0,0,0,0,0,0,0,0,0,0,0,0,0,0,0,0,0,0,0,0,3,0,0,0,3,0,0,3,0,0,3,0,0,3,0,0,3,0,0,3,0,0,0,0,3,3,0,1,2,0,3,0,3,0,3,0,2,1,0,0,3,0,3,0,0,0,0,0,0,0,0,0,0,0,0,0,0,0,1,0,0,0,0,0,2,0,0,0,0,0,0,0,0,0,0,0,0,0,0,0,0,0,0,0,0,0,0,0,0,0,0,2,0,0,0,0,0,1,0,0,0,0,0,2,0,0,1,0,0,0,0,3,0,0,3,0,0,3,3,3,0,0,3,0,0,6.0,4.0
30,178,7,0,7,0,0,7,0,0,0,0,2,5,0,0,0,2,5,2,5,0,0,2,5,0,0,0,0,0,0,0,0,0,0,0,0,0,0,0,0,0,0,0,0,0,0,0,0,0,0,0,0,0,0,7,0,0,0,0,0,0,0,0,0,0,0,0,0,0,0,0,0,0,0,0,0,0,0,0,0,0,0,0,0,0,0,0,7,0,0,1,6,0,0,7,0,1,6,0,0,7,0,0,7,0,0,5,2,0,0,0,7,7,0,3,4,0,7,0,7,0,7,0,1,6,0,0,7,0,7,0,0,0,0,0,0,0,0,0,0,0,0,0,0,0,0,0,0,0,0,0,5,0,0,0,0,2,0,0,0,0,0,0,0,0,0,0,0,0,0,0,0,0,0,0,0,0,0,5,0,0,0,0,2,0,0,0,0,0,0,3,0,0,0,0,4,0,0,2,5,0,7,0,2,5,7,5,2,0,5,2,0,36.42857142857143,37.0
30,181,6,0,6,0,0,6,0,0,0,0,0,6,1,0,0,0,5,0,6,0,0,1,5,0,0,0,0,0,0,0,0,0,0,0,0,0,0,0,0,0,0,0,0,0,0,0,0,0,0,0,0,0,0,6,0,0,0,0,0,0,0,0,0,0,0,0,0,0,0,0,0,0,0,0,0,0,0,0,0,0,0,0,0,0,0,0,6,0,0,1,5,0,0,6,0,1,5,0,0,6,0,0,6,0,1,4,1,0,0,0,6,6,0,2,4,0,6,0,6,0,6,0,0,6,0,0,6,0,6,1,0,0,0,0,0,0,0,0,0,0,0,0,0,0,0,0,0,0,0,0,4,0,0,1,0,0,0,0,0,0,0,0,0,0,0,0,0,0,0,0,0,0,0,0,0,0,0,4,0,0,0,0,0,2,0,0,0,0,0,4,0,0,0,0,2,0,0,1,5,0,6,0,1,5,6,6,0,0,5,1,0,26.666666666666668,11.0
30,182,10,0,10,0,0,10,0,1,0,0,0,9,5,0,0,0,5,3,7,0,1,5,4,0,0,0,0,0,0,0,0,0,0,0,0,0,0,0,0,0,0,0,0,0,1,0,0,0,0,0,0,0,0,9,0,0,0,0,0,0,0,0,0,0,0,0,0,0,0,0,0,0,0,0,0,0,0,0,0,0,0,0,0,0,0,0,10,0,0,2,8,0,0,10,0,0,10,0,0,10,0,1,9,0,0,7,3,0,0,0,10,10,0,5,5,0,10,0,10,2,8,0,2,8,0,1,9,0,10,4,0,0,1,0,0,0,0,0,0,0,0,0,0,0,0,0,1,0,0,0,4,0,0,0,0,0,0,0,0,0,0,0,0,0,0,0,0,0,0,0,0,0,0,0,0,0,0,4,0,0,0,0,0,6,0,0,0,0,0,4,0,0,6,0,0,0,0,6,4,1,9,0,3,7,10,10,0,1,6,3,0,30.5,21.0
30,183,16,0,16,0,5,11,0,0,0,0,4,12,0,0,0,4,12,3,13,0,0,4,12,0,0,0,0,0,0,0,0,0,0,0,0,0,0,0,0,0,0,0,0,0,3,0,0,0,0,0,0,0,0,13,0,0,0,0,0,0,0,0,0,0,0,0,0,0,0,0,0,0,0,0,0,0,0,1,0,0,0,0,0,0,0,0,15,0,0,1,15,0,0,15,1,5,11,0,0,16,0,0,16,0,0,15,1,0,0,0,16,16,0,12,4,4,12,0,16,3,13,0,1,13,2,3,13,0,16,0,0,0,0,0,0,0,0,0,0,0,0,0,0,0,0,0,0,0,0,0,12,0,0,0,0,2,2,0,0,0,0,0,0,0,0,0,0,0,0,0,0,0,0,0,0,0,0,12,0,0,0,0,2,0,2,0,0,0,0,13,0,0,2,0,1,0,0,4,12,2,14,0,1,15,16,14,2,1,14,1,0,67.8125,74.0
30,185,1,0,1,0,0,1,0,0,0,0,1,0,0,0,0,1,0,0,1,0,0,1,0,0,0,0,0,0,0,0,0,0,0,0,0,0,0,0,0,0,0,0,0,0,0,0,0,0,0,0,0,0,0,1,0,0,0,0,0,0,0,0,0,0,0,0,0,0,0,0,0,0,0,0,0,0,0,0,0,0,0,0,0,0,0,0,1,0,0,0,1,0,0,1,0,0,1,0,0,1,0,0,1,0,0,0,1,0,0,0,1,1,0,0,1,0,1,0,1,0,1,0,0,1,0,0,1,0,1,0,0,0,0,0,0,0,0,0,0,0,0,0,0,0,0,0,0,0,0,0,0,0,0,0,0,1,0,0,0,0,0,0,0,0,0,0,0,0,0,0,0,0,0,0,0,0,0,0,0,0,0,0,1,0,0,0,0,0,0,1,0,0,0,0,0,0,0,1,0,0,1,0,1,0,1,0,1,0,0,1,0,26.0,26.0
30,186,3,0,3,0,0,3,0,0,0,0,1,2,0,0,0,1,2,1,2,0,0,3,0,0,0,0,0,0,0,0,0,0,0,0,0,0,0,0,0,0,0,0,0,0,0,0,0,0,0,0,0,0,0,3,0,0,0,0,0,0,0,0,0,0,0,0,0,0,0,0,0,0,0,0,0,0,0,0,0,0,0,0,0,0,0,0,3,0,0,2,1,0,0,3,0,1,2,0,0,3,0,1,2,0,0,1,2,0,0,0,3,3,0,1,2,0,3,0,3,0,3,0,0,3,0,0,3,0,3,0,0,0,0,0,0,0,0,0,0,0,0,0,0,0,0,0,0,0,0,0,2,0,0,0,0,1,0,0,0,0,0,0,0,0,0,0,0,0,0,0,0,0,0,0,0,0,0,2,0,0,0,0,1,0,0,0,0,0,0,0,0,0,2,1,0,0,0,3,0,0,3,0,2,1,3,2,1,0,1,2,0,62.0,69.0
30,187,1,0,1,0,0,1,0,0,0,0,1,0,0,0,0,1,0,0,1,0,1,0,0,0,0,0,0,0,0,0,0,0,0,0,0,0,0,0,0,0,0,0,0,0,0,0,0,0,0,0,0,0,0,1,0,0,0,0,0,0,0,0,0,0,0,0,0,0,0,0,0,0,0,0,0,0,0,0,0,0,0,0,0,0,0,0,1,0,0,0,1,0,0,1,0,0,1,0,0,1,0,0,1,0,0,1,0,0,0,0,1,1,0,0,1,0,1,0,1,0,1,0,1,0,0,0,1,0,1,0,0,0,0,0,0,0,0,0,0,0,0,0,0,0,0,0,0,0,0,0,0,0,0,0,0,1,0,0,0,0,0,0,0,0,0,0,0,0,0,0,0,0,0,0,0,0,0,0,0,0,0,0,1,0,0,0,0,0,0,1,0,0,0,0,0,0,0,1,0,0,1,0,0,1,1,0,1,0,1,0,0,21.0,21.0
30,188,3,0,3,0,0,3,0,0,0,0,0,3,0,0,0,0,3,0,3,0,0,0,3,0,0,0,0,0,0,0,0,0,0,0,0,0,0,0,0,0,0,0,0,0,0,0,0,0,0,0,0,0,0,3,0,0,0,0,0,0,0,0,0,0,0,0,0,0,0,0,0,0,0,0,0,0,0,0,0,0,0,0,0,0,0,0,3,0,0,0,3,0,0,3,0,0,3,0,0,3,0,0,3,0,1,2,0,0,0,0,3,3,0,2,1,0,3,0,3,0,3,0,0,2,1,0,3,0,3,0,0,0,0,0,0,0,0,0,0,0,0,0,0,0,0,0,0,0,0,0,3,0,0,0,0,0,0,0,0,0,0,0,0,0,0,0,0,0,0,0,0,0,0,0,0,0,0,3,0,0,0,0,0,0,0,0,0,0,0,2,0,0,0,0,1,0,0,0,3,1,2,0,0,3,3,3,0,1,2,0,0,25.666666666666668,1.0
30,189,20,3,17,0,0,20,0,1,1,1,1,16,2,1,1,1,15,6,14,0,0,8,12,0,0,0,0,0,0,0,0,0,1,0,0,0,0,0,0,0,0,0,0,0,0,0,0,0,0,0,0,0,0,19,0,0,0,0,0,0,0,0,0,0,0,5,0,0,0,0,0,0,0,0,0,0,0,0,0,0,0,0,0,0,0,0,15,0,0,0,20,0,0,19,1,5,15,0,0,20,0,3,17,0,3,13,4,0,0,0,20,20,0,11,9,1,19,0,20,0,20,0,3,14,3,3,17,0,20,2,0,0,0,1,0,0,0,1,1,0,0,0,0,0,0,0,1,0,0,0,12,1,0,0,0,1,0,0,0,0,0,1,0,0,0,0,0,0,0,0,0,0,0,0,0,0,0,12,1,0,0,0,1,5,0,1,0,4,0,7,0,0,4,0,4,0,0,8,12,3,17,0,4,16,20,19,1,1,15,4,0,36.95,41.0
30,191,3,0,3,0,1,2,0,0,0,0,0,3,2,0,0,0,1,1,2,0,0,1,2,0,0,0,0,0,0,0,0,0,0,0,0,0,0,0,0,0,0,0,0,0,0,0,0,0,0,0,0,0,0,3,0,0,0,0,0,0,0,0,0,0,0,0,0,0,0,0,0,0,0,0,0,0,0,0,0,0,0,0,0,0,0,0,3,0,0,0,3,0,0,3,0,1,2,0,0,3,0,0,3,0,0,2,1,0,0,0,3,3,0,0,3,2,1,0,3,1,2,0,1,2,0,0,3,0,3,1,0,0,1,0,0,0,0,0,0,0,0,0,0,0,0,0,0,0,0,0,1,0,0,0,0,0,0,0,0,0,0,0,0,0,0,0,0,0,0,0,0,0,0,0,0,0,0,1,0,0,0,0,0,2,0,0,0,0,0,0,0,0,1,0,2,0,0,1,2,0,3,0,1,2,3,3,0,1,1,1,0,52.333333333333336,47.0
30,192,6,1,5,0,2,4,0,0,0,0,0,6,0,0,0,0,6,0,6,0,0,2,4,0,0,0,0,0,0,0,0,0,0,0,0,0,0,0,0,0,0,0,0,0,0,0,0,0,0,0,0,0,0,6,0,0,0,0,0,0,0,0,0,0,0,0,0,0,0,0,0,0,0,0,0,0,0,1,0,0,0,0,0,0,0,0,5,0,0,1,5,0,0,6,0,2,4,0,0,6,0,0,6,0,1,4,1,0,0,0,6,6,0,3,3,1,5,0,6,0,6,0,1,5,0,0,6,0,6,0,0,0,0,0,0,0,0,0,0,0,0,0,0,0,0,0,0,0,0,0,6,0,0,0,0,0,0,0,0,0,0,0,0,0,0,0,0,0,0,0,0,0,0,0,0,0,0,6,0,0,0,0,0,0,0,0,0,0,0,2,0,0,0,0,4,0,0,2,4,1,5,0,1,5,6,6,0,0,5,1,0,42.666666666666664,46.0
30,193,611,47,562,2,36,575,0,29,2,2,108,470,81,2,2,108,418,115,496,0,8,366,237,0,0,2,0,1,0,0,3,0,16,1,2,2,2,0,9,1,3,0,2,4,6,0,4,0,0,0,2,3,2,543,1,1,1,0,0,0,0,0,0,0,0,11,0,1,15,0,0,1,0,0,0,0,1,4,1,0,0,0,0,0,1,1,575,0,0,25,584,2,1,596,14,161,449,1,0,604,7,12,598,1,27,221,363,0,0,1,610,610,1,179,432,53,558,0,611,10,601,0,229,344,38,36,575,0,611,71,1,0,2,2,0,0,0,0,0,0,0,1,1,0,2,0,29,0,0,5,388,1,0,0,0,85,23,0,1,0,1,2,0,0,0,0,0,0,0,1,0,0,0,0,0,0,0,388,1,0,0,0,85,109,23,0,15,6,0,114,0,4,7,0,460,5,0,374,237,31,580,0,363,248,611,526,85,7,241,363,0,44.747954173486086,45.0
30,194,1,0,1,0,0,1,0,1,0,0,0,0,1,0,0,0,0,0,1,0,0,0,1,0,0,0,0,0,0,0,0,0,0,0,0,0,0,0,0,0,0,0,0,0,0,0,0,0,0,0,0,0,0,1,0,0,0,0,0,0,0,0,0,0,0,0,0,0,0,0,0,0,0,0,0,0,0,0,0,0,0,0,0,0,0,0,1,0,0,0,1,0,0,1,0,0,1,0,0,1,0,1,0,0,0,1,0,0,0,0,1,1,0,1,0,0,1,0,1,0,1,0,1,0,0,0,1,0,1,0,0,0,0,0,0,0,0,0,0,0,0,0,0,0,0,0,1,0,0,0,0,0,0,0,0,0,0,0,0,0,0,0,0,0,0,0,0,0,0,0,0,0,1,0,0,0,0,0,0,0,0,0,0,0,0,0,0,0,0,1,0,0,0,0,0,0,0,0,1,0,1,0,0,1,1,1,0,0,1,0,0,43.0,43.0
30,195,1,0,1,0,0,1,0,0,0,0,1,0,0,0,0,1,0,0,1,0,0,1,0,0,0,0,0,0,0,0,0,0,0,0,0,0,0,0,0,0,0,0,0,0,0,0,0,0,0,0,0,0,0,1,0,0,0,0,0,0,0,0,0,0,0,0,0,0,0,0,0,0,0,0,0,0,0,0,0,0,0,0,0,0,0,0,1,0,0,0,1,0,0,1,0,0,1,0,0,1,0,0,1,0,0,0,1,0,0,0,1,1,0,0,1,0,1,0,1,0,1,0,0,1,0,0,1,0,1,0,0,0,0,0,0,0,0,0,0,0,0,0,0,0,0,0,0,0,0,0,0,0,0,0,0,1,0,0,0,0,0,0,0,0,0,0,0,0,0,0,0,0,0,0,0,0,0,0,0,0,0,0,1,0,0,0,0,0,0,1,0,0,0,0,0,0,0,1,0,0,1,0,1,0,1,0,1,0,0,1,0,45.0,45.0
30,196,5,1,4,0,0,5,0,0,0,0,1,4,1,0,0,1,3,0,5,0,0,0,5,0,0,0,0,0,0,0,0,0,0,0,0,0,0,0,0,0,0,0,0,0,0,0,0,0,0,0,0,0,0,5,0,0,0,0,0,0,0,0,0,0,0,0,0,0,0,0,0,0,0,0,0,0,0,0,0,0,0,0,0,0,0,0,5,0,0,0,5,0,0,5,0,1,4,0,0,5,0,0,5,0,0,3,2,0,0,0,5,5,0,1,4,1,4,0,5,2,3,0,1,4,0,0,5,0,5,0,0,0,0,0,0,0,0,0,0,0,0,0,0,0,1,0,0,0,0,0,3,0,0,0,0,1,0,0,0,0,0,0,0,0,0,0,0,0,0,0,0,0,0,0,0,0,0,3,0,0,0,0,1,1,0,0,0,0,0,3,0,0,2,0,0,0,0,0,5,0,5,0,2,3,5,4,1,0,3,2,0,20.4,14.0
30,197,1,0,1,0,0,1,0,1,0,0,0,0,0,0,0,0,1,0,1,0,1,0,0,0,0,0,0,0,0,0,0,0,0,0,0,0,0,0,0,0,0,0,0,0,0,0,0,0,0,0,0,0,0,1,0,0,0,0,0,0,0,0,0,0,0,0,0,0,0,0,0,0,0,0,0,0,0,0,0,0,0,0,0,0,0,0,1,0,0,0,1,0,0,1,0,0,1,0,0,1,0,1,0,0,0,1,0,0,0,0,1,1,0,0,1,0,1,0,1,0,1,0,0,0,1,0,1,0,1,0,0,0,0,0,0,0,0,0,0,0,0,0,0,0,0,0,1,0,0,0,0,0,0,0,0,0,0,0,0,0,0,0,0,0,0,0,0,0,0,0,0,0,0,0,0,0,0,0,0,0,0,0,0,1,0,0,0,0,0,1,0,0,0,0,0,0,0,1,0,0,1,0,0,1,1,1,0,0,1,0,0,30.0,30.0
30,198,2,0,2,0,0,2,0,0,0,0,1,1,1,0,0,1,0,0,2,0,1,0,1,0,0,0,0,0,0,0,0,0,0,0,0,0,1,0,0,0,0,0,0,0,0,0,0,0,0,0,0,0,0,1,0,0,0,0,0,0,0,0,0,0,0,0,0,0,0,2,0,0,0,0,0,0,0,0,0,0,0,0,0,0,0,0,0,0,0,0,2,0,0,2,0,0,2,0,0,2,0,0,2,0,0,1,1,0,0,0,2,2,0,1,1,0,2,0,2,0,2,0,1,1,0,0,2,0,2,0,0,0,0,0,0,0,0,0,0,0,0,0,0,0,1,0,0,0,0,0,0,0,0,0,0,1,0,0,0,0,0,0,0,0,0,0,0,0,0,0,0,0,0,0,0,0,0,0,0,0,0,0,1,1,0,0,0,0,0,1,0,0,0,1,0,0,0,1,1,0,2,0,1,1,2,1,1,0,1,1,0,20.0,20.0
30,200,1,0,1,0,0,1,0,0,0,0,0,1,1,0,0,0,0,0,1,0,0,0,1,0,0,0,0,0,0,0,0,0,0,0,0,0,0,0,0,0,0,0,0,0,0,0,0,0,0,0,0,0,0,1,0,0,0,0,0,0,0,0,0,0,0,0,0,0,0,0,0,0,0,0,0,0,0,0,0,0,0,0,0,0,0,0,1,0,0,0,1,0,0,1,0,0,1,0,0,1,0,0,1,0,0,0,1,0,0,0,1,1,0,0,1,0,1,0,1,0,1,0,0,1,0,0,1,0,1,0,0,0,0,0,0,0,0,0,0,0,0,0,0,0,1,0,0,0,0,0,0,0,0,0,0,0,0,0,0,0,0,0,0,0,0,0,0,0,0,0,0,0,0,0,0,0,0,0,0,0,0,0,0,1,0,0,0,0,0,0,0,0,0,1,0,0,0,0,1,1,0,0,1,0,1,1,0,0,0,1,0,29.0,29.0
30,201,3,0,3,0,0,3,0,0,0,0,1,2,0,0,0,1,2,0,3,0,0,1,2,0,0,0,0,0,0,0,0,0,0,0,0,0,0,0,0,0,0,0,0,0,0,0,0,0,0,0,0,0,0,3,0,0,0,0,0,0,0,0,0,0,0,1,0,0,0,0,0,0,0,0,0,0,0,0,0,0,0,0,0,0,0,0,2,0,0,0,3,0,1,2,0,0,3,0,1,2,0,1,2,0,0,1,2,0,0,0,3,3,0,0,3,0,3,0,3,0,3,0,1,2,0,0,3,0,3,0,0,0,0,0,0,0,0,0,0,0,0,0,0,0,0,0,0,0,0,0,2,0,0,0,0,1,0,0,0,0,0,0,0,0,0,0,0,0,0,0,0,0,0,0,0,0,0,2,0,0,0,0,1,0,0,0,0,1,0,1,0,0,1,0,0,0,0,1,2,0,3,0,2,1,3,2,1,0,1,2,0,51.333333333333336,61.0
30,202,3,0,3,0,0,3,0,0,0,0,0,3,1,0,0,0,2,0,3,0,1,1,1,0,0,0,0,0,0,0,0,0,0,0,0,0,0,0,0,0,0,0,0,0,0,0,0,0,0,0,0,0,0,3,0,0,0,0,0,0,0,0,0,0,0,0,0,0,0,0,0,0,0,0,0,0,0,0,0,0,0,0,0,0,0,0,3,0,0,0,3,0,0,3,0,0,3,0,0,3,0,0,3,0,0,1,2,0,0,0,3,3,0,1,2,0,3,0,3,0,3,0,0,3,0,0,3,0,3,1,0,0,0,0,0,0,0,0,0,0,0,0,0,0,0,0,0,0,0,0,2,0,0,0,0,0,0,0,0,0,0,0,0,0,0,0,0,0,0,0,0,0,0,0,0,0,0,2,0,0,0,0,0,1,0,0,0,0,0,2,0,0,1,0,0,0,0,2,1,1,2,0,2,1,3,3,0,0,1,2,0,21.666666666666668,17.0
30,203,2,0,2,0,0,2,0,0,0,0,1,1,0,0,0,1,1,0,2,0,1,0,1,0,0,0,0,0,0,0,1,0,0,0,0,0,0,0,0,0,0,0,0,0,0,0,0,0,0,0,0,0,0,1,0,0,0,0,0,0,0,0,0,0,0,1,0,0,0,0,0,0,0,0,0,0,0,1,0,0,0,0,0,0,0,0,0,0,0,0,2,0,1,1,0,1,1,0,1,1,0,0,2,0,0,1,1,0,0,0,2,2,0,1,1,0,2,0,2,0,2,0,1,1,0,0,2,0,2,0,0,0,0,0,0,0,0,0,0,0,0,0,0,0,0,0,0,0,0,0,1,0,0,0,0,1,0,0,0,0,0,0,0,0,0,0,0,0,0,0,0,0,0,0,0,0,0,1,0,0,0,0,1,0,0,0,0,2,0,0,0,0,0,0,0,0,0,1,1,0,2,0,1,1,2,1,1,0,1,1,0,49.5,49.5
30,204,15,2,13,0,0,15,0,1,0,1,0,13,0,0,1,0,14,4,11,0,0,4,11,0,0,0,0,0,0,0,0,0,0,0,0,0,0,0,0,0,0,0,0,0,0,0,0,0,0,0,1,0,0,14,0,0,0,0,0,0,0,0,0,0,0,1,0,0,0,0,0,0,0,0,0,0,0,0,0,0,0,0,0,1,0,0,13,0,0,0,15,0,0,15,0,5,10,0,0,15,0,0,15,0,1,14,0,0,0,0,15,15,0,8,7,0,15,0,15,1,14,0,0,15,0,0,15,0,15,0,0,0,0,1,0,0,0,0,0,0,0,0,0,0,0,0,1,0,0,0,13,0,0,0,0,0,0,0,0,0,0,1,0,0,0,0,0,0,0,0,0,0,0,0,0,0,0,13,0,0,0,0,0,1,0,0,0,0,0,2,0,0,11,0,0,2,0,4,11,0,15,0,0,15,15,15,0,1,14,0,0,40.733333333333334,53.0
30,205,2,0,2,0,0,2,0,1,0,0,0,1,0,0,0,0,2,1,1,0,0,0,2,0,0,0,0,0,0,0,0,0,0,0,0,0,0,0,0,0,0,0,0,0,0,0,0,0,0,0,0,1,0,1,0,0,0,0,0,0,0,0,0,0,0,0,0,0,0,0,0,0,0,0,0,0,0,0,0,0,0,0,0,0,2,0,0,0,0,0,2,0,0,2,0,1,1,0,0,2,0,0,2,0,0,2,0,0,0,0,2,2,0,1,1,1,1,0,2,1,1,0,0,2,0,1,1,0,2,0,0,0,0,0,0,0,0,0,0,0,0,0,0,0,0,0,1,0,0,0,1,0,0,0,0,0,0,0,0,0,0,0,0,0,0,0,0,0,0,0,0,0,0,0,0,0,0,1,0,0,0,0,0,1,0,0,0,0,0,0,0,0,2,0,0,0,0,0,2,0,2,0,0,2,2,2,0,0,2,0,0,61.0,61.0
30,206,15,1,14,0,0,15,0,0,0,0,3,12,2,0,0,3,10,5,10,0,0,6,9,0,0,0,0,1,0,0,1,0,0,0,0,0,0,0,0,0,0,0,0,1,0,0,0,0,0,0,1,0,0,11,0,0,0,0,0,0,0,0,0,0,0,2,0,0,0,0,0,1,0,0,0,0,0,1,0,0,0,0,0,0,0,0,11,0,0,0,15,0,0,15,0,7,8,0,0,15,0,0,15,0,0,12,3,0,0,0,15,15,0,8,7,1,14,0,15,0,15,0,1,14,0,0,15,0,15,2,0,0,0,0,0,0,1,0,0,0,0,0,0,0,0,0,0,0,0,0,9,0,0,0,0,3,0,0,0,0,0,0,0,0,0,0,0,0,0,0,0,0,0,0,0,0,0,9,0,0,0,0,3,3,0,0,0,0,0,2,0,0,11,0,0,2,0,6,9,1,14,0,3,12,15,12,3,0,12,3,0,47.266666666666666,62.0
30,207,7,0,7,0,0,7,0,0,0,0,1,6,1,0,0,1,5,2,5,0,0,2,5,0,0,0,0,1,0,0,0,0,0,0,0,0,0,0,0,0,0,0,0,1,0,0,0,0,0,0,0,0,0,5,0,0,0,0,0,0,0,0,0,0,0,3,0,0,0,0,0,0,0,0,0,0,0,0,0,0,0,0,0,0,0,0,4,0,0,1,6,0,0,7,0,1,6,0,0,7,0,1,6,0,0,4,3,0,0,0,7,7,0,2,5,0,7,0,7,1,6,0,0,7,0,1,6,0,7,1,0,0,0,0,0,0,0,0,0,0,0,0,0,0,0,0,0,0,0,0,4,0,0,1,0,1,0,0,0,0,0,0,0,0,0,0,0,0,0,0,0,0,0,0,0,0,0,4,0,0,0,0,1,2,0,0,0,3,0,2,0,0,0,0,2,0,0,2,5,0,7,0,3,4,7,6,1,0,4,3,0,31.142857142857142,26.0
30,208,7,0,7,0,0,7,0,1,0,0,3,3,0,0,0,3,4,1,6,0,0,5,2,0,0,0,0,0,0,0,0,0,0,0,0,0,0,0,0,0,0,0,0,1,0,0,0,0,0,0,0,0,0,6,0,0,0,0,0,0,0,0,0,0,0,1,0,0,0,0,0,0,0,0,0,0,0,0,0,0,0,0,0,0,0,0,6,0,0,0,7,0,0,6,1,1,6,0,0,6,1,0,7,0,0,1,6,0,0,0,7,7,0,1,6,0,7,0,7,0,7,0,0,7,0,0,7,0,7,0,0,0,0,0,0,0,0,0,0,0,0,0,0,0,0,0,1,0,0,0,3,0,0,0,0,3,0,0,0,0,0,0,0,0,0,0,0,0,0,0,0,0,0,0,0,0,0,3,0,0,0,0,3,1,0,0,0,0,0,6,0,0,0,0,1,0,0,5,2,0,7,0,6,1,7,4,3,0,1,6,0,30.0,34.0
30,209,1,0,1,0,0,1,0,0,0,0,0,1,0,0,0,0,1,0,1,0,0,1,0,0,0,0,0,0,0,0,0,0,0,0,0,0,0,0,0,0,0,0,0,0,0,0,0,0,0,0,0,0,0,1,0,0,0,0,0,0,0,0,0,0,0,0,0,0,0,0,0,0,0,0,0,0,0,0,0,0,0,0,0,0,0,0,1,0,0,0,1,0,0,1,0,0,1,0,0,1,0,0,1,0,0,1,0,0,0,0,1,1,0,0,1,0,1,0,1,0,1,0,0,1,0,0,1,0,1,0,0,0,0,0,0,0,0,0,0,0,0,0,0,0,0,0,0,0,0,0,1,0,0,0,0,0,0,0,0,0,0,0,0,0,0,0,0,0,0,0,0,0,0,0,0,0,0,1,0,0,0,0,0,0,0,0,0,0,0,1,0,0,0,0,0,0,0,1,0,0,1,0,0,1,1,1,0,0,1,0,0,0.0,0.0
30,210,6,0,6,0,0,6,0,0,0,0,0,6,0,0,0,0,6,1,5,0,1,2,3,0,0,0,0,0,0,0,0,0,0,0,0,0,0,0,0,0,0,0,0,1,0,0,0,0,0,0,0,0,0,5,0,0,0,0,0,0,0,0,0,0,0,0,0,0,0,0,0,0,0,0,0,0,0,0,0,0,0,0,0,0,0,0,6,0,0,0,6,0,0,6,0,1,5,0,1,5,0,0,6,0,0,5,1,0,0,0,6,6,0,2,4,2,4,0,6,0,6,0,0,6,0,0,6,0,6,0,0,0,0,0,0,0,0,0,0,0,0,0,0,0,0,0,0,0,0,0,6,0,0,0,0,0,0,0,0,0,0,0,0,0,0,0,0,0,0,0,0,0,0,0,0,0,0,6,0,0,0,0,0,0,0,0,0,0,0,6,0,0,0,0,0,0,0,3,3,0,6,0,1,5,6,6,0,1,4,1,0,23.666666666666668,17.0
30,211,1,0,1,0,0,1,0,1,0,0,0,0,0,0,0,0,1,0,1,0,0,0,1,0,0,0,0,0,0,0,0,0,0,0,0,0,0,0,0,0,0,0,0,0,0,0,0,0,0,0,0,0,0,1,0,0,0,0,0,0,0,0,0,0,0,0,0,0,0,0,0,0,0,0,0,0,0,0,0,0,0,0,0,0,0,0,1,0,0,0,1,0,0,1,0,1,0,0,0,1,0,0,1,0,0,1,0,0,0,0,1,1,0,0,1,0,1,0,1,0,1,0,0,1,0,0,1,0,1,0,0,0,0,0,0,0,0,0,0,0,0,0,0,0,0,0,1,0,0,0,0,0,0,0,0,0,0,0,0,0,0,0,0,0,0,0,0,0,0,0,0,0,0,0,0,0,0,0,0,0,0,0,0,1,0,0,0,0,0,0,0,0,1,0,0,0,0,0,1,0,1,0,0,1,1,1,0,0,1,0,0,73.0,73.0
30,212,1,1,0,0,0,1,0,0,0,1,0,0,0,0,1,0,0,0,1,0,0,0,1,0,0,0,0,0,0,0,0,0,0,0,0,0,0,0,0,0,0,0,0,0,0,0,0,0,0,0,0,0,0,1,0,0,0,0,0,0,0,0,0,0,0,0,0,0,0,0,0,0,0,0,0,0,1,0,0,0,0,0,0,0,0,0,0,0,0,1,0,0,0,1,0,1,0,0,0,1,0,0,1,0,0,1,0,0,0,0,1,1,0,1,0,1,0,0,1,0,1,0,0,1,0,0,1,0,1,0,0,0,0,1,0,0,0,0,0,0,0,0,0,0,0,0,0,0,0,0,0,0,0,0,0,0,0,0,0,0,0,1,0,0,0,0,0,0,0,0,0,0,0,0,0,0,0,0,0,0,0,0,0,0,0,0,0,0,0,1,0,0,0,0,0,0,0,0,1,0,1,0,0,1,1,1,0,0,1,0,0,72.0,72.0
31,001,2,0,2,0,0,2,0,0,0,0,0,2,0,0,0,0,2,0,2,0,0,1,1,0,0,0,0,0,0,0,0,0,0,0,0,0,0,0,0,0,0,0,0,0,0,0,0,0,0,0,0,0,0,0,2,0,0,0,0,0,0,0,0,0,0,0,0,0,0,0,0,0,0,0,0,0,0,0,0,0,0,0,0,0,0,0,0,2,0,0,2,0,0,2,0,0,2,0,0,2,0,0,2,0,1,1,0,0,0,0,2,2,0,1,1,0,2,0,2,0,2,0,1,1,0,0,2,0,2,0,0,0,0,0,0,0,0,0,0,0,0,0,0,0,0,0,0,0,0,0,2,0,0,0,0,0,0,0,0,0,0,0,0,0,0,0,0,0,0,0,0,0,0,0,0,0,0,2,0,0,0,0,0,0,0,0,0,1,0,0,0,0,1,0,0,0,0,1,1,0,2,0,0,2,2,2,0,1,1,0,0,17.0,17.0
31,002,19,1,18,0,0,19,0,0,0,0,11,8,0,0,0,11,8,1,18,0,0,6,13,0,0,0,0,0,0,0,0,0,0,0,0,0,0,0,0,0,0,0,0,0,0,0,0,0,0,0,0,0,0,0,19,0,0,0,0,0,0,0,0,0,0,0,0,0,0,0,0,0,0,0,0,0,0,0,0,0,0,0,0,0,0,0,0,19,0,1,18,0,1,18,0,0,19,0,5,14,0,3,16,0,0,5,14,0,0,0,19,19,0,5,14,0,19,0,19,0,19,0,1,18,0,0,19,0,19,0,0,0,0,0,0,0,0,0,0,0,0,0,0,0,0,0,0,0,0,0,8,0,0,0,0,11,0,0,0,0,0,0,0,0,0,0,0,0,0,0,0,0,0,0,0,0,0,8,0,0,0,0,11,0,0,0,0,4,0,0,0,0,1,14,0,0,0,6,13,0,19,0,14,5,19,8,11,0,5,14,0,23.68421052631579,16.0
31,003,3,0,3,0,0,3,0,0,0,0,2,1,0,0,0,2,1,0,3,0,0,2,1,0,0,0,0,0,0,0,0,0,0,0,0,0,0,0,0,0,0,0,0,0,0,0,0,0,0,0,0,0,0,0,3,0,0,0,0,0,0,0,0,0,0,0,0,0,0,0,0,0,0,0,0,0,0,0,0,0,0,0,0,0,0,0,0,3,0,0,3,0,1,2,0,0,3,0,1,2,0,0,3,0,0,1,2,0,0,0,3,3,0,0,3,0,3,0,3,0,3,0,1,2,0,0,3,0,3,0,0,0,0,0,0,0,0,0,0,0,0,0,0,0,0,0,0,0,0,0,1,0,0,0,0,2,0,0,0,0,0,0,0,0,0,0,0,0,0,0,0,0,0,0,0,0,0,1,0,0,0,0,2,0,0,0,0,3,0,0,0,0,0,0,0,0,0,2,1,0,3,0,2,1,3,1,2,0,1,2,0,23.0,28.0
31,005,2,0,2,0,0,2,0,0,0,0,1,1,0,0,0,1,1,0,2,0,0,0,2,0,0,0,0,0,0,0,0,0,0,0,0,0,0,0,0,0,0,0,0,0,0,0,0,0,0,0,0,0,0,0,2,0,0,0,0,0,0,0,0,0,0,0,0,0,0,0,0,0,0,0,0,0,0,0,0,0,0,0,0,0,0,0,0,2,0,0,2,0,0,2,0,0,2,0,0,2,0,0,2,0,0,0,2,0,0,0,2,2,0,0,2,0,2,0,2,0,2,0,0,2,0,0,2,0,2,0,0,0,0,0,0,0,0,0,0,0,0,0,0,0,0,0,0,0,0,0,1,0,0,0,0,1,0,0,0,0,0,0,0,0,0,0,0,0,0,0,0,0,0,0,0,0,0,1,0,0,0,0,1,0,0,0,0,0,0,0,0,0,1,1,0,0,0,0,2,0,2,0,2,0,2,1,1,0,0,2,0,25.5,25.5
31,006,5,1,4,0,0,5,0,0,0,1,0,4,0,0,1,0,4,1,4,0,0,3,2,0,0,0,0,0,0,0,0,0,0,0,0,0,0,0,0,0,0,0,0,0,0,0,0,0,0,0,0,0,0,0,5,0,0,0,0,0,0,0,0,0,0,0,0,0,0,0,0,0,0,0,0,0,0,0,0,0,0,0,0,0,0,0,0,5,0,0,5,0,1,3,1,2,3,0,1,4,0,0,5,0,0,5,0,0,0,0,5,5,0,4,1,0,5,0,5,0,5,0,1,4,0,0,5,0,5,0,0,0,0,1,0,0,0,0,0,0,0,0,0,0,0,0,0,0,0,0,4,0,0,0,0,0,0,0,0,0,0,1,0,0,0,0,0,0,0,0,0,0,0,0,0,0,0,4,0,0,0,0,0,0,0,0,0,4,0,0,0,0,1,0,0,0,0,3,2,0,5,0,0,5,5,5,0,0,5,0,0,46.6,37.0
31,008,3,1,2,0,0,3,0,0,0,0,1,2,1,0,0,1,1,0,3,0,0,1,2,0,0,0,0,0,0,0,0,0,0,0,0,0,0,0,0,0,0,0,0,0,0,0,2,0,0,0,0,0,0,0,1,0,0,0,0,0,0,0,0,0,0,0,0,0,0,0,0,0,0,0,0,0,0,0,0,0,0,0,0,0,0,0,0,3,0,0,3,0,0,3,0,0,3,0,0,3,0,0,3,0,0,2,1,0,0,0,3,3,0,2,1,0,3,0,3,0,3,0,0,3,0,0,3,0,3,1,0,0,0,0,0,0,0,0,0,0,0,0,0,0,0,0,0,0,0,0,1,0,0,0,0,1,0,0,0,0,0,0,0,0,0,0,0,0,0,0,0,0,0,0,0,0,0,1,0,0,0,0,1,1,0,0,0,3,0,0,0,0,0,0,0,0,0,1,2,0,3,0,1,2,3,2,1,0,2,1,0,6.333333333333333,6.0
31,009,1,0,1,0,0,1,0,0,0,0,0,1,0,0,0,0,1,0,1,0,0,1,0,0,0,0,0,0,0,0,0,0,0,0,0,0,0,0,0,0,0,0,0,0,0,0,0,0,0,0,0,0,0,0,1,0,0,0,0,0,0,0,0,0,0,0,0,0,0,0,0,0,0,0,0,0,0,0,0,0,0,0,0,0,0,0,0,1,0,0,1,0,0,1,0,0,1,0,0,1,0,0,1,0,0,0,1,0,0,0,1,1,0,0,1,0,1,0,1,0,1,0,1,0,0,0,1,0,1,0,0,0,0,0,0,0,0,0,0,0,0,0,0,0,0,0,0,0,0,0,1,0,0,0,0,0,0,0,0,0,0,0,0,0,0,0,0,0,0,0,0,0,0,0,0,0,0,1,0,0,0,0,0,0,0,0,0,0,0,0,0,0,0,0,1,0,0,1,0,0,1,0,1,0,1,1,0,0,0,1,0,31.0,31.0
31,011,3,0,3,0,0,3,0,1,0,0,0,2,1,0,0,0,2,2,1,0,0,1,2,0,0,0,0,0,0,0,0,0,0,0,0,0,0,0,0,0,0,0,0,0,0,0,0,0,0,0,0,0,0,0,3,0,0,0,0,0,0,0,0,0,0,0,0,0,0,0,0,0,0,0,0,0,0,0,0,0,0,0,0,0,0,0,0,3,0,0,3,0,0,3,0,1,2,0,0,3,0,0,3,0,0,3,0,0,0,0,3,3,0,2,1,0,3,0,3,0,3,0,1,2,0,0,3,0,3,1,0,0,0,0,0,0,0,0,0,0,0,0,0,0,0,0,1,0,0,0,1,0,0,0,0,0,0,0,0,0,0,0,0,0,0,0,0,0,0,0,0,0,0,0,0,0,0,1,0,0,0,0,0,2,0,0,0,2,0,0,0,1,0,0,0,0,0,1,2,0,3,0,0,3,3,3,0,0,3,0,0,37.666666666666664,44.0
31,013,9,0,9,0,0,9,0,2,0,0,0,7,1,0,0,0,8,1,8,0,0,8,1,0,0,0,0,0,0,0,0,0,2,0,0,0,0,0,0,0,0,0,0,0,0,0,0,0,0,0,0,0,0,0,7,0,0,0,0,0,0,0,0,0,0,0,0,0,0,0,0,0,0,0,0,0,0,0,0,0,0,0,0,0,0,0,0,9,0,0,9,0,0,7,2,0,9,0,0,8,1,3,6,0,1,5,3,0,0,0,9,9,0,5,4,0,9,0,9,1,8,0,6,3,0,0,9,0,9,0,0,0,0,0,0,0,0,0,0,0,0,0,1,0,0,0,2,0,0,1,5,0,0,0,0,0,0,0,0,0,0,0,0,0,0,0,0,0,0,0,0,0,0,0,0,0,0,5,0,0,0,0,0,4,0,0,0,6,0,0,0,0,3,0,0,0,0,8,1,0,9,0,3,6,9,9,0,0,6,3,0,18.333333333333332,13.0
31,014,2,0,2,0,0,2,0,0,0,0,0,2,0,0,0,0,2,0,2,0,0,2,0,0,0,0,0,0,0,0,0,0,0,0,0,0,0,0,0,0,0,0,0,0,0,0,0,0,0,0,0,0,0,0,2,0,0,0,0,0,0,0,0,0,0,0,0,0,0,0,0,0,0,0,0,0,0,0,0,0,0,0,0,0,0,0,0,2,0,0,2,0,1,1,0,0,2,0,1,1,0,0,2,0,1,0,1,0,0,0,2,2,0,1,1,1,1,0,2,0,2,0,0,2,0,0,2,0,2,0,0,0,0,0,0,0,0,0,0,0,0,0,0,0,0,0,0,0,0,0,2,0,0,0,0,0,0,0,0,0,0,0,0,0,0,0,0,0,0,0,0,0,0,0,0,0,0,2,0,0,0,0,0,0,0,0,0,2,0,0,0,0,0,0,0,0,0,2,0,0,2,0,1,1,2,2,0,1,0,1,0,10.0,10.0
31,017,2,0,2,0,0,2,0,0,0,0,0,2,1,0,0,0,1,0,2,0,0,2,0,0,0,0,0,0,0,0,0,0,0,0,0,0,0,0,0,0,0,0,0,0,0,0,0,0,0,0,0,0,0,0,2,0,0,0,0,0,0,0,0,0,0,0,0,0,0,0,0,0,0,0,0,0,0,0,0,0,0,0,0,0,0,0,0,2,0,0,2,0,1,1,0,0,2,0,1,1,0,0,2,0,0,1,1,0,0,0,2,2,0,1,1,0,2,0,2,0,2,0,0,2,0,0,2,0,2,0,0,0,0,0,0,0,0,0,0,0,0,0,0,0,0,0,0,0,0,1,1,0,0,0,0,0,0,0,0,0,0,0,0,0,0,0,0,0,0,0,0,0,0,0,0,0,0,1,0,0,0,0,0,1,0,0,0,2,0,0,0,0,0,0,0,0,0,2,0,0,2,0,1,1,2,2,0,0,1,1,0,8.5,8.5
31,019,375,7,367,1,1,374,0,5,0,0,314,56,15,0,0,314,46,7,368,0,13,210,152,0,0,0,0,1,0,0,0,0,0,0,0,0,1,0,0,0,0,0,0,0,0,0,0,0,0,0,1,0,0,0,372,0,0,0,0,0,0,0,0,0,0,0,0,0,0,0,0,0,0,0,0,0,0,0,0,0,0,0,0,0,0,0,0,375,0,1,373,1,171,199,5,6,369,0,252,118,5,0,374,1,2,12,361,0,0,0,375,375,0,15,360,12,363,0,375,1,373,1,4,367,4,0,375,0,375,15,0,0,0,0,0,0,0,0,0,0,0,0,0,0,0,0,5,0,0,0,40,0,0,1,0,314,0,0,0,0,0,0,0,0,0,0,0,0,0,0,0,0,0,0,0,0,0,40,0,0,0,0,314,21,0,0,0,374,0,0,0,0,0,0,1,0,0,223,152,0,375,0,361,14,375,61,314,1,13,361,0,16.954666666666668,10.0
31,020,5,0,5,0,0,5,0,0,0,0,1,4,0,0,0,1,4,4,1,0,0,3,2,0,0,0,0,0,0,0,0,0,0,0,0,0,0,0,0,0,0,0,0,0,0,0,0,0,0,0,0,0,0,0,5,0,0,0,0,0,0,0,0,0,0,0,0,0,0,0,0,0,0,0,0,0,0,0,0,0,0,0,0,0,0,0,0,5,0,1,4,0,1,4,0,3,2,0,1,4,0,0,5,0,0,4,1,0,0,0,5,5,0,2,3,0,5,0,5,0,5,0,2,2,1,0,4,1,5,0,0,0,0,0,0,0,0,0,0,0,0,0,0,0,0,0,0,0,0,0,4,0,0,0,0,1,0,0,0,0,0,0,0,0,0,0,0,0,0,0,0,0,0,0,0,0,0,4,0,0,0,0,1,0,0,0,0,2,0,0,0,0,2,0,1,0,0,3,2,0,5,0,1,4,5,4,1,0,4,1,0,57.8,70.0
31,021,3,1,2,0,0,3,0,0,0,0,0,3,0,0,0,0,3,0,3,0,0,2,1,0,0,0,0,0,0,0,0,0,0,0,0,0,0,0,0,0,0,0,0,0,0,0,0,0,0,0,0,0,0,0,3,0,0,0,0,0,0,0,0,0,0,0,0,0,0,0,0,0,0,0,0,0,0,0,0,0,0,0,0,0,0,0,0,3,0,1,2,0,1,2,0,0,3,0,2,1,0,0,3,0,1,2,0,0,0,0,3,3,0,2,1,0,3,0,3,0,3,0,0,3,0,0,3,0,3,0,0,0,0,0,0,0,0,0,0,0,0,0,0,0,0,0,0,0,0,0,3,0,0,0,0,0,0,0,0,0,0,0,0,0,0,0,0,0,0,0,0,0,0,0,0,0,0,3,0,0,0,0,0,0,0,0,0,3,0,0,0,0,0,0,0,0,0,2,1,0,3,0,0,3,3,3,0,1,2,0,0,19.333333333333332,3.0
31,022,2,1,1,0,0,2,0,0,0,0,0,2,0,0,0,0,2,0,2,0,0,0,2,0,0,0,0,0,0,0,0,0,0,0,0,0,0,0,0,0,0,0,0,0,0,0,0,0,0,0,0,0,0,0,2,0,0,0,0,0,0,0,0,0,0,0,0,0,0,0,0,0,0,0,0,0,0,0,0,0,0,0,0,0,0,0,0,2,0,0,2,0,1,1,0,0,2,0,2,0,0,0,2,0,0,2,0,0,0,0,2,2,0,2,0,0,2,0,2,0,2,0,0,2,0,0,2,0,2,0,0,1,0,0,0,0,0,0,0,0,0,0,0,0,0,0,0,0,0,0,1,0,0,0,0,0,0,0,0,0,0,0,0,0,0,0,0,0,0,0,0,0,0,0,0,0,0,1,0,0,0,0,0,1,0,0,0,2,0,0,0,0,0,0,0,0,0,0,2,0,2,0,0,2,2,2,0,0,2,0,0,3.0,3.0
31,023,1,0,1,0,0,1,0,0,0,0,0,1,0,0,0,0,1,0,1,0,0,1,0,0,0,0,0,0,0,0,0,0,0,0,0,0,0,0,0,0,0,0,0,0,0,0,0,0,0,0,0,0,0,0,1,0,0,0,0,0,0,0,0,0,0,0,0,0,0,0,0,0,0,0,0,0,0,0,0,0,0,0,0,0,0,0,0,1,0,0,1,0,0,1,0,0,1,0,0,1,0,0,1,0,0,1,0,0,0,0,1,1,0,1,0,0,1,0,1,0,1,0,0,1,0,0,1,0,1,0,0,0,0,0,0,0,0,0,0,0,0,0,0,0,0,0,0,0,0,0,1,0,0,0,0,0,0,0,0,0,0,0,0,0,0,0,0,0,0,0,0,0,0,0,0,0,0,1,0,0,0,0,0,0,0,0,0,1,0,0,0,0,0,0,0,0,0,1,0,0,1,0,0,1,1,1,0,0,1,0,0,4.0,4.0
31,024,1,0,1,0,1,0,0,0,0,0,0,1,0,0,0,0,1,0,1,0,0,0,1,0,0,0,0,0,0,0,0,0,0,0,0,0,0,0,0,0,0,0,0,0,0,0,0,0,0,0,0,0,0,0,1,0,0,0,0,0,0,0,0,0,0,0,0,0,0,0,0,0,0,0,0,0,0,0,0,0,0,0,0,0,0,0,0,1,0,0,1,0,0,1,0,0,1,0,0,1,0,0,1,0,0,1,0,0,0,0,1,1,0,0,1,0,1,0,1,0,1,0,0,1,0,1,0,0,1,0,0,0,0,0,0,0,0,0,0,0,0,0,0,0,0,0,0,0,0,0,1,0,0,0,0,0,0,0,0,0,0,0,0,0,0,0,0,0,0,0,0,0,0,0,0,0,0,1,0,0,0,0,0,0,0,0,0,0,0,0,0,0,1,0,0,0,0,0,1,0,1,0,0,1,1,1,0,0,1,0,0,16.0,16.0
31,025,2,0,2,0,0,2,0,0,0,0,0,2,0,0,0,0,2,0,2,0,0,2,0,0,0,0,0,0,0,0,0,0,0,0,0,0,0,0,0,0,0,0,0,0,0,0,0,0,0,0,0,0,0,0,2,0,0,0,0,0,0,0,0,0,0,0,0,0,0,0,0,0,0,0,0,0,0,0,0,0,0,0,0,0,0,0,0,2,0,0,2,0,0,2,0,0,2,0,0,2,0,0,2,0,0,2,0,0,0,0,2,2,0,0,2,0,2,0,2,0,2,0,0,2,0,0,2,0,2,0,0,0,0,0,0,0,0,0,0,0,0,0,0,0,0,0,0,0,0,0,2,0,0,0,0,0,0,0,0,0,0,0,0,0,0,0,0,0,0,0,0,0,0,0,0,0,0,2,0,0,0,0,0,0,0,0,0,2,0,0,0,0,0,0,0,0,0,2,0,0,2,0,0,2,2,2,0,0,2,0,0,13.0,13.0
31,026,1,0,1,0,0,1,0,1,0,0,0,0,0,0,0,0,1,1,0,0,0,1,0,0,0,0,0,0,0,0,0,0,0,0,0,0,0,0,0,0,0,0,0,0,0,0,0,0,0,0,0,0,0,0,1,0,0,0,0,0,0,0,0,0,0,0,0,0,0,0,0,0,0,0,0,0,0,0,0,0,0,0,0,0,0,0,0,1,0,0,1,0,1,0,0,1,0,0,1,0,0,0,1,0,0,1,0,0,0,0,1,1,0,1,0,0,1,0,1,0,1,0,0,1,0,0,1,0,1,0,0,0,0,0,0,0,0,0,0,0,0,0,0,0,0,0,1,0,0,0,0,0,0,0,0,0,0,0,0,0,0,0,0,0,0,0,0,0,0,0,0,0,0,0,0,0,0,0,0,0,0,0,0,1,0,0,0,0,0,0,0,0,1,0,0,0,0,1,0,0,1,0,0,1,1,1,0,0,1,0,0,77.0,77.0
31,027,1,1,0,0,0,1,0,0,0,0,0,1,0,0,0,0,1,0,1,0,0,0,1,0,0,0,0,0,0,0,0,0,0,0,0,0,0,0,0,0,0,0,0,0,0,0,0,0,0,0,0,0,0,0,1,0,0,0,0,0,0,0,0,0,0,0,0,0,0,0,0,0,0,0,0,0,0,0,0,0,0,0,0,0,0,0,0,1,0,0,1,0,0,1,0,0,1,0,0,1,0,0,1,0,0,1,0,0,0,0,1,1,0,0,1,0,1,0,1,0,1,0,1,0,0,0,1,0,1,0,0,0,0,0,0,0,0,0,0,0,0,0,0,0,0,0,0,0,0,0,1,0,0,0,0,0,0,0,0,0,0,0,0,0,0,0,0,0,0,0,0,0,0,0,0,0,0,1,0,0,0,0,0,0,0,0,0,1,0,0,0,0,0,0,0,0,0,0,1,0,1,0,0,1,1,1,0,0,1,0,0,3.0,3.0
31,029,1,0,1,0,0,1,0,0,0,0,0,1,0,0,0,0,1,1,0,0,0,1,0,0,0,0,0,0,0,0,0,0,0,0,0,0,0,0,0,0,0,0,0,0,0,0,0,0,0,0,0,0,0,0,1,0,0,0,0,0,0,0,0,0,0,0,0,0,0,0,0,0,0,0,0,0,0,0,0,0,0,0,0,0,0,0,0,1,0,0,1,0,0,1,0,1,0,0,0,1,0,0,1,0,1,0,0,0,0,0,1,1,0,1,0,0,1,0,1,0,1,0,0,1,0,0,1,0,1,0,0,0,0,0,0,0,0,0,0,0,0,0,0,0,0,0,0,0,0,0,1,0,0,0,0,0,0,0,0,0,0,0,0,0,0,0,0,0,0,0,0,0,0,0,0,0,0,1,0,0,0,0,0,0,0,0,0,0,0,0,0,0,1,0,0,0,0,1,0,0,1,0,0,1,1,1,0,0,1,0,0,73.0,73.0
31,031,3,0,3,0,0,3,0,0,0,0,2,1,0,0,0,2,1,0,3,0,0,2,1,0,0,0,0,0,0,0,0,0,0,0,0,0,0,0,0,0,0,0,0,0,0,0,0,0,0,0,0,0,0,0,3,0,0,0,0,0,0,0,0,0,0,0,0,0,0,0,0,0,0,0,0,0,0,0,0,0,0,0,0,0,0,0,0,3,0,0,3,0,0,3,0,0,3,0,1,2,0,0,3,0,0,1,2,0,0,0,3,3,0,1,2,0,3,0,3,0,3,0,0,2,1,0,3,0,3,0,0,0,0,0,0,0,0,0,0,0,0,0,0,0,0,0,0,0,0,0,1,0,0,0,0,2,0,0,0,0,0,0,0,0,0,0,0,0,0,0,0,0,0,0,0,0,0,1,0,0,0,0,2,0,0,0,0,1,0,0,0,0,0,2,0,0,0,2,1,0,3,0,2,1,3,1,2,0,1,2,0,18.333333333333332,15.0
31,032,11,1,10,0,1,10,0,0,0,0,2,9,2,0,0,2,7,1,10,0,1,2,8,0,0,0,0,0,0,0,0,0,0,0,0,0,0,0,0,0,0,0,0,0,0,0,0,0,0,0,0,0,0,0,11,0,0,0,0,0,0,0,0,0,0,0,0,0,0,0,0,0,0,0,0,0,0,0,0,0,0,0,0,0,0,0,0,11,0,0,11,0,0,11,0,1,10,0,0,11,0,2,9,0,0,8,3,0,0,0,11,11,0,6,5,0,11,0,11,1,10,0,0,11,0,0,11,0,11,2,0,0,0,0,0,0,0,0,1,0,0,0,0,1,0,0,0,0,0,0,5,0,0,0,0,2,0,0,0,0,0,0,0,0,0,0,0,0,0,0,1,0,0,0,0,0,0,5,0,0,0,0,2,3,0,0,0,11,0,0,0,0,0,0,0,0,0,3,8,2,9,0,3,8,11,9,2,0,8,3,0,13.636363636363637,4.0
31,033,6,0,6,0,0,6,0,0,0,0,1,5,1,0,0,1,4,0,6,0,0,2,4,0,0,0,0,0,0,0,0,0,0,0,0,0,0,0,0,0,0,0,0,0,0,0,0,0,0,0,0,0,0,0,6,0,0,0,0,0,0,0,0,0,0,1,0,0,0,0,0,0,0,0,0,0,0,0,0,0,0,0,0,1,0,0,0,4,0,0,6,0,0,6,0,0,6,0,0,6,0,3,3,0,1,3,2,0,0,0,6,6,0,3,3,0,6,0,6,0,6,0,1,5,0,0,6,0,6,0,0,0,0,0,0,0,0,0,0,0,0,0,0,1,0,0,0,0,0,1,3,0,0,0,0,1,0,0,0,0,0,0,0,0,0,0,0,0,0,0,0,0,0,0,0,0,0,3,0,0,0,0,1,2,0,0,0,5,0,1,0,0,0,0,0,0,0,2,4,0,6,0,2,4,6,5,1,1,3,2,0,15.5,12.0
31,034,1,0,1,0,0,1,0,0,0,0,0,1,0,0,0,0,1,0,1,0,0,1,0,0,0,0,0,0,0,0,0,0,0,0,0,0,0,0,0,0,0,0,0,0,0,0,0,0,0,0,0,0,0,0,1,0,0,0,0,0,0,0,0,0,0,0,0,0,0,0,0,0,0,0,0,0,0,0,0,0,0,0,0,0,0,0,0,1,0,0,1,0,0,1,0,0,1,0,0,1,0,0,1,0,0,1,0,0,0,0,1,1,0,1,0,0,1,0,1,0,1,0,0,1,0,0,1,0,1,0,0,0,0,0,0,0,0,0,0,0,0,0,0,1,0,0,0,0,0,0,0,0,0,0,0,0,0,0,1,0,0,0,0,0,0,0,0,0,0,0,0,0,0,0,0,0,0,0,0,0,0,0,0,0,0,0,0,0,0,0,0,0,1,0,0,0,0,1,0,0,1,0,0,1,1,1,0,0,1,0,0,1.0,1.0
31,035,8,0,8,0,1,7,0,0,0,0,5,3,0,0,0,5,3,2,6,0,0,7,1,0,0,0,0,0,0,0,0,0,0,0,0,0,0,0,0,0,0,0,0,0,0,0,0,0,0,0,0,0,0,0,8,0,0,0,0,0,0,0,0,0,0,0,0,0,0,0,0,0,0,0,0,0,0,0,0,0,0,0,0,0,0,0,0,8,0,0,8,0,0,8,0,0,8,0,0,8,0,0,8,0,1,2,5,0,0,0,8,8,0,3,5,1,7,0,8,0,8,0,2,6,0,0,8,0,8,0,0,0,0,0,0,0,0,0,0,0,0,0,0,0,0,0,0,0,0,0,3,0,0,0,0,5,0,0,0,0,0,0,0,0,0,0,0,0,0,0,0,0,0,0,0,0,0,3,0,0,0,0,5,0,0,0,0,2,0,0,0,0,1,5,0,0,0,7,1,0,8,0,5,3,8,3,5,1,2,5,0,30.0,21.5
31,037,2,0,2,0,0,2,0,0,0,0,1,1,0,0,0,1,1,0,2,0,0,1,1,0,0,0,0,0,0,0,0,0,0,0,0,0,0,0,0,0,0,0,0,0,0,0,0,0,0,0,0,0,0,0,2,0,0,0,0,0,0,0,0,0,0,0,0,0,0,0,0,0,0,0,0,0,0,0,0,0,0,0,0,0,0,0,0,2,0,0,2,0,0,2,0,1,1,0,0,2,0,0,2,0,1,0,1,0,0,0,2,2,0,1,1,0,2,0,2,0,2,0,0,2,0,1,1,0,2,0,0,0,0,0,0,0,0,0,0,0,0,0,0,0,0,0,0,0,0,0,1,0,0,0,0,1,0,0,0,0,0,0,0,0,0,0,0,0,0,0,0,0,0,0,0,0,0,1,0,0,0,0,1,0,0,0,0,1,0,0,0,0,0,1,0,0,0,1,1,0,2,0,1,1,2,1,1,1,0,1,0,36.0,36.0
31,038,18,2,16,0,2,16,0,2,0,0,2,14,1,0,0,2,15,3,15,0,0,13,5,0,0,0,0,0,0,0,0,0,0,0,0,0,0,0,0,0,0,0,0,0,0,0,0,0,0,0,0,0,0,0,18,0,0,0,0,0,0,0,0,0,0,0,0,0,0,0,0,0,0,0,0,0,0,0,0,0,0,0,0,0,0,0,0,18,0,2,16,0,0,18,0,4,14,0,0,18,0,1,17,0,1,16,1,0,0,0,18,18,0,9,9,0,18,0,18,1,17,0,3,15,0,1,17,0,18,1,0,0,0,0,0,0,0,0,0,0,0,0,1,0,0,0,2,0,0,0,12,0,0,0,0,1,1,0,0,0,0,0,0,0,0,0,0,0,0,0,0,0,0,0,0,0,0,12,0,0,0,0,1,4,1,0,0,6,0,0,0,0,12,0,0,0,0,13,5,0,18,0,1,17,18,17,1,1,16,1,0,34.22222222222222,36.0
31,040,55,2,53,0,1,54,0,4,0,0,40,11,0,0,0,40,15,2,53,0,2,25,28,0,0,0,0,0,0,0,1,0,0,0,0,0,0,0,0,0,0,0,0,0,0,0,0,0,0,0,0,0,0,1,53,0,0,0,0,0,0,0,0,0,0,0,0,0,0,0,0,0,0,0,0,0,0,0,0,0,0,0,0,0,0,0,0,55,0,0,55,0,2,53,0,2,53,0,3,52,0,0,55,0,1,9,45,0,0,0,55,55,0,5,50,1,54,0,55,1,54,0,2,53,0,1,54,0,55,0,0,0,0,0,0,0,0,0,0,0,0,0,1,0,0,0,4,0,0,0,10,0,0,0,0,39,1,0,0,0,0,0,0,0,0,0,0,0,0,0,0,0,0,0,0,0,0,10,0,0,0,0,39,5,1,0,0,3,0,0,0,0,1,51,0,0,0,27,28,0,55,0,45,10,55,16,39,1,9,45,0,23.854545454545455,20.0
31,041,48,2,45,1,2,45,1,4,0,1,10,33,4,0,1,10,33,5,42,1,3,23,22,0,0,0,0,0,0,0,0,0,0,0,1,1,0,0,1,0,0,0,0,1,0,0,1,0,0,0,2,1,0,0,40,0,0,0,0,0,1,0,0,0,0,0,0,0,0,0,0,0,0,0,0,0,0,0,0,0,0,0,0,0,0,0,0,47,0,0,47,1,2,45,1,8,39,1,1,47,0,1,46,1,4,22,22,0,0,0,48,48,0,16,32,3,44,1,48,2,45,1,7,40,1,0,47,1,48,1,0,0,0,1,0,0,0,0,0,0,0,0,1,1,1,0,4,0,0,2,27,0,0,0,0,9,1,0,0,0,0,1,0,0,0,0,0,0,0,0,0,0,0,0,0,0,0,27,0,0,0,0,9,10,1,0,0,13,0,1,0,2,31,1,0,0,0,26,22,2,44,2,22,26,48,39,9,3,23,22,0,30.208333333333332,32.0
31,042,1,0,1,0,0,1,0,0,0,0,1,0,0,0,0,1,0,0,1,0,1,0,0,0,0,0,0,0,0,0,0,0,0,0,0,0,0,0,0,0,0,0,0,0,0,0,0,0,0,0,0,0,0,0,1,0,0,0,0,0,0,0,0,0,0,0,0,0,0,0,0,0,0,0,0,0,0,0,0,0,0,0,0,0,0,0,0,1,0,0,1,0,0,1,0,0,1,0,0,1,0,0,1,0,0,0,1,0,0,0,1,1,0,0,1,0,1,0,1,0,1,0,0,1,0,0,1,0,1,0,0,0,0,0,0,0,0,0,0,0,0,0,0,0,0,0,0,0,0,0,0,0,0,0,0,0,1,0,0,0,0,0,0,0,0,0,0,0,0,0,0,0,0,0,0,0,0,0,0,0,0,0,0,0,1,0,0,0,0,0,0,0,0,1,0,0,0,1,0,0,1,0,1,0,1,1,0,0,0,1,0,34.0,34.0
31,043,1,1,0,0,1,0,0,0,0,0,0,1,0,0,0,0,1,0,1,0,0,1,0,0,0,0,0,0,0,0,0,0,0,0,0,0,0,0,0,0,0,0,0,0,0,0,0,0,0,0,0,0,0,0,1,0,0,0,0,0,0,0,0,0,0,0,0,0,0,0,0,0,0,0,0,0,0,0,0,0,0,0,0,0,0,0,0,1,0,0,1,0,0,1,0,0,1,0,1,0,0,0,1,0,0,1,0,0,0,0,1,1,0,1,0,1,0,0,1,0,1,0,0,0,1,0,1,0,1,0,0,0,0,0,0,0,0,0,0,0,0,0,0,0,0,0,0,0,0,0,1,0,0,0,0,0,0,0,0,0,0,0,0,0,0,0,0,0,0,0,0,0,0,0,0,0,0,1,0,0,0,0,0,0,0,0,0,1,0,0,0,0,0,0,0,0,0,1,0,0,1,0,0,1,1,1,0,0,1,0,0,18.0,18.0
31,044,1,0,1,0,0,1,0,0,0,0,0,1,0,0,0,0,1,0,1,0,0,1,0,0,0,0,0,0,0,0,0,0,0,0,0,0,0,0,0,0,0,0,0,0,0,0,0,0,0,0,0,0,0,0,1,0,0,0,0,0,0,0,0,0,0,0,0,0,0,0,0,0,0,0,0,0,0,0,0,0,0,0,0,0,0,0,0,1,0,0,1,0,0,1,0,0,1,0,1,0,0,0,1,0,1,0,0,0,0,0,1,1,0,1,0,0,1,0,1,0,1,0,0,0,1,0,1,0,1,0,0,0,0,0,0,0,0,0,0,0,0,0,0,0,0,0,0,0,0,0,1,0,0,0,0,0,0,0,0,0,0,0,0,0,0,0,0,0,0,0,0,0,0,0,0,0,0,1,0,0,0,0,0,0,0,0,0,1,0,0,0,0,0,0,0,0,0,1,0,0,1,0,0,1,1,1,0,0,1,0,0,12.0,12.0
31,048,4,1,3,0,0,4,0,1,0,0,0,3,0,0,0,0,4,0,4,0,1,2,1,0,0,0,0,0,0,0,0,0,0,0,0,0,0,0,0,0,0,0,0,0,0,0,0,0,0,0,0,0,0,0,4,0,0,0,0,0,0,0,0,0,0,0,0,0,0,0,0,0,0,0,0,0,0,0,0,0,0,0,0,0,0,0,0,4,0,0,4,0,0,4,0,0,4,0,0,4,0,0,4,0,0,4,0,0,0,0,4,4,0,3,1,1,3,0,4,0,4,0,0,4,0,1,3,0,4,0,0,0,0,0,0,0,0,0,0,0,0,0,0,0,0,0,1,0,0,0,3,0,0,0,0,0,0,0,0,0,0,0,0,0,0,0,0,0,0,0,0,0,0,0,0,0,0,3,0,0,0,0,0,1,0,0,0,2,0,0,0,0,2,0,0,0,0,3,1,0,4,0,0,4,4,4,0,1,3,0,0,25.25,27.0
31,050,1469,68,1400,1,30,1438,1,173,0,20,720,556,83,0,20,720,646,130,1338,1,26,849,594,0,0,1,0,17,0,0,4,1,16,0,2,2,1,1,4,0,0,0,0,4,1,0,16,0,1,1,8,3,0,16,1367,0,3,0,0,0,4,0,0,0,0,20,0,0,0,0,1,0,0,0,0,0,0,0,0,2,0,0,0,0,0,0,0,1442,0,11,1457,1,3,1456,10,234,1234,1,6,1457,6,24,1443,2,24,277,1168,0,1,2,1466,1466,3,182,1287,121,1347,1,1469,54,1414,1,331,1078,60,14,1454,1,1469,48,1,1,1,20,0,0,0,0,0,0,0,0,9,10,6,0,172,0,1,28,446,0,3,3,0,708,12,0,0,0,0,20,0,0,0,1,0,0,0,0,2,0,0,1,1,0,0,446,0,2,1,0,708,275,12,0,0,142,0,4,0,5,1180,7,129,2,0,875,594,20,1447,2,1168,301,1469,761,708,13,288,1168,0,36.14431586113002,35.0
31,051,1,0,1,0,0,1,0,0,0,0,0,1,0,0,0,0,1,1,0,0,0,0,1,0,0,0,0,0,0,0,0,0,0,0,0,0,0,0,0,0,0,0,0,0,0,0,0,0,0,0,0,0,0,0,1,0,0,0,0,0,0,0,0,0,0,0,0,0,0,0,0,0,0,0,0,0,0,0,0,0,0,0,0,0,0,0,0,1,0,0,1,0,0,1,0,1,0,0,0,1,0,0,1,0,1,0,0,0,0,0,1,1,0,1,0,0,1,0,1,0,1,0,0,1,0,0,1,0,1,0,0,0,0,0,0,0,0,0,0,0,0,0,0,0,0,0,0,0,0,0,1,0,0,0,0,0,0,0,0,0,0,0,0,0,0,0,0,0,0,0,0,0,0,0,0,0,0,1,0,0,0,0,0,0,0,0,0,0,0,0,0,0,1,0,0,0,0,0,1,0,1,0,0,1,1,1,0,0,1,0,0,88.0,88.0
31,052,8,0,8,0,1,7,0,1,0,0,1,6,0,0,0,1,7,2,6,0,1,4,3,0,0,0,0,0,0,0,0,0,0,0,0,0,0,0,1,0,0,0,0,0,0,0,0,0,0,0,0,0,0,0,7,0,0,0,0,0,0,0,0,0,0,0,0,0,0,0,0,0,0,0,0,0,0,0,0,0,0,0,0,0,0,0,0,8,0,2,6,0,3,5,0,3,5,0,3,5,0,0,8,0,4,1,3,0,0,0,8,8,0,5,3,3,5,0,8,0,8,0,0,8,0,0,8,0,8,0,0,0,0,0,0,0,0,0,0,0,0,0,0,0,0,0,1,0,0,0,6,0,0,0,0,1,0,0,0,0,0,0,0,0,0,0,0,0,0,0,0,0,0,0,0,0,0,6,0,0,0,0,1,1,0,0,0,2,0,0,0,0,4,2,0,0,0,5,3,2,6,0,3,5,8,7,1,0,5,3,0,38.375,38.0
31,054,1,0,1,0,0,1,0,0,0,0,0,1,0,0,0,0,1,0,1,0,0,1,0,0,0,0,0,0,0,0,0,0,0,0,0,0,0,0,0,0,0,0,0,0,0,0,0,0,0,0,0,0,0,0,1,0,0,0,0,0,0,0,0,0,0,0,0,0,0,0,0,0,0,0,0,0,0,0,0,0,0,0,0,0,0,0,0,1,0,0,1,0,0,1,0,0,1,0,0,1,0,0,1,0,0,1,0,0,0,0,1,1,0,1,0,0,1,0,1,0,1,0,1,0,0,0,1,0,1,0,0,0,0,0,0,0,0,0,0,0,0,0,0,0,0,0,0,0,0,0,1,0,0,0,0,0,0,0,0,0,0,0,0,0,0,0,0,0,0,0,0,0,0,0,0,0,0,1,0,0,0,0,0,0,0,0,0,1,0,0,0,0,0,0,0,0,0,1,0,0,1,0,0,1,1,1,0,0,1,0,0,0.0,0.0
31,055,2,1,1,0,0,2,0,0,0,0,0,2,0,0,0,0,2,1,1,0,0,1,1,0,0,0,0,0,0,0,0,0,0,0,0,0,0,0,0,0,0,0,0,0,0,0,0,0,0,0,0,0,0,0,2,0,0,0,0,0,1,0,0,0,0,0,0,0,0,0,0,0,0,0,0,0,0,0,0,0,0,0,0,0,0,0,0,1,0,1,1,0,0,2,0,1,1,0,0,2,0,0,2,0,0,2,0,0,0,0,2,2,0,0,2,0,2,0,2,0,2,0,0,2,0,0,2,0,2,0,0,0,0,0,0,0,0,0,0,0,0,0,1,0,0,0,0,0,0,0,1,0,0,0,0,0,0,0,0,0,0,0,0,0,0,0,0,0,0,0,0,0,0,0,0,0,0,1,0,0,0,0,0,1,0,0,0,0,0,0,0,0,2,0,0,0,0,1,1,1,1,0,0,2,2,2,0,0,2,0,0,47.5,47.5
31,056,3,0,3,0,0,3,0,0,0,0,0,3,0,0,0,0,3,0,3,0,0,2,1,0,0,0,0,0,0,0,0,0,0,0,0,0,0,0,0,0,0,0,0,0,0,0,0,0,0,0,0,0,0,0,3,0,0,0,0,0,0,0,0,0,0,0,0,0,0,0,0,0,0,0,0,0,0,0,0,0,0,0,0,0,0,0,0,3,0,0,3,0,0,3,0,0,3,0,1,2,0,0,3,0,2,1,0,0,0,0,3,3,0,2,1,0,3,0,3,0,3,0,0,3,0,0,3,0,3,0,0,0,0,0,0,0,0,0,0,0,0,0,0,0,0,0,0,0,0,0,3,0,0,0,0,0,0,0,0,0,0,0,0,0,0,0,0,0,0,0,0,0,0,0,0,0,0,3,0,0,0,0,0,0,0,0,0,3,0,0,0,0,0,0,0,0,0,2,1,0,3,0,0,3,3,3,0,0,3,0,0,1.0,1.0
31,057,4,0,4,0,0,4,0,1,0,0,1,2,0,0,0,1,3,0,4,0,0,4,0,0,0,0,0,0,0,0,1,0,0,0,1,0,0,0,0,0,0,0,0,0,0,0,0,0,0,0,0,0,0,0,2,0,0,0,0,0,0,0,0,0,0,0,0,0,0,0,0,0,0,0,0,0,0,0,0,0,0,0,0,0,0,0,0,4,0,0,4,0,0,4,0,0,4,0,0,4,0,1,3,0,0,2,2,0,0,0,4,4,0,2,2,0,4,0,4,0,4,0,1,3,0,0,4,0,4,0,0,0,0,0,0,0,0,0,0,0,0,0,0,0,0,0,1,0,0,0,2,0,0,0,0,1,0,0,0,0,0,0,0,0,0,0,0,0,0,0,0,0,0,0,0,0,0,2,0,0,0,0,1,1,0,0,0,4,0,0,0,0,0,0,0,0,0,4,0,0,4,0,2,2,4,3,1,0,2,2,0,28.75,32.0
31,058,32,1,31,0,0,32,0,0,0,0,25,7,1,0,0,25,6,1,31,0,1,11,20,0,0,0,0,0,0,0,0,0,0,0,0,0,0,0,0,0,0,0,0,0,0,0,1,0,0,0,0,0,0,0,31,0,0,0,0,0,0,0,0,0,0,0,0,0,0,0,0,0,0,0,0,0,0,0,0,0,0,0,0,0,0,0,0,32,0,0,32,0,8,22,2,0,32,0,13,18,1,1,31,0,1,3,28,0,0,0,32,32,0,3,29,3,29,0,32,0,32,0,6,26,0,0,32,0,32,0,1,0,0,0,0,0,0,0,0,0,0,0,0,0,0,0,0,0,0,1,5,0,0,0,0,25,0,0,0,0,0,0,0,0,0,0,0,0,0,0,0,0,0,0,0,0,0,5,0,0,0,0,25,2,0,0,0,32,0,0,0,0,0,0,0,0,0,12,20,0,32,0,28,4,32,7,25,2,2,28,0,32.34375,30.5
31,059,44,6,38,0,1,43,0,4,0,0,5,35,8,0,0,5,31,6,38,0,1,20,23,0,0,0,0,0,0,0,0,0,1,0,0,0,0,0,0,0,0,0,0,0,0,0,1,0,0,0,2,0,0,1,39,0,0,0,0,0,0,0,0,0,0,0,0,0,0,0,0,0,0,0,0,0,0,0,0,0,0,0,0,0,0,0,0,44,0,0,44,0,0,39,5,8,36,0,0,42,2,1,43,0,3,10,31,0,0,0,44,44,0,8,36,11,33,0,44,6,38,0,17,26,1,2,42,0,44,7,1,0,0,0,0,0,0,0,0,0,0,0,2,1,0,0,4,0,0,1,23,0,0,0,0,5,0,0,0,0,0,0,0,0,0,0,0,0,0,0,2,0,0,0,0,0,0,23,0,0,0,0,5,14,0,0,0,35,0,0,0,1,7,0,1,0,0,21,23,4,39,1,31,13,44,39,5,2,11,31,0,33.63636363636363,30.5
31,063,1,0,1,0,0,1,0,0,0,0,0,1,0,0,0,0,1,1,0,0,0,0,1,0,0,0,0,0,0,0,0,0,0,0,0,0,0,0,0,0,0,0,0,0,0,0,0,0,0,0,0,0,0,0,1,0,0,0,0,0,0,0,0,0,0,0,0,0,0,0,0,0,0,0,0,0,0,0,0,0,0,0,0,0,0,0,0,1,0,0,1,0,0,1,0,1,0,0,0,1,0,0,1,0,0,1,0,0,0,0,1,1,0,0,1,0,1,0,1,1,0,0,0,1,0,1,0,0,1,0,0,0,0,0,0,0,0,0,0,0,0,0,0,0,0,0,0,0,0,0,1,0,0,0,0,0,0,0,0,0,0,0,0,0,0,0,0,0,0,0,0,0,0,0,0,0,0,1,0,0,0,0,0,0,0,0,0,0,0,0,0,0,1,0,0,0,0,0,1,0,1,0,0,1,1,1,0,0,1,0,0,80.0,80.0
31,064,1,0,1,0,0,1,0,0,0,0,0,1,0,0,0,0,1,1,0,0,0,1,0,0,0,0,0,0,0,0,0,0,0,0,0,0,0,0,0,0,0,0,0,0,0,0,0,0,0,0,0,0,0,0,1,0,0,0,0,0,0,0,0,0,0,0,0,0,0,0,0,0,0,0,0,0,0,0,0,0,0,0,0,0,0,0,0,1,0,0,1,0,0,1,0,0,1,0,0,1,0,0,1,0,0,1,0,0,0,0,1,1,0,1,0,0,1,0,1,0,1,0,0,1,0,0,1,0,1,0,0,0,0,0,0,0,0,0,0,0,0,0,0,0,0,0,0,0,0,0,1,0,0,0,0,0,0,0,0,0,0,0,0,0,0,0,0,0,0,0,0,0,0,0,0,0,0,1,0,0,0,0,0,0,0,0,0,0,0,0,0,0,0,1,0,0,0,1,0,0,1,0,0,1,1,1,0,0,1,0,0,49.0,49.0
31,067,3,0,3,0,0,3,0,0,0,0,1,2,1,0,0,1,1,0,3,0,0,2,1,0,0,0,0,0,0,0,0,0,0,0,0,0,0,0,0,0,0,0,0,0,0,0,0,0,0,0,0,0,0,0,3,0,0,0,0,0,0,0,0,0,0,0,0,0,0,0,0,0,0,0,0,0,0,0,0,0,0,0,0,0,0,0,0,3,0,1,2,0,0,3,0,0,3,0,2,1,0,0,3,0,0,2,1,0,0,0,3,3,0,2,1,0,3,0,3,0,3,0,0,3,0,0,3,0,3,1,0,0,0,0,0,0,0,0,0,0,0,0,0,0,0,0,0,0,0,0,1,0,0,0,0,1,0,0,0,0,0,0,0,0,0,0,0,0,0,0,0,0,0,0,0,0,0,1,0,0,0,0,1,1,0,0,0,0,0,0,0,0,1,2,0,0,0,2,1,0,3,0,1,2,3,2,1,0,2,1,0,25.333333333333332,5.0
31,068,1,0,1,0,0,1,0,0,0,0,0,1,0,0,0,0,1,0,1,0,0,1,0,0,0,0,0,0,0,0,0,0,0,0,0,0,0,0,0,0,0,0,0,0,0,0,0,0,0,0,0,0,0,0,1,0,0,0,0,0,0,0,0,0,0,0,0,0,0,0,0,0,0,0,0,0,0,0,0,0,0,0,0,0,0,0,0,1,0,0,1,0,0,1,0,0,1,0,0,1,0,0,1,0,0,1,0,0,0,0,1,1,0,1,0,0,1,0,1,0,1,0,1,0,0,0,1,0,1,0,0,0,0,0,0,0,0,0,0,0,0,0,0,0,0,0,0,0,0,0,1,0,0,0,0,0,0,0,0,0,0,0,0,0,0,0,0,0,0,0,0,0,0,0,0,0,0,1,0,0,0,0,0,0,0,0,0,1,0,0,0,0,0,0,0,0,0,1,0,0,1,0,0,1,1,1,0,0,1,0,0,0.0,0.0
31,069,3,0,3,0,0,3,0,0,0,0,1,2,0,0,0,1,2,1,2,0,0,2,1,0,0,0,0,0,0,0,0,0,0,0,0,0,0,0,0,0,0,0,0,0,0,0,0,0,0,0,0,0,0,0,3,0,0,0,0,0,0,0,0,0,0,0,0,0,0,0,0,0,0,0,0,0,0,0,0,0,0,0,0,0,0,0,0,3,0,0,3,0,1,2,0,2,1,0,1,2,0,0,3,0,2,0,1,0,0,0,3,3,0,1,2,0,3,0,3,0,3,0,0,3,0,0,3,0,3,0,0,0,0,0,0,0,0,0,0,0,0,0,0,0,0,0,0,0,0,0,2,0,0,0,0,1,0,0,0,0,0,0,0,0,0,0,0,0,0,0,0,0,0,0,0,0,0,2,0,0,0,0,1,0,0,0,0,2,0,0,0,0,0,1,0,0,0,2,1,0,3,0,1,2,3,2,1,1,1,1,0,57.666666666666664,67.0
31,070,4,2,2,0,1,3,0,0,0,0,1,3,1,0,0,1,2,1,3,0,0,2,2,0,0,0,0,0,0,0,0,0,0,0,0,0,0,0,0,0,0,0,0,0,1,0,0,0,0,0,0,0,0,0,3,0,0,0,0,0,0,0,0,0,0,0,0,0,0,0,0,0,0,0,0,0,0,0,0,1,0,0,0,0,0,0,0,3,0,0,4,0,1,3,0,1,3,0,1,3,0,0,4,0,0,3,1,0,0,0,4,4,0,3,1,0,4,0,4,0,4,0,0,4,0,0,4,0,4,1,0,0,0,0,0,0,0,0,1,0,0,0,0,0,0,0,0,0,0,0,1,0,0,0,0,1,0,0,0,0,0,0,0,0,0,0,0,0,0,0,0,0,0,0,0,0,0,1,0,0,0,0,1,2,0,0,0,3,0,0,0,0,1,0,0,0,0,2,2,2,2,0,1,3,4,3,1,0,3,1,0,48.5,41.5
31,071,5,0,5,0,0,5,0,1,0,0,4,0,0,0,0,4,1,0,5,0,0,2,3,0,0,0,0,0,0,0,0,0,0,0,0,0,0,0,0,0,0,0,0,0,0,0,0,0,0,0,0,0,0,0,5,0,0,0,0,0,0,0,0,0,0,0,0,0,0,0,0,0,0,0,0,0,0,0,0,0,0,0,0,0,0,0,0,5,0,0,5,0,0,5,0,1,4,0,0,5,0,0,5,0,0,0,5,0,0,0,5,5,0,0,5,0,5,0,5,0,5,0,0,5,0,0,5,0,5,0,0,0,0,0,0,0,0,0,0,0,0,0,0,0,0,0,1,0,0,0,0,0,0,0,0,4,0,0,0,0,0,0,0,0,0,0,0,0,0,0,0,0,0,0,0,0,0,0,0,0,0,0,4,1,0,0,0,0,0,0,0,0,0,5,0,0,0,2,3,0,5,0,5,0,5,1,4,0,0,5,0,19.2,22.0
31,073,5,1,4,0,0,5,0,0,0,0,1,4,0,0,0,1,4,1,4,0,0,3,2,0,0,0,0,0,0,0,0,0,0,0,0,0,0,0,0,0,0,0,0,0,0,0,0,0,0,0,0,0,0,0,5,0,0,0,0,0,0,0,0,0,0,0,0,0,0,0,0,0,0,0,0,0,0,0,0,0,0,0,0,0,0,0,0,5,0,1,4,0,2,3,0,1,4,0,3,2,0,1,4,0,1,2,2,0,0,0,5,5,0,3,2,0,5,0,5,0,5,0,3,2,0,0,5,0,5,0,0,0,0,0,0,0,0,0,0,0,0,0,0,2,0,0,0,0,0,0,2,0,0,0,0,1,0,0,0,0,0,0,0,0,0,0,0,0,0,0,0,0,0,0,0,0,0,2,0,0,0,0,1,2,0,0,0,5,0,0,0,0,0,0,0,0,0,3,2,0,5,0,2,3,5,4,1,1,2,2,0,27.8,24.0
31,074,2,0,2,0,0,2,0,0,0,0,2,0,0,0,0,2,0,0,2,0,0,1,1,0,0,0,0,0,0,0,0,0,0,0,0,0,0,0,0,0,0,0,0,0,0,0,0,0,0,0,0,0,0,0,2,0,0,0,0,0,0,0,0,0,0,0,0,0,0,0,0,0,0,0,0,0,0,0,0,0,0,0,0,0,0,0,0,2,0,0,2,0,0,2,0,0,2,0,0,2,0,0,2,0,0,0,2,0,0,0,2,2,0,0,2,0,2,0,2,0,2,0,0,2,0,0,2,0,2,0,0,0,0,0,0,0,0,0,0,0,0,0,0,0,0,0,0,0,0,0,0,0,0,0,0,2,0,0,0,0,0,0,0,0,0,0,0,0,0,0,0,0,0,0,0,0,0,0,0,0,0,0,2,0,0,0,0,0,0,0,0,0,0,2,0,0,0,1,1,0,2,0,2,0,2,0,2,0,0,2,0,1.5,1.5
31,076,8,0,8,0,0,8,0,0,0,0,3,5,0,0,0,3,5,1,7,0,0,6,2,0,0,0,0,0,0,0,0,0,0,0,0,0,0,0,0,0,0,0,0,0,0,0,0,0,0,0,0,0,0,0,8,0,0,0,0,0,0,0,0,0,0,0,0,0,0,0,0,0,0,0,0,0,0,0,0,0,0,0,0,0,0,0,0,8,0,1,7,0,1,7,0,1,7,0,5,3,0,0,8,0,0,4,4,0,0,0,8,8,0,3,5,2,6,0,8,0,8,0,0,7,1,0,8,0,8,0,0,0,0,0,0,0,0,0,0,0,0,0,1,1,0,0,0,0,0,0,3,0,0,0,0,3,0,0,0,0,0,0,0,0,0,0,0,0,0,0,0,0,0,0,0,1,0,3,0,0,0,0,3,1,0,0,0,1,0,0,0,0,1,5,1,0,0,6,2,0,8,0,4,4,8,5,3,0,4,4,0,27.625,19.5
31,077,6,0,6,0,0,6,0,0,0,0,5,1,0,0,0,5,1,1,5,0,0,3,3,0,0,0,0,0,0,0,0,0,0,0,0,0,0,0,0,0,0,0,0,0,0,0,0,0,0,0,0,0,0,0,6,0,0,0,0,0,0,0,0,0,0,0,0,0,0,0,0,0,0,0,0,0,0,0,0,0,0,0,0,0,0,0,0,6,0,0,6,0,0,6,0,1,5,0,0,6,0,0,6,0,0,1,5,0,0,0,6,6,0,1,5,0,6,0,6,0,6,0,0,6,0,0,6,0,6,0,0,0,0,0,0,0,0,0,0,0,0,0,0,0,0,0,0,0,0,0,1,0,0,0,0,5,0,0,0,0,0,0,0,0,0,0,0,0,0,0,0,0,0,0,0,0,0,1,0,0,0,0,5,0,0,0,0,1,0,0,0,0,0,5,0,0,0,3,3,0,6,0,5,1,6,1,5,0,1,5,0,19.666666666666668,6.5
31,079,72,2,70,0,0,72,0,2,0,0,60,10,1,0,0,60,11,5,66,1,3,31,38,0,0,0,0,0,0,0,0,0,1,0,0,0,0,0,2,0,0,0,0,0,0,0,1,0,0,0,0,0,0,0,68,0,0,0,0,0,0,0,0,0,0,0,0,0,0,0,0,0,0,0,0,0,0,0,0,0,0,0,0,0,0,0,0,72,0,1,71,0,8,63,1,4,68,0,3,67,2,5,67,0,1,5,66,0,0,0,72,72,0,4,68,3,69,0,72,0,72,0,25,47,0,1,71,0,72,0,0,0,0,0,0,1,0,0,0,0,0,0,0,0,1,0,2,0,0,0,8,0,0,0,0,60,0,0,0,0,0,0,0,0,0,0,0,0,0,0,0,0,0,0,0,0,0,8,0,0,0,0,60,4,0,0,0,72,0,0,0,0,0,0,0,0,0,34,38,0,72,0,66,6,72,12,60,0,6,66,0,22.25,18.5
31,080,5,0,5,0,2,3,0,0,0,0,0,5,0,0,0,0,5,1,4,0,0,4,1,0,0,0,0,0,0,0,0,0,0,0,0,0,0,0,0,0,0,0,0,0,0,0,0,0,0,0,0,0,0,0,5,0,0,0,0,0,0,0,0,0,0,0,0,0,0,0,0,0,0,0,0,0,0,0,0,1,0,0,0,0,0,0,0,4,0,1,4,0,0,5,0,1,4,0,2,3,0,1,4,0,1,4,0,0,0,0,5,5,0,4,1,1,4,0,5,2,3,0,3,2,0,1,4,0,5,0,0,0,0,0,0,0,0,0,0,0,0,0,0,0,0,0,0,0,0,0,5,0,0,0,0,0,0,0,0,0,0,0,0,0,0,0,0,0,0,0,0,0,0,0,0,0,0,5,0,0,0,0,0,0,0,0,0,3,0,0,0,1,0,1,0,0,0,4,1,0,5,0,0,5,5,5,0,1,4,0,0,7.6,2.0
31,081,2,0,2,0,0,2,0,0,0,0,0,2,0,0,0,0,2,0,2,0,0,1,1,0,0,0,0,0,0,0,0,0,0,0,0,0,0,0,0,0,0,0,0,0,0,0,0,0,0,0,0,0,0,0,2,0,0,0,0,0,0,0,0,0,0,0,0,0,0,0,0,0,0,0,0,0,0,0,0,0,0,0,0,0,0,0,0,2,0,0,2,0,0,1,1,0,2,0,1,0,1,0,2,0,0,2,0,0,0,0,2,2,0,2,0,0,2,0,2,0,2,0,1,1,0,0,2,0,2,0,0,0,0,0,0,0,0,0,0,0,0,0,0,0,0,0,0,0,0,0,2,0,0,0,0,0,0,0,0,0,0,0,0,0,0,0,0,0,0,0,0,0,0,0,0,0,0,2,0,0,0,0,0,0,0,0,0,2,0,0,0,0,0,0,0,0,0,1,1,0,2,0,0,2,2,2,0,0,2,0,0,2.5,2.5
31,082,1,0,1,0,0,1,0,0,0,0,0,1,0,0,0,0,1,1,0,0,0,0,1,0,0,0,0,0,0,0,0,0,0,0,0,0,0,0,0,0,0,0,0,0,0,0,0,0,0,0,0,0,0,0,1,0,0,0,0,0,0,0,0,0,0,0,0,0,0,0,0,0,0,0,0,0,0,0,0,0,0,0,0,0,0,0,0,1,0,0,1,0,0,1,0,0,1,0,0,1,0,0,1,0,0,1,0,0,0,0,1,1,0,1,0,0,1,0,1,0,1,0,0,1,0,0,1,0,1,0,0,0,0,0,0,0,0,0,0,0,0,0,0,0,0,0,0,0,0,0,1,0,0,0,0,0,0,0,0,0,0,0,0,0,0,0,0,0,0,0,0,0,0,0,0,0,0,1,0,0,0,0,0,0,0,0,0,1,0,0,0,0,0,0,0,0,0,0,1,0,1,0,0,1,1,1,0,0,1,0,0,51.0,51.0
31,084,5,0,5,0,0,5,0,0,0,0,2,3,0,0,0,2,3,0,5,0,0,2,3,0,0,0,0,0,0,0,0,0,0,0,0,0,0,0,0,0,0,0,0,0,0,0,0,0,0,0,0,0,0,0,5,0,0,0,0,0,0,0,0,0,0,0,0,0,0,0,0,0,0,0,0,0,0,0,0,0,0,0,0,0,0,0,0,5,0,2,3,0,0,5,0,0,5,0,1,4,0,1,4,0,0,3,2,0,0,0,5,5,0,2,3,0,5,0,5,0,5,0,0,5,0,0,5,0,5,0,0,0,0,0,0,0,0,0,0,0,0,0,0,0,0,0,0,0,0,0,3,0,0,0,0,2,0,0,0,0,0,0,0,0,0,0,0,0,0,0,0,0,0,0,0,0,0,3,0,0,0,0,2,0,0,0,0,1,0,0,0,0,2,2,0,0,0,2,3,0,5,0,2,3,5,3,2,0,3,2,0,48.0,39.0
31,085,9,0,9,0,0,9,0,3,0,0,1,5,1,0,0,1,7,1,8,0,1,5,3,0,0,0,0,0,0,0,0,0,0,0,0,0,0,0,0,0,0,0,0,0,0,0,0,0,0,0,0,0,0,0,9,0,0,0,0,0,0,0,0,0,0,0,0,0,0,0,0,0,0,0,0,0,0,0,0,0,0,0,0,0,0,0,0,9,0,0,9,0,3,5,1,1,8,0,5,3,1,0,9,0,1,5,3,0,0,0,9,9,0,4,5,1,8,0,9,0,9,0,0,9,0,0,9,0,9,1,0,0,0,0,0,0,0,0,0,0,0,0,0,0,0,0,3,0,0,0,4,0,0,0,0,1,0,0,0,0,0,0,0,0,0,0,0,0,0,0,0,0,0,0,0,0,0,4,0,0,0,0,1,4,0,0,0,9,0,0,0,0,0,0,0,0,0,6,3,0,9,0,3,6,9,8,1,1,5,3,0,32.666666666666664,31.0
31,086,2,0,2,0,0,2,0,0,0,0,1,1,1,0,0,1,0,0,2,0,1,0,1,0,0,0,0,0,0,0,0,0,0,0,0,0,0,0,0,0,0,0,0,0,0,0,0,0,0,0,0,0,0,0,2,0,0,0,0,0,0,0,0,0,0,0,0,0,0,0,0,0,0,0,0,0,0,0,0,0,0,0,0,0,0,0,0,2,0,0,2,0,0,2,0,1,1,0,0,2,0,0,2,0,0,1,1,0,0,0,2,2,0,1,1,0,2,0,2,0,2,0,1,1,0,0,2,0,2,0,0,0,0,0,0,0,0,0,0,0,0,0,0,0,0,0,0,0,0,1,0,0,0,0,0,1,0,0,0,0,0,0,0,0,0,0,0,0,0,0,0,0,0,0,0,0,0,0,0,0,0,0,1,1,0,0,0,1,0,0,0,0,0,1,0,0,0,1,1,0,2,0,1,1,2,1,1,0,1,1,0,25.5,25.5
31,088,2,0,2,0,0,2,0,1,0,0,1,0,0,0,0,1,1,0,2,0,0,2,0,0,0,0,0,0,0,0,0,0,0,0,0,0,0,0,0,0,0,0,0,0,0,0,0,0,0,0,0,0,0,0,2,0,0,0,0,0,0,0,0,0,0,0,0,0,0,0,0,0,0,0,0,0,0,0,0,0,0,0,0,0,0,0,0,2,0,0,2,0,0,2,0,0,2,0,0,2,0,0,2,0,0,1,1,0,0,0,2,2,0,1,1,0,2,0,2,0,2,0,0,2,0,0,2,0,2,0,0,0,0,0,0,0,0,0,0,0,0,0,0,0,0,0,1,0,0,0,0,0,0,0,0,1,0,0,0,0,0,0,0,0,0,0,0,0,0,0,0,0,0,0,0,0,0,0,0,0,0,0,1,1,0,0,0,1,0,0,0,0,0,1,0,0,0,2,0,0,2,0,1,1,2,1,1,1,0,1,0,12.5,12.5
31,089,70,7,63,0,0,70,0,1,0,0,56,13,4,0,0,56,10,5,65,0,3,42,25,0,0,0,0,0,0,0,0,0,0,0,0,0,0,0,3,0,0,0,0,0,0,0,2,0,0,0,0,0,0,0,65,0,0,0,0,0,0,0,0,0,0,0,0,0,0,0,0,0,0,0,0,0,0,0,0,0,0,0,0,0,0,0,0,70,0,0,70,0,4,64,2,8,62,0,3,65,2,3,67,0,1,8,61,0,0,0,70,70,0,4,66,11,59,0,70,0,70,0,27,41,2,2,68,0,70,3,0,0,0,0,0,0,0,0,0,0,0,0,0,0,1,0,1,0,0,0,9,0,0,0,0,56,0,0,0,0,0,0,0,0,0,0,0,0,0,0,0,0,0,0,0,0,0,9,0,0,0,0,56,5,0,0,0,67,0,0,0,0,3,0,0,0,0,45,25,4,66,0,61,9,70,14,56,1,8,61,0,28.814285714285713,26.0
31,090,8,0,8,0,0,8,0,0,0,0,4,4,0,0,0,4,4,2,6,0,0,5,3,0,0,0,0,0,0,0,0,0,0,0,0,0,0,0,0,0,0,0,0,0,0,0,0,0,0,0,0,0,0,0,8,0,0,0,0,0,0,0,0,0,0,0,0,0,0,0,0,0,0,0,0,0,0,0,0,0,0,0,0,0,0,0,0,8,0,0,8,0,1,7,0,1,7,0,6,2,0,0,8,0,1,3,4,0,0,0,8,8,0,3,5,0,8,0,8,2,6,0,0,8,0,0,8,0,8,0,0,0,0,0,0,0,0,0,1,0,0,0,0,0,0,0,0,0,0,0,3,0,0,0,0,3,1,0,0,0,0,0,0,0,0,0,0,0,0,0,1,0,0,0,0,0,0,3,0,0,0,0,3,0,1,0,0,2,0,0,0,0,0,6,0,0,0,5,3,0,8,0,4,4,8,5,3,0,4,4,0,15.25,3.5
31,091,48,0,48,0,1,47,0,2,0,0,39,7,1,0,0,39,8,5,43,0,2,29,17,0,0,0,0,0,0,0,0,0,0,0,0,0,0,0,0,0,0,0,0,0,0,0,0,0,0,0,0,0,0,0,48,0,0,0,0,0,0,0,0,0,0,0,0,0,0,0,0,0,0,0,0,0,0,0,0,0,0,0,0,0,0,0,0,48,0,0,48,0,5,43,0,11,37,0,5,43,0,0,48,0,0,5,43,0,0,0,48,48,0,3,45,19,29,0,48,1,47,0,2,46,0,0,48,0,48,1,0,0,0,0,0,0,0,0,0,0,0,0,0,1,0,0,2,0,0,0,5,0,0,0,0,38,1,0,0,1,0,0,0,0,0,0,0,0,0,0,0,0,0,0,0,0,0,5,0,0,0,0,38,3,1,0,0,47,0,0,0,0,1,0,0,0,0,31,17,0,48,0,43,5,48,10,38,0,5,43,0,30.416666666666668,22.5
31,092,5,0,5,0,0,5,0,0,0,0,0,5,0,0,0,0,5,1,4,0,0,2,3,0,0,0,0,0,0,0,0,0,0,0,0,0,0,0,0,0,0,0,0,0,0,0,0,0,0,0,0,0,0,0,5,0,0,0,0,0,0,0,0,0,0,0,0,0,0,0,0,0,0,0,0,0,0,0,0,0,0,0,0,0,0,0,0,5,0,0,5,0,1,4,0,1,4,0,2,3,0,2,3,0,1,4,0,0,0,0,5,5,0,3,2,0,5,0,5,1,4,0,2,3,0,0,5,0,5,0,0,0,0,0,0,0,0,0,0,0,0,0,0,0,0,0,0,0,0,0,5,0,0,0,0,0,0,0,0,0,0,0,0,0,0,0,0,0,0,0,0,0,0,0,0,0,0,5,0,0,0,0,0,0,0,0,0,4,0,0,0,0,1,0,0,0,0,2,3,0,5,0,0,5,5,5,0,0,5,0,0,16.4,4.0
31,093,3,0,3,0,0,3,0,0,0,0,0,3,0,0,0,0,3,0,3,0,0,0,3,0,0,0,0,0,0,0,0,0,0,0,0,0,0,0,0,0,0,0,0,0,0,0,0,0,0,0,0,0,0,0,3,0,0,0,0,0,0,0,0,0,0,0,0,0,0,0,0,0,0,0,0,0,0,0,0,0,0,0,0,0,0,0,0,3,0,0,3,0,0,3,0,2,1,0,0,3,0,0,3,0,3,0,0,0,0,0,3,3,0,2,1,0,3,0,3,1,2,0,1,2,0,1,2,0,3,0,0,0,0,0,0,0,0,0,0,0,0,0,0,0,0,0,0,0,0,0,3,0,0,0,0,0,0,0,0,0,0,0,0,0,0,0,0,0,0,0,0,0,0,0,0,0,0,3,0,0,0,0,0,0,0,0,0,2,0,0,0,0,1,0,0,0,0,0,3,0,3,0,0,3,3,3,0,2,1,0,0,57.0,65.0
31,094,1,0,1,0,0,1,0,0,0,0,0,1,0,0,0,0,1,0,1,0,0,1,0,0,0,0,0,0,0,0,0,0,0,0,0,0,0,0,0,0,0,0,0,0,0,0,0,0,0,0,0,0,0,0,1,0,0,0,0,0,0,0,0,0,0,0,0,0,0,0,0,0,0,0,0,0,0,0,0,0,0,0,0,0,0,0,0,1,0,0,1,0,0,1,0,0,1,0,0,1,0,0,1,0,1,0,0,0,0,0,1,1,0,1,0,0,1,0,1,0,1,0,0,0,1,0,1,0,1,0,0,0,0,0,0,0,0,0,0,0,0,0,0,0,0,0,0,0,0,0,0,0,1,0,0,0,0,0,0,0,0,0,0,0,0,0,0,0,0,0,0,0,0,0,0,0,0,0,0,0,0,0,0,1,0,0,0,1,0,0,0,0,0,0,0,0,0,1,0,0,1,0,0,1,1,1,0,0,1,0,0,1.0,1.0
31,096,625,28,597,0,1,624,0,12,0,0,542,71,17,0,0,542,66,24,601,0,14,332,279,0,0,0,0,0,1,0,0,0,0,0,1,0,1,0,0,0,0,0,0,0,0,0,13,0,0,0,2,0,0,3,604,0,0,0,0,0,0,0,0,0,0,0,0,0,0,0,0,0,0,0,0,0,0,0,0,1,0,0,0,0,0,0,1,623,0,5,619,1,33,587,5,22,603,0,94,526,5,2,623,0,5,9,611,0,0,0,625,625,0,12,613,80,545,0,625,1,624,0,196,427,2,2,623,0,625,11,0,0,0,0,0,0,0,0,0,0,0,0,0,0,2,0,12,0,0,4,54,0,0,0,0,542,0,0,0,0,0,0,0,0,0,0,0,0,0,0,0,0,0,0,0,0,0,54,0,0,0,0,542,29,0,0,0,618,0,1,0,0,4,0,2,0,0,346,279,4,621,0,611,14,625,83,542,0,14,611,0,21.1328,13.0
31,097,1,0,1,0,0,1,0,0,0,0,1,0,0,0,0,1,0,0,1,0,0,1,0,0,0,0,0,0,0,0,0,0,0,0,0,0,0,0,0,0,0,0,0,0,0,0,0,0,0,0,0,0,0,0,1,0,0,0,0,0,0,0,0,0,0,0,0,0,0,0,0,0,0,0,0,0,0,0,0,0,0,0,0,0,0,0,0,1,0,0,1,0,0,1,0,0,1,0,0,1,0,0,1,0,0,0,1,0,0,0,1,1,0,0,1,0,1,0,1,0,1,0,0,1,0,0,1,0,1,0,0,0,0,0,0,0,0,0,0,0,0,0,0,0,0,0,0,0,0,0,0,0,0,0,0,1,0,0,0,0,0,0,0,0,0,0,0,0,0,0,0,0,0,0,0,0,0,0,0,0,0,0,1,0,0,0,0,0,0,0,0,0,0,1,0,0,0,1,0,0,1,0,1,0,1,0,1,0,0,1,0,52.0,52.0
31,098,1,0,1,0,0,1,0,0,0,1,0,0,0,0,1,0,0,0,1,0,0,0,1,0,0,0,0,0,0,0,0,0,0,0,0,0,0,0,0,0,0,0,0,0,0,0,0,0,0,0,0,0,0,0,1,0,0,0,0,0,0,0,0,0,0,0,0,0,0,0,0,0,0,0,0,0,0,0,0,0,0,0,0,0,0,0,0,1,0,0,1,0,0,1,0,0,1,0,0,1,0,0,1,0,1,0,0,0,0,0,1,1,0,0,1,0,1,0,1,0,1,0,0,1,0,0,1,0,1,0,0,0,0,1,0,0,0,0,0,0,0,0,0,0,0,0,0,0,0,0,0,0,0,0,0,0,0,0,0,0,0,1,0,0,0,0,0,0,0,0,0,0,0,0,0,0,0,0,0,0,0,0,0,0,0,0,0,0,0,0,0,0,1,0,0,0,0,0,1,0,1,0,0,1,1,1,0,0,1,0,0,0.0,0.0
31,099,2,0,2,0,0,2,0,0,0,0,1,1,1,0,0,1,0,0,2,0,0,1,1,0,0,0,0,0,0,0,0,0,0,0,0,0,0,0,0,0,0,0,0,0,0,0,0,0,0,0,0,0,0,0,2,0,0,0,0,0,0,0,0,0,0,0,0,0,0,0,0,0,0,0,0,0,0,0,0,0,0,0,0,0,0,0,0,2,0,0,2,0,1,1,0,0,2,0,1,1,0,0,2,0,1,0,1,0,0,0,2,2,0,1,1,0,2,0,2,0,2,0,0,2,0,0,2,0,2,1,0,0,0,0,0,0,0,0,0,0,0,0,0,0,0,0,0,0,0,0,0,0,0,0,0,1,0,0,0,0,0,0,0,0,0,0,0,0,0,0,0,0,0,0,0,0,0,0,0,0,0,0,1,1,0,0,0,2,0,0,0,0,0,0,0,0,0,1,1,0,2,0,1,1,2,1,1,1,0,1,0,32.5,32.5
31,101,15,2,13,0,0,15,0,0,0,0,2,13,1,0,0,2,12,0,15,0,2,6,7,0,0,0,0,0,0,0,0,0,0,0,0,0,0,0,0,0,0,0,0,0,0,0,0,0,0,0,0,0,0,0,15,0,0,0,0,0,0,0,0,0,0,0,0,0,0,0,0,0,0,0,0,0,0,0,0,0,0,0,0,0,0,0,0,15,0,0,15,0,0,14,1,4,11,0,0,15,0,0,15,0,2,8,5,0,0,0,15,15,0,5,10,3,12,0,15,0,15,0,6,9,0,0,15,0,15,1,0,0,0,0,0,0,0,0,0,0,0,0,0,2,0,0,0,0,0,0,10,0,0,0,0,2,0,0,1,0,0,0,0,0,0,0,0,0,0,0,0,0,0,0,0,0,0,10,0,0,0,0,2,2,0,0,0,6,0,0,0,1,8,0,0,0,0,8,7,2,13,0,5,10,15,13,2,1,9,5,0,24.533333333333335,29.0
31,102,176,10,166,0,2,174,0,3,0,0,136,37,7,0,0,136,33,8,168,0,4,91,81,0,0,0,0,0,0,0,1,0,0,0,0,0,0,0,0,0,0,0,0,1,0,0,2,0,0,0,5,1,0,0,166,0,0,0,0,0,1,0,0,0,0,1,0,0,0,0,0,0,0,0,0,0,0,0,0,0,0,0,0,0,0,0,0,174,0,4,172,0,22,153,1,11,165,0,27,148,1,3,173,0,6,15,155,0,0,0,176,176,0,19,157,15,161,0,176,0,176,0,16,153,7,1,175,0,176,4,0,0,0,0,0,0,0,0,0,0,0,0,0,0,0,0,3,0,0,3,30,0,0,0,0,136,0,0,0,0,0,0,0,0,0,0,0,0,0,0,0,0,0,0,0,0,0,30,0,0,0,0,136,10,0,0,0,173,0,1,0,0,1,0,1,0,0,95,81,2,173,1,155,21,176,40,136,8,13,155,0,30.039772727272727,27.0
31,103,2,0,2,0,0,2,0,0,0,0,2,0,0,0,0,2,0,1,1,0,0,2,0,0,0,0,0,0,0,0,0,0,0,0,0,0,0,0,0,0,0,0,0,0,0,0,0,0,0,0,0,0,0,0,2,0,0,0,0,0,0,0,0,0,0,0,0,0,0,0,0,0,0,0,0,0,0,0,0,0,0,0,0,0,0,0,0,2,0,0,2,0,1,1,0,0,2,0,0,2,0,0,2,0,0,0,2,0,0,0,2,2,0,0,2,0,2,0,2,0,2,0,0,2,0,0,2,0,2,0,0,0,0,0,0,0,0,0,0,0,0,0,0,0,0,0,0,0,0,0,0,0,0,0,0,2,0,0,0,0,0,0,0,0,0,0,0,0,0,0,0,0,0,0,0,0,0,0,0,0,0,0,2,0,0,0,0,0,0,0,0,0,0,2,0,0,0,2,0,0,2,0,2,0,2,0,2,0,0,2,0,58.0,58.0
31,104,4,2,2,0,0,4,0,0,0,0,3,1,0,0,0,3,1,0,4,0,1,2,1,0,0,0,0,0,0,0,0,0,0,0,0,0,0,0,0,0,0,0,0,0,0,0,0,0,0,0,0,0,0,0,4,0,0,0,0,0,0,0,0,0,0,0,0,0,0,0,0,0,0,0,0,0,0,0,0,0,0,0,0,0,0,0,0,4,0,0,4,0,0,4,0,0,4,0,0,4,0,0,4,0,0,1,3,0,0,0,4,4,0,0,4,0,4,0,4,0,4,0,1,3,0,0,4,0,4,0,0,0,0,0,0,0,0,0,0,0,0,0,0,0,0,0,0,0,0,0,1,0,0,0,0,3,0,0,0,0,0,0,0,0,0,0,0,0,0,0,0,0,0,0,0,0,0,1,0,0,0,0,3,0,0,0,0,2,0,0,0,0,0,2,0,0,0,3,1,0,4,0,3,1,4,1,3,0,1,3,0,18.25,22.0
31,105,1,0,1,0,0,1,0,0,0,0,0,1,0,0,0,0,1,0,1,0,0,0,1,0,0,0,0,0,0,0,0,0,0,0,0,0,0,0,0,0,0,0,0,0,0,0,0,0,0,0,0,0,0,0,1,0,0,0,0,0,0,0,0,0,0,0,0,0,0,0,0,0,0,0,0,0,0,0,0,0,0,0,0,0,0,0,0,1,0,0,1,0,0,1,0,0,1,0,0,1,0,0,1,0,0,1,0,0,0,0,1,1,0,0,1,0,1,0,1,0,1,0,1,0,0,0,1,0,1,0,0,0,0,0,0,0,0,0,1,0,0,0,0,0,0,0,0,0,0,0,0,0,0,0,0,0,0,0,0,0,0,0,0,0,0,0,0,0,0,0,0,0,0,0,0,0,0,0,0,0,0,0,0,1,0,0,0,0,0,0,0,0,1,0,0,0,0,0,1,0,1,0,0,1,1,1,0,0,1,0,0,7.0,7.0
31,106,2,0,2,0,1,1,0,0,0,0,0,2,0,0,0,0,2,0,2,0,0,0,2,0,0,0,0,0,0,0,0,0,0,0,0,0,0,0,0,0,0,0,0,0,0,0,0,0,0,0,0,0,0,0,2,0,0,0,0,0,0,0,0,0,0,0,0,0,0,0,0,0,0,0,0,0,0,0,0,0,0,0,0,0,0,0,0,2,0,0,2,0,1,1,0,1,1,0,1,1,0,0,2,0,0,2,0,0,0,0,2,2,0,2,0,0,2,0,2,1,1,0,0,2,0,1,1,0,2,0,0,0,0,0,0,0,0,0,0,0,0,0,0,1,0,0,0,0,0,0,1,0,0,0,0,0,0,0,0,0,0,0,0,0,0,0,0,0,0,0,1,0,0,0,0,0,0,1,0,0,0,0,0,0,0,0,0,1,0,0,0,0,1,0,0,0,0,0,2,0,2,0,0,2,2,2,0,0,2,0,0,50.0,50.0
31,999,1,0,1,0,0,1,0,0,0,0,0,1,0,0,0,0,1,0,1,0,0,1,0,0,0,0,0,0,0,0,0,0,0,0,0,0,0,0,0,0,0,0,0,0,0,0,0,0,0,0,0,0,0,0,0,0,1,0,0,0,0,0,0,0,0,0,0,0,0,0,0,0,0,0,0,0,0,0,0,0,0,0,0,0,0,0,0,1,0,0,1,0,0,1,0,0,1,0,0,1,0,0,1,0,0,1,0,0,0,0,1,0,1,1,0,0,1,0,1,0,1,0,0,1,0,0,1,0,1,0,0,0,0,0,0,0,0,0,0,0,0,0,0,0,0,0,0,0,0,0,1,0,0,0,0,0,0,0,0,0,0,0,0,0,0,0,0,0,0,0,0,0,0,0,0,0,0,1,0,0,0,0,0,0,0,0,0,0,0,0,0,0,1,0,0,0,0,1,0,0,1,0,0,1,1,1,0,0,1,0,0,65.0,65.0
32,001,2,0,2,0,0,2,0,0,0,1,0,1,1,0,1,0,0,0,2,0,0,0,2,0,0,0,0,0,0,0,0,0,0,0,0,0,0,0,0,0,0,0,0,0,0,0,0,0,0,0,0,0,0,0,0,2,0,2,0,0,0,0,0,0,0,0,0,0,0,0,0,0,0,0,0,0,0,0,0,0,0,0,0,0,0,0,0,0,0,0,2,0,0,2,0,1,1,0,0,2,0,0,2,0,0,2,0,0,0,0,2,2,0,1,1,0,2,0,2,0,2,0,0,2,0,1,1,0,2,0,0,0,0,1,0,0,0,0,0,0,0,0,0,0,0,0,0,0,0,1,0,0,0,0,0,0,0,0,0,0,0,1,0,0,0,0,0,0,0,0,0,0,0,0,0,0,0,0,0,0,0,0,0,1,0,0,0,1,0,0,0,0,1,0,0,0,0,0,2,0,2,0,0,2,2,2,0,0,2,0,0,30.0,30.0
32,002,1,0,1,0,0,1,0,0,0,0,0,1,0,0,0,0,1,0,1,0,0,0,1,0,0,0,0,0,0,0,0,0,0,0,0,0,0,0,0,0,0,0,0,0,0,0,0,0,0,0,0,0,0,0,0,1,0,1,0,0,0,0,0,0,0,0,0,0,0,0,0,0,0,0,0,0,0,0,0,0,0,0,0,0,0,0,0,0,0,0,1,0,0,1,0,0,1,0,0,1,0,0,1,0,0,1,0,0,0,0,1,1,0,1,0,0,1,0,1,0,1,0,0,1,0,0,1,0,1,0,0,0,0,0,0,0,0,0,0,0,0,0,0,0,0,0,0,0,0,0,1,0,0,0,0,0,0,0,0,0,0,0,0,0,0,0,0,0,0,0,0,0,0,0,0,0,0,1,0,0,0,0,0,0,0,0,0,0,0,0,0,0,1,0,0,0,0,0,1,0,1,0,0,1,1,1,0,0,1,0,0,56.0,56.0
32,003,3,0,3,0,0,3,0,1,0,0,0,2,0,0,0,0,3,0,3,0,0,0,3,0,0,0,0,0,0,0,0,0,0,0,0,0,0,0,0,0,0,0,0,0,0,0,0,0,0,0,0,0,0,0,0,3,0,0,0,0,0,0,0,0,0,0,0,0,0,0,0,0,0,0,0,0,0,0,0,0,0,0,0,0,0,0,0,0,3,0,3,0,0,3,0,0,3,0,0,3,0,0,3,0,0,3,0,0,0,0,3,3,0,2,1,0,3,0,3,0,3,0,0,3,0,0,3,0,3,0,0,0,0,0,0,0,0,0,0,0,0,0,0,0,0,0,1,0,0,0,2,0,0,0,0,0,0,0,0,0,0,0,0,0,0,0,0,0,0,0,0,0,0,0,0,0,0,2,0,0,0,0,0,1,0,0,0,0,0,0,0,0,0,3,0,0,0,0,3,1,2,0,0,3,3,3,0,0,3,0,0,57.666666666666664,65.0
32,004,10,0,10,0,1,9,0,1,0,0,1,8,3,0,0,1,6,3,7,0,0,5,5,0,0,0,0,0,0,0,0,0,0,0,0,0,0,0,0,0,0,0,0,0,0,0,0,0,0,0,0,0,0,0,0,10,0,0,0,0,0,0,0,0,0,0,0,0,0,0,2,0,0,0,0,0,0,0,0,0,0,0,0,0,0,0,0,0,8,2,8,0,0,10,0,5,5,0,0,10,0,1,9,0,1,8,1,0,0,0,10,10,0,6,4,1,9,0,10,0,10,0,1,9,0,0,10,0,10,1,0,0,0,0,0,0,0,0,0,0,0,0,0,0,2,0,1,0,0,0,5,0,0,0,0,1,0,0,0,0,0,0,0,0,0,0,0,0,0,0,0,0,0,0,0,0,0,5,0,0,0,0,1,4,0,0,0,2,0,1,0,0,0,7,0,0,0,5,5,1,9,0,1,9,10,9,1,0,9,1,0,59.6,70.5
32,005,59,3,56,0,5,54,0,1,0,0,1,57,9,0,0,1,49,8,51,0,0,24,35,0,0,0,0,0,0,0,0,1,1,1,1,0,0,0,0,0,0,1,0,0,0,0,0,0,0,0,0,0,0,1,0,53,0,0,0,0,0,0,0,0,0,0,0,0,0,0,0,0,0,0,0,0,0,0,0,0,0,0,0,0,0,0,0,0,59,6,53,0,1,55,3,14,45,0,1,55,3,5,54,0,2,45,12,0,0,0,59,59,0,32,27,6,53,0,59,5,54,0,3,50,6,3,56,0,59,5,1,0,0,0,0,0,0,0,0,0,0,0,0,0,4,0,1,0,0,0,47,0,0,0,0,1,0,0,0,0,0,0,0,0,0,0,0,0,0,0,0,0,0,0,0,0,0,47,0,0,0,0,1,11,0,0,0,0,0,42,0,0,14,0,3,0,0,24,35,3,56,0,12,47,59,58,1,1,46,12,0,40.813559322033896,46.0
32,006,19,0,19,0,0,19,0,1,0,0,0,18,1,0,0,0,18,3,16,0,0,11,8,0,0,0,0,0,0,0,0,1,0,0,0,0,0,0,0,0,0,0,0,0,0,0,0,0,0,0,0,0,0,0,0,17,1,0,0,0,0,0,0,0,0,0,0,0,0,0,0,0,0,0,0,0,0,0,0,0,0,0,0,0,0,0,0,0,19,3,16,0,0,19,0,4,15,0,0,19,0,0,19,0,0,14,5,0,0,1,18,18,1,6,13,0,19,0,19,0,19,0,2,16,1,1,18,0,19,1,0,0,0,0,0,0,1,0,0,0,0,0,0,1,0,0,1,0,0,0,15,0,0,0,0,0,0,0,0,0,0,0,0,0,0,0,0,0,0,0,0,0,0,0,0,0,0,15,0,0,0,0,0,4,0,0,0,0,0,14,0,0,5,0,0,0,0,11,8,1,18,0,5,14,19,19,0,0,14,5,0,42.473684210526315,32.0
32,007,1,0,1,0,0,1,0,0,0,0,0,1,0,0,0,0,1,1,0,0,0,0,1,0,0,0,0,0,0,0,0,0,0,0,0,0,0,0,0,0,0,0,0,0,0,0,0,0,0,0,0,0,0,0,0,1,0,0,0,0,0,1,0,0,0,0,0,0,0,0,0,0,0,0,0,0,0,0,0,0,0,0,0,0,0,0,0,0,0,0,1,0,0,1,0,0,1,0,0,1,0,0,1,0,0,1,0,0,0,0,1,1,0,0,1,1,0,0,1,0,1,0,0,1,0,0,1,0,1,0,0,0,0,0,0,0,0,0,0,0,0,0,0,0,0,0,0,0,0,0,1,0,0,0,0,0,0,0,0,0,0,0,0,0,0,0,0,0,0,0,0,0,0,0,0,0,0,1,0,0,0,0,0,0,0,0,0,0,0,0,0,0,1,0,0,0,0,0,1,0,1,0,0,1,1,1,0,0,1,0,0,57.0,57.0
32,008,10,0,9,1,1,9,0,0,0,0,1,9,3,0,0,1,6,1,8,1,0,5,5,0,0,0,0,0,0,0,0,0,0,0,0,0,0,0,0,0,0,0,0,0,0,0,0,0,0,0,0,0,0,0,0,10,0,3,0,0,0,0,0,0,0,0,0,0,0,0,0,0,0,0,0,0,0,0,0,0,0,0,0,0,0,0,0,0,7,2,8,0,0,10,0,1,8,1,0,10,0,2,7,1,0,9,1,0,0,0,10,10,0,7,3,2,8,0,10,0,9,1,0,9,1,0,10,0,10,2,0,0,0,0,0,0,0,0,0,0,0,0,0,1,1,0,0,0,0,0,5,0,0,0,0,1,0,0,0,0,0,0,0,0,0,0,0,0,0,0,0,0,0,0,0,0,0,5,0,0,0,0,1,4,0,0,0,3,0,7,0,0,0,0,0,0,0,5,5,1,9,0,1,9,10,9,1,0,9,1,0,28.7,19.0
32,009,2,0,2,0,1,1,0,0,0,0,0,2,0,0,0,0,2,1,1,0,0,1,1,0,0,0,0,0,0,0,0,0,0,0,0,0,0,0,0,0,0,0,0,0,0,0,0,0,0,0,0,0,0,0,0,2,0,0,0,0,0,0,0,0,0,0,1,0,0,0,0,0,0,0,0,0,0,0,0,0,0,0,0,0,0,0,0,0,1,1,1,0,0,2,0,1,1,0,0,2,0,1,1,0,0,2,0,0,0,0,2,2,0,2,0,0,2,0,2,0,2,0,0,2,0,0,2,0,2,0,0,0,0,0,0,0,0,0,0,0,0,0,0,0,0,0,0,0,0,0,2,0,0,0,0,0,0,0,0,0,0,0,0,0,0,0,0,0,0,0,0,0,0,0,0,0,0,2,0,0,0,0,0,0,0,0,0,0,0,1,0,0,0,1,0,0,0,1,1,0,2,0,0,2,2,2,0,0,2,0,0,76.0,76.0
32,010,951,29,922,0,14,937,0,65,0,10,151,725,194,0,10,151,596,124,827,0,19,516,414,2,4,0,0,0,5,0,0,3,2,18,2,3,0,19,4,1,0,2,0,0,0,0,0,3,6,0,0,0,0,1,0,874,4,1,0,0,0,0,0,0,0,2,0,0,0,0,0,0,0,0,0,1,0,0,0,0,3,0,0,0,0,0,0,0,944,25,926,0,43,882,26,155,796,0,46,886,19,16,935,0,12,425,514,0,2,2,947,947,4,232,719,79,872,0,951,14,937,0,203,711,37,18,933,0,951,97,1,1,0,10,0,3,4,0,0,0,0,0,1,2,89,0,65,0,0,8,518,0,0,1,0,148,3,0,0,0,0,10,0,0,0,0,0,0,0,0,0,0,1,0,0,0,0,518,0,0,0,0,148,271,3,0,0,6,0,635,0,0,299,0,11,0,0,537,414,27,924,0,514,437,951,803,148,8,429,514,0,35.96214511041009,35.0
32,011,1,0,1,0,0,1,0,0,0,0,0,1,0,0,0,0,1,0,1,0,0,1,0,0,0,0,0,0,0,0,0,0,0,0,0,0,0,0,0,0,0,0,0,0,0,0,0,0,0,0,0,0,0,0,0,1,0,0,0,0,0,0,0,0,0,0,0,0,0,0,0,0,0,0,0,0,0,0,0,0,0,0,0,0,0,0,0,0,1,1,0,0,0,1,0,0,1,0,0,1,0,0,1,0,0,1,0,0,0,0,1,1,0,1,0,0,1,0,1,0,1,0,0,1,0,0,1,0,1,0,0,0,0,0,0,0,0,0,0,0,0,0,0,0,0,0,0,0,0,0,1,0,0,0,0,0,0,0,0,0,0,0,0,0,0,0,0,0,0,0,0,0,0,0,0,0,0,1,0,0,0,0,0,0,0,0,0,0,0,0,0,0,0,1,0,0,0,1,0,0,1,0,0,1,1,1,0,0,1,0,0,87.0,87.0
32,012,15,1,14,0,1,14,0,1,0,1,2,11,4,0,1,2,8,2,13,0,0,8,7,0,0,0,0,0,0,0,0,0,0,0,0,0,0,0,1,0,0,0,1,0,0,0,0,0,0,0,0,0,0,0,0,13,0,0,0,0,0,0,0,0,0,0,0,0,0,0,0,0,0,0,0,1,0,0,0,0,0,0,0,0,0,0,0,0,14,1,14,0,0,15,0,3,12,0,0,15,0,2,13,0,1,12,2,0,0,0,15,15,0,8,7,2,13,0,15,0,15,0,2,12,1,1,14,0,15,3,0,0,0,1,0,0,0,0,0,0,0,0,0,0,1,0,1,0,0,0,6,0,0,1,0,2,0,0,0,0,0,1,0,0,0,0,0,0,0,0,1,0,0,0,0,0,0,6,0,0,0,0,2,5,0,0,0,1,0,9,0,0,3,0,2,0,0,8,7,1,14,0,2,13,15,13,2,1,12,2,0,32.6,27.0
32,013,14,0,14,0,0,14,0,0,0,0,0,14,3,0,0,0,11,5,9,0,0,7,7,0,0,0,0,0,0,0,0,0,0,0,0,0,0,1,1,0,0,0,0,0,0,0,0,0,0,0,0,0,0,0,0,12,0,0,0,0,0,0,0,0,0,0,0,0,0,0,0,0,0,0,0,0,0,0,0,0,0,0,0,0,0,0,0,0,14,1,13,0,0,14,0,3,11,0,0,14,0,1,13,0,1,8,5,0,0,0,14,14,0,8,6,2,12,0,14,0,14,0,1,12,1,1,13,0,14,1,0,0,0,0,0,0,0,0,0,0,0,0,0,0,2,0,0,0,0,0,11,0,0,0,0,0,0,0,0,0,0,0,0,0,0,0,0,0,0,0,0,0,0,0,0,0,0,11,0,0,0,0,0,3,0,0,0,0,0,10,0,0,3,0,1,0,0,7,7,1,13,0,5,9,14,14,0,0,9,5,0,47.42857142857143,59.5
32,014,14,0,14,0,1,13,0,1,0,0,0,13,6,0,0,0,8,4,10,0,1,9,4,0,0,0,0,0,0,0,0,0,0,0,0,0,1,0,0,0,0,0,0,0,0,0,0,0,0,0,0,0,0,0,0,13,0,0,0,0,0,0,0,0,0,0,0,0,0,0,0,0,0,0,0,0,0,0,0,0,0,0,0,0,0,0,0,0,14,0,14,0,0,14,0,4,10,0,2,12,0,0,14,0,0,13,1,0,0,0,14,14,0,8,6,1,13,0,14,0,14,0,2,11,1,1,13,0,14,5,0,0,0,0,0,0,0,0,0,0,0,0,0,0,1,0,1,0,0,0,7,0,0,0,0,0,0,0,0,0,0,0,0,0,0,0,0,0,0,0,0,0,0,0,0,0,0,7,0,0,0,0,0,7,0,0,0,0,0,14,0,0,0,0,0,0,0,10,4,1,13,0,1,13,14,14,0,2,11,1,0,50.0,55.5
32,015,1,0,1,0,0,1,0,0,0,0,0,1,0,0,0,0,1,0,1,0,0,1,0,0,0,0,0,0,0,0,0,0,0,0,0,0,0,0,0,0,0,0,0,0,0,0,0,0,0,0,0,0,0,0,0,1,0,0,0,0,0,0,0,0,0,0,0,0,0,0,0,0,0,0,0,0,0,0,0,0,0,0,0,0,0,0,0,0,1,0,1,0,0,1,0,0,1,0,0,1,0,0,1,0,0,1,0,0,0,0,1,1,0,1,0,0,1,0,1,0,1,0,1,0,0,0,1,0,1,0,0,0,0,0,0,0,0,0,0,0,0,0,0,0,0,0,0,0,0,0,1,0,0,0,0,0,0,0,0,0,0,0,0,0,0,0,0,0,0,0,0,0,0,0,0,0,0,1,0,0,0,0,0,0,0,0,0,0,0,1,0,0,0,0,0,0,0,1,0,0,1,0,0,1,1,1,0,0,1,0,0,1.0,1.0
32,016,15,0,15,0,1,14,0,1,0,0,1,13,3,0,0,1,11,1,14,0,0,5,10,0,0,0,0,0,0,0,0,0,0,0,0,0,0,0,0,0,0,0,0,1,0,0,0,0,0,0,0,0,0,0,0,14,0,1,0,0,0,0,0,0,0,0,0,0,0,0,0,0,0,0,0,0,0,0,0,0,0,0,0,0,0,0,0,0,14,1,14,0,0,15,0,4,11,0,0,15,0,3,12,0,1,11,3,0,0,0,15,15,0,8,7,1,14,0,15,1,14,0,1,14,0,0,15,0,15,2,0,1,0,0,0,0,0,0,0,0,0,0,0,0,1,0,1,0,0,0,9,0,0,0,0,1,0,0,0,0,0,0,0,0,0,0,0,0,0,0,0,0,0,0,0,0,0,9,0,0,0,0,1,5,0,0,0,0,0,10,0,0,2,0,3,0,0,5,10,5,10,0,3,12,15,14,1,0,12,3,0,47.2,61.0
32,017,686,27,659,0,8,678,0,59,1,6,170,450,129,1,6,170,380,79,607,0,9,384,293,0,15,1,0,0,4,0,0,0,11,5,4,1,2,11,6,0,1,0,1,0,2,0,0,3,0,1,0,0,0,4,0,612,2,1,0,0,0,0,0,0,0,0,0,0,0,0,2,0,0,0,0,0,1,0,1,0,0,0,0,0,0,0,0,0,681,23,663,0,3,675,8,100,585,1,3,678,5,21,665,0,5,269,412,0,0,2,684,684,2,100,586,24,662,0,686,4,681,1,30,641,15,15,671,0,686,61,0,4,0,6,0,1,0,0,0,0,0,0,2,4,53,0,59,0,0,11,313,1,1,0,0,168,2,2,1,2,0,6,0,0,0,0,1,0,0,0,1,1,2,0,0,0,0,313,1,2,0,0,168,184,2,0,0,4,0,349,0,0,180,0,153,0,0,393,293,29,657,0,412,274,686,518,168,1,273,412,0,36.87172011661808,36.0
32,018,1,0,1,0,0,1,0,0,0,0,0,1,0,0,0,0,1,0,1,0,0,0,1,0,0,0,0,0,0,0,0,0,0,0,0,0,0,0,0,0,0,0,0,0,0,0,0,0,0,0,0,0,0,0,0,1,0,0,0,0,0,0,0,0,0,0,0,0,0,0,0,0,0,0,0,0,0,0,0,0,0,0,0,0,0,0,0,0,1,0,1,0,0,1,0,0,1,0,0,1,0,1,0,0,0,1,0,0,0,0,1,1,0,1,0,0,1,0,1,0,1,0,0,1,0,0,1,0,1,0,0,0,0,0,0,0,0,0,0,0,0,0,0,0,0,0,0,0,0,0,1,0,0,0,0,0,0,0,0,0,0,0,0,0,0,0,0,0,0,0,0,0,0,0,0,0,0,1,0,0,0,0,0,0,0,0,0,0,0,1,0,0,0,0,0,0,0,0,1,1,0,0,0,1,1,1,0,0,1,0,0,73.0,73.0
32,019,13,0,13,0,1,12,0,2,0,0,0,11,1,0,0,0,12,2,11,0,0,3,10,0,0,0,0,0,0,0,0,0,0,0,0,0,0,0,0,0,0,0,0,0,0,0,0,0,0,0,0,3,0,0,0,7,3,5,0,0,0,0,0,0,0,0,0,0,0,0,0,0,0,0,0,0,0,0,0,0,0,0,0,0,0,0,0,0,8,2,11,0,0,13,0,2,11,0,0,13,0,3,10,0,0,13,0,0,0,3,10,10,3,7,6,0,13,0,13,0,13,0,2,11,0,0,13,0,13,1,0,0,0,0,0,0,0,0,0,0,0,0,0,0,0,0,2,0,0,0,10,0,0,0,0,0,0,0,0,0,0,0,0,0,0,0,0,0,0,0,0,0,0,0,0,0,0,10,0,0,0,0,0,3,0,0,0,5,0,4,0,0,0,0,4,0,0,3,10,1,12,0,0,13,13,13,0,0,13,0,0,47.46153846153846,74.0
32,020,141,11,130,0,20,121,0,9,0,0,2,130,31,0,0,2,108,41,100,0,0,56,85,0,0,0,0,0,0,0,0,0,1,0,0,0,0,2,0,0,0,0,0,0,0,0,0,1,0,0,0,0,0,0,0,137,0,0,0,0,0,0,0,0,0,0,0,0,0,0,0,0,0,0,0,0,0,0,0,0,1,0,0,0,0,0,0,0,140,29,112,0,0,137,4,53,88,0,0,137,4,7,134,0,3,124,14,0,0,0,141,141,0,95,46,25,116,0,141,10,131,0,9,131,1,18,123,0,141,15,0,0,0,0,0,0,0,0,0,1,0,0,0,0,16,0,9,0,0,0,98,0,0,0,0,1,1,0,0,0,0,0,0,0,0,0,0,0,0,0,1,0,0,0,0,0,0,98,0,0,0,0,1,40,1,0,0,1,0,127,0,0,8,0,5,0,0,56,85,19,121,1,14,127,141,140,1,4,123,14,0,51.737588652482266,61.0
32,021,3,0,3,0,0,3,0,0,0,0,0,3,0,0,0,0,3,1,2,0,0,2,1,0,0,0,0,0,0,0,0,0,0,1,0,0,0,0,0,0,0,0,0,0,0,0,0,0,0,0,0,0,0,0,0,2,0,0,0,0,0,0,0,0,0,0,1,0,0,0,0,0,0,0,0,0,0,0,0,0,0,0,0,0,0,0,0,0,2,0,3,0,0,3,0,0,3,0,0,3,0,0,3,0,0,3,0,0,0,0,3,3,0,2,1,0,3,0,3,1,2,0,0,3,0,0,3,0,3,0,0,0,0,0,0,0,0,0,0,0,0,0,0,0,0,0,0,0,0,0,3,0,0,0,0,0,0,0,0,0,0,0,0,0,0,0,0,0,0,0,0,0,0,0,0,0,0,3,0,0,0,0,0,0,0,0,0,0,0,2,0,0,1,0,0,0,0,2,1,0,3,0,0,3,3,3,0,0,3,0,0,29.333333333333332,1.0
32,022,11,0,11,0,0,11,0,0,0,1,0,10,0,0,1,0,10,4,7,0,0,5,6,0,0,0,0,0,0,0,0,0,0,0,0,0,1,0,0,0,0,0,0,0,0,0,0,0,0,0,0,1,0,0,0,9,0,0,0,0,0,0,0,0,0,0,0,0,0,0,0,0,0,0,0,0,0,0,0,0,0,0,0,0,0,0,0,0,11,0,11,0,0,11,0,5,6,0,0,11,0,1,10,0,2,8,1,0,0,0,11,11,0,8,3,2,9,0,11,0,11,0,0,10,1,1,10,0,11,0,0,0,0,1,0,0,0,0,0,0,0,0,0,0,0,0,0,0,0,0,10,0,0,0,0,0,0,0,0,0,0,1,0,0,0,0,0,0,0,0,0,0,0,0,0,0,0,10,0,0,0,0,0,0,0,0,0,0,0,9,0,0,2,0,0,0,0,5,6,0,11,0,1,10,11,11,0,0,10,1,0,53.72727272727273,63.0
32,023,7,0,7,0,1,6,0,0,0,0,0,7,2,0,0,0,5,1,6,0,0,3,4,0,1,0,0,0,0,0,0,0,0,0,0,0,0,0,0,0,0,0,0,0,0,0,0,0,0,0,0,0,0,0,0,6,0,2,0,0,0,0,0,0,0,0,0,0,0,0,2,0,0,0,0,0,0,0,0,0,0,0,0,0,0,0,0,0,3,1,6,0,0,6,1,2,5,0,0,7,0,0,7,0,1,6,0,0,0,0,7,7,0,4,3,0,7,0,7,1,5,1,0,6,1,1,6,0,7,1,0,0,0,0,0,0,0,0,0,0,0,0,0,0,1,0,0,0,0,0,5,0,0,0,0,0,0,0,0,0,0,0,0,0,0,0,0,0,0,0,0,0,0,0,0,0,0,5,0,0,0,0,0,2,0,0,0,4,0,2,0,0,0,0,1,0,0,3,4,0,7,0,0,7,7,7,0,1,6,0,0,35.42857142857143,15.0
32,024,76,4,72,0,6,70,0,5,0,2,2,67,25,0,2,2,47,15,61,0,2,40,34,0,12,0,0,0,0,0,0,0,0,0,0,0,1,1,0,0,0,0,0,0,0,0,0,0,0,0,0,0,0,0,0,62,0,10,0,0,0,1,0,0,0,0,0,0,0,0,0,0,0,0,0,0,0,0,0,0,0,0,0,0,0,0,0,0,65,9,67,0,0,74,2,20,56,0,1,73,2,2,74,0,2,56,18,0,0,0,76,76,0,35,41,13,63,0,76,1,72,3,20,54,2,2,74,0,76,17,1,0,0,2,0,0,0,0,0,0,0,0,0,0,7,0,5,0,0,1,41,0,0,0,0,2,0,0,0,0,0,2,0,0,0,0,0,0,0,0,0,0,0,0,0,0,0,41,0,0,0,0,2,31,0,0,0,6,0,60,0,0,3,0,7,0,0,42,34,9,67,0,18,58,76,74,2,4,54,18,0,44.05263157894737,48.0
32,025,12,0,12,0,2,10,0,1,0,0,1,10,2,0,0,1,9,7,5,0,0,7,5,0,2,0,0,0,0,0,0,0,0,0,0,0,0,0,0,0,0,0,0,0,0,0,0,0,0,0,0,0,0,0,0,10,0,3,0,0,0,0,0,0,0,0,0,0,0,0,0,0,0,0,0,0,0,0,0,0,0,0,0,0,0,0,0,0,9,1,11,0,0,11,1,6,6,0,0,11,1,1,11,0,0,10,2,0,0,0,12,12,0,8,4,3,9,0,12,0,9,3,1,11,0,0,12,0,12,0,0,0,0,0,0,0,0,0,0,0,0,0,0,0,2,0,1,0,0,0,8,0,0,0,0,1,0,0,0,0,0,0,0,0,0,0,0,0,0,0,0,0,0,0,0,0,0,8,0,0,0,0,1,3,0,0,0,3,0,7,0,0,1,0,1,0,0,7,5,1,11,0,2,10,12,11,1,0,10,2,0,43.333333333333336,54.0
32,026,10,0,10,0,0,10,0,0,0,0,0,10,1,0,0,0,9,1,9,0,0,3,7,0,0,0,0,0,2,0,0,0,0,0,0,0,0,0,0,0,0,0,0,0,0,0,0,0,0,0,0,0,0,0,0,8,0,0,0,0,0,5,0,0,0,0,0,0,0,0,0,0,0,0,0,0,0,0,0,0,0,0,0,0,0,0,0,0,5,1,9,0,0,10,0,2,8,0,0,10,0,0,10,0,0,10,0,0,0,0,10,10,0,6,4,0,10,0,10,0,10,0,1,7,2,2,8,0,10,0,0,0,0,0,0,1,0,0,0,0,0,0,0,0,1,0,0,0,0,0,8,0,0,0,0,0,0,0,0,0,0,0,0,0,0,0,0,0,0,0,0,0,0,0,0,0,0,8,0,0,0,0,0,2,0,0,0,5,0,5,0,0,0,0,0,0,0,3,7,0,10,0,0,10,10,10,0,0,10,0,0,32.0,11.5
32,028,2,1,1,0,0,2,0,1,0,0,0,1,0,0,0,0,2,1,1,0,0,1,1,0,0,0,0,0,0,0,0,0,0,0,0,0,0,0,0,0,0,0,0,0,0,0,0,0,0,0,0,0,0,0,0,2,0,0,0,0,0,0,0,0,0,0,0,0,0,0,2,0,0,0,0,0,0,0,0,0,0,0,0,0,0,0,0,0,0,1,1,0,0,2,0,0,2,0,0,2,0,0,2,0,0,2,0,0,0,0,2,2,0,0,2,0,2,0,2,0,1,1,0,2,0,0,2,0,2,0,0,0,0,0,0,0,0,0,0,0,0,0,0,0,0,0,1,0,0,0,1,0,0,0,0,0,0,0,0,0,0,0,0,0,0,0,0,0,0,0,0,0,0,0,0,0,0,1,0,0,0,0,0,1,0,0,0,2,0,0,0,0,0,0,0,0,0,1,1,0,2,0,0,2,2,2,0,0,2,0,0,33.0,33.0
32,029,17,0,17,0,1,16,0,0,0,0,0,17,4,0,0,0,13,4,13,0,0,9,8,0,0,0,0,0,0,0,0,0,0,0,0,0,0,0,0,0,0,0,0,0,0,0,0,0,0,0,0,0,0,0,0,17,0,0,0,0,0,0,0,0,0,0,0,0,0,0,0,0,0,0,0,0,0,0,0,0,0,0,0,0,0,0,0,0,17,1,16,0,0,17,0,5,12,0,0,17,0,0,17,0,1,12,4,0,0,0,17,17,0,8,9,0,17,0,17,0,17,0,2,14,1,0,17,0,17,0,0,0,0,0,0,0,0,0,0,0,0,0,0,0,1,0,0,0,0,3,13,0,0,0,0,0,0,0,0,0,0,0,0,0,0,0,0,0,0,0,0,0,0,0,0,0,0,13,0,0,0,0,0,4,0,0,0,0,0,13,0,0,4,0,0,0,0,9,8,1,16,0,4,13,17,17,0,0,13,4,0,42.23529411764706,47.0
32,030,7,0,7,0,1,6,0,0,0,0,0,7,1,0,0,0,6,1,6,0,0,4,3,0,0,0,0,0,0,0,0,0,0,0,0,0,0,1,0,0,0,0,0,1,0,0,0,0,0,0,0,0,0,0,0,5,0,0,0,0,0,0,0,0,0,0,0,0,0,0,5,0,0,0,0,0,0,0,0,0,0,0,0,0,0,0,0,0,2,1,6,0,0,7,0,5,2,0,0,7,0,0,7,0,0,7,0,0,0,0,7,7,0,6,1,1,6,0,7,0,7,0,1,6,0,0,7,0,7,1,0,0,0,0,0,0,0,0,0,0,0,0,0,0,0,0,0,0,0,0,6,0,0,0,0,0,0,0,0,0,0,0,0,0,0,0,0,0,0,0,0,0,0,0,0,0,0,6,0,0,0,0,0,1,0,0,0,5,0,1,0,0,0,1,0,0,0,4,3,3,4,0,0,7,7,7,0,0,7,0,0,71.0,70.0
32,031,6,0,6,0,1,5,0,0,0,0,0,6,0,0,0,0,6,2,4,0,0,2,4,0,0,0,0,0,0,0,0,0,0,0,0,0,0,1,0,0,0,0,0,0,0,0,0,0,0,0,0,0,0,0,0,5,0,0,0,0,0,0,0,0,0,0,0,0,0,0,0,0,0,0,0,0,0,0,0,0,0,0,0,0,0,0,0,0,6,1,5,0,0,6,0,3,3,0,0,6,0,0,6,0,0,6,0,0,0,0,6,6,0,6,0,1,5,0,6,1,5,0,0,6,0,1,5,0,6,0,0,0,0,0,0,0,0,0,0,0,0,0,0,0,0,0,0,0,0,0,6,0,0,0,0,0,0,0,0,0,0,0,0,0,0,0,0,0,0,0,0,0,0,0,0,0,0,6,0,0,0,0,0,0,0,0,0,0,0,6,0,0,0,0,0,0,0,2,4,0,6,0,0,6,6,6,0,0,6,0,0,62.333333333333336,57.0
32,032,36,4,32,0,2,34,0,4,0,1,3,28,3,0,1,3,29,9,27,0,0,17,19,0,0,0,0,0,0,0,0,0,0,0,0,0,0,0,1,0,0,0,0,0,0,0,0,0,0,0,0,0,0,0,0,35,0,0,0,0,0,0,0,0,0,0,0,0,0,0,0,0,0,0,0,0,0,0,0,0,0,0,0,0,0,0,0,0,36,5,31,0,0,35,1,7,29,0,0,35,1,4,32,0,1,28,7,0,0,0,36,36,0,14,22,3,33,0,36,1,35,0,1,29,6,3,33,0,36,1,0,0,0,1,0,0,0,0,0,0,0,0,1,1,2,0,4,0,0,0,23,0,0,0,0,2,1,0,0,0,0,1,0,0,0,0,0,0,0,0,0,0,0,0,0,0,0,23,0,0,0,0,2,9,1,0,0,0,0,19,0,0,12,0,5,0,0,17,19,3,33,0,7,29,36,34,2,0,29,7,0,44.94444444444444,44.5
32,034,2,0,2,0,0,2,0,0,0,0,0,2,1,0,0,0,1,0,2,0,0,1,1,0,0,0,0,0,0,0,0,0,0,0,0,0,0,1,0,0,0,0,0,0,0,0,0,1,0,0,0,0,0,0,0,0,0,1,0,0,0,0,0,0,0,0,0,0,0,0,0,0,0,0,0,0,0,0,0,0,0,0,0,0,0,0,0,0,1,0,2,0,0,2,0,0,2,0,0,2,0,1,1,0,0,2,0,0,0,0,2,2,0,0,2,0,2,0,2,0,2,0,1,1,0,0,2,0,2,0,0,0,0,0,0,0,0,0,0,0,0,0,0,0,1,0,0,0,0,0,1,0,0,0,0,0,0,0,0,0,0,0,0,0,0,0,0,0,0,0,0,0,0,0,0,0,0,1,0,0,0,0,0,1,0,0,0,1,0,1,0,0,0,0,0,0,0,1,1,0,2,0,0,2,2,2,0,0,2,0,0,35.0,35.0
32,035,21,1,19,1,1,20,0,1,0,0,1,19,6,0,0,1,14,3,18,0,0,10,11,0,0,0,0,0,0,0,0,0,0,0,0,0,0,0,0,0,0,0,0,0,0,0,0,0,0,0,0,0,0,0,0,21,0,0,0,0,0,0,0,0,0,0,0,0,0,0,0,0,0,0,0,0,0,0,0,0,0,0,0,0,0,0,0,0,21,2,19,0,0,19,2,7,14,0,0,20,1,3,18,0,2,17,2,0,0,0,21,21,0,14,7,2,19,0,21,2,19,0,2,18,1,1,20,0,21,4,0,0,0,0,0,0,0,0,0,0,0,0,0,0,1,0,1,0,0,1,13,0,0,0,0,1,0,0,0,0,0,0,0,0,0,0,0,0,0,0,0,0,0,0,0,0,0,13,0,0,0,0,1,7,0,0,0,0,0,15,0,0,3,0,3,0,0,10,11,3,18,0,2,19,21,20,1,2,17,2,0,47.0,49.0
32,036,66,2,63,1,1,64,1,7,0,1,0,58,12,0,1,0,53,10,56,0,1,39,26,0,0,0,0,0,0,0,0,0,0,1,0,0,0,1,0,0,0,0,0,0,0,0,0,0,0,0,0,0,0,0,1,63,0,0,0,0,0,0,0,0,0,0,0,0,0,0,0,0,0,0,0,0,0,0,0,0,0,0,0,0,0,0,0,0,66,6,60,0,0,57,9,14,52,0,0,57,9,9,56,1,2,38,26,0,0,0,66,66,0,21,45,6,60,0,66,1,64,1,8,53,5,4,61,1,66,7,0,1,0,1,0,0,0,0,0,0,0,0,0,0,4,0,7,0,0,1,45,0,0,0,0,0,0,0,0,0,0,1,0,0,0,0,0,0,0,0,0,0,0,0,0,0,0,45,0,0,0,0,0,20,0,0,0,0,0,46,0,0,14,0,6,0,0,40,26,4,61,1,26,40,66,66,0,0,40,26,0,40.04545454545455,38.0
32,037,33,2,31,0,0,33,0,0,0,1,1,31,6,0,1,1,25,5,28,0,0,20,13,0,0,0,0,0,0,0,0,0,0,0,0,0,0,0,0,0,0,0,0,0,0,0,0,0,0,0,0,0,0,0,0,33,0,0,0,0,0,0,0,0,0,0,0,0,0,0,0,0,0,0,0,0,0,0,0,0,0,0,0,0,0,0,0,0,33,6,27,0,0,33,0,5,28,0,0,33,0,3,30,0,0,29,4,0,0,0,33,33,0,21,12,2,31,0,33,0,33,0,2,27,4,0,33,0,33,6,0,1,0,1,0,0,2,0,0,0,0,0,0,0,0,0,0,0,0,0,22,0,0,0,0,0,1,0,0,0,0,1,0,0,0,0,0,0,0,0,0,0,0,0,0,0,0,22,0,0,0,0,0,9,1,0,0,0,0,26,0,0,7,0,0,0,0,20,13,4,29,0,4,29,33,33,0,0,29,4,0,39.09090909090909,32.0
32,038,44,2,42,0,1,43,0,1,0,1,1,41,3,0,1,1,39,3,41,0,0,25,19,0,3,0,0,0,0,0,0,0,0,0,0,0,0,3,1,0,0,0,0,0,0,0,0,6,0,0,0,0,0,0,0,31,0,3,0,0,0,0,0,0,0,0,0,0,0,0,4,0,0,0,0,0,0,0,0,0,15,0,0,0,0,0,0,0,22,4,40,0,0,43,1,5,39,0,0,44,0,1,43,0,0,40,4,0,0,0,44,44,0,26,18,5,39,0,44,1,40,3,9,35,0,1,43,0,44,0,0,2,1,1,0,0,1,0,0,0,0,0,0,1,0,0,1,0,0,2,33,0,1,0,0,1,0,0,0,0,0,1,0,0,0,0,0,0,0,0,0,0,0,0,0,0,0,33,0,0,0,0,1,9,0,0,0,22,0,15,0,0,2,0,5,0,0,25,19,2,42,0,4,40,44,43,1,1,39,4,0,28.295454545454547,6.0
32,039,63,3,60,0,2,61,0,3,0,1,1,58,10,0,1,1,51,13,50,0,0,26,37,0,0,0,0,0,1,0,0,1,2,2,0,0,0,0,0,0,0,0,0,0,0,0,0,0,0,0,0,0,0,0,0,56,1,0,0,0,0,0,0,0,0,0,0,0,0,0,0,0,0,0,0,0,0,0,0,0,0,1,0,0,0,0,0,0,62,1,62,0,0,61,2,22,41,0,0,63,0,5,58,0,6,46,11,0,0,1,62,62,1,30,33,7,56,0,63,3,60,0,5,52,6,2,61,0,63,7,0,0,0,1,0,0,0,0,0,0,0,0,0,0,2,0,3,0,0,1,48,0,0,0,0,1,0,0,0,0,0,1,0,0,0,0,0,0,0,0,0,0,0,0,0,0,0,48,0,0,0,0,1,13,0,0,0,0,0,49,0,0,11,0,3,0,0,26,37,3,60,0,11,52,63,62,1,2,50,11,0,44.301587301587304,47.0
32,040,31,0,31,0,1,30,0,4,0,0,1,26,5,0,0,1,25,8,23,0,0,21,10,0,0,0,0,0,0,0,0,0,0,0,0,0,0,0,0,0,0,0,0,0,0,0,0,0,1,0,0,0,0,0,0,30,0,0,0,0,0,0,0,0,0,0,0,0,0,0,0,0,0,0,0,0,0,0,0,0,0,0,0,0,0,0,0,0,31,2,29,0,0,31,0,10,21,0,0,31,0,0,31,0,0,27,4,0,0,0,31,31,0,14,17,1,30,0,31,0,31,0,3,27,1,0,31,0,31,2,0,0,0,0,0,0,1,0,0,0,0,0,0,0,3,0,4,0,0,0,20,0,0,0,0,1,0,0,0,0,0,0,0,0,0,0,0,0,0,0,0,0,0,0,0,0,0,20,0,0,0,0,1,10,0,0,0,0,0,25,0,0,5,0,1,0,0,21,10,0,31,0,4,27,31,30,1,0,27,4,0,35.61290322580645,27.0
32,041,2,0,2,0,0,2,0,0,0,0,0,2,0,0,0,0,2,1,1,0,0,0,2,0,0,0,0,0,0,0,0,0,0,0,0,0,0,0,0,0,0,0,0,0,0,0,0,0,0,0,0,0,0,0,0,2,0,0,0,0,0,0,0,0,0,0,0,0,0,0,0,0,0,0,0,1,0,0,0,0,0,0,0,0,0,0,0,0,1,1,1,0,0,2,0,2,0,0,0,2,0,0,2,0,0,2,0,0,0,0,2,2,0,2,0,1,1,0,2,0,2,0,0,2,0,0,2,0,2,0,0,0,0,0,0,0,0,0,0,0,0,0,0,0,0,0,0,0,0,0,2,0,0,0,0,0,0,0,0,0,0,0,0,0,0,0,0,0,0,0,0,0,0,0,0,0,0,2,0,0,0,0,0,0,0,0,0,1,0,1,0,0,0,0,0,0,0,0,2,0,2,0,0,2,2,2,0,0,2,0,0,85.5,85.5
32,042,72,1,71,0,5,67,0,5,0,1,2,64,5,0,1,2,64,18,54,0,0,32,40,0,0,0,0,0,0,0,0,0,0,5,0,0,0,0,0,0,0,0,0,0,0,0,0,0,0,0,0,0,0,0,0,66,1,0,0,0,0,0,0,0,0,0,1,0,0,0,0,0,0,0,0,0,0,0,0,0,0,0,0,0,0,0,0,0,71,5,67,0,1,69,2,18,54,0,2,69,1,2,70,0,3,49,20,0,0,1,71,71,1,25,47,4,68,0,72,0,72,0,5,65,2,0,72,0,72,5,0,0,0,1,0,0,0,0,0,0,0,0,1,0,0,0,5,0,0,0,58,0,0,0,0,1,1,0,0,0,0,1,0,0,0,0,0,0,0,0,0,0,0,0,0,0,0,58,0,0,0,0,1,11,1,0,0,0,0,52,0,0,16,1,3,0,0,32,40,5,67,0,20,52,72,71,1,1,51,20,0,45.041666666666664,49.0
32,043,1,0,1,0,0,1,0,0,0,0,1,0,0,0,0,1,0,0,1,0,0,1,0,0,0,0,0,0,0,0,0,0,0,0,0,0,0,0,0,0,0,0,0,0,0,0,0,0,0,0,0,0,0,0,0,1,0,0,0,0,0,0,0,0,0,0,0,0,0,0,0,0,0,0,0,0,0,0,0,0,0,0,0,0,0,0,0,0,1,0,1,0,0,1,0,0,1,0,0,1,0,1,0,0,0,1,0,0,0,0,1,1,0,1,0,0,1,0,1,0,1,0,0,1,0,0,1,0,1,0,0,0,0,0,0,0,0,0,0,0,0,0,0,0,0,0,0,0,0,0,0,0,0,0,0,0,1,0,0,0,0,0,0,0,0,0,0,0,0,0,0,0,0,0,0,0,0,0,0,0,0,0,0,0,1,0,0,0,0,1,0,0,0,0,0,0,0,1,0,0,1,0,0,1,1,1,0,0,1,0,0,4.0,4.0
32,044,7,1,6,0,0,7,0,0,0,0,0,7,1,0,0,0,6,2,5,0,0,6,1,0,1,0,0,0,0,0,0,0,0,0,0,0,0,0,0,0,0,0,0,0,0,0,0,0,0,0,0,0,0,0,0,6,0,0,0,0,0,0,0,0,0,0,0,0,0,0,0,0,0,0,0,0,0,0,0,0,0,0,0,0,0,0,0,0,7,1,6,0,0,7,0,3,4,0,0,7,0,0,7,0,0,7,0,0,0,0,7,7,0,4,3,0,7,0,7,0,7,0,0,7,0,2,5,0,7,0,0,0,0,0,0,0,0,0,0,0,0,0,0,0,0,0,0,0,0,1,6,0,0,0,0,0,0,0,0,0,0,0,0,0,0,0,0,0,0,0,0,0,0,0,0,0,0,6,0,0,0,0,0,1,0,0,0,0,0,4,0,0,2,0,1,0,0,6,1,0,7,0,0,7,7,7,0,0,7,0,0,59.285714285714285,71.0
32,045,12,1,11,0,0,12,0,1,0,0,1,10,0,0,0,1,11,5,7,0,0,4,8,0,0,0,0,0,0,0,0,0,0,0,0,0,0,1,0,0,0,0,0,0,0,0,0,0,0,0,0,0,0,0,0,11,0,0,0,0,0,0,0,0,0,0,0,0,0,0,1,0,0,0,0,0,0,0,0,0,0,0,0,0,0,0,0,0,11,1,11,0,0,12,0,3,9,0,0,12,0,2,10,0,0,12,0,0,0,0,12,12,0,6,6,3,9,0,12,0,12,0,0,12,0,0,12,0,12,0,1,0,0,0,0,0,0,0,0,0,0,0,0,0,0,0,1,0,0,0,9,0,0,0,0,0,1,0,0,0,0,0,0,0,0,0,0,0,0,0,0,0,0,0,0,0,0,9,0,0,0,0,0,2,1,0,0,1,0,5,0,0,0,6,0,0,0,4,8,0,12,0,0,12,12,12,0,0,12,0,0,50.833333333333336,57.0
32,046,10,0,10,0,2,8,0,1,0,0,0,9,1,0,0,0,9,3,7,0,0,6,4,0,0,0,0,0,0,0,0,0,0,0,0,0,0,0,0,0,0,0,0,0,0,0,0,0,0,0,0,0,0,0,0,10,0,0,0,0,0,0,0,0,0,0,0,0,0,0,0,0,0,0,0,0,0,0,0,0,0,0,0,0,0,0,0,0,10,1,9,0,0,9,1,5,5,0,0,9,1,1,9,0,0,10,0,0,0,0,10,10,0,10,0,3,7,0,10,1,9,0,0,10,0,1,9,0,10,0,0,0,0,0,0,0,0,0,0,0,0,0,0,0,1,0,1,0,0,0,8,0,0,0,0,0,0,0,0,0,0,0,0,0,0,0,0,0,0,0,0,0,0,0,0,0,0,8,0,0,0,0,0,2,0,0,0,0,0,10,0,0,0,0,0,0,0,6,4,0,10,0,0,10,10,10,0,0,10,0,0,50.0,58.5
32,047,10,0,10,0,2,8,0,0,0,0,1,9,3,0,0,1,6,4,6,0,0,3,7,0,0,0,0,0,0,0,0,0,0,0,0,0,0,0,0,0,0,0,0,0,0,0,0,0,0,0,0,0,0,0,0,10,0,0,0,0,0,0,0,0,0,0,0,0,0,0,2,0,0,0,0,0,0,0,0,0,0,0,0,0,0,0,0,0,8,4,6,0,0,10,0,3,7,0,0,10,0,2,8,0,2,7,1,0,0,0,10,10,0,6,4,2,8,0,10,0,9,1,1,9,0,1,9,0,10,1,0,0,0,0,0,0,0,0,0,0,0,0,0,0,2,0,0,0,0,0,6,0,0,0,0,1,0,0,0,0,0,0,0,0,0,0,0,0,0,0,0,0,0,0,0,0,0,6,0,0,0,0,1,3,0,0,0,2,0,2,0,0,1,4,1,0,0,3,7,2,8,0,1,9,10,9,1,1,8,1,0,69.5,77.0
32,048,52,6,46,0,7,45,0,4,0,0,5,43,6,0,0,5,41,16,36,0,0,27,25,0,1,0,0,0,0,0,0,0,0,0,0,0,0,2,0,0,0,1,0,0,0,0,0,0,0,0,0,0,0,0,0,48,0,1,0,0,0,0,0,0,0,0,0,0,0,0,6,0,0,0,0,0,0,0,0,0,0,0,0,0,0,0,0,0,45,10,42,0,0,52,0,20,32,0,0,52,0,1,51,0,3,43,6,0,0,0,52,52,0,36,16,9,43,0,52,3,49,0,2,50,0,7,45,0,52,1,0,0,0,0,0,0,0,0,0,0,0,0,0,0,3,0,4,0,0,2,37,0,0,0,0,5,0,0,0,0,0,0,0,0,0,0,0,0,0,0,0,0,0,0,0,0,0,37,0,0,0,0,5,10,0,0,0,7,0,8,0,0,0,36,1,0,0,27,25,4,48,0,6,46,52,47,5,1,45,6,0,58.94230769230769,68.5
32,049,31,0,31,0,2,29,0,0,0,1,1,29,2,0,1,1,27,6,25,0,0,18,13,0,0,0,0,0,0,0,0,0,0,0,0,0,0,1,1,0,0,0,0,0,0,0,0,0,0,0,0,0,0,0,0,29,0,0,0,0,0,0,0,0,0,0,0,0,0,0,0,0,0,0,0,0,0,0,0,0,0,0,0,0,0,0,0,0,31,3,28,0,0,31,0,5,26,0,0,31,0,1,30,0,1,29,1,0,0,0,31,31,0,13,18,2,29,0,31,0,31,0,2,29,0,1,30,0,31,1,0,0,0,1,0,0,1,0,0,0,0,0,0,0,1,0,0,0,0,0,26,0,0,0,0,0,1,0,0,0,0,1,0,0,0,0,0,0,0,0,0,0,0,0,0,0,0,26,0,0,0,0,0,3,1,0,0,0,0,21,0,0,7,0,3,0,0,18,13,3,28,0,1,30,31,31,0,1,29,1,0,41.41935483870968,36.0
32,050,20,0,20,0,0,20,0,1,0,0,3,16,3,0,0,3,14,7,13,0,0,9,11,0,0,0,0,0,0,0,0,0,0,0,0,0,0,0,0,0,0,0,0,0,0,0,0,0,0,0,0,0,0,0,0,20,0,0,0,0,0,0,0,0,0,0,0,0,0,0,0,0,0,0,0,0,0,0,0,0,0,0,0,0,0,0,0,0,20,1,19,0,1,18,1,6,14,0,1,18,1,2,18,0,1,13,6,0,0,0,20,20,0,9,11,1,19,0,20,0,20,0,1,19,0,3,17,0,20,3,1,0,0,0,0,0,0,0,0,0,0,0,0,0,0,0,1,0,0,0,12,0,0,0,0,3,0,0,0,0,0,0,0,0,0,0,0,0,0,0,0,0,0,0,0,0,0,12,0,0,0,0,3,5,0,0,0,0,0,11,0,0,2,0,7,0,0,9,11,1,19,0,6,14,20,17,3,0,14,6,0,49.35,55.0
32,051,59,1,58,0,2,57,0,2,0,1,0,56,12,0,1,0,46,12,47,0,3,25,30,1,0,0,0,0,0,0,0,0,0,5,0,0,0,2,0,0,0,0,0,0,0,0,0,0,0,0,0,0,0,0,0,52,0,0,0,0,0,0,0,0,0,0,0,0,0,0,0,0,0,0,0,0,0,0,0,0,0,0,0,0,0,0,0,0,59,3,56,0,5,50,4,16,43,0,8,48,3,3,56,0,0,55,4,0,0,0,59,59,0,39,20,4,55,0,59,0,59,0,3,51,5,3,56,0,59,7,0,0,0,1,0,1,0,0,0,0,0,0,0,0,4,0,2,0,0,1,43,0,0,0,0,0,0,0,0,0,0,1,0,0,0,0,0,0,0,0,0,0,0,0,0,0,0,43,0,0,0,0,0,15,0,0,0,0,0,53,0,0,3,0,3,0,0,29,30,3,56,0,4,55,59,59,0,0,55,4,0,42.76271186440678,51.0
32,052,16,0,16,0,0,16,0,0,0,0,4,12,2,0,0,4,10,4,12,0,0,8,8,0,6,0,0,0,0,0,0,0,0,0,0,0,0,0,0,0,0,0,0,0,0,0,0,0,0,0,0,0,0,0,0,10,0,10,0,0,0,0,0,0,0,0,0,0,0,0,0,0,0,0,0,0,0,0,0,0,0,0,0,0,0,0,0,0,6,2,14,0,0,15,1,3,13,0,0,16,0,1,15,0,0,11,5,0,0,0,16,16,0,5,11,4,12,0,16,1,15,0,3,13,0,1,15,0,16,1,0,3,0,0,0,0,0,0,0,0,0,0,0,0,0,0,0,0,0,1,7,0,0,0,0,4,0,0,0,0,0,0,0,0,0,0,0,0,0,0,0,0,0,0,0,0,0,7,0,0,0,0,4,5,0,0,0,5,0,6,0,0,4,0,1,0,0,8,8,1,15,0,5,11,16,12,4,1,10,5,0,36.5625,27.0
32,053,15,3,12,0,1,14,0,1,0,0,0,14,1,0,0,0,14,2,13,0,0,5,10,0,0,0,0,0,0,0,0,0,0,0,0,0,0,0,0,0,0,0,0,0,0,0,0,0,0,0,0,0,0,0,0,15,0,1,0,0,0,0,0,0,0,0,0,0,0,0,0,0,0,0,0,0,0,0,0,0,0,0,0,0,0,0,0,0,14,1,14,0,0,15,0,3,12,0,0,15,0,3,12,0,0,15,0,0,0,0,15,15,0,11,4,1,14,0,15,1,14,0,1,13,1,1,14,0,15,0,0,0,0,0,0,0,0,0,0,0,0,0,0,0,1,0,1,0,0,0,13,0,0,0,0,0,0,0,0,0,0,0,0,0,0,0,0,0,0,0,0,0,0,0,0,0,0,13,0,0,0,0,0,2,0,0,0,1,0,12,0,0,0,0,2,0,0,5,10,1,14,0,0,15,15,15,0,0,15,0,0,31.866666666666667,20.0
32,054,17,0,17,0,0,17,0,2,0,0,1,14,1,0,0,1,15,8,9,0,0,8,9,0,0,0,0,0,0,0,0,0,0,0,0,0,0,1,0,0,0,0,0,0,0,0,0,0,0,0,0,0,0,0,0,16,0,0,0,0,0,0,0,0,0,0,0,0,0,0,0,0,0,0,0,0,0,0,0,0,0,0,0,0,0,0,0,0,17,2,15,0,0,15,2,11,6,0,0,15,2,3,14,0,2,14,1,0,0,0,17,17,0,13,4,3,14,0,17,0,17,0,0,16,1,4,13,0,17,0,0,0,0,0,0,0,0,0,0,0,0,0,0,0,1,0,2,0,0,0,13,0,0,0,0,1,0,0,0,0,0,0,0,0,0,0,0,0,0,0,0,0,0,0,0,0,0,13,0,0,0,0,1,3,0,0,0,0,0,15,0,0,0,0,2,0,0,8,9,1,16,0,1,16,17,16,1,1,15,1,0,55.588235294117645,67.0
32,055,38,1,37,0,4,34,0,1,0,2,1,34,7,0,2,1,28,8,30,0,0,16,22,0,0,0,0,0,0,0,0,0,0,0,0,0,0,1,0,0,0,0,0,0,0,0,0,0,0,0,0,0,0,0,0,37,0,0,0,0,0,0,0,0,0,0,0,0,0,0,0,0,0,0,0,0,0,0,0,0,0,0,0,0,0,0,0,0,38,6,32,0,0,37,1,19,19,0,0,37,1,3,35,0,1,32,5,0,0,0,38,38,0,25,13,4,34,0,38,0,38,0,2,34,2,2,36,0,38,4,0,0,0,2,0,0,0,0,0,0,0,0,0,0,3,0,1,0,0,0,27,0,0,0,0,1,0,0,0,0,0,2,0,0,0,0,0,0,0,0,0,0,0,0,0,0,0,27,0,0,0,0,1,8,0,0,0,0,0,28,0,0,5,0,5,0,0,16,22,4,34,0,5,33,38,37,1,1,32,5,0,47.526315789473685,56.5
32,056,850,27,823,0,18,832,0,86,0,6,108,650,178,0,6,108,558,107,743,0,4,494,352,0,10,0,0,1,4,1,0,1,8,5,0,1,0,12,11,2,0,0,0,0,1,4,1,1,2,1,0,0,0,4,1,777,2,14,0,0,0,3,0,0,0,6,1,3,0,0,0,1,0,0,0,1,0,0,3,0,1,0,0,0,0,0,0,0,817,31,819,0,0,833,17,152,698,0,1,835,14,25,825,0,5,412,433,0,0,1,849,848,2,99,751,35,815,0,850,6,844,0,65,762,23,29,821,0,850,73,1,17,0,6,0,1,2,0,1,0,0,0,5,0,86,0,86,0,0,15,447,0,2,0,0,105,3,2,1,1,0,6,0,0,0,0,1,0,0,0,1,1,1,0,0,0,1,447,0,0,0,0,105,280,3,0,0,19,0,334,0,0,259,0,237,1,0,498,352,45,805,0,433,417,850,745,105,2,415,433,0,40.758823529411764,40.0
32,057,50,1,49,0,5,45,0,2,0,0,4,44,2,0,0,4,44,6,44,0,0,24,26,0,0,0,0,0,0,0,0,0,0,0,0,0,0,0,1,0,0,0,0,0,0,0,0,0,0,0,0,0,0,1,0,48,0,0,0,0,0,0,0,0,0,2,0,0,0,0,0,0,0,0,0,0,0,0,0,0,0,0,0,0,0,0,0,0,48,3,47,0,2,45,3,8,42,0,0,46,4,5,45,0,0,41,9,0,0,0,50,50,0,23,27,2,48,0,50,1,49,0,0,46,4,1,49,0,50,1,1,0,0,0,0,0,0,0,0,0,0,0,0,0,1,0,2,0,0,0,41,0,0,0,0,4,0,0,0,0,0,0,0,0,0,0,0,0,0,0,0,0,0,0,0,0,0,41,0,0,0,1,4,4,0,0,0,2,0,25,0,0,18,0,5,0,0,24,26,6,44,0,9,41,50,46,4,0,41,9,0,24.96,8.5
32,058,5,0,5,0,0,5,0,0,0,0,1,4,0,0,0,1,4,0,5,0,0,0,5,0,0,0,0,0,0,0,0,0,0,0,0,0,0,1,0,0,0,0,0,0,0,0,0,0,0,0,0,0,0,0,0,4,0,0,0,0,0,0,0,0,0,0,0,0,0,0,0,0,0,0,0,0,0,0,0,0,0,0,0,0,0,0,0,0,5,1,4,0,0,5,0,1,4,0,0,5,0,1,4,0,0,5,0,0,0,0,5,5,0,4,1,0,5,0,5,0,5,0,0,5,0,0,5,0,5,0,0,1,0,0,0,0,0,0,0,0,0,0,0,0,0,0,0,0,0,0,3,0,0,0,0,0,1,0,0,0,0,0,0,0,0,0,0,0,0,0,0,0,0,0,0,0,0,3,0,0,0,0,0,1,1,0,0,0,0,1,0,0,0,4,0,0,0,0,5,0,5,0,0,5,5,5,0,0,5,0,0,53.4,51.0
